participant_id,file,rows,sections,keystrokes,finite_ratio,press_time_decreases,section_score,keystroke_score,finite_score,temporal_score,overall_quality_score,eligible,failure_reason,cohort_rank
108443,processed\features\108443_features.csv,3419,15,3419,0.9931449254167886,0,1.0,1.0,0.9931449254167886,1.0,0.9976007238958761,1,,1
119308,processed\features\119308_features.csv,3224,15,3224,0.9927303039702233,0,1.0,1.0,0.9927303039702233,1.0,0.9974556063895782,1,,2
106457,processed\features\106457_features.csv,2160,15,2160,0.9891493055555556,0,1.0,1.0,0.9891493055555556,1.0,0.9962022569444445,1,,3
36512,processed\features\36512_features.csv,1581,15,1581,0.9851755218216319,0,1.0,1.0,0.9851755218216319,1.0,0.9948114326375711,1,,4
123468,processed\features\123468_features.csv,1526,15,1526,0.9846412188728703,0,1.0,1.0,0.9846412188728703,1.0,0.9946244266055045,1,,5
472269,processed\features\472269_features.csv,1473,15,1473,0.9840885947046843,0,1.0,1.0,0.9840885947046843,1.0,0.9944310081466395,1,,6
44672,processed\features\44672_features.csv,1461,15,1461,0.9839579055441479,0,1.0,1.0,0.9839579055441479,1.0,0.9943852669404517,1,,7
119663,processed\features\119663_features.csv,1452,15,1452,0.9838584710743802,0,1.0,1.0,0.9838584710743802,1.0,0.9943504648760331,1,,8
149200,processed\features\149200_features.csv,1401,15,1401,0.9832708779443254,0,1.0,1.0,0.9832708779443254,1.0,0.9941448072805139,1,,9
403500,processed\features\403500_features.csv,1400,15,1400,0.9832589285714286,0,1.0,1.0,0.9832589285714286,1.0,0.994140625,1,,10
488387,processed\features\488387_features.csv,1398,15,1398,0.9832349785407726,0,1.0,1.0,0.9832349785407726,1.0,0.9941322424892703,1,,11
83014,processed\features\83014_features.csv,1395,15,1395,0.9831989247311828,0,1.0,1.0,0.9831989247311828,1.0,0.9941196236559139,1,,12
99435,processed\features\99435_features.csv,1391,15,1391,0.9831506110711719,0,1.0,1.0,0.9831506110711719,1.0,0.9941027138749102,1,,13
427386,processed\features\427386_features.csv,1377,15,1377,0.982979302832244,0,1.0,1.0,0.982979302832244,1.0,0.9940427559912853,1,,14
359523,processed\features\359523_features.csv,1361,15,1361,0.9827792064658339,0,1.0,1.0,0.9827792064658339,1.0,0.9939727222630419,1,,15
120111,processed\features\120111_features.csv,1345,15,1345,0.9825743494423792,0,1.0,1.0,0.9825743494423792,1.0,0.9939010223048327,1,,16
168342,processed\features\168342_features.csv,1342,15,1342,0.982535394932936,0,1.0,1.0,0.982535394932936,1.0,0.9938873882265277,1,,17
464628,processed\features\464628_features.csv,1335,15,1335,0.9824438202247191,0,1.0,1.0,0.9824438202247191,1.0,0.9938553370786517,1,,18
375298,processed\features\375298_features.csv,1327,15,1327,0.982337980406933,0,1.0,1.0,0.982337980406933,1.0,0.9938182931424265,1,,19
412448,processed\features\412448_features.csv,1303,15,1303,0.982012663085188,0,1.0,1.0,0.982012663085188,1.0,0.9937044320798157,1,,20
85162,processed\features\85162_features.csv,1303,15,1303,0.982012663085188,0,1.0,1.0,0.982012663085188,1.0,0.9937044320798157,1,,21
123799,processed\features\123799_features.csv,1286,15,1286,0.9817748833592534,0,1.0,1.0,0.9817748833592534,1.0,0.9936212091757387,1,,22
113831,processed\features\113831_features.csv,1283,15,1283,0.98173226812159,0,1.0,1.0,0.98173226812159,1.0,0.9936062938425565,1,,23
174187,processed\features\174187_features.csv,1281,15,1281,0.9817037470725996,0,1.0,1.0,0.9817037470725996,1.0,0.9935963114754098,1,,24
53910,processed\features\53910_features.csv,1281,15,1281,0.9817037470725996,0,1.0,1.0,0.9817037470725996,1.0,0.9935963114754098,1,,25
456420,processed\features\456420_features.csv,1273,15,1273,0.9815887666928516,0,1.0,1.0,0.9815887666928516,1.0,0.9935560683424981,1,,26
509180,processed\features\509180_features.csv,1273,15,1273,0.9815887666928516,0,1.0,1.0,0.9815887666928516,1.0,0.9935560683424981,1,,27
466384,processed\features\466384_features.csv,1262,15,1262,0.9814282884310618,0,1.0,1.0,0.9814282884310618,1.0,0.9934999009508717,1,,28
123787,processed\features\123787_features.csv,1261,15,1261,0.9814135606661379,0,1.0,1.0,0.9814135606661379,1.0,0.9934947462331483,1,,29
344145,processed\features\344145_features.csv,1258,15,1258,0.9813692368839427,0,1.0,1.0,0.9813692368839427,1.0,0.9934792329093799,1,,30
230292,processed\features\230292_features.csv,1256,15,1256,0.9813395700636943,0,1.0,1.0,0.9813395700636943,1.0,0.9934688495222931,1,,31
43190,processed\features\43190_features.csv,1254,15,1254,0.9813098086124402,0,1.0,1.0,0.9813098086124402,1.0,0.9934584330143541,1,,32
359525,processed\features\359525_features.csv,1243,15,1243,0.9811444086886565,0,1.0,1.0,0.9811444086886565,1.0,0.9934005430410298,1,,33
133541,processed\features\133541_features.csv,1240,15,1240,0.9810987903225806,0,1.0,1.0,0.9810987903225806,1.0,0.9933845766129032,1,,34
243660,processed\features\243660_features.csv,1238,15,1238,0.9810682552504039,0,1.0,1.0,0.9810682552504039,1.0,0.9933738893376414,1,,35
163820,processed\features\163820_features.csv,1233,15,1233,0.9809914841849149,0,1.0,1.0,0.9809914841849149,1.0,0.9933470194647201,1,,36
143965,processed\features\143965_features.csv,1230,15,1230,0.9809451219512195,0,1.0,1.0,0.9809451219512195,1.0,0.9933307926829268,1,,37
144082,processed\features\144082_features.csv,1229,15,1229,0.9809296175752644,0,1.0,1.0,0.9809296175752644,1.0,0.9933253661513425,1,,38
194297,processed\features\194297_features.csv,1227,15,1227,0.980898533007335,0,1.0,1.0,0.980898533007335,1.0,0.9933144865525673,1,,39
295637,processed\features\295637_features.csv,1226,15,1226,0.9808829526916802,0,1.0,1.0,0.9808829526916802,1.0,0.9933090334420881,1,,40
465763,processed\features\465763_features.csv,1226,15,1226,0.9808829526916802,0,1.0,1.0,0.9808829526916802,1.0,0.9933090334420881,1,,41
429961,processed\features\429961_features.csv,1225,15,1225,0.9808673469387755,0,1.0,1.0,0.9808673469387755,1.0,0.9933035714285715,1,,42
50745,processed\features\50745_features.csv,1225,15,1225,0.9808673469387755,0,1.0,1.0,0.9808673469387755,1.0,0.9933035714285715,1,,43
158307,processed\features\158307_features.csv,1224,15,1224,0.9808517156862745,0,1.0,1.0,0.9808517156862745,1.0,0.9932981004901961,1,,44
243545,processed\features\243545_features.csv,1224,15,1224,0.9808517156862745,0,1.0,1.0,0.9808517156862745,1.0,0.9932981004901961,1,,45
309784,processed\features\309784_features.csv,1224,15,1224,0.9808517156862745,0,1.0,1.0,0.9808517156862745,1.0,0.9932981004901961,1,,46
38153,processed\features\38153_features.csv,1224,15,1224,0.9808517156862745,0,1.0,1.0,0.9808517156862745,1.0,0.9932981004901961,1,,47
344164,processed\features\344164_features.csv,1223,15,1223,0.9808360588716272,0,1.0,1.0,0.9808360588716272,1.0,0.9932926206050695,1,,48
44706,processed\features\44706_features.csv,1222,15,1222,0.9808203764320785,0,1.0,1.0,0.9808203764320785,1.0,0.9932871317512275,1,,49
117878,processed\features\117878_features.csv,1221,15,1221,0.9808046683046683,0,1.0,1.0,0.9808046683046683,1.0,0.9932816339066338,1,,50
189676,processed\features\189676_features.csv,1219,15,1219,0.980773174733388,0,1.0,1.0,0.980773174733388,1.0,0.9932706111566858,1,,51
412056,processed\features\412056_features.csv,1218,15,1218,0.9807573891625616,0,1.0,1.0,0.9807573891625616,1.0,0.9932650862068966,1,,52
49299,processed\features\49299_features.csv,1216,15,1216,0.980725740131579,0,1.0,1.0,0.980725740131579,1.0,0.9932540090460527,1,,53
168541,processed\features\168541_features.csv,1214,15,1214,0.9806939868204283,0,1.0,1.0,0.9806939868204283,1.0,0.9932428953871498,1,,54
33460,processed\features\33460_features.csv,1213,15,1213,0.9806780708985985,0,1.0,1.0,0.9806780708985985,1.0,0.9932373248145095,1,,55
26013,processed\features\26013_features.csv,1211,15,1211,0.9806461601981833,0,1.0,1.0,0.9806461601981833,1.0,0.9932261560693642,1,,56
227490,processed\features\227490_features.csv,1210,15,1210,0.9806301652892562,0,1.0,1.0,0.9806301652892562,1.0,0.9932205578512396,1,,57
288666,processed\features\288666_features.csv,1210,15,1210,0.9806301652892562,0,1.0,1.0,0.9806301652892562,1.0,0.9932205578512396,1,,58
50469,processed\features\50469_features.csv,1210,15,1210,0.9806301652892562,0,1.0,1.0,0.9806301652892562,1.0,0.9932205578512396,1,,59
146240,processed\features\146240_features.csv,1207,15,1207,0.9805820215410108,0,1.0,1.0,0.9805820215410108,1.0,0.9932037075393537,1,,60
181728,processed\features\181728_features.csv,1207,15,1207,0.9805820215410108,0,1.0,1.0,0.9805820215410108,1.0,0.9932037075393537,1,,61
446291,processed\features\446291_features.csv,1207,15,1207,0.9805820215410108,0,1.0,1.0,0.9805820215410108,1.0,0.9932037075393537,1,,62
322570,processed\features\322570_features.csv,1203,15,1203,0.9805174563591023,0,1.0,1.0,0.9805174563591023,1.0,0.9931811097256859,1,,63
131748,processed\features\131748_features.csv,1201,15,1201,0.980485012489592,0,1.0,1.0,0.980485012489592,1.0,0.9931697543713572,1,,64
306427,processed\features\306427_features.csv,1198,15,1198,0.980436143572621,0,1.0,1.0,0.980436143572621,1.0,0.9931526502504173,1,,65
189641,processed\features\189641_features.csv,1197,15,1197,0.9804197994987469,0,1.0,1.0,0.9804197994987469,1.0,0.9931469298245614,1,,66
418665,processed\features\418665_features.csv,1197,15,1197,0.9804197994987469,0,1.0,1.0,0.9804197994987469,1.0,0.9931469298245614,1,,67
70790,processed\features\70790_features.csv,1197,15,1197,0.9804197994987469,0,1.0,1.0,0.9804197994987469,1.0,0.9931469298245614,1,,68
163796,processed\features\163796_features.csv,1196,15,1196,0.9804034280936454,0,1.0,1.0,0.9804034280936454,1.0,0.9931411998327759,1,,69
389584,processed\features\389584_features.csv,1193,15,1193,0.9803541492036881,0,1.0,1.0,0.9803541492036881,1.0,0.9931239522212908,1,,70
414840,processed\features\414840_features.csv,1192,15,1192,0.9803376677852349,0,1.0,1.0,0.9803376677852349,1.0,0.9931181837248323,1,,71
157825,processed\features\157825_features.csv,1190,15,1190,0.9803046218487395,0,1.0,1.0,0.9803046218487395,1.0,0.9931066176470588,1,,72
20060,processed\features\20060_features.csv,1190,15,1190,0.9803046218487395,0,1.0,1.0,0.9803046218487395,1.0,0.9931066176470588,1,,73
388995,processed\features\388995_features.csv,1190,15,1190,0.9803046218487395,0,1.0,1.0,0.9803046218487395,1.0,0.9931066176470588,1,,74
38746,processed\features\38746_features.csv,1189,15,1189,0.9802880571909167,0,1.0,1.0,0.9802880571909167,1.0,0.9931008200168209,1,,75
48684,processed\features\48684_features.csv,1189,15,1189,0.9802880571909167,0,1.0,1.0,0.9802880571909167,1.0,0.9931008200168209,1,,76
204016,processed\features\204016_features.csv,1186,15,1186,0.9802381956155143,0,1.0,1.0,0.9802381956155143,1.0,0.99308336846543,1,,77
367325,processed\features\367325_features.csv,1186,15,1186,0.9802381956155143,0,1.0,1.0,0.9802381956155143,1.0,0.99308336846543,1,,78
155591,processed\features\155591_features.csv,1185,15,1185,0.9802215189873418,0,1.0,1.0,0.9802215189873418,1.0,0.9930775316455697,1,,79
467984,processed\features\467984_features.csv,1184,15,1184,0.9802048141891891,0,1.0,1.0,0.9802048141891891,1.0,0.9930716849662162,1,,80
332798,processed\features\332798_features.csv,1181,15,1181,0.9801545300592718,0,1.0,1.0,0.9801545300592718,1.0,0.9930540855207451,1,,81
507817,processed\features\507817_features.csv,1179,15,1179,0.9801208651399491,0,1.0,1.0,0.9801208651399491,1.0,0.9930423027989822,1,,82
111059,processed\features\111059_features.csv,1178,15,1178,0.9801039898132428,0,1.0,1.0,0.9801039898132428,1.0,0.993036396434635,1,,83
166701,processed\features\166701_features.csv,1178,15,1178,0.9801039898132428,0,1.0,1.0,0.9801039898132428,1.0,0.993036396434635,1,,84
405050,processed\features\405050_features.csv,1178,15,1178,0.9801039898132428,0,1.0,1.0,0.9801039898132428,1.0,0.993036396434635,1,,85
130658,processed\features\130658_features.csv,1174,15,1174,0.9800362010221465,0,1.0,1.0,0.9800362010221465,1.0,0.9930126703577512,1,,86
64403,processed\features\64403_features.csv,1172,15,1172,0.9800021331058021,0,1.0,1.0,0.9800021331058021,1.0,0.9930007465870307,1,,87
422976,processed\features\422976_features.csv,1171,15,1171,0.9799850555081128,0,1.0,1.0,0.9799850555081128,1.0,0.9929947694278395,1,,88
501535,processed\features\501535_features.csv,1171,15,1171,0.9799850555081128,0,1.0,1.0,0.9799850555081128,1.0,0.9929947694278395,1,,89
369750,processed\features\369750_features.csv,1170,15,1170,0.9799679487179487,0,1.0,1.0,0.9799679487179487,1.0,0.992988782051282,1,,90
26385,processed\features\26385_features.csv,1169,15,1169,0.9799508126603935,0,1.0,1.0,0.9799508126603935,1.0,0.9929827844311377,1,,91
321723,processed\features\321723_features.csv,1168,15,1168,0.979933647260274,0,1.0,1.0,0.979933647260274,1.0,0.9929767765410958,1,,92
501158,processed\features\501158_features.csv,1165,15,1165,0.9798819742489271,0,1.0,1.0,0.9798819742489271,1.0,0.9929586909871245,1,,93
6444,processed\features\6444_features.csv,1165,15,1165,0.9798819742489271,0,1.0,1.0,0.9798819742489271,1.0,0.9929586909871245,1,,94
245364,processed\features\245364_features.csv,1161,15,1161,0.979812661498708,0,1.0,1.0,0.979812661498708,1.0,0.9929344315245477,1,,95
397404,processed\features\397404_features.csv,1161,15,1161,0.979812661498708,0,1.0,1.0,0.979812661498708,1.0,0.9929344315245477,1,,96
121857,processed\features\121857_features.csv,1160,15,1160,0.9797952586206896,0,1.0,1.0,0.9797952586206896,1.0,0.9929283405172414,1,,97
51966,processed\features\51966_features.csv,1160,15,1160,0.9797952586206896,0,1.0,1.0,0.9797952586206896,1.0,0.9929283405172414,1,,98
346990,processed\features\346990_features.csv,1158,15,1158,0.9797603626943006,0,1.0,1.0,0.9797603626943006,1.0,0.9929161269430052,1,,99
3518,processed\features\3518_features.csv,1158,15,1158,0.9797603626943006,0,1.0,1.0,0.9797603626943006,1.0,0.9929161269430052,1,,100
68637,processed\features\68637_features.csv,1157,15,1157,0.9797428694900605,0,1.0,1.0,0.9797428694900605,1.0,0.9929100043215212,1,,101
88018,processed\features\88018_features.csv,1157,15,1157,0.9797428694900605,0,1.0,1.0,0.9797428694900605,1.0,0.9929100043215212,1,,102
501397,processed\features\501397_features.csv,1156,15,1156,0.9797253460207612,0,1.0,1.0,0.9797253460207612,1.0,0.9929038711072664,1,,103
4518,processed\features\4518_features.csv,1154,15,1154,0.9796902079722704,0,1.0,1.0,0.9796902079722704,1.0,0.9928915727902946,1,,104
229524,processed\features\229524_features.csv,1153,15,1153,0.9796725932350391,0,1.0,1.0,0.9796725932350391,1.0,0.9928854076322636,1,,105
363951,processed\features\363951_features.csv,1153,15,1153,0.9796725932350391,0,1.0,1.0,0.9796725932350391,1.0,0.9928854076322636,1,,106
16637,processed\features\16637_features.csv,1150,15,1150,0.9796195652173914,0,1.0,1.0,0.9796195652173914,1.0,0.992866847826087,1,,107
216933,processed\features\216933_features.csv,1149,15,1149,0.9796018276762402,0,1.0,1.0,0.9796018276762402,1.0,0.992860639686684,1,,108
372642,processed\features\372642_features.csv,1149,15,1149,0.9796018276762402,0,1.0,1.0,0.9796018276762402,1.0,0.992860639686684,1,,109
189461,processed\features\189461_features.csv,1148,15,1148,0.9795840592334495,0,1.0,1.0,0.9795840592334495,1.0,0.9928544207317073,1,,110
432913,processed\features\432913_features.csv,1148,15,1148,0.9795840592334495,0,1.0,1.0,0.9795840592334495,1.0,0.9928544207317073,1,,111
244506,processed\features\244506_features.csv,1147,15,1147,0.9795662598081953,0,1.0,1.0,0.9795662598081953,1.0,0.9928481909328684,1,,112
302765,processed\features\302765_features.csv,1146,15,1146,0.9795484293193717,0,1.0,1.0,0.9795484293193717,1.0,0.9928419502617801,1,,113
336163,processed\features\336163_features.csv,1146,15,1146,0.9795484293193717,0,1.0,1.0,0.9795484293193717,1.0,0.9928419502617801,1,,114
501695,processed\features\501695_features.csv,1145,15,1145,0.9795305676855895,0,1.0,1.0,0.9795305676855895,1.0,0.9928356986899564,1,,115
165497,processed\features\165497_features.csv,1144,15,1144,0.9795126748251748,0,1.0,1.0,0.9795126748251748,1.0,0.9928294361888111,1,,116
100134,processed\features\100134_features.csv,1143,15,1143,0.979494750656168,0,1.0,1.0,0.979494750656168,1.0,0.9928231627296588,1,,117
134971,processed\features\134971_features.csv,1143,15,1143,0.979494750656168,0,1.0,1.0,0.979494750656168,1.0,0.9928231627296588,1,,118
295979,processed\features\295979_features.csv,1143,15,1143,0.979494750656168,0,1.0,1.0,0.979494750656168,1.0,0.9928231627296588,1,,119
410160,processed\features\410160_features.csv,1143,15,1143,0.979494750656168,0,1.0,1.0,0.979494750656168,1.0,0.9928231627296588,1,,120
420255,processed\features\420255_features.csv,1143,15,1143,0.979494750656168,0,1.0,1.0,0.979494750656168,1.0,0.9928231627296588,1,,121
41567,processed\features\41567_features.csv,1142,15,1142,0.9794767950963222,0,1.0,1.0,0.9794767950963222,1.0,0.9928168782837128,1,,122
513087,processed\features\513087_features.csv,1142,15,1142,0.9794767950963222,0,1.0,1.0,0.9794767950963222,1.0,0.9928168782837128,1,,123
204238,processed\features\204238_features.csv,1141,15,1141,0.9794588080631026,0,1.0,1.0,0.9794588080631026,1.0,0.9928105828220859,1,,124
296733,processed\features\296733_features.csv,1141,15,1141,0.9794588080631026,0,1.0,1.0,0.9794588080631026,1.0,0.9928105828220859,1,,125
99308,processed\features\99308_features.csv,1140,15,1140,0.9794407894736842,0,1.0,1.0,0.9794407894736842,1.0,0.9928042763157895,1,,126
339872,processed\features\339872_features.csv,1139,15,1139,0.9794227392449517,0,1.0,1.0,0.9794227392449517,1.0,0.9927979587357331,1,,127
190125,processed\features\190125_features.csv,1138,15,1138,0.9794046572934973,0,1.0,1.0,0.9794046572934973,1.0,0.9927916300527241,1,,128
516851,processed\features\516851_features.csv,1138,15,1138,0.9794046572934973,0,1.0,1.0,0.9794046572934973,1.0,0.9927916300527241,1,,129
225794,processed\features\225794_features.csv,1137,15,1137,0.97938654353562,0,1.0,1.0,0.97938654353562,1.0,0.9927852902374671,1,,130
320495,processed\features\320495_features.csv,1136,15,1136,0.979368397887324,0,1.0,1.0,0.979368397887324,1.0,0.9927789392605634,1,,131
362921,processed\features\362921_features.csv,1136,15,1136,0.979368397887324,0,1.0,1.0,0.979368397887324,1.0,0.9927789392605634,1,,132
386263,processed\features\386263_features.csv,1135,15,1135,0.9793502202643172,0,1.0,1.0,0.9793502202643172,1.0,0.992772577092511,1,,133
163275,processed\features\163275_features.csv,1134,15,1134,0.9793320105820106,0,1.0,1.0,0.9793320105820106,1.0,0.9927662037037037,1,,134
31790,processed\features\31790_features.csv,1133,15,1133,0.9793137687555163,0,1.0,1.0,0.9793137687555163,1.0,0.9927598190644308,1,,135
343377,processed\features\343377_features.csv,1133,15,1133,0.9793137687555163,0,1.0,1.0,0.9793137687555163,1.0,0.9927598190644308,1,,136
229502,processed\features\229502_features.csv,1132,15,1132,0.9792954946996466,0,1.0,1.0,0.9792954946996466,1.0,0.9927534231448764,1,,137
321792,processed\features\321792_features.csv,1130,15,1130,0.9792588495575221,0,1.0,1.0,0.9792588495575221,1.0,0.9927405973451328,1,,138
174530,processed\features\174530_features.csv,1129,15,1129,0.97924047829938,0,1.0,1.0,0.97924047829938,1.0,0.992734167404783,1,,139
243612,processed\features\243612_features.csv,1129,15,1129,0.97924047829938,0,1.0,1.0,0.97924047829938,1.0,0.992734167404783,1,,140
307367,processed\features\307367_features.csv,1129,15,1129,0.97924047829938,0,1.0,1.0,0.97924047829938,1.0,0.992734167404783,1,,141
32431,processed\features\32431_features.csv,1129,15,1129,0.97924047829938,0,1.0,1.0,0.97924047829938,1.0,0.992734167404783,1,,142
91743,processed\features\91743_features.csv,1129,15,1129,0.97924047829938,0,1.0,1.0,0.97924047829938,1.0,0.992734167404783,1,,143
14510,processed\features\14510_features.csv,1128,15,1128,0.9792220744680851,0,1.0,1.0,0.9792220744680851,1.0,0.9927277260638298,1,,144
374905,processed\features\374905_features.csv,1128,15,1128,0.9792220744680851,0,1.0,1.0,0.9792220744680851,1.0,0.9927277260638298,1,,145
175709,processed\features\175709_features.csv,1127,15,1127,0.9792036379769299,0,1.0,1.0,0.9792036379769299,1.0,0.9927212732919254,1,,146
72588,processed\features\72588_features.csv,1126,15,1126,0.9791851687388987,0,1.0,1.0,0.9791851687388987,1.0,0.9927148090586145,1,,147
190460,processed\features\190460_features.csv,1125,15,1125,0.9791666666666666,0,1.0,1.0,0.9791666666666666,1.0,0.9927083333333333,1,,148
246333,processed\features\246333_features.csv,1125,15,1125,0.9791666666666666,0,1.0,1.0,0.9791666666666666,1.0,0.9927083333333333,1,,149
94540,processed\features\94540_features.csv,1125,15,1125,0.9791666666666666,0,1.0,1.0,0.9791666666666666,1.0,0.9927083333333333,1,,150
103796,processed\features\103796_features.csv,1124,15,1124,0.9791481316725978,0,1.0,1.0,0.9791481316725978,1.0,0.9927018460854092,1,,151
195336,processed\features\195336_features.csv,1124,15,1124,0.9791481316725978,0,1.0,1.0,0.9791481316725978,1.0,0.9927018460854092,1,,152
414828,processed\features\414828_features.csv,1124,15,1124,0.9791481316725978,0,1.0,1.0,0.9791481316725978,1.0,0.9927018460854092,1,,153
485961,processed\features\485961_features.csv,1124,15,1124,0.9791481316725978,0,1.0,1.0,0.9791481316725978,1.0,0.9927018460854092,1,,154
503395,processed\features\503395_features.csv,1124,15,1124,0.9791481316725978,0,1.0,1.0,0.9791481316725978,1.0,0.9927018460854092,1,,155
207138,processed\features\207138_features.csv,1123,15,1123,0.9791295636687445,0,1.0,1.0,0.9791295636687445,1.0,0.9926953472840606,1,,156
38207,processed\features\38207_features.csv,1123,15,1123,0.9791295636687445,0,1.0,1.0,0.9791295636687445,1.0,0.9926953472840606,1,,157
388083,processed\features\388083_features.csv,1123,15,1123,0.9791295636687445,0,1.0,1.0,0.9791295636687445,1.0,0.9926953472840606,1,,158
127452,processed\features\127452_features.csv,1122,15,1122,0.9791109625668449,0,1.0,1.0,0.9791109625668449,1.0,0.9926888368983957,1,,159
285927,processed\features\285927_features.csv,1122,15,1122,0.9791109625668449,0,1.0,1.0,0.9791109625668449,1.0,0.9926888368983957,1,,160
317259,processed\features\317259_features.csv,1122,15,1122,0.9791109625668449,0,1.0,1.0,0.9791109625668449,1.0,0.9926888368983957,1,,161
340455,processed\features\340455_features.csv,1122,15,1122,0.9791109625668449,0,1.0,1.0,0.9791109625668449,1.0,0.9926888368983957,1,,162
461619,processed\features\461619_features.csv,1122,15,1122,0.9791109625668449,0,1.0,1.0,0.9791109625668449,1.0,0.9926888368983957,1,,163
166861,processed\features\166861_features.csv,1121,15,1121,0.9790923282783229,0,1.0,1.0,0.9790923282783229,1.0,0.992682314897413,1,,164
360795,processed\features\360795_features.csv,1121,15,1121,0.9790923282783229,0,1.0,1.0,0.9790923282783229,1.0,0.992682314897413,1,,165
479913,processed\features\479913_features.csv,1121,15,1121,0.9790923282783229,0,1.0,1.0,0.9790923282783229,1.0,0.992682314897413,1,,166
181473,processed\features\181473_features.csv,1120,15,1120,0.9790736607142857,0,1.0,1.0,0.9790736607142857,1.0,0.99267578125,1,,167
371717,processed\features\371717_features.csv,1120,15,1120,0.9790736607142857,0,1.0,1.0,0.9790736607142857,1.0,0.99267578125,1,,168
374526,processed\features\374526_features.csv,1120,15,1120,0.9790736607142857,0,1.0,1.0,0.9790736607142857,1.0,0.99267578125,1,,169
14818,processed\features\14818_features.csv,1119,15,1119,0.9790549597855228,0,1.0,1.0,0.9790549597855228,1.0,0.9926692359249331,1,,170
121682,processed\features\121682_features.csv,1118,15,1118,0.9790362254025045,0,1.0,1.0,0.9790362254025045,1.0,0.9926626788908766,1,,171
190824,processed\features\190824_features.csv,1118,15,1118,0.9790362254025045,0,1.0,1.0,0.9790362254025045,1.0,0.9926626788908766,1,,172
22759,processed\features\22759_features.csv,1118,15,1118,0.9790362254025045,0,1.0,1.0,0.9790362254025045,1.0,0.9926626788908766,1,,173
420020,processed\features\420020_features.csv,1118,15,1118,0.9790362254025045,0,1.0,1.0,0.9790362254025045,1.0,0.9926626788908766,1,,174
516831,processed\features\516831_features.csv,1118,15,1118,0.9790362254025045,0,1.0,1.0,0.9790362254025045,1.0,0.9926626788908766,1,,175
272766,processed\features\272766_features.csv,1117,15,1117,0.9790174574753805,0,1.0,1.0,0.9790174574753805,1.0,0.9926561101163832,1,,176
144775,processed\features\144775_features.csv,1116,15,1116,0.9789986559139785,0,1.0,1.0,0.9789986559139785,1.0,0.9926495295698925,1,,177
217763,processed\features\217763_features.csv,1116,15,1116,0.9789986559139785,0,1.0,1.0,0.9789986559139785,1.0,0.9926495295698925,1,,178
369221,processed\features\369221_features.csv,1116,15,1116,0.9789986559139785,0,1.0,1.0,0.9789986559139785,1.0,0.9926495295698925,1,,179
414849,processed\features\414849_features.csv,1116,15,1116,0.9789986559139785,0,1.0,1.0,0.9789986559139785,1.0,0.9926495295698925,1,,180
495575,processed\features\495575_features.csv,1116,15,1116,0.9789986559139785,0,1.0,1.0,0.9789986559139785,1.0,0.9926495295698925,1,,181
169388,processed\features\169388_features.csv,1115,15,1115,0.9789798206278026,0,1.0,1.0,0.9789798206278026,1.0,0.9926429372197308,1,,182
19995,processed\features\19995_features.csv,1115,15,1115,0.9789798206278026,0,1.0,1.0,0.9789798206278026,1.0,0.9926429372197308,1,,183
386569,processed\features\386569_features.csv,1114,15,1114,0.9789609515260324,0,1.0,1.0,0.9789609515260324,1.0,0.9926363330341114,1,,184
83033,processed\features\83033_features.csv,1114,15,1114,0.9789609515260324,0,1.0,1.0,0.9789609515260324,1.0,0.9926363330341114,1,,185
296100,processed\features\296100_features.csv,1113,15,1113,0.9789420485175202,0,1.0,1.0,0.9789420485175202,1.0,0.9926297169811321,1,,186
159081,processed\features\159081_features.csv,1112,15,1112,0.9789231115107914,0,1.0,1.0,0.9789231115107914,1.0,0.9926230890287769,1,,187
18782,processed\features\18782_features.csv,1112,15,1112,0.9789231115107914,0,1.0,1.0,0.9789231115107914,1.0,0.9926230890287769,1,,188
353008,processed\features\353008_features.csv,1112,15,1112,0.9789231115107914,0,1.0,1.0,0.9789231115107914,1.0,0.9926230890287769,1,,189
176199,processed\features\176199_features.csv,1110,15,1110,0.9788851351351351,0,1.0,1.0,0.9788851351351351,1.0,0.9926097972972973,1,,190
156570,processed\features\156570_features.csv,1109,15,1109,0.9788660955816051,0,1.0,1.0,0.9788660955816051,1.0,0.9926031334535618,1,,191
191239,processed\features\191239_features.csv,1109,15,1109,0.9788660955816051,0,1.0,1.0,0.9788660955816051,1.0,0.9926031334535618,1,,192
204663,processed\features\204663_features.csv,1109,15,1109,0.9788660955816051,0,1.0,1.0,0.9788660955816051,1.0,0.9926031334535618,1,,193
229481,processed\features\229481_features.csv,1109,15,1109,0.9788660955816051,0,1.0,1.0,0.9788660955816051,1.0,0.9926031334535618,1,,194
425035,processed\features\425035_features.csv,1109,15,1109,0.9788660955816051,0,1.0,1.0,0.9788660955816051,1.0,0.9926031334535618,1,,195
1173,processed\features\1173_features.csv,1108,15,1108,0.9788470216606499,0,1.0,1.0,0.9788470216606499,1.0,0.9925964575812275,1,,196
168384,processed\features\168384_features.csv,1108,15,1108,0.9788470216606499,0,1.0,1.0,0.9788470216606499,1.0,0.9925964575812275,1,,197
189725,processed\features\189725_features.csv,1108,15,1108,0.9788470216606499,0,1.0,1.0,0.9788470216606499,1.0,0.9925964575812275,1,,198
384876,processed\features\384876_features.csv,1108,15,1108,0.9788470216606499,0,1.0,1.0,0.9788470216606499,1.0,0.9925964575812275,1,,199
420874,processed\features\420874_features.csv,1108,15,1108,0.9788470216606499,0,1.0,1.0,0.9788470216606499,1.0,0.9925964575812275,1,,200
199681,processed\features\199681_features.csv,1106,15,1106,0.9788087703435805,0,1.0,1.0,0.9788087703435805,1.0,0.9925830696202532,1,,201
397695,processed\features\397695_features.csv,1105,15,1105,0.978789592760181,0,1.0,1.0,0.978789592760181,1.0,0.9925763574660633,1,,202
142489,processed\features\142489_features.csv,1104,15,1104,0.9787703804347826,0,1.0,1.0,0.9787703804347826,1.0,0.992569633152174,1,,203
102567,processed\features\102567_features.csv,1103,15,1103,0.9787511332728921,0,1.0,1.0,0.9787511332728921,1.0,0.9925628966455122,1,,204
148353,processed\features\148353_features.csv,1103,15,1103,0.9787511332728921,0,1.0,1.0,0.9787511332728921,1.0,0.9925628966455122,1,,205
358121,processed\features\358121_features.csv,1103,15,1103,0.9787511332728921,0,1.0,1.0,0.9787511332728921,1.0,0.9925628966455122,1,,206
164407,processed\features\164407_features.csv,1102,15,1102,0.9787318511796733,0,1.0,1.0,0.9787318511796733,1.0,0.9925561479128856,1,,207
267544,processed\features\267544_features.csv,1102,15,1102,0.9787318511796733,0,1.0,1.0,0.9787318511796733,1.0,0.9925561479128856,1,,208
289978,processed\features\289978_features.csv,1102,15,1102,0.9787318511796733,0,1.0,1.0,0.9787318511796733,1.0,0.9925561479128856,1,,209
333158,processed\features\333158_features.csv,1102,15,1102,0.9787318511796733,0,1.0,1.0,0.9787318511796733,1.0,0.9925561479128856,1,,210
513218,processed\features\513218_features.csv,1102,15,1102,0.9787318511796733,0,1.0,1.0,0.9787318511796733,1.0,0.9925561479128856,1,,211
269806,processed\features\269806_features.csv,1101,15,1101,0.9787125340599455,0,1.0,1.0,0.9787125340599455,1.0,0.9925493869209809,1,,212
270520,processed\features\270520_features.csv,1101,15,1101,0.9787125340599455,0,1.0,1.0,0.9787125340599455,1.0,0.9925493869209809,1,,213
247791,processed\features\247791_features.csv,1100,15,1100,0.9786931818181818,0,1.0,1.0,0.9786931818181818,1.0,0.9925426136363636,1,,214
414188,processed\features\414188_features.csv,1099,15,1099,0.9786737943585078,0,1.0,1.0,0.9786737943585078,1.0,0.9925358280254778,1,,215
480287,processed\features\480287_features.csv,1099,15,1099,0.9786737943585078,0,1.0,1.0,0.9786737943585078,1.0,0.9925358280254778,1,,216
335191,processed\features\335191_features.csv,1098,15,1098,0.9786543715846995,0,1.0,1.0,0.9786543715846995,1.0,0.9925290300546449,1,,217
393252,processed\features\393252_features.csv,1098,15,1098,0.9786543715846995,0,1.0,1.0,0.9786543715846995,1.0,0.9925290300546449,1,,218
64423,processed\features\64423_features.csv,1098,15,1098,0.9786543715846995,0,1.0,1.0,0.9786543715846995,1.0,0.9925290300546449,1,,219
75675,processed\features\75675_features.csv,1098,15,1098,0.9786543715846995,0,1.0,1.0,0.9786543715846995,1.0,0.9925290300546449,1,,220
3941,processed\features\3941_features.csv,1097,15,1097,0.9786349134001823,0,1.0,1.0,0.9786349134001823,1.0,0.9925222196900638,1,,221
462367,processed\features\462367_features.csv,1097,15,1097,0.9786349134001823,0,1.0,1.0,0.9786349134001823,1.0,0.9925222196900638,1,,222
174476,processed\features\174476_features.csv,1095,15,1095,0.978595890410959,0,1.0,1.0,0.978595890410959,1.0,0.9925085616438357,1,,223
202418,processed\features\202418_features.csv,1095,15,1095,0.978595890410959,0,1.0,1.0,0.978595890410959,1.0,0.9925085616438357,1,,224
235619,processed\features\235619_features.csv,1095,15,1095,0.978595890410959,0,1.0,1.0,0.978595890410959,1.0,0.9925085616438357,1,,225
390607,processed\features\390607_features.csv,1095,15,1095,0.978595890410959,0,1.0,1.0,0.978595890410959,1.0,0.9925085616438357,1,,226
469072,processed\features\469072_features.csv,1095,15,1095,0.978595890410959,0,1.0,1.0,0.978595890410959,1.0,0.9925085616438357,1,,227
57835,processed\features\57835_features.csv,1095,15,1095,0.978595890410959,0,1.0,1.0,0.978595890410959,1.0,0.9925085616438357,1,,228
156053,processed\features\156053_features.csv,1094,15,1094,0.9785763254113345,0,1.0,1.0,0.9785763254113345,1.0,0.992501713893967,1,,229
250132,processed\features\250132_features.csv,1094,15,1094,0.9785763254113345,0,1.0,1.0,0.9785763254113345,1.0,0.992501713893967,1,,230
49040,processed\features\49040_features.csv,1094,15,1094,0.9785763254113345,0,1.0,1.0,0.9785763254113345,1.0,0.992501713893967,1,,231
76967,processed\features\76967_features.csv,1094,15,1094,0.9785763254113345,0,1.0,1.0,0.9785763254113345,1.0,0.992501713893967,1,,232
362896,processed\features\362896_features.csv,1093,15,1093,0.9785567246111619,0,1.0,1.0,0.9785567246111619,1.0,0.9924948536139067,1,,233
510474,processed\features\510474_features.csv,1093,15,1093,0.9785567246111619,0,1.0,1.0,0.9785567246111619,1.0,0.9924948536139067,1,,234
517146,processed\features\517146_features.csv,1093,15,1093,0.9785567246111619,0,1.0,1.0,0.9785567246111619,1.0,0.9924948536139067,1,,235
134992,processed\features\134992_features.csv,1092,15,1092,0.9785370879120879,0,1.0,1.0,0.9785370879120879,1.0,0.9924879807692307,1,,236
39004,processed\features\39004_features.csv,1092,15,1092,0.9785370879120879,0,1.0,1.0,0.9785370879120879,1.0,0.9924879807692307,1,,237
191371,processed\features\191371_features.csv,1091,15,1091,0.9785174152153987,0,1.0,1.0,0.9785174152153987,1.0,0.9924810953253895,1,,238
22401,processed\features\22401_features.csv,1091,15,1091,0.9785174152153987,0,1.0,1.0,0.9785174152153987,1.0,0.9924810953253895,1,,239
329024,processed\features\329024_features.csv,1091,15,1091,0.9785174152153987,0,1.0,1.0,0.9785174152153987,1.0,0.9924810953253895,1,,240
359495,processed\features\359495_features.csv,1091,15,1091,0.9785174152153987,0,1.0,1.0,0.9785174152153987,1.0,0.9924810953253895,1,,241
88004,processed\features\88004_features.csv,1091,15,1091,0.9785174152153987,0,1.0,1.0,0.9785174152153987,1.0,0.9924810953253895,1,,242
284973,processed\features\284973_features.csv,1090,15,1090,0.9784977064220184,0,1.0,1.0,0.9784977064220184,1.0,0.9924741972477064,1,,243
375511,processed\features\375511_features.csv,1090,15,1090,0.9784977064220184,0,1.0,1.0,0.9784977064220184,1.0,0.9924741972477064,1,,244
474349,processed\features\474349_features.csv,1090,15,1090,0.9784977064220184,0,1.0,1.0,0.9784977064220184,1.0,0.9924741972477064,1,,245
257306,processed\features\257306_features.csv,1089,15,1089,0.9784779614325069,0,1.0,1.0,0.9784779614325069,1.0,0.9924672865013774,1,,246
312293,processed\features\312293_features.csv,1089,15,1089,0.9784779614325069,0,1.0,1.0,0.9784779614325069,1.0,0.9924672865013774,1,,247
72109,processed\features\72109_features.csv,1089,15,1089,0.9784779614325069,0,1.0,1.0,0.9784779614325069,1.0,0.9924672865013774,1,,248
197029,processed\features\197029_features.csv,1088,15,1088,0.9784581801470589,0,1.0,1.0,0.9784581801470589,1.0,0.9924603630514707,1,,249
26572,processed\features\26572_features.csv,1088,15,1088,0.9784581801470589,0,1.0,1.0,0.9784581801470589,1.0,0.9924603630514707,1,,250
27951,processed\features\27951_features.csv,1088,15,1088,0.9784581801470589,0,1.0,1.0,0.9784581801470589,1.0,0.9924603630514707,1,,251
480866,processed\features\480866_features.csv,1088,15,1088,0.9784581801470589,0,1.0,1.0,0.9784581801470589,1.0,0.9924603630514707,1,,252
84504,processed\features\84504_features.csv,1088,15,1088,0.9784581801470589,0,1.0,1.0,0.9784581801470589,1.0,0.9924603630514707,1,,253
249721,processed\features\249721_features.csv,1087,15,1087,0.9784383624655014,0,1.0,1.0,0.9784383624655014,1.0,0.9924534268629255,1,,254
346439,processed\features\346439_features.csv,1087,15,1087,0.9784383624655014,0,1.0,1.0,0.9784383624655014,1.0,0.9924534268629255,1,,255
45578,processed\features\45578_features.csv,1087,15,1087,0.9784383624655014,0,1.0,1.0,0.9784383624655014,1.0,0.9924534268629255,1,,256
119565,processed\features\119565_features.csv,1086,15,1086,0.9784185082872928,0,1.0,1.0,0.9784185082872928,1.0,0.9924464779005525,1,,257
205251,processed\features\205251_features.csv,1086,15,1086,0.9784185082872928,0,1.0,1.0,0.9784185082872928,1.0,0.9924464779005525,1,,258
496345,processed\features\496345_features.csv,1086,15,1086,0.9784185082872928,0,1.0,1.0,0.9784185082872928,1.0,0.9924464779005525,1,,259
12847,processed\features\12847_features.csv,1085,15,1085,0.9783986175115207,0,1.0,1.0,0.9783986175115207,1.0,0.9924395161290323,1,,260
188764,processed\features\188764_features.csv,1085,15,1085,0.9783986175115207,0,1.0,1.0,0.9783986175115207,1.0,0.9924395161290323,1,,261
239584,processed\features\239584_features.csv,1085,15,1085,0.9783986175115207,0,1.0,1.0,0.9783986175115207,1.0,0.9924395161290323,1,,262
290916,processed\features\290916_features.csv,1085,15,1085,0.9783986175115207,0,1.0,1.0,0.9783986175115207,1.0,0.9924395161290323,1,,263
55510,processed\features\55510_features.csv,1085,15,1085,0.9783986175115207,0,1.0,1.0,0.9783986175115207,1.0,0.9924395161290323,1,,264
77111,processed\features\77111_features.csv,1085,15,1085,0.9783986175115207,0,1.0,1.0,0.9783986175115207,1.0,0.9924395161290323,1,,265
202377,processed\features\202377_features.csv,1084,15,1084,0.9783786900369004,0,1.0,1.0,0.9783786900369004,1.0,0.9924325415129152,1,,266
260064,processed\features\260064_features.csv,1084,15,1084,0.9783786900369004,0,1.0,1.0,0.9783786900369004,1.0,0.9924325415129152,1,,267
364086,processed\features\364086_features.csv,1084,15,1084,0.9783786900369004,0,1.0,1.0,0.9783786900369004,1.0,0.9924325415129152,1,,268
187720,processed\features\187720_features.csv,1083,15,1083,0.9783587257617729,0,1.0,1.0,0.9783587257617729,1.0,0.9924255540166206,1,,269
273509,processed\features\273509_features.csv,1083,15,1083,0.9783587257617729,0,1.0,1.0,0.9783587257617729,1.0,0.9924255540166206,1,,270
53216,processed\features\53216_features.csv,1083,15,1083,0.9783587257617729,0,1.0,1.0,0.9783587257617729,1.0,0.9924255540166206,1,,271
24139,processed\features\24139_features.csv,1082,15,1082,0.9783387245841035,0,1.0,1.0,0.9783387245841035,1.0,0.9924185536044362,1,,272
317462,processed\features\317462_features.csv,1082,15,1082,0.9783387245841035,0,1.0,1.0,0.9783387245841035,1.0,0.9924185536044362,1,,273
396210,processed\features\396210_features.csv,1082,15,1082,0.9783387245841035,0,1.0,1.0,0.9783387245841035,1.0,0.9924185536044362,1,,274
62351,processed\features\62351_features.csv,1082,15,1082,0.9783387245841035,0,1.0,1.0,0.9783387245841035,1.0,0.9924185536044362,1,,275
82282,processed\features\82282_features.csv,1082,15,1082,0.9783387245841035,0,1.0,1.0,0.9783387245841035,1.0,0.9924185536044362,1,,276
245988,processed\features\245988_features.csv,1081,15,1081,0.9783186864014801,0,1.0,1.0,0.9783186864014801,1.0,0.992411540240518,1,,277
30511,processed\features\30511_features.csv,1081,15,1081,0.9783186864014801,0,1.0,1.0,0.9783186864014801,1.0,0.992411540240518,1,,278
308396,processed\features\308396_features.csv,1081,15,1081,0.9783186864014801,0,1.0,1.0,0.9783186864014801,1.0,0.992411540240518,1,,279
350767,processed\features\350767_features.csv,1081,15,1081,0.9783186864014801,0,1.0,1.0,0.9783186864014801,1.0,0.992411540240518,1,,280
127025,processed\features\127025_features.csv,1080,15,1080,0.9782986111111112,0,1.0,1.0,0.9782986111111112,1.0,0.992404513888889,1,,281
164299,processed\features\164299_features.csv,1080,15,1080,0.9782986111111112,0,1.0,1.0,0.9782986111111112,1.0,0.992404513888889,1,,282
177488,processed\features\177488_features.csv,1080,15,1080,0.9782986111111112,0,1.0,1.0,0.9782986111111112,1.0,0.992404513888889,1,,283
98618,processed\features\98618_features.csv,1080,15,1080,0.9782986111111112,0,1.0,1.0,0.9782986111111112,1.0,0.992404513888889,1,,284
107824,processed\features\107824_features.csv,1079,15,1079,0.978278498609824,0,1.0,1.0,0.978278498609824,1.0,0.9923974745134384,1,,285
188797,processed\features\188797_features.csv,1079,15,1079,0.978278498609824,0,1.0,1.0,0.978278498609824,1.0,0.9923974745134384,1,,286
224549,processed\features\224549_features.csv,1079,15,1079,0.978278498609824,0,1.0,1.0,0.978278498609824,1.0,0.9923974745134384,1,,287
268293,processed\features\268293_features.csv,1079,15,1079,0.978278498609824,0,1.0,1.0,0.978278498609824,1.0,0.9923974745134384,1,,288
467501,processed\features\467501_features.csv,1079,15,1079,0.978278498609824,0,1.0,1.0,0.978278498609824,1.0,0.9923974745134384,1,,289
507029,processed\features\507029_features.csv,1079,15,1079,0.978278498609824,0,1.0,1.0,0.978278498609824,1.0,0.9923974745134384,1,,290
87592,processed\features\87592_features.csv,1079,15,1079,0.978278498609824,0,1.0,1.0,0.978278498609824,1.0,0.9923974745134384,1,,291
288224,processed\features\288224_features.csv,1078,15,1078,0.978258348794063,0,1.0,1.0,0.978258348794063,1.0,0.992390422077922,1,,292
487323,processed\features\487323_features.csv,1078,15,1078,0.978258348794063,0,1.0,1.0,0.978258348794063,1.0,0.992390422077922,1,,293
502694,processed\features\502694_features.csv,1078,15,1078,0.978258348794063,0,1.0,1.0,0.978258348794063,1.0,0.992390422077922,1,,294
508620,processed\features\508620_features.csv,1078,15,1078,0.978258348794063,0,1.0,1.0,0.978258348794063,1.0,0.992390422077922,1,,295
56482,processed\features\56482_features.csv,1078,15,1078,0.978258348794063,0,1.0,1.0,0.978258348794063,1.0,0.992390422077922,1,,296
367957,processed\features\367957_features.csv,1077,15,1077,0.9782381615598886,0,1.0,1.0,0.9782381615598886,1.0,0.9923833565459611,1,,297
38643,processed\features\38643_features.csv,1077,15,1077,0.9782381615598886,0,1.0,1.0,0.9782381615598886,1.0,0.9923833565459611,1,,298
504937,processed\features\504937_features.csv,1077,15,1077,0.9782381615598886,0,1.0,1.0,0.9782381615598886,1.0,0.9923833565459611,1,,299
92302,processed\features\92302_features.csv,1077,15,1077,0.9782381615598886,0,1.0,1.0,0.9782381615598886,1.0,0.9923833565459611,1,,300
120693,processed\features\120693_features.csv,1076,15,1076,0.978217936802974,0,1.0,1.0,0.978217936802974,1.0,0.9923762778810409,1,,301
204996,processed\features\204996_features.csv,1076,15,1076,0.978217936802974,0,1.0,1.0,0.978217936802974,1.0,0.9923762778810409,1,,302
275370,processed\features\275370_features.csv,1076,15,1076,0.978217936802974,0,1.0,1.0,0.978217936802974,1.0,0.9923762778810409,1,,303
301217,processed\features\301217_features.csv,1076,15,1076,0.978217936802974,0,1.0,1.0,0.978217936802974,1.0,0.9923762778810409,1,,304
375929,processed\features\375929_features.csv,1076,15,1076,0.978217936802974,0,1.0,1.0,0.978217936802974,1.0,0.9923762778810409,1,,305
380740,processed\features\380740_features.csv,1076,15,1076,0.978217936802974,0,1.0,1.0,0.978217936802974,1.0,0.9923762778810409,1,,306
78049,processed\features\78049_features.csv,1076,15,1076,0.978217936802974,0,1.0,1.0,0.978217936802974,1.0,0.9923762778810409,1,,307
120858,processed\features\120858_features.csv,1075,15,1075,0.9781976744186046,0,1.0,1.0,0.9781976744186046,1.0,0.9923691860465117,1,,308
147377,processed\features\147377_features.csv,1075,15,1075,0.9781976744186046,0,1.0,1.0,0.9781976744186046,1.0,0.9923691860465117,1,,309
315321,processed\features\315321_features.csv,1075,15,1075,0.9781976744186046,0,1.0,1.0,0.9781976744186046,1.0,0.9923691860465117,1,,310
379361,processed\features\379361_features.csv,1075,15,1075,0.9781976744186046,0,1.0,1.0,0.9781976744186046,1.0,0.9923691860465117,1,,311
457139,processed\features\457139_features.csv,1075,15,1075,0.9781976744186046,0,1.0,1.0,0.9781976744186046,1.0,0.9923691860465117,1,,312
144742,processed\features\144742_features.csv,1074,15,1074,0.978177374301676,0,1.0,1.0,0.978177374301676,1.0,0.9923620810055865,1,,313
171428,processed\features\171428_features.csv,1074,15,1074,0.978177374301676,0,1.0,1.0,0.978177374301676,1.0,0.9923620810055865,1,,314
247573,processed\features\247573_features.csv,1074,15,1074,0.978177374301676,0,1.0,1.0,0.978177374301676,1.0,0.9923620810055865,1,,315
294920,processed\features\294920_features.csv,1074,15,1074,0.978177374301676,0,1.0,1.0,0.978177374301676,1.0,0.9923620810055865,1,,316
433701,processed\features\433701_features.csv,1074,15,1074,0.978177374301676,0,1.0,1.0,0.978177374301676,1.0,0.9923620810055865,1,,317
489459,processed\features\489459_features.csv,1074,15,1074,0.978177374301676,0,1.0,1.0,0.978177374301676,1.0,0.9923620810055865,1,,318
144500,processed\features\144500_features.csv,1073,15,1073,0.9781570363466915,0,1.0,1.0,0.9781570363466915,1.0,0.992354962721342,1,,319
165036,processed\features\165036_features.csv,1073,15,1073,0.9781570363466915,0,1.0,1.0,0.9781570363466915,1.0,0.992354962721342,1,,320
178941,processed\features\178941_features.csv,1073,15,1073,0.9781570363466915,0,1.0,1.0,0.9781570363466915,1.0,0.992354962721342,1,,321
244712,processed\features\244712_features.csv,1073,15,1073,0.9781570363466915,0,1.0,1.0,0.9781570363466915,1.0,0.992354962721342,1,,322
404932,processed\features\404932_features.csv,1073,15,1073,0.9781570363466915,0,1.0,1.0,0.9781570363466915,1.0,0.992354962721342,1,,323
41311,processed\features\41311_features.csv,1073,15,1073,0.9781570363466915,0,1.0,1.0,0.9781570363466915,1.0,0.992354962721342,1,,324
58409,processed\features\58409_features.csv,1073,15,1073,0.9781570363466915,0,1.0,1.0,0.9781570363466915,1.0,0.992354962721342,1,,325
106503,processed\features\106503_features.csv,1072,15,1072,0.9781366604477612,0,1.0,1.0,0.9781366604477612,1.0,0.9923478311567164,1,,326
121394,processed\features\121394_features.csv,1072,15,1072,0.9781366604477612,0,1.0,1.0,0.9781366604477612,1.0,0.9923478311567164,1,,327
121787,processed\features\121787_features.csv,1072,15,1072,0.9781366604477612,0,1.0,1.0,0.9781366604477612,1.0,0.9923478311567164,1,,328
204516,processed\features\204516_features.csv,1072,15,1072,0.9781366604477612,0,1.0,1.0,0.9781366604477612,1.0,0.9923478311567164,1,,329
294273,processed\features\294273_features.csv,1072,15,1072,0.9781366604477612,0,1.0,1.0,0.9781366604477612,1.0,0.9923478311567164,1,,330
316657,processed\features\316657_features.csv,1072,15,1072,0.9781366604477612,0,1.0,1.0,0.9781366604477612,1.0,0.9923478311567164,1,,331
341618,processed\features\341618_features.csv,1072,15,1072,0.9781366604477612,0,1.0,1.0,0.9781366604477612,1.0,0.9923478311567164,1,,332
383661,processed\features\383661_features.csv,1072,15,1072,0.9781366604477612,0,1.0,1.0,0.9781366604477612,1.0,0.9923478311567164,1,,333
71611,processed\features\71611_features.csv,1072,15,1072,0.9781366604477612,0,1.0,1.0,0.9781366604477612,1.0,0.9923478311567164,1,,334
376194,processed\features\376194_features.csv,1071,15,1071,0.9781162464985994,0,1.0,1.0,0.9781162464985994,1.0,0.9923406862745098,1,,335
403771,processed\features\403771_features.csv,1070,15,1070,0.9780957943925234,0,1.0,1.0,0.9780957943925234,1.0,0.9923335280373832,1,,336
124618,processed\features\124618_features.csv,1069,15,1069,0.9780753040224509,0,1.0,1.0,0.9780753040224509,1.0,0.9923263564078578,1,,337
180677,processed\features\180677_features.csv,1069,15,1069,0.9780753040224509,0,1.0,1.0,0.9780753040224509,1.0,0.9923263564078578,1,,338
186577,processed\features\186577_features.csv,1069,15,1069,0.9780753040224509,0,1.0,1.0,0.9780753040224509,1.0,0.9923263564078578,1,,339
294620,processed\features\294620_features.csv,1069,15,1069,0.9780753040224509,0,1.0,1.0,0.9780753040224509,1.0,0.9923263564078578,1,,340
337466,processed\features\337466_features.csv,1069,15,1069,0.9780753040224509,0,1.0,1.0,0.9780753040224509,1.0,0.9923263564078578,1,,341
405319,processed\features\405319_features.csv,1069,15,1069,0.9780753040224509,0,1.0,1.0,0.9780753040224509,1.0,0.9923263564078578,1,,342
471516,processed\features\471516_features.csv,1069,15,1069,0.9780753040224509,0,1.0,1.0,0.9780753040224509,1.0,0.9923263564078578,1,,343
479084,processed\features\479084_features.csv,1069,15,1069,0.9780753040224509,0,1.0,1.0,0.9780753040224509,1.0,0.9923263564078578,1,,344
84320,processed\features\84320_features.csv,1068,15,1068,0.9780547752808989,0,1.0,1.0,0.9780547752808989,1.0,0.9923191713483146,1,,345
2552,processed\features\2552_features.csv,1067,15,1067,0.9780342080599812,0,1.0,1.0,0.9780342080599812,1.0,0.9923119728209934,1,,346
29246,processed\features\29246_features.csv,1067,15,1067,0.9780342080599812,0,1.0,1.0,0.9780342080599812,1.0,0.9923119728209934,1,,347
369826,processed\features\369826_features.csv,1067,15,1067,0.9780342080599812,0,1.0,1.0,0.9780342080599812,1.0,0.9923119728209934,1,,348
391720,processed\features\391720_features.csv,1067,15,1067,0.9780342080599812,0,1.0,1.0,0.9780342080599812,1.0,0.9923119728209934,1,,349
399108,processed\features\399108_features.csv,1067,15,1067,0.9780342080599812,0,1.0,1.0,0.9780342080599812,1.0,0.9923119728209934,1,,350
121494,processed\features\121494_features.csv,1066,15,1066,0.9780136022514071,0,1.0,1.0,0.9780136022514071,1.0,0.9923047607879926,1,,351
175717,processed\features\175717_features.csv,1066,15,1066,0.9780136022514071,0,1.0,1.0,0.9780136022514071,1.0,0.9923047607879926,1,,352
274731,processed\features\274731_features.csv,1066,15,1066,0.9780136022514071,0,1.0,1.0,0.9780136022514071,1.0,0.9923047607879926,1,,353
494216,processed\features\494216_features.csv,1066,15,1066,0.9780136022514071,0,1.0,1.0,0.9780136022514071,1.0,0.9923047607879926,1,,354
512963,processed\features\512963_features.csv,1066,15,1066,0.9780136022514071,0,1.0,1.0,0.9780136022514071,1.0,0.9923047607879926,1,,355
119214,processed\features\119214_features.csv,1065,15,1065,0.9779929577464789,0,1.0,1.0,0.9779929577464789,1.0,0.9922975352112676,1,,356
158893,processed\features\158893_features.csv,1065,15,1065,0.9779929577464789,0,1.0,1.0,0.9779929577464789,1.0,0.9922975352112676,1,,357
174458,processed\features\174458_features.csv,1065,15,1065,0.9779929577464789,0,1.0,1.0,0.9779929577464789,1.0,0.9922975352112676,1,,358
181132,processed\features\181132_features.csv,1065,15,1065,0.9779929577464789,0,1.0,1.0,0.9779929577464789,1.0,0.9922975352112676,1,,359
256695,processed\features\256695_features.csv,1065,15,1065,0.9779929577464789,0,1.0,1.0,0.9779929577464789,1.0,0.9922975352112676,1,,360
274847,processed\features\274847_features.csv,1065,15,1065,0.9779929577464789,0,1.0,1.0,0.9779929577464789,1.0,0.9922975352112676,1,,361
291116,processed\features\291116_features.csv,1065,15,1065,0.9779929577464789,0,1.0,1.0,0.9779929577464789,1.0,0.9922975352112676,1,,362
405381,processed\features\405381_features.csv,1065,15,1065,0.9779929577464789,0,1.0,1.0,0.9779929577464789,1.0,0.9922975352112676,1,,363
423961,processed\features\423961_features.csv,1065,15,1065,0.9779929577464789,0,1.0,1.0,0.9779929577464789,1.0,0.9922975352112676,1,,364
501553,processed\features\501553_features.csv,1065,15,1065,0.9779929577464789,0,1.0,1.0,0.9779929577464789,1.0,0.9922975352112676,1,,365
276213,processed\features\276213_features.csv,1064,15,1064,0.9779722744360902,0,1.0,1.0,0.9779722744360902,1.0,0.9922902960526315,1,,366
281478,processed\features\281478_features.csv,1064,15,1064,0.9779722744360902,0,1.0,1.0,0.9779722744360902,1.0,0.9922902960526315,1,,367
281803,processed\features\281803_features.csv,1064,15,1064,0.9779722744360902,0,1.0,1.0,0.9779722744360902,1.0,0.9922902960526315,1,,368
343085,processed\features\343085_features.csv,1064,15,1064,0.9779722744360902,0,1.0,1.0,0.9779722744360902,1.0,0.9922902960526315,1,,369
36141,processed\features\36141_features.csv,1064,15,1064,0.9779722744360902,0,1.0,1.0,0.9779722744360902,1.0,0.9922902960526315,1,,370
380066,processed\features\380066_features.csv,1064,15,1064,0.9779722744360902,0,1.0,1.0,0.9779722744360902,1.0,0.9922902960526315,1,,371
401112,processed\features\401112_features.csv,1064,15,1064,0.9779722744360902,0,1.0,1.0,0.9779722744360902,1.0,0.9922902960526315,1,,372
107276,processed\features\107276_features.csv,1063,15,1063,0.9779515522107244,0,1.0,1.0,0.9779515522107244,1.0,0.9922830432737536,1,,373
125212,processed\features\125212_features.csv,1063,15,1063,0.9779515522107244,0,1.0,1.0,0.9779515522107244,1.0,0.9922830432737536,1,,374
283591,processed\features\283591_features.csv,1063,15,1063,0.9779515522107244,0,1.0,1.0,0.9779515522107244,1.0,0.9922830432737536,1,,375
9490,processed\features\9490_features.csv,1063,15,1063,0.9779515522107244,0,1.0,1.0,0.9779515522107244,1.0,0.9922830432737536,1,,376
144358,processed\features\144358_features.csv,1062,15,1062,0.977930790960452,0,1.0,1.0,0.977930790960452,1.0,0.9922757768361582,1,,377
144375,processed\features\144375_features.csv,1062,15,1062,0.977930790960452,0,1.0,1.0,0.977930790960452,1.0,0.9922757768361582,1,,378
263706,processed\features\263706_features.csv,1062,15,1062,0.977930790960452,0,1.0,1.0,0.977930790960452,1.0,0.9922757768361582,1,,379
470095,processed\features\470095_features.csv,1062,15,1062,0.977930790960452,0,1.0,1.0,0.977930790960452,1.0,0.9922757768361582,1,,380
164359,processed\features\164359_features.csv,1061,15,1061,0.9779099905749293,0,1.0,1.0,0.9779099905749293,1.0,0.9922684967012253,1,,381
343411,processed\features\343411_features.csv,1061,15,1061,0.9779099905749293,0,1.0,1.0,0.9779099905749293,1.0,0.9922684967012253,1,,382
444284,processed\features\444284_features.csv,1061,15,1061,0.9779099905749293,0,1.0,1.0,0.9779099905749293,1.0,0.9922684967012253,1,,383
71005,processed\features\71005_features.csv,1061,15,1061,0.9779099905749293,0,1.0,1.0,0.9779099905749293,1.0,0.9922684967012253,1,,384
98107,processed\features\98107_features.csv,1061,15,1061,0.9779099905749293,0,1.0,1.0,0.9779099905749293,1.0,0.9922684967012253,1,,385
161254,processed\features\161254_features.csv,1060,15,1060,0.9778891509433962,0,1.0,1.0,0.9778891509433962,1.0,0.9922612028301887,1,,386
327537,processed\features\327537_features.csv,1060,15,1060,0.9778891509433962,0,1.0,1.0,0.9778891509433962,1.0,0.9922612028301887,1,,387
368151,processed\features\368151_features.csv,1060,15,1060,0.9778891509433962,0,1.0,1.0,0.9778891509433962,1.0,0.9922612028301887,1,,388
396589,processed\features\396589_features.csv,1060,15,1060,0.9778891509433962,0,1.0,1.0,0.9778891509433962,1.0,0.9922612028301887,1,,389
70570,processed\features\70570_features.csv,1060,15,1060,0.9778891509433962,0,1.0,1.0,0.9778891509433962,1.0,0.9922612028301887,1,,390
92610,processed\features\92610_features.csv,1060,15,1060,0.9778891509433962,0,1.0,1.0,0.9778891509433962,1.0,0.9922612028301887,1,,391
108925,processed\features\108925_features.csv,1059,15,1059,0.9778682719546742,0,1.0,1.0,0.9778682719546742,1.0,0.992253895184136,1,,392
189570,processed\features\189570_features.csv,1059,15,1059,0.9778682719546742,0,1.0,1.0,0.9778682719546742,1.0,0.992253895184136,1,,393
216292,processed\features\216292_features.csv,1059,15,1059,0.9778682719546742,0,1.0,1.0,0.9778682719546742,1.0,0.992253895184136,1,,394
318993,processed\features\318993_features.csv,1059,15,1059,0.9778682719546742,0,1.0,1.0,0.9778682719546742,1.0,0.992253895184136,1,,395
333032,processed\features\333032_features.csv,1059,15,1059,0.9778682719546742,0,1.0,1.0,0.9778682719546742,1.0,0.992253895184136,1,,396
362238,processed\features\362238_features.csv,1059,15,1059,0.9778682719546742,0,1.0,1.0,0.9778682719546742,1.0,0.992253895184136,1,,397
472909,processed\features\472909_features.csv,1059,15,1059,0.9778682719546742,0,1.0,1.0,0.9778682719546742,1.0,0.992253895184136,1,,398
478567,processed\features\478567_features.csv,1059,15,1059,0.9778682719546742,0,1.0,1.0,0.9778682719546742,1.0,0.992253895184136,1,,399
494105,processed\features\494105_features.csv,1059,15,1059,0.9778682719546742,0,1.0,1.0,0.9778682719546742,1.0,0.992253895184136,1,,400
92479,processed\features\92479_features.csv,1059,15,1059,0.9778682719546742,0,1.0,1.0,0.9778682719546742,1.0,0.992253895184136,1,,401
163147,processed\features\163147_features.csv,1058,15,1058,0.9778473534971645,0,1.0,1.0,0.9778473534971645,1.0,0.9922465737240075,1,,402
269871,processed\features\269871_features.csv,1058,15,1058,0.9778473534971645,0,1.0,1.0,0.9778473534971645,1.0,0.9922465737240075,1,,403
277022,processed\features\277022_features.csv,1058,15,1058,0.9778473534971645,0,1.0,1.0,0.9778473534971645,1.0,0.9922465737240075,1,,404
500558,processed\features\500558_features.csv,1058,15,1058,0.9778473534971645,0,1.0,1.0,0.9778473534971645,1.0,0.9922465737240075,1,,405
147955,processed\features\147955_features.csv,1057,15,1057,0.9778263954588458,0,1.0,1.0,0.9778263954588458,1.0,0.992239238410596,1,,406
245175,processed\features\245175_features.csv,1057,15,1057,0.9778263954588458,0,1.0,1.0,0.9778263954588458,1.0,0.992239238410596,1,,407
271976,processed\features\271976_features.csv,1057,15,1057,0.9778263954588458,0,1.0,1.0,0.9778263954588458,1.0,0.992239238410596,1,,408
324670,processed\features\324670_features.csv,1057,15,1057,0.9778263954588458,0,1.0,1.0,0.9778263954588458,1.0,0.992239238410596,1,,409
365102,processed\features\365102_features.csv,1057,15,1057,0.9778263954588458,0,1.0,1.0,0.9778263954588458,1.0,0.992239238410596,1,,410
448655,processed\features\448655_features.csv,1057,15,1057,0.9778263954588458,0,1.0,1.0,0.9778263954588458,1.0,0.992239238410596,1,,411
8162,processed\features\8162_features.csv,1057,15,1057,0.9778263954588458,0,1.0,1.0,0.9778263954588458,1.0,0.992239238410596,1,,412
14429,processed\features\14429_features.csv,1056,15,1056,0.9778053977272727,0,1.0,1.0,0.9778053977272727,1.0,0.9922318892045455,1,,413
184264,processed\features\184264_features.csv,1056,15,1056,0.9778053977272727,0,1.0,1.0,0.9778053977272727,1.0,0.9922318892045455,1,,414
515709,processed\features\515709_features.csv,1056,15,1056,0.9778053977272727,0,1.0,1.0,0.9778053977272727,1.0,0.9922318892045455,1,,415
66774,processed\features\66774_features.csv,1056,15,1056,0.9778053977272727,0,1.0,1.0,0.9778053977272727,1.0,0.9922318892045455,1,,416
193212,processed\features\193212_features.csv,1055,15,1055,0.9777843601895735,0,1.0,1.0,0.9777843601895735,1.0,0.9922245260663507,1,,417
260253,processed\features\260253_features.csv,1055,15,1055,0.9777843601895735,0,1.0,1.0,0.9777843601895735,1.0,0.9922245260663507,1,,418
289925,processed\features\289925_features.csv,1055,15,1055,0.9777843601895735,0,1.0,1.0,0.9777843601895735,1.0,0.9922245260663507,1,,419
298675,processed\features\298675_features.csv,1055,15,1055,0.9777843601895735,0,1.0,1.0,0.9777843601895735,1.0,0.9922245260663507,1,,420
347937,processed\features\347937_features.csv,1055,15,1055,0.9777843601895735,0,1.0,1.0,0.9777843601895735,1.0,0.9922245260663507,1,,421
390402,processed\features\390402_features.csv,1055,15,1055,0.9777843601895735,0,1.0,1.0,0.9777843601895735,1.0,0.9922245260663507,1,,422
468171,processed\features\468171_features.csv,1055,15,1055,0.9777843601895735,0,1.0,1.0,0.9777843601895735,1.0,0.9922245260663507,1,,423
469889,processed\features\469889_features.csv,1055,15,1055,0.9777843601895735,0,1.0,1.0,0.9777843601895735,1.0,0.9922245260663507,1,,424
31972,processed\features\31972_features.csv,1054,15,1054,0.9777632827324478,0,1.0,1.0,0.9777632827324478,1.0,0.9922171489563568,1,,425
78719,processed\features\78719_features.csv,1054,15,1054,0.9777632827324478,0,1.0,1.0,0.9777632827324478,1.0,0.9922171489563568,1,,426
87348,processed\features\87348_features.csv,1054,15,1054,0.9777632827324478,0,1.0,1.0,0.9777632827324478,1.0,0.9922171489563568,1,,427
123447,processed\features\123447_features.csv,1053,15,1053,0.9777421652421653,0,1.0,1.0,0.9777421652421653,1.0,0.9922097578347578,1,,428
186242,processed\features\186242_features.csv,1053,15,1053,0.9777421652421653,0,1.0,1.0,0.9777421652421653,1.0,0.9922097578347578,1,,429
260768,processed\features\260768_features.csv,1053,15,1053,0.9777421652421653,0,1.0,1.0,0.9777421652421653,1.0,0.9922097578347578,1,,430
298670,processed\features\298670_features.csv,1053,15,1053,0.9777421652421653,0,1.0,1.0,0.9777421652421653,1.0,0.9922097578347578,1,,431
30655,processed\features\30655_features.csv,1053,15,1053,0.9777421652421653,0,1.0,1.0,0.9777421652421653,1.0,0.9922097578347578,1,,432
368599,processed\features\368599_features.csv,1053,15,1053,0.9777421652421653,0,1.0,1.0,0.9777421652421653,1.0,0.9922097578347578,1,,433
434084,processed\features\434084_features.csv,1053,15,1053,0.9777421652421653,0,1.0,1.0,0.9777421652421653,1.0,0.9922097578347578,1,,434
171643,processed\features\171643_features.csv,1052,15,1052,0.9777210076045627,0,1.0,1.0,0.9777210076045627,1.0,0.992202352661597,1,,435
280012,processed\features\280012_features.csv,1052,15,1052,0.9777210076045627,0,1.0,1.0,0.9777210076045627,1.0,0.992202352661597,1,,436
301216,processed\features\301216_features.csv,1052,15,1052,0.9777210076045627,0,1.0,1.0,0.9777210076045627,1.0,0.992202352661597,1,,437
377360,processed\features\377360_features.csv,1052,15,1052,0.9777210076045627,0,1.0,1.0,0.9777210076045627,1.0,0.992202352661597,1,,438
468548,processed\features\468548_features.csv,1052,15,1052,0.9777210076045627,0,1.0,1.0,0.9777210076045627,1.0,0.992202352661597,1,,439
99250,processed\features\99250_features.csv,1052,15,1052,0.9777210076045627,0,1.0,1.0,0.9777210076045627,1.0,0.992202352661597,1,,440
209259,processed\features\209259_features.csv,1051,15,1051,0.9776998097050428,0,1.0,1.0,0.9776998097050428,1.0,0.9921949333967649,1,,441
22202,processed\features\22202_features.csv,1051,15,1051,0.9776998097050428,0,1.0,1.0,0.9776998097050428,1.0,0.9921949333967649,1,,442
63448,processed\features\63448_features.csv,1051,15,1051,0.9776998097050428,0,1.0,1.0,0.9776998097050428,1.0,0.9921949333967649,1,,443
75723,processed\features\75723_features.csv,1051,15,1051,0.9776998097050428,0,1.0,1.0,0.9776998097050428,1.0,0.9921949333967649,1,,444
188389,processed\features\188389_features.csv,1050,15,1050,0.9776785714285714,0,1.0,1.0,0.9776785714285714,1.0,0.9921875,1,,445
23160,processed\features\23160_features.csv,1050,15,1050,0.9776785714285714,0,1.0,1.0,0.9776785714285714,1.0,0.9921875,1,,446
405367,processed\features\405367_features.csv,1050,15,1050,0.9776785714285714,0,1.0,1.0,0.9776785714285714,1.0,0.9921875,1,,447
416214,processed\features\416214_features.csv,1050,15,1050,0.9776785714285714,0,1.0,1.0,0.9776785714285714,1.0,0.9921875,1,,448
460067,processed\features\460067_features.csv,1050,15,1050,0.9776785714285714,0,1.0,1.0,0.9776785714285714,1.0,0.9921875,1,,449
85558,processed\features\85558_features.csv,1050,15,1050,0.9776785714285714,0,1.0,1.0,0.9776785714285714,1.0,0.9921875,1,,450
98550,processed\features\98550_features.csv,1050,15,1050,0.9776785714285714,0,1.0,1.0,0.9776785714285714,1.0,0.9921875,1,,451
124202,processed\features\124202_features.csv,1049,15,1049,0.9776572926596759,0,1.0,1.0,0.9776572926596759,1.0,0.9921800524308866,1,,452
149911,processed\features\149911_features.csv,1049,15,1049,0.9776572926596759,0,1.0,1.0,0.9776572926596759,1.0,0.9921800524308866,1,,453
318234,processed\features\318234_features.csv,1049,15,1049,0.9776572926596759,0,1.0,1.0,0.9776572926596759,1.0,0.9921800524308866,1,,454
373198,processed\features\373198_features.csv,1049,15,1049,0.9776572926596759,0,1.0,1.0,0.9776572926596759,1.0,0.9921800524308866,1,,455
418912,processed\features\418912_features.csv,1049,15,1049,0.9776572926596759,0,1.0,1.0,0.9776572926596759,1.0,0.9921800524308866,1,,456
102126,processed\features\102126_features.csv,1048,15,1048,0.9776359732824428,0,1.0,1.0,0.9776359732824428,1.0,0.992172590648855,1,,457
128777,processed\features\128777_features.csv,1048,15,1048,0.9776359732824428,0,1.0,1.0,0.9776359732824428,1.0,0.992172590648855,1,,458
277044,processed\features\277044_features.csv,1048,15,1048,0.9776359732824428,0,1.0,1.0,0.9776359732824428,1.0,0.992172590648855,1,,459
316197,processed\features\316197_features.csv,1048,15,1048,0.9776359732824428,0,1.0,1.0,0.9776359732824428,1.0,0.992172590648855,1,,460
34746,processed\features\34746_features.csv,1048,15,1048,0.9776359732824428,0,1.0,1.0,0.9776359732824428,1.0,0.992172590648855,1,,461
391183,processed\features\391183_features.csv,1048,15,1048,0.9776359732824428,0,1.0,1.0,0.9776359732824428,1.0,0.992172590648855,1,,462
401233,processed\features\401233_features.csv,1048,15,1048,0.9776359732824428,0,1.0,1.0,0.9776359732824428,1.0,0.992172590648855,1,,463
444370,processed\features\444370_features.csv,1048,15,1048,0.9776359732824428,0,1.0,1.0,0.9776359732824428,1.0,0.992172590648855,1,,464
83582,processed\features\83582_features.csv,1048,15,1048,0.9776359732824428,0,1.0,1.0,0.9776359732824428,1.0,0.992172590648855,1,,465
85963,processed\features\85963_features.csv,1048,15,1048,0.9776359732824428,0,1.0,1.0,0.9776359732824428,1.0,0.992172590648855,1,,466
143614,processed\features\143614_features.csv,1047,15,1047,0.9776146131805158,0,1.0,1.0,0.9776146131805158,1.0,0.9921651146131806,1,,467
186856,processed\features\186856_features.csv,1047,15,1047,0.9776146131805158,0,1.0,1.0,0.9776146131805158,1.0,0.9921651146131806,1,,468
196794,processed\features\196794_features.csv,1047,15,1047,0.9776146131805158,0,1.0,1.0,0.9776146131805158,1.0,0.9921651146131806,1,,469
231360,processed\features\231360_features.csv,1047,15,1047,0.9776146131805158,0,1.0,1.0,0.9776146131805158,1.0,0.9921651146131806,1,,470
294553,processed\features\294553_features.csv,1047,15,1047,0.9776146131805158,0,1.0,1.0,0.9776146131805158,1.0,0.9921651146131806,1,,471
390474,processed\features\390474_features.csv,1047,15,1047,0.9776146131805158,0,1.0,1.0,0.9776146131805158,1.0,0.9921651146131806,1,,472
408842,processed\features\408842_features.csv,1047,15,1047,0.9776146131805158,0,1.0,1.0,0.9776146131805158,1.0,0.9921651146131806,1,,473
419940,processed\features\419940_features.csv,1047,15,1047,0.9776146131805158,0,1.0,1.0,0.9776146131805158,1.0,0.9921651146131806,1,,474
452181,processed\features\452181_features.csv,1047,15,1047,0.9776146131805158,0,1.0,1.0,0.9776146131805158,1.0,0.9921651146131806,1,,475
94542,processed\features\94542_features.csv,1047,15,1047,0.9776146131805158,0,1.0,1.0,0.9776146131805158,1.0,0.9921651146131806,1,,476
95402,processed\features\95402_features.csv,1047,15,1047,0.9776146131805158,0,1.0,1.0,0.9776146131805158,1.0,0.9921651146131806,1,,477
96303,processed\features\96303_features.csv,1047,15,1047,0.9776146131805158,0,1.0,1.0,0.9776146131805158,1.0,0.9921651146131806,1,,478
110642,processed\features\110642_features.csv,1046,15,1046,0.9775932122370937,0,1.0,1.0,0.9775932122370937,1.0,0.9921576242829828,1,,479
155871,processed\features\155871_features.csv,1046,15,1046,0.9775932122370937,0,1.0,1.0,0.9775932122370937,1.0,0.9921576242829828,1,,480
278031,processed\features\278031_features.csv,1046,15,1046,0.9775932122370937,0,1.0,1.0,0.9775932122370937,1.0,0.9921576242829828,1,,481
291902,processed\features\291902_features.csv,1046,15,1046,0.9775932122370937,0,1.0,1.0,0.9775932122370937,1.0,0.9921576242829828,1,,482
39921,processed\features\39921_features.csv,1046,15,1046,0.9775932122370937,0,1.0,1.0,0.9775932122370937,1.0,0.9921576242829828,1,,483
60863,processed\features\60863_features.csv,1046,15,1046,0.9775932122370937,0,1.0,1.0,0.9775932122370937,1.0,0.9921576242829828,1,,484
89704,processed\features\89704_features.csv,1046,15,1046,0.9775932122370937,0,1.0,1.0,0.9775932122370937,1.0,0.9921576242829828,1,,485
91939,processed\features\91939_features.csv,1046,15,1046,0.9775932122370937,0,1.0,1.0,0.9775932122370937,1.0,0.9921576242829828,1,,486
157339,processed\features\157339_features.csv,1045,15,1045,0.9775717703349283,0,1.0,1.0,0.9775717703349283,1.0,0.9921501196172249,1,,487
166314,processed\features\166314_features.csv,1045,15,1045,0.9775717703349283,0,1.0,1.0,0.9775717703349283,1.0,0.9921501196172249,1,,488
203622,processed\features\203622_features.csv,1045,15,1045,0.9775717703349283,0,1.0,1.0,0.9775717703349283,1.0,0.9921501196172249,1,,489
304514,processed\features\304514_features.csv,1045,15,1045,0.9775717703349283,0,1.0,1.0,0.9775717703349283,1.0,0.9921501196172249,1,,490
307308,processed\features\307308_features.csv,1045,15,1045,0.9775717703349283,0,1.0,1.0,0.9775717703349283,1.0,0.9921501196172249,1,,491
393485,processed\features\393485_features.csv,1045,15,1045,0.9775717703349283,0,1.0,1.0,0.9775717703349283,1.0,0.9921501196172249,1,,492
409355,processed\features\409355_features.csv,1045,15,1045,0.9775717703349283,0,1.0,1.0,0.9775717703349283,1.0,0.9921501196172249,1,,493
484072,processed\features\484072_features.csv,1045,15,1045,0.9775717703349283,0,1.0,1.0,0.9775717703349283,1.0,0.9921501196172249,1,,494
51040,processed\features\51040_features.csv,1045,15,1045,0.9775717703349283,0,1.0,1.0,0.9775717703349283,1.0,0.9921501196172249,1,,495
75663,processed\features\75663_features.csv,1045,15,1045,0.9775717703349283,0,1.0,1.0,0.9775717703349283,1.0,0.9921501196172249,1,,496
98526,processed\features\98526_features.csv,1045,15,1045,0.9775717703349283,0,1.0,1.0,0.9775717703349283,1.0,0.9921501196172249,1,,497
99186,processed\features\99186_features.csv,1045,15,1045,0.9775717703349283,0,1.0,1.0,0.9775717703349283,1.0,0.9921501196172249,1,,498
188496,processed\features\188496_features.csv,1044,15,1044,0.9775502873563219,0,1.0,1.0,0.9775502873563219,1.0,0.9921426005747126,1,,499
236104,processed\features\236104_features.csv,1044,15,1044,0.9775502873563219,0,1.0,1.0,0.9775502873563219,1.0,0.9921426005747126,1,,500
369010,processed\features\369010_features.csv,1044,15,1044,0.9775502873563219,0,1.0,1.0,0.9775502873563219,1.0,0.9921426005747126,1,,501
505962,processed\features\505962_features.csv,1044,15,1044,0.9775502873563219,0,1.0,1.0,0.9775502873563219,1.0,0.9921426005747126,1,,502
124457,processed\features\124457_features.csv,1043,15,1043,0.9775287631831256,0,1.0,1.0,0.9775287631831256,1.0,0.9921350671140939,1,,503
127513,processed\features\127513_features.csv,1043,15,1043,0.9775287631831256,0,1.0,1.0,0.9775287631831256,1.0,0.9921350671140939,1,,504
150152,processed\features\150152_features.csv,1043,15,1043,0.9775287631831256,0,1.0,1.0,0.9775287631831256,1.0,0.9921350671140939,1,,505
163154,processed\features\163154_features.csv,1043,15,1043,0.9775287631831256,0,1.0,1.0,0.9775287631831256,1.0,0.9921350671140939,1,,506
175704,processed\features\175704_features.csv,1043,15,1043,0.9775287631831256,0,1.0,1.0,0.9775287631831256,1.0,0.9921350671140939,1,,507
257484,processed\features\257484_features.csv,1043,15,1043,0.9775287631831256,0,1.0,1.0,0.9775287631831256,1.0,0.9921350671140939,1,,508
277430,processed\features\277430_features.csv,1043,15,1043,0.9775287631831256,0,1.0,1.0,0.9775287631831256,1.0,0.9921350671140939,1,,509
34441,processed\features\34441_features.csv,1043,15,1043,0.9775287631831256,0,1.0,1.0,0.9775287631831256,1.0,0.9921350671140939,1,,510
36856,processed\features\36856_features.csv,1043,15,1043,0.9775287631831256,0,1.0,1.0,0.9775287631831256,1.0,0.9921350671140939,1,,511
399091,processed\features\399091_features.csv,1043,15,1043,0.9775287631831256,0,1.0,1.0,0.9775287631831256,1.0,0.9921350671140939,1,,512
511071,processed\features\511071_features.csv,1043,15,1043,0.9775287631831256,0,1.0,1.0,0.9775287631831256,1.0,0.9921350671140939,1,,513
514257,processed\features\514257_features.csv,1043,15,1043,0.9775287631831256,0,1.0,1.0,0.9775287631831256,1.0,0.9921350671140939,1,,514
75100,processed\features\75100_features.csv,1043,15,1043,0.9775287631831256,0,1.0,1.0,0.9775287631831256,1.0,0.9921350671140939,1,,515
107043,processed\features\107043_features.csv,1042,15,1042,0.977507197696737,0,1.0,1.0,0.977507197696737,1.0,0.992127519193858,1,,516
150311,processed\features\150311_features.csv,1042,15,1042,0.977507197696737,0,1.0,1.0,0.977507197696737,1.0,0.992127519193858,1,,517
17887,processed\features\17887_features.csv,1042,15,1042,0.977507197696737,0,1.0,1.0,0.977507197696737,1.0,0.992127519193858,1,,518
203573,processed\features\203573_features.csv,1042,15,1042,0.977507197696737,0,1.0,1.0,0.977507197696737,1.0,0.992127519193858,1,,519
205028,processed\features\205028_features.csv,1042,15,1042,0.977507197696737,0,1.0,1.0,0.977507197696737,1.0,0.992127519193858,1,,520
216606,processed\features\216606_features.csv,1042,15,1042,0.977507197696737,0,1.0,1.0,0.977507197696737,1.0,0.992127519193858,1,,521
22760,processed\features\22760_features.csv,1042,15,1042,0.977507197696737,0,1.0,1.0,0.977507197696737,1.0,0.992127519193858,1,,522
326949,processed\features\326949_features.csv,1042,15,1042,0.977507197696737,0,1.0,1.0,0.977507197696737,1.0,0.992127519193858,1,,523
347483,processed\features\347483_features.csv,1042,15,1042,0.977507197696737,0,1.0,1.0,0.977507197696737,1.0,0.992127519193858,1,,524
40454,processed\features\40454_features.csv,1042,15,1042,0.977507197696737,0,1.0,1.0,0.977507197696737,1.0,0.992127519193858,1,,525
498731,processed\features\498731_features.csv,1042,15,1042,0.977507197696737,0,1.0,1.0,0.977507197696737,1.0,0.992127519193858,1,,526
517592,processed\features\517592_features.csv,1042,15,1042,0.977507197696737,0,1.0,1.0,0.977507197696737,1.0,0.992127519193858,1,,527
55814,processed\features\55814_features.csv,1042,15,1042,0.977507197696737,0,1.0,1.0,0.977507197696737,1.0,0.992127519193858,1,,528
193208,processed\features\193208_features.csv,1041,15,1041,0.9774855907780979,0,1.0,1.0,0.9774855907780979,1.0,0.9921199567723343,1,,529
33700,processed\features\33700_features.csv,1041,15,1041,0.9774855907780979,0,1.0,1.0,0.9774855907780979,1.0,0.9921199567723343,1,,530
397164,processed\features\397164_features.csv,1041,15,1041,0.9774855907780979,0,1.0,1.0,0.9774855907780979,1.0,0.9921199567723343,1,,531
442073,processed\features\442073_features.csv,1041,15,1041,0.9774855907780979,0,1.0,1.0,0.9774855907780979,1.0,0.9921199567723343,1,,532
453763,processed\features\453763_features.csv,1041,15,1041,0.9774855907780979,0,1.0,1.0,0.9774855907780979,1.0,0.9921199567723343,1,,533
458852,processed\features\458852_features.csv,1041,15,1041,0.9774855907780979,0,1.0,1.0,0.9774855907780979,1.0,0.9921199567723343,1,,534
481257,processed\features\481257_features.csv,1041,15,1041,0.9774855907780979,0,1.0,1.0,0.9774855907780979,1.0,0.9921199567723343,1,,535
72393,processed\features\72393_features.csv,1041,15,1041,0.9774855907780979,0,1.0,1.0,0.9774855907780979,1.0,0.9921199567723343,1,,536
128242,processed\features\128242_features.csv,1040,15,1040,0.9774639423076923,0,1.0,1.0,0.9774639423076923,1.0,0.9921123798076923,1,,537
249824,processed\features\249824_features.csv,1040,15,1040,0.9774639423076923,0,1.0,1.0,0.9774639423076923,1.0,0.9921123798076923,1,,538
313910,processed\features\313910_features.csv,1040,15,1040,0.9774639423076923,0,1.0,1.0,0.9774639423076923,1.0,0.9921123798076923,1,,539
476956,processed\features\476956_features.csv,1040,15,1040,0.9774639423076923,0,1.0,1.0,0.9774639423076923,1.0,0.9921123798076923,1,,540
488046,processed\features\488046_features.csv,1040,15,1040,0.9774639423076923,0,1.0,1.0,0.9774639423076923,1.0,0.9921123798076923,1,,541
158987,processed\features\158987_features.csv,1039,15,1039,0.9774422521655438,0,1.0,1.0,0.9774422521655438,1.0,0.9921047882579404,1,,542
167765,processed\features\167765_features.csv,1039,15,1039,0.9774422521655438,0,1.0,1.0,0.9774422521655438,1.0,0.9921047882579404,1,,543
168388,processed\features\168388_features.csv,1039,15,1039,0.9774422521655438,0,1.0,1.0,0.9774422521655438,1.0,0.9921047882579404,1,,544
174676,processed\features\174676_features.csv,1039,15,1039,0.9774422521655438,0,1.0,1.0,0.9774422521655438,1.0,0.9921047882579404,1,,545
316687,processed\features\316687_features.csv,1039,15,1039,0.9774422521655438,0,1.0,1.0,0.9774422521655438,1.0,0.9921047882579404,1,,546
31668,processed\features\31668_features.csv,1039,15,1039,0.9774422521655438,0,1.0,1.0,0.9774422521655438,1.0,0.9921047882579404,1,,547
338480,processed\features\338480_features.csv,1039,15,1039,0.9774422521655438,0,1.0,1.0,0.9774422521655438,1.0,0.9921047882579404,1,,548
440273,processed\features\440273_features.csv,1039,15,1039,0.9774422521655438,0,1.0,1.0,0.9774422521655438,1.0,0.9921047882579404,1,,549
448409,processed\features\448409_features.csv,1039,15,1039,0.9774422521655438,0,1.0,1.0,0.9774422521655438,1.0,0.9921047882579404,1,,550
486777,processed\features\486777_features.csv,1039,15,1039,0.9774422521655438,0,1.0,1.0,0.9774422521655438,1.0,0.9921047882579404,1,,551
494106,processed\features\494106_features.csv,1039,15,1039,0.9774422521655438,0,1.0,1.0,0.9774422521655438,1.0,0.9921047882579404,1,,552
253813,processed\features\253813_features.csv,1038,15,1038,0.9774205202312138,0,1.0,1.0,0.9774205202312138,1.0,0.9920971820809249,1,,553
283333,processed\features\283333_features.csv,1038,15,1038,0.9774205202312138,0,1.0,1.0,0.9774205202312138,1.0,0.9920971820809249,1,,554
326927,processed\features\326927_features.csv,1038,15,1038,0.9774205202312138,0,1.0,1.0,0.9774205202312138,1.0,0.9920971820809249,1,,555
333819,processed\features\333819_features.csv,1038,15,1038,0.9774205202312138,0,1.0,1.0,0.9774205202312138,1.0,0.9920971820809249,1,,556
372218,processed\features\372218_features.csv,1038,15,1038,0.9774205202312138,0,1.0,1.0,0.9774205202312138,1.0,0.9920971820809249,1,,557
390939,processed\features\390939_features.csv,1038,15,1038,0.9774205202312138,0,1.0,1.0,0.9774205202312138,1.0,0.9920971820809249,1,,558
449481,processed\features\449481_features.csv,1038,15,1038,0.9774205202312138,0,1.0,1.0,0.9774205202312138,1.0,0.9920971820809249,1,,559
55966,processed\features\55966_features.csv,1038,15,1038,0.9774205202312138,0,1.0,1.0,0.9774205202312138,1.0,0.9920971820809249,1,,560
96378,processed\features\96378_features.csv,1038,15,1038,0.9774205202312138,0,1.0,1.0,0.9774205202312138,1.0,0.9920971820809249,1,,561
181647,processed\features\181647_features.csv,1037,15,1037,0.9773987463837994,0,1.0,1.0,0.9773987463837994,1.0,0.9920895612343298,1,,562
205309,processed\features\205309_features.csv,1037,15,1037,0.9773987463837994,0,1.0,1.0,0.9773987463837994,1.0,0.9920895612343298,1,,563
254981,processed\features\254981_features.csv,1037,15,1037,0.9773987463837994,0,1.0,1.0,0.9773987463837994,1.0,0.9920895612343298,1,,564
290960,processed\features\290960_features.csv,1037,15,1037,0.9773987463837994,0,1.0,1.0,0.9773987463837994,1.0,0.9920895612343298,1,,565
295728,processed\features\295728_features.csv,1037,15,1037,0.9773987463837994,0,1.0,1.0,0.9773987463837994,1.0,0.9920895612343298,1,,566
33862,processed\features\33862_features.csv,1037,15,1037,0.9773987463837994,0,1.0,1.0,0.9773987463837994,1.0,0.9920895612343298,1,,567
407224,processed\features\407224_features.csv,1037,15,1037,0.9773987463837994,0,1.0,1.0,0.9773987463837994,1.0,0.9920895612343298,1,,568
410814,processed\features\410814_features.csv,1037,15,1037,0.9773987463837994,0,1.0,1.0,0.9773987463837994,1.0,0.9920895612343298,1,,569
44830,processed\features\44830_features.csv,1037,15,1037,0.9773987463837994,0,1.0,1.0,0.9773987463837994,1.0,0.9920895612343298,1,,570
495023,processed\features\495023_features.csv,1037,15,1037,0.9773987463837994,0,1.0,1.0,0.9773987463837994,1.0,0.9920895612343298,1,,571
90765,processed\features\90765_features.csv,1037,15,1037,0.9773987463837994,0,1.0,1.0,0.9773987463837994,1.0,0.9920895612343298,1,,572
162906,processed\features\162906_features.csv,1036,15,1036,0.9773769305019305,0,1.0,1.0,0.9773769305019305,1.0,0.9920819256756758,1,,573
201300,processed\features\201300_features.csv,1036,15,1036,0.9773769305019305,0,1.0,1.0,0.9773769305019305,1.0,0.9920819256756758,1,,574
235631,processed\features\235631_features.csv,1036,15,1036,0.9773769305019305,0,1.0,1.0,0.9773769305019305,1.0,0.9920819256756758,1,,575
413222,processed\features\413222_features.csv,1036,15,1036,0.9773769305019305,0,1.0,1.0,0.9773769305019305,1.0,0.9920819256756758,1,,576
46742,processed\features\46742_features.csv,1036,15,1036,0.9773769305019305,0,1.0,1.0,0.9773769305019305,1.0,0.9920819256756758,1,,577
508735,processed\features\508735_features.csv,1036,15,1036,0.9773769305019305,0,1.0,1.0,0.9773769305019305,1.0,0.9920819256756758,1,,578
66301,processed\features\66301_features.csv,1036,15,1036,0.9773769305019305,0,1.0,1.0,0.9773769305019305,1.0,0.9920819256756758,1,,579
74436,processed\features\74436_features.csv,1036,15,1036,0.9773769305019305,0,1.0,1.0,0.9773769305019305,1.0,0.9920819256756758,1,,580
84406,processed\features\84406_features.csv,1036,15,1036,0.9773769305019305,0,1.0,1.0,0.9773769305019305,1.0,0.9920819256756758,1,,581
123279,processed\features\123279_features.csv,1035,15,1035,0.9773550724637681,0,1.0,1.0,0.9773550724637681,1.0,0.9920742753623188,1,,582
144372,processed\features\144372_features.csv,1035,15,1035,0.9773550724637681,0,1.0,1.0,0.9773550724637681,1.0,0.9920742753623188,1,,583
335452,processed\features\335452_features.csv,1035,15,1035,0.9773550724637681,0,1.0,1.0,0.9773550724637681,1.0,0.9920742753623188,1,,584
345854,processed\features\345854_features.csv,1035,15,1035,0.9773550724637681,0,1.0,1.0,0.9773550724637681,1.0,0.9920742753623188,1,,585
394438,processed\features\394438_features.csv,1035,15,1035,0.9773550724637681,0,1.0,1.0,0.9773550724637681,1.0,0.9920742753623188,1,,586
4402,processed\features\4402_features.csv,1035,15,1035,0.9773550724637681,0,1.0,1.0,0.9773550724637681,1.0,0.9920742753623188,1,,587
487432,processed\features\487432_features.csv,1035,15,1035,0.9773550724637681,0,1.0,1.0,0.9773550724637681,1.0,0.9920742753623188,1,,588
62359,processed\features\62359_features.csv,1035,15,1035,0.9773550724637681,0,1.0,1.0,0.9773550724637681,1.0,0.9920742753623188,1,,589
64364,processed\features\64364_features.csv,1035,15,1035,0.9773550724637681,0,1.0,1.0,0.9773550724637681,1.0,0.9920742753623188,1,,590
212656,processed\features\212656_features.csv,1034,15,1034,0.9773331721470019,0,1.0,1.0,0.9773331721470019,1.0,0.9920666102514507,1,,591
255462,processed\features\255462_features.csv,1034,15,1034,0.9773331721470019,0,1.0,1.0,0.9773331721470019,1.0,0.9920666102514507,1,,592
25637,processed\features\25637_features.csv,1034,15,1034,0.9773331721470019,0,1.0,1.0,0.9773331721470019,1.0,0.9920666102514507,1,,593
353102,processed\features\353102_features.csv,1034,15,1034,0.9773331721470019,0,1.0,1.0,0.9773331721470019,1.0,0.9920666102514507,1,,594
369817,processed\features\369817_features.csv,1034,15,1034,0.9773331721470019,0,1.0,1.0,0.9773331721470019,1.0,0.9920666102514507,1,,595
462139,processed\features\462139_features.csv,1034,15,1034,0.9773331721470019,0,1.0,1.0,0.9773331721470019,1.0,0.9920666102514507,1,,596
105539,processed\features\105539_features.csv,1033,15,1033,0.977311229428848,0,1.0,1.0,0.977311229428848,1.0,0.9920589303000967,1,,597
127714,processed\features\127714_features.csv,1033,15,1033,0.977311229428848,0,1.0,1.0,0.977311229428848,1.0,0.9920589303000967,1,,598
155528,processed\features\155528_features.csv,1033,15,1033,0.977311229428848,0,1.0,1.0,0.977311229428848,1.0,0.9920589303000967,1,,599
265878,processed\features\265878_features.csv,1033,15,1033,0.977311229428848,0,1.0,1.0,0.977311229428848,1.0,0.9920589303000967,1,,600
347288,processed\features\347288_features.csv,1033,15,1033,0.977311229428848,0,1.0,1.0,0.977311229428848,1.0,0.9920589303000967,1,,601
35136,processed\features\35136_features.csv,1033,15,1033,0.977311229428848,0,1.0,1.0,0.977311229428848,1.0,0.9920589303000967,1,,602
36485,processed\features\36485_features.csv,1033,15,1033,0.977311229428848,0,1.0,1.0,0.977311229428848,1.0,0.9920589303000967,1,,603
427287,processed\features\427287_features.csv,1033,15,1033,0.977311229428848,0,1.0,1.0,0.977311229428848,1.0,0.9920589303000967,1,,604
459844,processed\features\459844_features.csv,1033,15,1033,0.977311229428848,0,1.0,1.0,0.977311229428848,1.0,0.9920589303000967,1,,605
63424,processed\features\63424_features.csv,1033,15,1033,0.977311229428848,0,1.0,1.0,0.977311229428848,1.0,0.9920589303000967,1,,606
72011,processed\features\72011_features.csv,1033,15,1033,0.977311229428848,0,1.0,1.0,0.977311229428848,1.0,0.9920589303000967,1,,607
76912,processed\features\76912_features.csv,1033,15,1033,0.977311229428848,0,1.0,1.0,0.977311229428848,1.0,0.9920589303000967,1,,608
178971,processed\features\178971_features.csv,1032,15,1032,0.9772892441860465,0,1.0,1.0,0.9772892441860465,1.0,0.9920512354651162,1,,609
188720,processed\features\188720_features.csv,1032,15,1032,0.9772892441860465,0,1.0,1.0,0.9772892441860465,1.0,0.9920512354651162,1,,610
248654,processed\features\248654_features.csv,1032,15,1032,0.9772892441860465,0,1.0,1.0,0.9772892441860465,1.0,0.9920512354651162,1,,611
250322,processed\features\250322_features.csv,1032,15,1032,0.9772892441860465,0,1.0,1.0,0.9772892441860465,1.0,0.9920512354651162,1,,612
255030,processed\features\255030_features.csv,1032,15,1032,0.9772892441860465,0,1.0,1.0,0.9772892441860465,1.0,0.9920512354651162,1,,613
258833,processed\features\258833_features.csv,1032,15,1032,0.9772892441860465,0,1.0,1.0,0.9772892441860465,1.0,0.9920512354651162,1,,614
272548,processed\features\272548_features.csv,1032,15,1032,0.9772892441860465,0,1.0,1.0,0.9772892441860465,1.0,0.9920512354651162,1,,615
374297,processed\features\374297_features.csv,1032,15,1032,0.9772892441860465,0,1.0,1.0,0.9772892441860465,1.0,0.9920512354651162,1,,616
444297,processed\features\444297_features.csv,1032,15,1032,0.9772892441860465,0,1.0,1.0,0.9772892441860465,1.0,0.9920512354651162,1,,617
48177,processed\features\48177_features.csv,1032,15,1032,0.9772892441860465,0,1.0,1.0,0.9772892441860465,1.0,0.9920512354651162,1,,618
115034,processed\features\115034_features.csv,1031,15,1031,0.9772672162948594,0,1.0,1.0,0.9772672162948594,1.0,0.9920435257032008,1,,619
120461,processed\features\120461_features.csv,1031,15,1031,0.9772672162948594,0,1.0,1.0,0.9772672162948594,1.0,0.9920435257032008,1,,620
221919,processed\features\221919_features.csv,1031,15,1031,0.9772672162948594,0,1.0,1.0,0.9772672162948594,1.0,0.9920435257032008,1,,621
231717,processed\features\231717_features.csv,1031,15,1031,0.9772672162948594,0,1.0,1.0,0.9772672162948594,1.0,0.9920435257032008,1,,622
246280,processed\features\246280_features.csv,1031,15,1031,0.9772672162948594,0,1.0,1.0,0.9772672162948594,1.0,0.9920435257032008,1,,623
265748,processed\features\265748_features.csv,1031,15,1031,0.9772672162948594,0,1.0,1.0,0.9772672162948594,1.0,0.9920435257032008,1,,624
287916,processed\features\287916_features.csv,1031,15,1031,0.9772672162948594,0,1.0,1.0,0.9772672162948594,1.0,0.9920435257032008,1,,625
319937,processed\features\319937_features.csv,1031,15,1031,0.9772672162948594,0,1.0,1.0,0.9772672162948594,1.0,0.9920435257032008,1,,626
334709,processed\features\334709_features.csv,1031,15,1031,0.9772672162948594,0,1.0,1.0,0.9772672162948594,1.0,0.9920435257032008,1,,627
336112,processed\features\336112_features.csv,1031,15,1031,0.9772672162948594,0,1.0,1.0,0.9772672162948594,1.0,0.9920435257032008,1,,628
393948,processed\features\393948_features.csv,1031,15,1031,0.9772672162948594,0,1.0,1.0,0.9772672162948594,1.0,0.9920435257032008,1,,629
397446,processed\features\397446_features.csv,1031,15,1031,0.9772672162948594,0,1.0,1.0,0.9772672162948594,1.0,0.9920435257032008,1,,630
434622,processed\features\434622_features.csv,1031,15,1031,0.9772672162948594,0,1.0,1.0,0.9772672162948594,1.0,0.9920435257032008,1,,631
443582,processed\features\443582_features.csv,1031,15,1031,0.9772672162948594,0,1.0,1.0,0.9772672162948594,1.0,0.9920435257032008,1,,632
466510,processed\features\466510_features.csv,1031,15,1031,0.9772672162948594,0,1.0,1.0,0.9772672162948594,1.0,0.9920435257032008,1,,633
15847,processed\features\15847_features.csv,1030,15,1030,0.977245145631068,0,1.0,1.0,0.977245145631068,1.0,0.9920358009708737,1,,634
191441,processed\features\191441_features.csv,1030,15,1030,0.977245145631068,0,1.0,1.0,0.977245145631068,1.0,0.9920358009708737,1,,635
191867,processed\features\191867_features.csv,1030,15,1030,0.977245145631068,0,1.0,1.0,0.977245145631068,1.0,0.9920358009708737,1,,636
210907,processed\features\210907_features.csv,1030,15,1030,0.977245145631068,0,1.0,1.0,0.977245145631068,1.0,0.9920358009708737,1,,637
33691,processed\features\33691_features.csv,1030,15,1030,0.977245145631068,0,1.0,1.0,0.977245145631068,1.0,0.9920358009708737,1,,638
406703,processed\features\406703_features.csv,1030,15,1030,0.977245145631068,0,1.0,1.0,0.977245145631068,1.0,0.9920358009708737,1,,639
478051,processed\features\478051_features.csv,1030,15,1030,0.977245145631068,0,1.0,1.0,0.977245145631068,1.0,0.9920358009708737,1,,640
5852,processed\features\5852_features.csv,1030,15,1030,0.977245145631068,0,1.0,1.0,0.977245145631068,1.0,0.9920358009708737,1,,641
60680,processed\features\60680_features.csv,1030,15,1030,0.977245145631068,0,1.0,1.0,0.977245145631068,1.0,0.9920358009708737,1,,642
110897,processed\features\110897_features.csv,1029,15,1029,0.9772230320699709,0,1.0,1.0,0.9772230320699709,1.0,0.9920280612244897,1,,643
154130,processed\features\154130_features.csv,1029,15,1029,0.9772230320699709,0,1.0,1.0,0.9772230320699709,1.0,0.9920280612244897,1,,644
284548,processed\features\284548_features.csv,1029,15,1029,0.9772230320699709,0,1.0,1.0,0.9772230320699709,1.0,0.9920280612244897,1,,645
378691,processed\features\378691_features.csv,1029,15,1029,0.9772230320699709,0,1.0,1.0,0.9772230320699709,1.0,0.9920280612244897,1,,646
385263,processed\features\385263_features.csv,1029,15,1029,0.9772230320699709,0,1.0,1.0,0.9772230320699709,1.0,0.9920280612244897,1,,647
411032,processed\features\411032_features.csv,1029,15,1029,0.9772230320699709,0,1.0,1.0,0.9772230320699709,1.0,0.9920280612244897,1,,648
47966,processed\features\47966_features.csv,1029,15,1029,0.9772230320699709,0,1.0,1.0,0.9772230320699709,1.0,0.9920280612244897,1,,649
78000,processed\features\78000_features.csv,1029,15,1029,0.9772230320699709,0,1.0,1.0,0.9772230320699709,1.0,0.9920280612244897,1,,650
105576,processed\features\105576_features.csv,1028,15,1028,0.9772008754863813,0,1.0,1.0,0.9772008754863813,1.0,0.9920203064202334,1,,651
16700,processed\features\16700_features.csv,1028,15,1028,0.9772008754863813,0,1.0,1.0,0.9772008754863813,1.0,0.9920203064202334,1,,652
174387,processed\features\174387_features.csv,1028,15,1028,0.9772008754863813,0,1.0,1.0,0.9772008754863813,1.0,0.9920203064202334,1,,653
181073,processed\features\181073_features.csv,1028,15,1028,0.9772008754863813,0,1.0,1.0,0.9772008754863813,1.0,0.9920203064202334,1,,654
261002,processed\features\261002_features.csv,1028,15,1028,0.9772008754863813,0,1.0,1.0,0.9772008754863813,1.0,0.9920203064202334,1,,655
262763,processed\features\262763_features.csv,1028,15,1028,0.9772008754863813,0,1.0,1.0,0.9772008754863813,1.0,0.9920203064202334,1,,656
269980,processed\features\269980_features.csv,1028,15,1028,0.9772008754863813,0,1.0,1.0,0.9772008754863813,1.0,0.9920203064202334,1,,657
297620,processed\features\297620_features.csv,1028,15,1028,0.9772008754863813,0,1.0,1.0,0.9772008754863813,1.0,0.9920203064202334,1,,658
308715,processed\features\308715_features.csv,1028,15,1028,0.9772008754863813,0,1.0,1.0,0.9772008754863813,1.0,0.9920203064202334,1,,659
34564,processed\features\34564_features.csv,1028,15,1028,0.9772008754863813,0,1.0,1.0,0.9772008754863813,1.0,0.9920203064202334,1,,660
375225,processed\features\375225_features.csv,1028,15,1028,0.9772008754863813,0,1.0,1.0,0.9772008754863813,1.0,0.9920203064202334,1,,661
257085,processed\features\257085_features.csv,1027,15,1027,0.9771786757546251,0,1.0,1.0,0.9771786757546251,1.0,0.9920125365141188,1,,662
258964,processed\features\258964_features.csv,1027,15,1027,0.9771786757546251,0,1.0,1.0,0.9771786757546251,1.0,0.9920125365141188,1,,663
290139,processed\features\290139_features.csv,1027,15,1027,0.9771786757546251,0,1.0,1.0,0.9771786757546251,1.0,0.9920125365141188,1,,664
308501,processed\features\308501_features.csv,1027,15,1027,0.9771786757546251,0,1.0,1.0,0.9771786757546251,1.0,0.9920125365141188,1,,665
334975,processed\features\334975_features.csv,1027,15,1027,0.9771786757546251,0,1.0,1.0,0.9771786757546251,1.0,0.9920125365141188,1,,666
395497,processed\features\395497_features.csv,1027,15,1027,0.9771786757546251,0,1.0,1.0,0.9771786757546251,1.0,0.9920125365141188,1,,667
396802,processed\features\396802_features.csv,1027,15,1027,0.9771786757546251,0,1.0,1.0,0.9771786757546251,1.0,0.9920125365141188,1,,668
423696,processed\features\423696_features.csv,1027,15,1027,0.9771786757546251,0,1.0,1.0,0.9771786757546251,1.0,0.9920125365141188,1,,669
449145,processed\features\449145_features.csv,1027,15,1027,0.9771786757546251,0,1.0,1.0,0.9771786757546251,1.0,0.9920125365141188,1,,670
449495,processed\features\449495_features.csv,1027,15,1027,0.9771786757546251,0,1.0,1.0,0.9771786757546251,1.0,0.9920125365141188,1,,671
508966,processed\features\508966_features.csv,1027,15,1027,0.9771786757546251,0,1.0,1.0,0.9771786757546251,1.0,0.9920125365141188,1,,672
74213,processed\features\74213_features.csv,1027,15,1027,0.9771786757546251,0,1.0,1.0,0.9771786757546251,1.0,0.9920125365141188,1,,673
79339,processed\features\79339_features.csv,1027,15,1027,0.9771786757546251,0,1.0,1.0,0.9771786757546251,1.0,0.9920125365141188,1,,674
103310,processed\features\103310_features.csv,1026,15,1026,0.977156432748538,0,1.0,1.0,0.977156432748538,1.0,0.9920047514619883,1,,675
126485,processed\features\126485_features.csv,1026,15,1026,0.977156432748538,0,1.0,1.0,0.977156432748538,1.0,0.9920047514619883,1,,676
151877,processed\features\151877_features.csv,1026,15,1026,0.977156432748538,0,1.0,1.0,0.977156432748538,1.0,0.9920047514619883,1,,677
169302,processed\features\169302_features.csv,1026,15,1026,0.977156432748538,0,1.0,1.0,0.977156432748538,1.0,0.9920047514619883,1,,678
198017,processed\features\198017_features.csv,1026,15,1026,0.977156432748538,0,1.0,1.0,0.977156432748538,1.0,0.9920047514619883,1,,679
283339,processed\features\283339_features.csv,1026,15,1026,0.977156432748538,0,1.0,1.0,0.977156432748538,1.0,0.9920047514619883,1,,680
440866,processed\features\440866_features.csv,1026,15,1026,0.977156432748538,0,1.0,1.0,0.977156432748538,1.0,0.9920047514619883,1,,681
458779,processed\features\458779_features.csv,1026,15,1026,0.977156432748538,0,1.0,1.0,0.977156432748538,1.0,0.9920047514619883,1,,682
491390,processed\features\491390_features.csv,1026,15,1026,0.977156432748538,0,1.0,1.0,0.977156432748538,1.0,0.9920047514619883,1,,683
59387,processed\features\59387_features.csv,1026,15,1026,0.977156432748538,0,1.0,1.0,0.977156432748538,1.0,0.9920047514619883,1,,684
78200,processed\features\78200_features.csv,1026,15,1026,0.977156432748538,0,1.0,1.0,0.977156432748538,1.0,0.9920047514619883,1,,685
182258,processed\features\182258_features.csv,1025,15,1025,0.9771341463414634,0,1.0,1.0,0.9771341463414634,1.0,0.9919969512195123,1,,686
225293,processed\features\225293_features.csv,1025,15,1025,0.9771341463414634,0,1.0,1.0,0.9771341463414634,1.0,0.9919969512195123,1,,687
247940,processed\features\247940_features.csv,1025,15,1025,0.9771341463414634,0,1.0,1.0,0.9771341463414634,1.0,0.9919969512195123,1,,688
333202,processed\features\333202_features.csv,1025,15,1025,0.9771341463414634,0,1.0,1.0,0.9771341463414634,1.0,0.9919969512195123,1,,689
364790,processed\features\364790_features.csv,1025,15,1025,0.9771341463414634,0,1.0,1.0,0.9771341463414634,1.0,0.9919969512195123,1,,690
365664,processed\features\365664_features.csv,1025,15,1025,0.9771341463414634,0,1.0,1.0,0.9771341463414634,1.0,0.9919969512195123,1,,691
455837,processed\features\455837_features.csv,1025,15,1025,0.9771341463414634,0,1.0,1.0,0.9771341463414634,1.0,0.9919969512195123,1,,692
481208,processed\features\481208_features.csv,1025,15,1025,0.9771341463414634,0,1.0,1.0,0.9771341463414634,1.0,0.9919969512195123,1,,693
498297,processed\features\498297_features.csv,1025,15,1025,0.9771341463414634,0,1.0,1.0,0.9771341463414634,1.0,0.9919969512195123,1,,694
89070,processed\features\89070_features.csv,1025,15,1025,0.9771341463414634,0,1.0,1.0,0.9771341463414634,1.0,0.9919969512195123,1,,695
188432,processed\features\188432_features.csv,1024,15,1024,0.97711181640625,0,1.0,1.0,0.97711181640625,1.0,0.9919891357421875,1,,696
236445,processed\features\236445_features.csv,1024,15,1024,0.97711181640625,0,1.0,1.0,0.97711181640625,1.0,0.9919891357421875,1,,697
311738,processed\features\311738_features.csv,1024,15,1024,0.97711181640625,0,1.0,1.0,0.97711181640625,1.0,0.9919891357421875,1,,698
455265,processed\features\455265_features.csv,1024,15,1024,0.97711181640625,0,1.0,1.0,0.97711181640625,1.0,0.9919891357421875,1,,699
480338,processed\features\480338_features.csv,1024,15,1024,0.97711181640625,0,1.0,1.0,0.97711181640625,1.0,0.9919891357421875,1,,700
495214,processed\features\495214_features.csv,1024,15,1024,0.97711181640625,0,1.0,1.0,0.97711181640625,1.0,0.9919891357421875,1,,701
504773,processed\features\504773_features.csv,1024,15,1024,0.97711181640625,0,1.0,1.0,0.97711181640625,1.0,0.9919891357421875,1,,702
515494,processed\features\515494_features.csv,1024,15,1024,0.97711181640625,0,1.0,1.0,0.97711181640625,1.0,0.9919891357421875,1,,703
74992,processed\features\74992_features.csv,1024,15,1024,0.97711181640625,0,1.0,1.0,0.97711181640625,1.0,0.9919891357421875,1,,704
78551,processed\features\78551_features.csv,1024,15,1024,0.97711181640625,0,1.0,1.0,0.97711181640625,1.0,0.9919891357421875,1,,705
85399,processed\features\85399_features.csv,1024,15,1024,0.97711181640625,0,1.0,1.0,0.97711181640625,1.0,0.9919891357421875,1,,706
127901,processed\features\127901_features.csv,1023,15,1023,0.9770894428152492,0,1.0,1.0,0.9770894428152492,1.0,0.9919813049853372,1,,707
214331,processed\features\214331_features.csv,1023,15,1023,0.9770894428152492,0,1.0,1.0,0.9770894428152492,1.0,0.9919813049853372,1,,708
221120,processed\features\221120_features.csv,1023,15,1023,0.9770894428152492,0,1.0,1.0,0.9770894428152492,1.0,0.9919813049853372,1,,709
227021,processed\features\227021_features.csv,1023,15,1023,0.9770894428152492,0,1.0,1.0,0.9770894428152492,1.0,0.9919813049853372,1,,710
230512,processed\features\230512_features.csv,1023,15,1023,0.9770894428152492,0,1.0,1.0,0.9770894428152492,1.0,0.9919813049853372,1,,711
255906,processed\features\255906_features.csv,1023,15,1023,0.9770894428152492,0,1.0,1.0,0.9770894428152492,1.0,0.9919813049853372,1,,712
310757,processed\features\310757_features.csv,1023,15,1023,0.9770894428152492,0,1.0,1.0,0.9770894428152492,1.0,0.9919813049853372,1,,713
334866,processed\features\334866_features.csv,1023,15,1023,0.9770894428152492,0,1.0,1.0,0.9770894428152492,1.0,0.9919813049853372,1,,714
335081,processed\features\335081_features.csv,1023,15,1023,0.9770894428152492,0,1.0,1.0,0.9770894428152492,1.0,0.9919813049853372,1,,715
406323,processed\features\406323_features.csv,1023,15,1023,0.9770894428152492,0,1.0,1.0,0.9770894428152492,1.0,0.9919813049853372,1,,716
66238,processed\features\66238_features.csv,1023,15,1023,0.9770894428152492,0,1.0,1.0,0.9770894428152492,1.0,0.9919813049853372,1,,717
93713,processed\features\93713_features.csv,1023,15,1023,0.9770894428152492,0,1.0,1.0,0.9770894428152492,1.0,0.9919813049853372,1,,718
99857,processed\features\99857_features.csv,1023,15,1023,0.9770894428152492,0,1.0,1.0,0.9770894428152492,1.0,0.9919813049853372,1,,719
107433,processed\features\107433_features.csv,1022,15,1022,0.9770670254403131,0,1.0,1.0,0.9770670254403131,1.0,0.9919734589041096,1,,720
180483,processed\features\180483_features.csv,1022,15,1022,0.9770670254403131,0,1.0,1.0,0.9770670254403131,1.0,0.9919734589041096,1,,721
198775,processed\features\198775_features.csv,1022,15,1022,0.9770670254403131,0,1.0,1.0,0.9770670254403131,1.0,0.9919734589041096,1,,722
289819,processed\features\289819_features.csv,1022,15,1022,0.9770670254403131,0,1.0,1.0,0.9770670254403131,1.0,0.9919734589041096,1,,723
317605,processed\features\317605_features.csv,1022,15,1022,0.9770670254403131,0,1.0,1.0,0.9770670254403131,1.0,0.9919734589041096,1,,724
321674,processed\features\321674_features.csv,1022,15,1022,0.9770670254403131,0,1.0,1.0,0.9770670254403131,1.0,0.9919734589041096,1,,725
379973,processed\features\379973_features.csv,1022,15,1022,0.9770670254403131,0,1.0,1.0,0.9770670254403131,1.0,0.9919734589041096,1,,726
397937,processed\features\397937_features.csv,1022,15,1022,0.9770670254403131,0,1.0,1.0,0.9770670254403131,1.0,0.9919734589041096,1,,727
420651,processed\features\420651_features.csv,1022,15,1022,0.9770670254403131,0,1.0,1.0,0.9770670254403131,1.0,0.9919734589041096,1,,728
450470,processed\features\450470_features.csv,1022,15,1022,0.9770670254403131,0,1.0,1.0,0.9770670254403131,1.0,0.9919734589041096,1,,729
494019,processed\features\494019_features.csv,1022,15,1022,0.9770670254403131,0,1.0,1.0,0.9770670254403131,1.0,0.9919734589041096,1,,730
105468,processed\features\105468_features.csv,1021,15,1021,0.9770445641527914,0,1.0,1.0,0.9770445641527914,1.0,0.991965597453477,1,,731
283331,processed\features\283331_features.csv,1021,15,1021,0.9770445641527914,0,1.0,1.0,0.9770445641527914,1.0,0.991965597453477,1,,732
320752,processed\features\320752_features.csv,1021,15,1021,0.9770445641527914,0,1.0,1.0,0.9770445641527914,1.0,0.991965597453477,1,,733
338348,processed\features\338348_features.csv,1021,15,1021,0.9770445641527914,0,1.0,1.0,0.9770445641527914,1.0,0.991965597453477,1,,734
349299,processed\features\349299_features.csv,1021,15,1021,0.9770445641527914,0,1.0,1.0,0.9770445641527914,1.0,0.991965597453477,1,,735
450072,processed\features\450072_features.csv,1021,15,1021,0.9770445641527914,0,1.0,1.0,0.9770445641527914,1.0,0.991965597453477,1,,736
52880,processed\features\52880_features.csv,1021,15,1021,0.9770445641527914,0,1.0,1.0,0.9770445641527914,1.0,0.991965597453477,1,,737
56841,processed\features\56841_features.csv,1021,15,1021,0.9770445641527914,0,1.0,1.0,0.9770445641527914,1.0,0.991965597453477,1,,738
84171,processed\features\84171_features.csv,1021,15,1021,0.9770445641527914,0,1.0,1.0,0.9770445641527914,1.0,0.991965597453477,1,,739
97720,processed\features\97720_features.csv,1021,15,1021,0.9770445641527914,0,1.0,1.0,0.9770445641527914,1.0,0.991965597453477,1,,740
253970,processed\features\253970_features.csv,1020,15,1020,0.9770220588235294,0,1.0,1.0,0.9770220588235294,1.0,0.9919577205882353,1,,741
308583,processed\features\308583_features.csv,1020,15,1020,0.9770220588235294,0,1.0,1.0,0.9770220588235294,1.0,0.9919577205882353,1,,742
3273,processed\features\3273_features.csv,1020,15,1020,0.9770220588235294,0,1.0,1.0,0.9770220588235294,1.0,0.9919577205882353,1,,743
340596,processed\features\340596_features.csv,1020,15,1020,0.9770220588235294,0,1.0,1.0,0.9770220588235294,1.0,0.9919577205882353,1,,744
34091,processed\features\34091_features.csv,1020,15,1020,0.9770220588235294,0,1.0,1.0,0.9770220588235294,1.0,0.9919577205882353,1,,745
354716,processed\features\354716_features.csv,1020,15,1020,0.9770220588235294,0,1.0,1.0,0.9770220588235294,1.0,0.9919577205882353,1,,746
364100,processed\features\364100_features.csv,1020,15,1020,0.9770220588235294,0,1.0,1.0,0.9770220588235294,1.0,0.9919577205882353,1,,747
403344,processed\features\403344_features.csv,1020,15,1020,0.9770220588235294,0,1.0,1.0,0.9770220588235294,1.0,0.9919577205882353,1,,748
426936,processed\features\426936_features.csv,1020,15,1020,0.9770220588235294,0,1.0,1.0,0.9770220588235294,1.0,0.9919577205882353,1,,749
501060,processed\features\501060_features.csv,1020,15,1020,0.9770220588235294,0,1.0,1.0,0.9770220588235294,1.0,0.9919577205882353,1,,750
59342,processed\features\59342_features.csv,1020,15,1020,0.9770220588235294,0,1.0,1.0,0.9770220588235294,1.0,0.9919577205882353,1,,751
75813,processed\features\75813_features.csv,1020,15,1020,0.9770220588235294,0,1.0,1.0,0.9770220588235294,1.0,0.9919577205882353,1,,752
147516,processed\features\147516_features.csv,1019,15,1019,0.9769995093228655,0,1.0,1.0,0.9769995093228655,1.0,0.9919498282630029,1,,753
180,processed\features\180_features.csv,1019,15,1019,0.9769995093228655,0,1.0,1.0,0.9769995093228655,1.0,0.9919498282630029,1,,754
204465,processed\features\204465_features.csv,1019,15,1019,0.9769995093228655,0,1.0,1.0,0.9769995093228655,1.0,0.9919498282630029,1,,755
2200,processed\features\2200_features.csv,1019,15,1019,0.9769995093228655,0,1.0,1.0,0.9769995093228655,1.0,0.9919498282630029,1,,756
276495,processed\features\276495_features.csv,1019,15,1019,0.9769995093228655,0,1.0,1.0,0.9769995093228655,1.0,0.9919498282630029,1,,757
332562,processed\features\332562_features.csv,1019,15,1019,0.9769995093228655,0,1.0,1.0,0.9769995093228655,1.0,0.9919498282630029,1,,758
336086,processed\features\336086_features.csv,1019,15,1019,0.9769995093228655,0,1.0,1.0,0.9769995093228655,1.0,0.9919498282630029,1,,759
365225,processed\features\365225_features.csv,1019,15,1019,0.9769995093228655,0,1.0,1.0,0.9769995093228655,1.0,0.9919498282630029,1,,760
386754,processed\features\386754_features.csv,1019,15,1019,0.9769995093228655,0,1.0,1.0,0.9769995093228655,1.0,0.9919498282630029,1,,761
434841,processed\features\434841_features.csv,1019,15,1019,0.9769995093228655,0,1.0,1.0,0.9769995093228655,1.0,0.9919498282630029,1,,762
445576,processed\features\445576_features.csv,1019,15,1019,0.9769995093228655,0,1.0,1.0,0.9769995093228655,1.0,0.9919498282630029,1,,763
45601,processed\features\45601_features.csv,1019,15,1019,0.9769995093228655,0,1.0,1.0,0.9769995093228655,1.0,0.9919498282630029,1,,764
508598,processed\features\508598_features.csv,1019,15,1019,0.9769995093228655,0,1.0,1.0,0.9769995093228655,1.0,0.9919498282630029,1,,765
509810,processed\features\509810_features.csv,1019,15,1019,0.9769995093228655,0,1.0,1.0,0.9769995093228655,1.0,0.9919498282630029,1,,766
60303,processed\features\60303_features.csv,1019,15,1019,0.9769995093228655,0,1.0,1.0,0.9769995093228655,1.0,0.9919498282630029,1,,767
79143,processed\features\79143_features.csv,1019,15,1019,0.9769995093228655,0,1.0,1.0,0.9769995093228655,1.0,0.9919498282630029,1,,768
87731,processed\features\87731_features.csv,1019,15,1019,0.9769995093228655,0,1.0,1.0,0.9769995093228655,1.0,0.9919498282630029,1,,769
207286,processed\features\207286_features.csv,1018,15,1018,0.9769769155206287,0,1.0,1.0,0.9769769155206287,1.0,0.9919419204322201,1,,770
296393,processed\features\296393_features.csv,1018,15,1018,0.9769769155206287,0,1.0,1.0,0.9769769155206287,1.0,0.9919419204322201,1,,771
32595,processed\features\32595_features.csv,1018,15,1018,0.9769769155206287,0,1.0,1.0,0.9769769155206287,1.0,0.9919419204322201,1,,772
414774,processed\features\414774_features.csv,1018,15,1018,0.9769769155206287,0,1.0,1.0,0.9769769155206287,1.0,0.9919419204322201,1,,773
4424,processed\features\4424_features.csv,1018,15,1018,0.9769769155206287,0,1.0,1.0,0.9769769155206287,1.0,0.9919419204322201,1,,774
497611,processed\features\497611_features.csv,1018,15,1018,0.9769769155206287,0,1.0,1.0,0.9769769155206287,1.0,0.9919419204322201,1,,775
513241,processed\features\513241_features.csv,1018,15,1018,0.9769769155206287,0,1.0,1.0,0.9769769155206287,1.0,0.9919419204322201,1,,776
514343,processed\features\514343_features.csv,1018,15,1018,0.9769769155206287,0,1.0,1.0,0.9769769155206287,1.0,0.9919419204322201,1,,777
63705,processed\features\63705_features.csv,1018,15,1018,0.9769769155206287,0,1.0,1.0,0.9769769155206287,1.0,0.9919419204322201,1,,778
108893,processed\features\108893_features.csv,1017,15,1017,0.9769542772861357,0,1.0,1.0,0.9769542772861357,1.0,0.9919339970501475,1,,779
139296,processed\features\139296_features.csv,1017,15,1017,0.9769542772861357,0,1.0,1.0,0.9769542772861357,1.0,0.9919339970501475,1,,780
146134,processed\features\146134_features.csv,1017,15,1017,0.9769542772861357,0,1.0,1.0,0.9769542772861357,1.0,0.9919339970501475,1,,781
208743,processed\features\208743_features.csv,1017,15,1017,0.9769542772861357,0,1.0,1.0,0.9769542772861357,1.0,0.9919339970501475,1,,782
282675,processed\features\282675_features.csv,1017,15,1017,0.9769542772861357,0,1.0,1.0,0.9769542772861357,1.0,0.9919339970501475,1,,783
288810,processed\features\288810_features.csv,1017,15,1017,0.9769542772861357,0,1.0,1.0,0.9769542772861357,1.0,0.9919339970501475,1,,784
374569,processed\features\374569_features.csv,1017,15,1017,0.9769542772861357,0,1.0,1.0,0.9769542772861357,1.0,0.9919339970501475,1,,785
415408,processed\features\415408_features.csv,1017,15,1017,0.9769542772861357,0,1.0,1.0,0.9769542772861357,1.0,0.9919339970501475,1,,786
420736,processed\features\420736_features.csv,1017,15,1017,0.9769542772861357,0,1.0,1.0,0.9769542772861357,1.0,0.9919339970501475,1,,787
54238,processed\features\54238_features.csv,1017,15,1017,0.9769542772861357,0,1.0,1.0,0.9769542772861357,1.0,0.9919339970501475,1,,788
143288,processed\features\143288_features.csv,1016,15,1016,0.976931594488189,0,1.0,1.0,0.976931594488189,1.0,0.9919260580708661,1,,789
144108,processed\features\144108_features.csv,1016,15,1016,0.976931594488189,0,1.0,1.0,0.976931594488189,1.0,0.9919260580708661,1,,790
176215,processed\features\176215_features.csv,1016,15,1016,0.976931594488189,0,1.0,1.0,0.976931594488189,1.0,0.9919260580708661,1,,791
179874,processed\features\179874_features.csv,1016,15,1016,0.976931594488189,0,1.0,1.0,0.976931594488189,1.0,0.9919260580708661,1,,792
245142,processed\features\245142_features.csv,1016,15,1016,0.976931594488189,0,1.0,1.0,0.976931594488189,1.0,0.9919260580708661,1,,793
277227,processed\features\277227_features.csv,1016,15,1016,0.976931594488189,0,1.0,1.0,0.976931594488189,1.0,0.9919260580708661,1,,794
282046,processed\features\282046_features.csv,1016,15,1016,0.976931594488189,0,1.0,1.0,0.976931594488189,1.0,0.9919260580708661,1,,795
322257,processed\features\322257_features.csv,1016,15,1016,0.976931594488189,0,1.0,1.0,0.976931594488189,1.0,0.9919260580708661,1,,796
333422,processed\features\333422_features.csv,1016,15,1016,0.976931594488189,0,1.0,1.0,0.976931594488189,1.0,0.9919260580708661,1,,797
334393,processed\features\334393_features.csv,1016,15,1016,0.976931594488189,0,1.0,1.0,0.976931594488189,1.0,0.9919260580708661,1,,798
356519,processed\features\356519_features.csv,1016,15,1016,0.976931594488189,0,1.0,1.0,0.976931594488189,1.0,0.9919260580708661,1,,799
381913,processed\features\381913_features.csv,1016,15,1016,0.976931594488189,0,1.0,1.0,0.976931594488189,1.0,0.9919260580708661,1,,800
390140,processed\features\390140_features.csv,1016,15,1016,0.976931594488189,0,1.0,1.0,0.976931594488189,1.0,0.9919260580708661,1,,801
513140,processed\features\513140_features.csv,1016,15,1016,0.976931594488189,0,1.0,1.0,0.976931594488189,1.0,0.9919260580708661,1,,802
51398,processed\features\51398_features.csv,1016,15,1016,0.976931594488189,0,1.0,1.0,0.976931594488189,1.0,0.9919260580708661,1,,803
122847,processed\features\122847_features.csv,1015,15,1015,0.9769088669950738,0,1.0,1.0,0.9769088669950738,1.0,0.9919181034482759,1,,804
169551,processed\features\169551_features.csv,1015,15,1015,0.9769088669950738,0,1.0,1.0,0.9769088669950738,1.0,0.9919181034482759,1,,805
266076,processed\features\266076_features.csv,1015,15,1015,0.9769088669950738,0,1.0,1.0,0.9769088669950738,1.0,0.9919181034482759,1,,806
276366,processed\features\276366_features.csv,1015,15,1015,0.9769088669950738,0,1.0,1.0,0.9769088669950738,1.0,0.9919181034482759,1,,807
315318,processed\features\315318_features.csv,1015,15,1015,0.9769088669950738,0,1.0,1.0,0.9769088669950738,1.0,0.9919181034482759,1,,808
34863,processed\features\34863_features.csv,1015,15,1015,0.9769088669950738,0,1.0,1.0,0.9769088669950738,1.0,0.9919181034482759,1,,809
360465,processed\features\360465_features.csv,1015,15,1015,0.9769088669950738,0,1.0,1.0,0.9769088669950738,1.0,0.9919181034482759,1,,810
394500,processed\features\394500_features.csv,1015,15,1015,0.9769088669950738,0,1.0,1.0,0.9769088669950738,1.0,0.9919181034482759,1,,811
397455,processed\features\397455_features.csv,1015,15,1015,0.9769088669950738,0,1.0,1.0,0.9769088669950738,1.0,0.9919181034482759,1,,812
496442,processed\features\496442_features.csv,1015,15,1015,0.9769088669950738,0,1.0,1.0,0.9769088669950738,1.0,0.9919181034482759,1,,813
124541,processed\features\124541_features.csv,1014,15,1014,0.9768860946745562,0,1.0,1.0,0.9768860946745562,1.0,0.9919101331360947,1,,814
173285,processed\features\173285_features.csv,1014,15,1014,0.9768860946745562,0,1.0,1.0,0.9768860946745562,1.0,0.9919101331360947,1,,815
177165,processed\features\177165_features.csv,1014,15,1014,0.9768860946745562,0,1.0,1.0,0.9768860946745562,1.0,0.9919101331360947,1,,816
195369,processed\features\195369_features.csv,1014,15,1014,0.9768860946745562,0,1.0,1.0,0.9768860946745562,1.0,0.9919101331360947,1,,817
206427,processed\features\206427_features.csv,1014,15,1014,0.9768860946745562,0,1.0,1.0,0.9768860946745562,1.0,0.9919101331360947,1,,818
207510,processed\features\207510_features.csv,1014,15,1014,0.9768860946745562,0,1.0,1.0,0.9768860946745562,1.0,0.9919101331360947,1,,819
233114,processed\features\233114_features.csv,1014,15,1014,0.9768860946745562,0,1.0,1.0,0.9768860946745562,1.0,0.9919101331360947,1,,820
235768,processed\features\235768_features.csv,1014,15,1014,0.9768860946745562,0,1.0,1.0,0.9768860946745562,1.0,0.9919101331360947,1,,821
254166,processed\features\254166_features.csv,1014,15,1014,0.9768860946745562,0,1.0,1.0,0.9768860946745562,1.0,0.9919101331360947,1,,822
357384,processed\features\357384_features.csv,1014,15,1014,0.9768860946745562,0,1.0,1.0,0.9768860946745562,1.0,0.9919101331360947,1,,823
450704,processed\features\450704_features.csv,1014,15,1014,0.9768860946745562,0,1.0,1.0,0.9768860946745562,1.0,0.9919101331360947,1,,824
456566,processed\features\456566_features.csv,1014,15,1014,0.9768860946745562,0,1.0,1.0,0.9768860946745562,1.0,0.9919101331360947,1,,825
484358,processed\features\484358_features.csv,1014,15,1014,0.9768860946745562,0,1.0,1.0,0.9768860946745562,1.0,0.9919101331360947,1,,826
490772,processed\features\490772_features.csv,1014,15,1014,0.9768860946745562,0,1.0,1.0,0.9768860946745562,1.0,0.9919101331360947,1,,827
496776,processed\features\496776_features.csv,1014,15,1014,0.9768860946745562,0,1.0,1.0,0.9768860946745562,1.0,0.9919101331360947,1,,828
509352,processed\features\509352_features.csv,1014,15,1014,0.9768860946745562,0,1.0,1.0,0.9768860946745562,1.0,0.9919101331360947,1,,829
512850,processed\features\512850_features.csv,1014,15,1014,0.9768860946745562,0,1.0,1.0,0.9768860946745562,1.0,0.9919101331360947,1,,830
85979,processed\features\85979_features.csv,1014,15,1014,0.9768860946745562,0,1.0,1.0,0.9768860946745562,1.0,0.9919101331360947,1,,831
133916,processed\features\133916_features.csv,1013,15,1013,0.9768632773938796,0,1.0,1.0,0.9768632773938796,1.0,0.9919021470878578,1,,832
153223,processed\features\153223_features.csv,1013,15,1013,0.9768632773938796,0,1.0,1.0,0.9768632773938796,1.0,0.9919021470878578,1,,833
168537,processed\features\168537_features.csv,1013,15,1013,0.9768632773938796,0,1.0,1.0,0.9768632773938796,1.0,0.9919021470878578,1,,834
177130,processed\features\177130_features.csv,1013,15,1013,0.9768632773938796,0,1.0,1.0,0.9768632773938796,1.0,0.9919021470878578,1,,835
263448,processed\features\263448_features.csv,1013,15,1013,0.9768632773938796,0,1.0,1.0,0.9768632773938796,1.0,0.9919021470878578,1,,836
307526,processed\features\307526_features.csv,1013,15,1013,0.9768632773938796,0,1.0,1.0,0.9768632773938796,1.0,0.9919021470878578,1,,837
342193,processed\features\342193_features.csv,1013,15,1013,0.9768632773938796,0,1.0,1.0,0.9768632773938796,1.0,0.9919021470878578,1,,838
388738,processed\features\388738_features.csv,1013,15,1013,0.9768632773938796,0,1.0,1.0,0.9768632773938796,1.0,0.9919021470878578,1,,839
58089,processed\features\58089_features.csv,1013,15,1013,0.9768632773938796,0,1.0,1.0,0.9768632773938796,1.0,0.9919021470878578,1,,840
60751,processed\features\60751_features.csv,1013,15,1013,0.9768632773938796,0,1.0,1.0,0.9768632773938796,1.0,0.9919021470878578,1,,841
125618,processed\features\125618_features.csv,1012,15,1012,0.9768404150197628,0,1.0,1.0,0.9768404150197628,1.0,0.991894145256917,1,,842
186599,processed\features\186599_features.csv,1012,15,1012,0.9768404150197628,0,1.0,1.0,0.9768404150197628,1.0,0.991894145256917,1,,843
195839,processed\features\195839_features.csv,1012,15,1012,0.9768404150197628,0,1.0,1.0,0.9768404150197628,1.0,0.991894145256917,1,,844
214581,processed\features\214581_features.csv,1012,15,1012,0.9768404150197628,0,1.0,1.0,0.9768404150197628,1.0,0.991894145256917,1,,845
221405,processed\features\221405_features.csv,1012,15,1012,0.9768404150197628,0,1.0,1.0,0.9768404150197628,1.0,0.991894145256917,1,,846
246998,processed\features\246998_features.csv,1012,15,1012,0.9768404150197628,0,1.0,1.0,0.9768404150197628,1.0,0.991894145256917,1,,847
256851,processed\features\256851_features.csv,1012,15,1012,0.9768404150197628,0,1.0,1.0,0.9768404150197628,1.0,0.991894145256917,1,,848
28905,processed\features\28905_features.csv,1012,15,1012,0.9768404150197628,0,1.0,1.0,0.9768404150197628,1.0,0.991894145256917,1,,849
294728,processed\features\294728_features.csv,1012,15,1012,0.9768404150197628,0,1.0,1.0,0.9768404150197628,1.0,0.991894145256917,1,,850
3592,processed\features\3592_features.csv,1012,15,1012,0.9768404150197628,0,1.0,1.0,0.9768404150197628,1.0,0.991894145256917,1,,851
375618,processed\features\375618_features.csv,1012,15,1012,0.9768404150197628,0,1.0,1.0,0.9768404150197628,1.0,0.991894145256917,1,,852
379285,processed\features\379285_features.csv,1012,15,1012,0.9768404150197628,0,1.0,1.0,0.9768404150197628,1.0,0.991894145256917,1,,853
394131,processed\features\394131_features.csv,1012,15,1012,0.9768404150197628,0,1.0,1.0,0.9768404150197628,1.0,0.991894145256917,1,,854
47153,processed\features\47153_features.csv,1012,15,1012,0.9768404150197628,0,1.0,1.0,0.9768404150197628,1.0,0.991894145256917,1,,855
488349,processed\features\488349_features.csv,1012,15,1012,0.9768404150197628,0,1.0,1.0,0.9768404150197628,1.0,0.991894145256917,1,,856
507541,processed\features\507541_features.csv,1012,15,1012,0.9768404150197628,0,1.0,1.0,0.9768404150197628,1.0,0.991894145256917,1,,857
74513,processed\features\74513_features.csv,1012,15,1012,0.9768404150197628,0,1.0,1.0,0.9768404150197628,1.0,0.991894145256917,1,,858
77496,processed\features\77496_features.csv,1012,15,1012,0.9768404150197628,0,1.0,1.0,0.9768404150197628,1.0,0.991894145256917,1,,859
126195,processed\features\126195_features.csv,1011,15,1011,0.9768175074183977,0,1.0,1.0,0.9768175074183977,1.0,0.9918861275964391,1,,860
150427,processed\features\150427_features.csv,1011,15,1011,0.9768175074183977,0,1.0,1.0,0.9768175074183977,1.0,0.9918861275964391,1,,861
282876,processed\features\282876_features.csv,1011,15,1011,0.9768175074183977,0,1.0,1.0,0.9768175074183977,1.0,0.9918861275964391,1,,862
324391,processed\features\324391_features.csv,1011,15,1011,0.9768175074183977,0,1.0,1.0,0.9768175074183977,1.0,0.9918861275964391,1,,863
360416,processed\features\360416_features.csv,1011,15,1011,0.9768175074183977,0,1.0,1.0,0.9768175074183977,1.0,0.9918861275964391,1,,864
38402,processed\features\38402_features.csv,1011,15,1011,0.9768175074183977,0,1.0,1.0,0.9768175074183977,1.0,0.9918861275964391,1,,865
461247,processed\features\461247_features.csv,1011,15,1011,0.9768175074183977,0,1.0,1.0,0.9768175074183977,1.0,0.9918861275964391,1,,866
238682,processed\features\238682_features.csv,1010,15,1010,0.9767945544554455,0,1.0,1.0,0.9767945544554455,1.0,0.991878094059406,1,,867
258785,processed\features\258785_features.csv,1010,15,1010,0.9767945544554455,0,1.0,1.0,0.9767945544554455,1.0,0.991878094059406,1,,868
28464,processed\features\28464_features.csv,1010,15,1010,0.9767945544554455,0,1.0,1.0,0.9767945544554455,1.0,0.991878094059406,1,,869
299909,processed\features\299909_features.csv,1010,15,1010,0.9767945544554455,0,1.0,1.0,0.9767945544554455,1.0,0.991878094059406,1,,870
406611,processed\features\406611_features.csv,1010,15,1010,0.9767945544554455,0,1.0,1.0,0.9767945544554455,1.0,0.991878094059406,1,,871
418350,processed\features\418350_features.csv,1010,15,1010,0.9767945544554455,0,1.0,1.0,0.9767945544554455,1.0,0.991878094059406,1,,872
75620,processed\features\75620_features.csv,1010,15,1010,0.9767945544554455,0,1.0,1.0,0.9767945544554455,1.0,0.991878094059406,1,,873
115722,processed\features\115722_features.csv,1009,15,1009,0.9767715559960357,0,1.0,1.0,0.9767715559960357,1.0,0.9918700445986125,1,,874
181675,processed\features\181675_features.csv,1009,15,1009,0.9767715559960357,0,1.0,1.0,0.9767715559960357,1.0,0.9918700445986125,1,,875
189307,processed\features\189307_features.csv,1009,15,1009,0.9767715559960357,0,1.0,1.0,0.9767715559960357,1.0,0.9918700445986125,1,,876
193209,processed\features\193209_features.csv,1009,15,1009,0.9767715559960357,0,1.0,1.0,0.9767715559960357,1.0,0.9918700445986125,1,,877
205294,processed\features\205294_features.csv,1009,15,1009,0.9767715559960357,0,1.0,1.0,0.9767715559960357,1.0,0.9918700445986125,1,,878
210573,processed\features\210573_features.csv,1009,15,1009,0.9767715559960357,0,1.0,1.0,0.9767715559960357,1.0,0.9918700445986125,1,,879
249523,processed\features\249523_features.csv,1009,15,1009,0.9767715559960357,0,1.0,1.0,0.9767715559960357,1.0,0.9918700445986125,1,,880
264405,processed\features\264405_features.csv,1009,15,1009,0.9767715559960357,0,1.0,1.0,0.9767715559960357,1.0,0.9918700445986125,1,,881
281324,processed\features\281324_features.csv,1009,15,1009,0.9767715559960357,0,1.0,1.0,0.9767715559960357,1.0,0.9918700445986125,1,,882
282911,processed\features\282911_features.csv,1009,15,1009,0.9767715559960357,0,1.0,1.0,0.9767715559960357,1.0,0.9918700445986125,1,,883
293731,processed\features\293731_features.csv,1009,15,1009,0.9767715559960357,0,1.0,1.0,0.9767715559960357,1.0,0.9918700445986125,1,,884
296433,processed\features\296433_features.csv,1009,15,1009,0.9767715559960357,0,1.0,1.0,0.9767715559960357,1.0,0.9918700445986125,1,,885
434242,processed\features\434242_features.csv,1009,15,1009,0.9767715559960357,0,1.0,1.0,0.9767715559960357,1.0,0.9918700445986125,1,,886
457904,processed\features\457904_features.csv,1009,15,1009,0.9767715559960357,0,1.0,1.0,0.9767715559960357,1.0,0.9918700445986125,1,,887
512737,processed\features\512737_features.csv,1009,15,1009,0.9767715559960357,0,1.0,1.0,0.9767715559960357,1.0,0.9918700445986125,1,,888
79088,processed\features\79088_features.csv,1009,15,1009,0.9767715559960357,0,1.0,1.0,0.9767715559960357,1.0,0.9918700445986125,1,,889
100663,processed\features\100663_features.csv,1008,15,1008,0.9767485119047619,0,1.0,1.0,0.9767485119047619,1.0,0.9918619791666666,1,,890
126651,processed\features\126651_features.csv,1008,15,1008,0.9767485119047619,0,1.0,1.0,0.9767485119047619,1.0,0.9918619791666666,1,,891
133781,processed\features\133781_features.csv,1008,15,1008,0.9767485119047619,0,1.0,1.0,0.9767485119047619,1.0,0.9918619791666666,1,,892
136370,processed\features\136370_features.csv,1008,15,1008,0.9767485119047619,0,1.0,1.0,0.9767485119047619,1.0,0.9918619791666666,1,,893
193221,processed\features\193221_features.csv,1008,15,1008,0.9767485119047619,0,1.0,1.0,0.9767485119047619,1.0,0.9918619791666666,1,,894
227,processed\features\227_features.csv,1008,15,1008,0.9767485119047619,0,1.0,1.0,0.9767485119047619,1.0,0.9918619791666666,1,,895
240580,processed\features\240580_features.csv,1008,15,1008,0.9767485119047619,0,1.0,1.0,0.9767485119047619,1.0,0.9918619791666666,1,,896
248191,processed\features\248191_features.csv,1008,15,1008,0.9767485119047619,0,1.0,1.0,0.9767485119047619,1.0,0.9918619791666666,1,,897
285637,processed\features\285637_features.csv,1008,15,1008,0.9767485119047619,0,1.0,1.0,0.9767485119047619,1.0,0.9918619791666666,1,,898
286285,processed\features\286285_features.csv,1008,15,1008,0.9767485119047619,0,1.0,1.0,0.9767485119047619,1.0,0.9918619791666666,1,,899
348655,processed\features\348655_features.csv,1008,15,1008,0.9767485119047619,0,1.0,1.0,0.9767485119047619,1.0,0.9918619791666666,1,,900
367596,processed\features\367596_features.csv,1008,15,1008,0.9767485119047619,0,1.0,1.0,0.9767485119047619,1.0,0.9918619791666666,1,,901
375613,processed\features\375613_features.csv,1008,15,1008,0.9767485119047619,0,1.0,1.0,0.9767485119047619,1.0,0.9918619791666666,1,,902
428251,processed\features\428251_features.csv,1008,15,1008,0.9767485119047619,0,1.0,1.0,0.9767485119047619,1.0,0.9918619791666666,1,,903
4283,processed\features\4283_features.csv,1008,15,1008,0.9767485119047619,0,1.0,1.0,0.9767485119047619,1.0,0.9918619791666666,1,,904
457840,processed\features\457840_features.csv,1008,15,1008,0.9767485119047619,0,1.0,1.0,0.9767485119047619,1.0,0.9918619791666666,1,,905
511910,processed\features\511910_features.csv,1008,15,1008,0.9767485119047619,0,1.0,1.0,0.9767485119047619,1.0,0.9918619791666666,1,,906
63848,processed\features\63848_features.csv,1008,15,1008,0.9767485119047619,0,1.0,1.0,0.9767485119047619,1.0,0.9918619791666666,1,,907
81787,processed\features\81787_features.csv,1008,15,1008,0.9767485119047619,0,1.0,1.0,0.9767485119047619,1.0,0.9918619791666666,1,,908
113065,processed\features\113065_features.csv,1007,15,1007,0.9767254220456802,0,1.0,1.0,0.9767254220456802,1.0,0.9918538977159881,1,,909
268857,processed\features\268857_features.csv,1007,15,1007,0.9767254220456802,0,1.0,1.0,0.9767254220456802,1.0,0.9918538977159881,1,,910
351909,processed\features\351909_features.csv,1007,15,1007,0.9767254220456802,0,1.0,1.0,0.9767254220456802,1.0,0.9918538977159881,1,,911
387089,processed\features\387089_features.csv,1007,15,1007,0.9767254220456802,0,1.0,1.0,0.9767254220456802,1.0,0.9918538977159881,1,,912
410342,processed\features\410342_features.csv,1007,15,1007,0.9767254220456802,0,1.0,1.0,0.9767254220456802,1.0,0.9918538977159881,1,,913
423729,processed\features\423729_features.csv,1007,15,1007,0.9767254220456802,0,1.0,1.0,0.9767254220456802,1.0,0.9918538977159881,1,,914
461195,processed\features\461195_features.csv,1007,15,1007,0.9767254220456802,0,1.0,1.0,0.9767254220456802,1.0,0.9918538977159881,1,,915
468465,processed\features\468465_features.csv,1007,15,1007,0.9767254220456802,0,1.0,1.0,0.9767254220456802,1.0,0.9918538977159881,1,,916
487030,processed\features\487030_features.csv,1007,15,1007,0.9767254220456802,0,1.0,1.0,0.9767254220456802,1.0,0.9918538977159881,1,,917
493025,processed\features\493025_features.csv,1007,15,1007,0.9767254220456802,0,1.0,1.0,0.9767254220456802,1.0,0.9918538977159881,1,,918
514696,processed\features\514696_features.csv,1007,15,1007,0.9767254220456802,0,1.0,1.0,0.9767254220456802,1.0,0.9918538977159881,1,,919
70542,processed\features\70542_features.csv,1007,15,1007,0.9767254220456802,0,1.0,1.0,0.9767254220456802,1.0,0.9918538977159881,1,,920
8832,processed\features\8832_features.csv,1007,15,1007,0.9767254220456802,0,1.0,1.0,0.9767254220456802,1.0,0.9918538977159881,1,,921
112531,processed\features\112531_features.csv,1006,15,1006,0.9767022862823062,0,1.0,1.0,0.9767022862823062,1.0,0.9918458001988072,1,,922
141469,processed\features\141469_features.csv,1006,15,1006,0.9767022862823062,0,1.0,1.0,0.9767022862823062,1.0,0.9918458001988072,1,,923
143105,processed\features\143105_features.csv,1006,15,1006,0.9767022862823062,0,1.0,1.0,0.9767022862823062,1.0,0.9918458001988072,1,,924
17268,processed\features\17268_features.csv,1006,15,1006,0.9767022862823062,0,1.0,1.0,0.9767022862823062,1.0,0.9918458001988072,1,,925
183217,processed\features\183217_features.csv,1006,15,1006,0.9767022862823062,0,1.0,1.0,0.9767022862823062,1.0,0.9918458001988072,1,,926
186852,processed\features\186852_features.csv,1006,15,1006,0.9767022862823062,0,1.0,1.0,0.9767022862823062,1.0,0.9918458001988072,1,,927
189960,processed\features\189960_features.csv,1006,15,1006,0.9767022862823062,0,1.0,1.0,0.9767022862823062,1.0,0.9918458001988072,1,,928
196004,processed\features\196004_features.csv,1006,15,1006,0.9767022862823062,0,1.0,1.0,0.9767022862823062,1.0,0.9918458001988072,1,,929
301762,processed\features\301762_features.csv,1006,15,1006,0.9767022862823062,0,1.0,1.0,0.9767022862823062,1.0,0.9918458001988072,1,,930
313359,processed\features\313359_features.csv,1006,15,1006,0.9767022862823062,0,1.0,1.0,0.9767022862823062,1.0,0.9918458001988072,1,,931
320356,processed\features\320356_features.csv,1006,15,1006,0.9767022862823062,0,1.0,1.0,0.9767022862823062,1.0,0.9918458001988072,1,,932
329449,processed\features\329449_features.csv,1006,15,1006,0.9767022862823062,0,1.0,1.0,0.9767022862823062,1.0,0.9918458001988072,1,,933
346432,processed\features\346432_features.csv,1006,15,1006,0.9767022862823062,0,1.0,1.0,0.9767022862823062,1.0,0.9918458001988072,1,,934
375492,processed\features\375492_features.csv,1006,15,1006,0.9767022862823062,0,1.0,1.0,0.9767022862823062,1.0,0.9918458001988072,1,,935
382838,processed\features\382838_features.csv,1006,15,1006,0.9767022862823062,0,1.0,1.0,0.9767022862823062,1.0,0.9918458001988072,1,,936
406485,processed\features\406485_features.csv,1006,15,1006,0.9767022862823062,0,1.0,1.0,0.9767022862823062,1.0,0.9918458001988072,1,,937
419478,processed\features\419478_features.csv,1006,15,1006,0.9767022862823062,0,1.0,1.0,0.9767022862823062,1.0,0.9918458001988072,1,,938
458661,processed\features\458661_features.csv,1006,15,1006,0.9767022862823062,0,1.0,1.0,0.9767022862823062,1.0,0.9918458001988072,1,,939
86955,processed\features\86955_features.csv,1006,15,1006,0.9767022862823062,0,1.0,1.0,0.9767022862823062,1.0,0.9918458001988072,1,,940
89615,processed\features\89615_features.csv,1006,15,1006,0.9767022862823062,0,1.0,1.0,0.9767022862823062,1.0,0.9918458001988072,1,,941
150070,processed\features\150070_features.csv,1005,15,1005,0.976679104477612,0,1.0,1.0,0.976679104477612,1.0,0.9918376865671642,1,,942
15928,processed\features\15928_features.csv,1005,15,1005,0.976679104477612,0,1.0,1.0,0.976679104477612,1.0,0.9918376865671642,1,,943
195930,processed\features\195930_features.csv,1005,15,1005,0.976679104477612,0,1.0,1.0,0.976679104477612,1.0,0.9918376865671642,1,,944
217643,processed\features\217643_features.csv,1005,15,1005,0.976679104477612,0,1.0,1.0,0.976679104477612,1.0,0.9918376865671642,1,,945
239824,processed\features\239824_features.csv,1005,15,1005,0.976679104477612,0,1.0,1.0,0.976679104477612,1.0,0.9918376865671642,1,,946
240637,processed\features\240637_features.csv,1005,15,1005,0.976679104477612,0,1.0,1.0,0.976679104477612,1.0,0.9918376865671642,1,,947
253465,processed\features\253465_features.csv,1005,15,1005,0.976679104477612,0,1.0,1.0,0.976679104477612,1.0,0.9918376865671642,1,,948
305464,processed\features\305464_features.csv,1005,15,1005,0.976679104477612,0,1.0,1.0,0.976679104477612,1.0,0.9918376865671642,1,,949
315078,processed\features\315078_features.csv,1005,15,1005,0.976679104477612,0,1.0,1.0,0.976679104477612,1.0,0.9918376865671642,1,,950
33451,processed\features\33451_features.csv,1005,15,1005,0.976679104477612,0,1.0,1.0,0.976679104477612,1.0,0.9918376865671642,1,,951
384662,processed\features\384662_features.csv,1005,15,1005,0.976679104477612,0,1.0,1.0,0.976679104477612,1.0,0.9918376865671642,1,,952
406760,processed\features\406760_features.csv,1005,15,1005,0.976679104477612,0,1.0,1.0,0.976679104477612,1.0,0.9918376865671642,1,,953
463967,processed\features\463967_features.csv,1005,15,1005,0.976679104477612,0,1.0,1.0,0.976679104477612,1.0,0.9918376865671642,1,,954
480171,processed\features\480171_features.csv,1005,15,1005,0.976679104477612,0,1.0,1.0,0.976679104477612,1.0,0.9918376865671642,1,,955
507742,processed\features\507742_features.csv,1005,15,1005,0.976679104477612,0,1.0,1.0,0.976679104477612,1.0,0.9918376865671642,1,,956
59406,processed\features\59406_features.csv,1005,15,1005,0.976679104477612,0,1.0,1.0,0.976679104477612,1.0,0.9918376865671642,1,,957
90171,processed\features\90171_features.csv,1005,15,1005,0.976679104477612,0,1.0,1.0,0.976679104477612,1.0,0.9918376865671642,1,,958
9347,processed\features\9347_features.csv,1005,15,1005,0.976679104477612,0,1.0,1.0,0.976679104477612,1.0,0.9918376865671642,1,,959
99423,processed\features\99423_features.csv,1005,15,1005,0.976679104477612,0,1.0,1.0,0.976679104477612,1.0,0.9918376865671642,1,,960
164911,processed\features\164911_features.csv,1004,15,1004,0.9766558764940239,0,1.0,1.0,0.9766558764940239,1.0,0.9918295567729084,1,,961
20140,processed\features\20140_features.csv,1004,15,1004,0.9766558764940239,0,1.0,1.0,0.9766558764940239,1.0,0.9918295567729084,1,,962
204467,processed\features\204467_features.csv,1004,15,1004,0.9766558764940239,0,1.0,1.0,0.9766558764940239,1.0,0.9918295567729084,1,,963
208306,processed\features\208306_features.csv,1004,15,1004,0.9766558764940239,0,1.0,1.0,0.9766558764940239,1.0,0.9918295567729084,1,,964
266914,processed\features\266914_features.csv,1004,15,1004,0.9766558764940239,0,1.0,1.0,0.9766558764940239,1.0,0.9918295567729084,1,,965
273826,processed\features\273826_features.csv,1004,15,1004,0.9766558764940239,0,1.0,1.0,0.9766558764940239,1.0,0.9918295567729084,1,,966
277435,processed\features\277435_features.csv,1004,15,1004,0.9766558764940239,0,1.0,1.0,0.9766558764940239,1.0,0.9918295567729084,1,,967
282495,processed\features\282495_features.csv,1004,15,1004,0.9766558764940239,0,1.0,1.0,0.9766558764940239,1.0,0.9918295567729084,1,,968
360278,processed\features\360278_features.csv,1004,15,1004,0.9766558764940239,0,1.0,1.0,0.9766558764940239,1.0,0.9918295567729084,1,,969
425670,processed\features\425670_features.csv,1004,15,1004,0.9766558764940239,0,1.0,1.0,0.9766558764940239,1.0,0.9918295567729084,1,,970
436378,processed\features\436378_features.csv,1004,15,1004,0.9766558764940239,0,1.0,1.0,0.9766558764940239,1.0,0.9918295567729084,1,,971
500992,processed\features\500992_features.csv,1004,15,1004,0.9766558764940239,0,1.0,1.0,0.9766558764940239,1.0,0.9918295567729084,1,,972
516718,processed\features\516718_features.csv,1004,15,1004,0.9766558764940239,0,1.0,1.0,0.9766558764940239,1.0,0.9918295567729084,1,,973
75805,processed\features\75805_features.csv,1004,15,1004,0.9766558764940239,0,1.0,1.0,0.9766558764940239,1.0,0.9918295567729084,1,,974
83572,processed\features\83572_features.csv,1004,15,1004,0.9766558764940239,0,1.0,1.0,0.9766558764940239,1.0,0.9918295567729084,1,,975
87000,processed\features\87000_features.csv,1004,15,1004,0.9766558764940239,0,1.0,1.0,0.9766558764940239,1.0,0.9918295567729084,1,,976
1244,processed\features\1244_features.csv,1003,15,1003,0.9766326021934197,0,1.0,1.0,0.9766326021934197,1.0,0.9918214107676969,1,,977
129160,processed\features\129160_features.csv,1003,15,1003,0.9766326021934197,0,1.0,1.0,0.9766326021934197,1.0,0.9918214107676969,1,,978
173195,processed\features\173195_features.csv,1003,15,1003,0.9766326021934197,0,1.0,1.0,0.9766326021934197,1.0,0.9918214107676969,1,,979
207284,processed\features\207284_features.csv,1003,15,1003,0.9766326021934197,0,1.0,1.0,0.9766326021934197,1.0,0.9918214107676969,1,,980
211801,processed\features\211801_features.csv,1003,15,1003,0.9766326021934197,0,1.0,1.0,0.9766326021934197,1.0,0.9918214107676969,1,,981
249513,processed\features\249513_features.csv,1003,15,1003,0.9766326021934197,0,1.0,1.0,0.9766326021934197,1.0,0.9918214107676969,1,,982
285917,processed\features\285917_features.csv,1003,15,1003,0.9766326021934197,0,1.0,1.0,0.9766326021934197,1.0,0.9918214107676969,1,,983
294888,processed\features\294888_features.csv,1003,15,1003,0.9766326021934197,0,1.0,1.0,0.9766326021934197,1.0,0.9918214107676969,1,,984
336874,processed\features\336874_features.csv,1003,15,1003,0.9766326021934197,0,1.0,1.0,0.9766326021934197,1.0,0.9918214107676969,1,,985
350933,processed\features\350933_features.csv,1003,15,1003,0.9766326021934197,0,1.0,1.0,0.9766326021934197,1.0,0.9918214107676969,1,,986
389072,processed\features\389072_features.csv,1003,15,1003,0.9766326021934197,0,1.0,1.0,0.9766326021934197,1.0,0.9918214107676969,1,,987
408747,processed\features\408747_features.csv,1003,15,1003,0.9766326021934197,0,1.0,1.0,0.9766326021934197,1.0,0.9918214107676969,1,,988
450089,processed\features\450089_features.csv,1003,15,1003,0.9766326021934197,0,1.0,1.0,0.9766326021934197,1.0,0.9918214107676969,1,,989
456384,processed\features\456384_features.csv,1003,15,1003,0.9766326021934197,0,1.0,1.0,0.9766326021934197,1.0,0.9918214107676969,1,,990
466640,processed\features\466640_features.csv,1003,15,1003,0.9766326021934197,0,1.0,1.0,0.9766326021934197,1.0,0.9918214107676969,1,,991
480983,processed\features\480983_features.csv,1003,15,1003,0.9766326021934197,0,1.0,1.0,0.9766326021934197,1.0,0.9918214107676969,1,,992
483939,processed\features\483939_features.csv,1003,15,1003,0.9766326021934197,0,1.0,1.0,0.9766326021934197,1.0,0.9918214107676969,1,,993
497831,processed\features\497831_features.csv,1003,15,1003,0.9766326021934197,0,1.0,1.0,0.9766326021934197,1.0,0.9918214107676969,1,,994
9713,processed\features\9713_features.csv,1003,15,1003,0.9766326021934197,0,1.0,1.0,0.9766326021934197,1.0,0.9918214107676969,1,,995
144368,processed\features\144368_features.csv,1002,15,1002,0.9766092814371258,0,1.0,1.0,0.9766092814371258,1.0,0.991813248502994,1,,996
175566,processed\features\175566_features.csv,1002,15,1002,0.9766092814371258,0,1.0,1.0,0.9766092814371258,1.0,0.991813248502994,1,,997
180134,processed\features\180134_features.csv,1002,15,1002,0.9766092814371258,0,1.0,1.0,0.9766092814371258,1.0,0.991813248502994,1,,998
200173,processed\features\200173_features.csv,1002,15,1002,0.9766092814371258,0,1.0,1.0,0.9766092814371258,1.0,0.991813248502994,1,,999
209066,processed\features\209066_features.csv,1002,15,1002,0.9766092814371258,0,1.0,1.0,0.9766092814371258,1.0,0.991813248502994,1,,1000
244594,processed\features\244594_features.csv,1002,15,1002,0.9766092814371258,0,1.0,1.0,0.9766092814371258,1.0,0.991813248502994,1,,1001
250863,processed\features\250863_features.csv,1002,15,1002,0.9766092814371258,0,1.0,1.0,0.9766092814371258,1.0,0.991813248502994,1,,1002
293879,processed\features\293879_features.csv,1002,15,1002,0.9766092814371258,0,1.0,1.0,0.9766092814371258,1.0,0.991813248502994,1,,1003
303228,processed\features\303228_features.csv,1002,15,1002,0.9766092814371258,0,1.0,1.0,0.9766092814371258,1.0,0.991813248502994,1,,1004
327802,processed\features\327802_features.csv,1002,15,1002,0.9766092814371258,0,1.0,1.0,0.9766092814371258,1.0,0.991813248502994,1,,1005
399412,processed\features\399412_features.csv,1002,15,1002,0.9766092814371258,0,1.0,1.0,0.9766092814371258,1.0,0.991813248502994,1,,1006
404886,processed\features\404886_features.csv,1002,15,1002,0.9766092814371258,0,1.0,1.0,0.9766092814371258,1.0,0.991813248502994,1,,1007
419361,processed\features\419361_features.csv,1002,15,1002,0.9766092814371258,0,1.0,1.0,0.9766092814371258,1.0,0.991813248502994,1,,1008
504219,processed\features\504219_features.csv,1002,15,1002,0.9766092814371258,0,1.0,1.0,0.9766092814371258,1.0,0.991813248502994,1,,1009
54187,processed\features\54187_features.csv,1002,15,1002,0.9766092814371258,0,1.0,1.0,0.9766092814371258,1.0,0.991813248502994,1,,1010
55002,processed\features\55002_features.csv,1002,15,1002,0.9766092814371258,0,1.0,1.0,0.9766092814371258,1.0,0.991813248502994,1,,1011
149601,processed\features\149601_features.csv,1001,15,1001,0.9765859140859141,0,1.0,1.0,0.9765859140859141,1.0,0.9918050699300699,1,,1012
156699,processed\features\156699_features.csv,1001,15,1001,0.9765859140859141,0,1.0,1.0,0.9765859140859141,1.0,0.9918050699300699,1,,1013
183389,processed\features\183389_features.csv,1001,15,1001,0.9765859140859141,0,1.0,1.0,0.9765859140859141,1.0,0.9918050699300699,1,,1014
228415,processed\features\228415_features.csv,1001,15,1001,0.9765859140859141,0,1.0,1.0,0.9765859140859141,1.0,0.9918050699300699,1,,1015
292764,processed\features\292764_features.csv,1001,15,1001,0.9765859140859141,0,1.0,1.0,0.9765859140859141,1.0,0.9918050699300699,1,,1016
298619,processed\features\298619_features.csv,1001,15,1001,0.9765859140859141,0,1.0,1.0,0.9765859140859141,1.0,0.9918050699300699,1,,1017
323352,processed\features\323352_features.csv,1001,15,1001,0.9765859140859141,0,1.0,1.0,0.9765859140859141,1.0,0.9918050699300699,1,,1018
326716,processed\features\326716_features.csv,1001,15,1001,0.9765859140859141,0,1.0,1.0,0.9765859140859141,1.0,0.9918050699300699,1,,1019
386392,processed\features\386392_features.csv,1001,15,1001,0.9765859140859141,0,1.0,1.0,0.9765859140859141,1.0,0.9918050699300699,1,,1020
394466,processed\features\394466_features.csv,1001,15,1001,0.9765859140859141,0,1.0,1.0,0.9765859140859141,1.0,0.9918050699300699,1,,1021
405016,processed\features\405016_features.csv,1001,15,1001,0.9765859140859141,0,1.0,1.0,0.9765859140859141,1.0,0.9918050699300699,1,,1022
505557,processed\features\505557_features.csv,1001,15,1001,0.9765859140859141,0,1.0,1.0,0.9765859140859141,1.0,0.9918050699300699,1,,1023
7067,processed\features\7067_features.csv,1001,15,1001,0.9765859140859141,0,1.0,1.0,0.9765859140859141,1.0,0.9918050699300699,1,,1024
7943,processed\features\7943_features.csv,1001,15,1001,0.9765859140859141,0,1.0,1.0,0.9765859140859141,1.0,0.9918050699300699,1,,1025
88800,processed\features\88800_features.csv,1001,15,1001,0.9765859140859141,0,1.0,1.0,0.9765859140859141,1.0,0.9918050699300699,1,,1026
150090,processed\features\150090_features.csv,1000,15,1000,0.9765625,0,1.0,1.0,0.9765625,1.0,0.991796875,1,,1027
167806,processed\features\167806_features.csv,1000,15,1000,0.9765625,0,1.0,1.0,0.9765625,1.0,0.991796875,1,,1028
188883,processed\features\188883_features.csv,1000,15,1000,0.9765625,0,1.0,1.0,0.9765625,1.0,0.991796875,1,,1029
207153,processed\features\207153_features.csv,1000,15,1000,0.9765625,0,1.0,1.0,0.9765625,1.0,0.991796875,1,,1030
212811,processed\features\212811_features.csv,1000,15,1000,0.9765625,0,1.0,1.0,0.9765625,1.0,0.991796875,1,,1031
213848,processed\features\213848_features.csv,1000,15,1000,0.9765625,0,1.0,1.0,0.9765625,1.0,0.991796875,1,,1032
223299,processed\features\223299_features.csv,1000,15,1000,0.9765625,0,1.0,1.0,0.9765625,1.0,0.991796875,1,,1033
251590,processed\features\251590_features.csv,1000,15,1000,0.9765625,0,1.0,1.0,0.9765625,1.0,0.991796875,1,,1034
259191,processed\features\259191_features.csv,1000,15,1000,0.9765625,0,1.0,1.0,0.9765625,1.0,0.991796875,1,,1035
268742,processed\features\268742_features.csv,1000,15,1000,0.9765625,0,1.0,1.0,0.9765625,1.0,0.991796875,1,,1036
274893,processed\features\274893_features.csv,1000,15,1000,0.9765625,0,1.0,1.0,0.9765625,1.0,0.991796875,1,,1037
281528,processed\features\281528_features.csv,1000,15,1000,0.9765625,0,1.0,1.0,0.9765625,1.0,0.991796875,1,,1038
288169,processed\features\288169_features.csv,1000,15,1000,0.9765625,0,1.0,1.0,0.9765625,1.0,0.991796875,1,,1039
297491,processed\features\297491_features.csv,1000,15,1000,0.9765625,0,1.0,1.0,0.9765625,1.0,0.991796875,1,,1040
323553,processed\features\323553_features.csv,1000,15,1000,0.9765625,0,1.0,1.0,0.9765625,1.0,0.991796875,1,,1041
38178,processed\features\38178_features.csv,1000,15,1000,0.9765625,0,1.0,1.0,0.9765625,1.0,0.991796875,1,,1042
404455,processed\features\404455_features.csv,1000,15,1000,0.9765625,0,1.0,1.0,0.9765625,1.0,0.991796875,1,,1043
423005,processed\features\423005_features.csv,1000,15,1000,0.9765625,0,1.0,1.0,0.9765625,1.0,0.991796875,1,,1044
466222,processed\features\466222_features.csv,1000,15,1000,0.9765625,0,1.0,1.0,0.9765625,1.0,0.991796875,1,,1045
497793,processed\features\497793_features.csv,1000,15,1000,0.9765625,0,1.0,1.0,0.9765625,1.0,0.991796875,1,,1046
512109,processed\features\512109_features.csv,1000,15,1000,0.9765625,0,1.0,1.0,0.9765625,1.0,0.991796875,1,,1047
10970,processed\features\10970_features.csv,999,15,999,0.976539039039039,0,1.0,1.0,0.976539039039039,1.0,0.9917886636636637,1,,1048
144623,processed\features\144623_features.csv,999,15,999,0.976539039039039,0,1.0,1.0,0.976539039039039,1.0,0.9917886636636637,1,,1049
23787,processed\features\23787_features.csv,999,15,999,0.976539039039039,0,1.0,1.0,0.976539039039039,1.0,0.9917886636636637,1,,1050
284733,processed\features\284733_features.csv,999,15,999,0.976539039039039,0,1.0,1.0,0.976539039039039,1.0,0.9917886636636637,1,,1051
296622,processed\features\296622_features.csv,999,15,999,0.976539039039039,0,1.0,1.0,0.976539039039039,1.0,0.9917886636636637,1,,1052
344242,processed\features\344242_features.csv,999,15,999,0.976539039039039,0,1.0,1.0,0.976539039039039,1.0,0.9917886636636637,1,,1053
377792,processed\features\377792_features.csv,999,15,999,0.976539039039039,0,1.0,1.0,0.976539039039039,1.0,0.9917886636636637,1,,1054
393544,processed\features\393544_features.csv,999,15,999,0.976539039039039,0,1.0,1.0,0.976539039039039,1.0,0.9917886636636637,1,,1055
458560,processed\features\458560_features.csv,999,15,999,0.976539039039039,0,1.0,1.0,0.976539039039039,1.0,0.9917886636636637,1,,1056
55011,processed\features\55011_features.csv,999,15,999,0.976539039039039,0,1.0,1.0,0.976539039039039,1.0,0.9917886636636637,1,,1057
572,processed\features\572_features.csv,999,15,999,0.976539039039039,0,1.0,1.0,0.976539039039039,1.0,0.9917886636636637,1,,1058
9288,processed\features\9288_features.csv,999,15,999,0.976539039039039,0,1.0,1.0,0.976539039039039,1.0,0.9917886636636637,1,,1059
98961,processed\features\98961_features.csv,999,15,999,0.976539039039039,0,1.0,1.0,0.976539039039039,1.0,0.9917886636636637,1,,1060
121562,processed\features\121562_features.csv,998,15,998,0.9765155310621243,0,1.0,1.0,0.9765155310621243,1.0,0.9917804358717436,1,,1061
127176,processed\features\127176_features.csv,998,15,998,0.9765155310621243,0,1.0,1.0,0.9765155310621243,1.0,0.9917804358717436,1,,1062
200240,processed\features\200240_features.csv,998,15,998,0.9765155310621243,0,1.0,1.0,0.9765155310621243,1.0,0.9917804358717436,1,,1063
217080,processed\features\217080_features.csv,998,15,998,0.9765155310621243,0,1.0,1.0,0.9765155310621243,1.0,0.9917804358717436,1,,1064
217168,processed\features\217168_features.csv,998,15,998,0.9765155310621243,0,1.0,1.0,0.9765155310621243,1.0,0.9917804358717436,1,,1065
237989,processed\features\237989_features.csv,998,15,998,0.9765155310621243,0,1.0,1.0,0.9765155310621243,1.0,0.9917804358717436,1,,1066
254043,processed\features\254043_features.csv,998,15,998,0.9765155310621243,0,1.0,1.0,0.9765155310621243,1.0,0.9917804358717436,1,,1067
317013,processed\features\317013_features.csv,998,15,998,0.9765155310621243,0,1.0,1.0,0.9765155310621243,1.0,0.9917804358717436,1,,1068
317675,processed\features\317675_features.csv,998,15,998,0.9765155310621243,0,1.0,1.0,0.9765155310621243,1.0,0.9917804358717436,1,,1069
327287,processed\features\327287_features.csv,998,15,998,0.9765155310621243,0,1.0,1.0,0.9765155310621243,1.0,0.9917804358717436,1,,1070
329518,processed\features\329518_features.csv,998,15,998,0.9765155310621243,0,1.0,1.0,0.9765155310621243,1.0,0.9917804358717436,1,,1071
355922,processed\features\355922_features.csv,998,15,998,0.9765155310621243,0,1.0,1.0,0.9765155310621243,1.0,0.9917804358717436,1,,1072
370588,processed\features\370588_features.csv,998,15,998,0.9765155310621243,0,1.0,1.0,0.9765155310621243,1.0,0.9917804358717436,1,,1073
379432,processed\features\379432_features.csv,998,15,998,0.9765155310621243,0,1.0,1.0,0.9765155310621243,1.0,0.9917804358717436,1,,1074
435592,processed\features\435592_features.csv,998,15,998,0.9765155310621243,0,1.0,1.0,0.9765155310621243,1.0,0.9917804358717436,1,,1075
43748,processed\features\43748_features.csv,998,15,998,0.9765155310621243,0,1.0,1.0,0.9765155310621243,1.0,0.9917804358717436,1,,1076
447544,processed\features\447544_features.csv,998,15,998,0.9765155310621243,0,1.0,1.0,0.9765155310621243,1.0,0.9917804358717436,1,,1077
45662,processed\features\45662_features.csv,998,15,998,0.9765155310621243,0,1.0,1.0,0.9765155310621243,1.0,0.9917804358717436,1,,1078
497486,processed\features\497486_features.csv,998,15,998,0.9765155310621243,0,1.0,1.0,0.9765155310621243,1.0,0.9917804358717436,1,,1079
5728,processed\features\5728_features.csv,998,15,998,0.9765155310621243,0,1.0,1.0,0.9765155310621243,1.0,0.9917804358717436,1,,1080
61634,processed\features\61634_features.csv,998,15,998,0.9765155310621243,0,1.0,1.0,0.9765155310621243,1.0,0.9917804358717436,1,,1081
67482,processed\features\67482_features.csv,998,15,998,0.9765155310621243,0,1.0,1.0,0.9765155310621243,1.0,0.9917804358717436,1,,1082
105646,processed\features\105646_features.csv,997,15,997,0.9764919759277834,0,1.0,1.0,0.9764919759277834,1.0,0.9917721915747242,1,,1083
118385,processed\features\118385_features.csv,997,15,997,0.9764919759277834,0,1.0,1.0,0.9764919759277834,1.0,0.9917721915747242,1,,1084
16084,processed\features\16084_features.csv,997,15,997,0.9764919759277834,0,1.0,1.0,0.9764919759277834,1.0,0.9917721915747242,1,,1085
23151,processed\features\23151_features.csv,997,15,997,0.9764919759277834,0,1.0,1.0,0.9764919759277834,1.0,0.9917721915747242,1,,1086
279805,processed\features\279805_features.csv,997,15,997,0.9764919759277834,0,1.0,1.0,0.9764919759277834,1.0,0.9917721915747242,1,,1087
293959,processed\features\293959_features.csv,997,15,997,0.9764919759277834,0,1.0,1.0,0.9764919759277834,1.0,0.9917721915747242,1,,1088
36094,processed\features\36094_features.csv,997,15,997,0.9764919759277834,0,1.0,1.0,0.9764919759277834,1.0,0.9917721915747242,1,,1089
480534,processed\features\480534_features.csv,997,15,997,0.9764919759277834,0,1.0,1.0,0.9764919759277834,1.0,0.9917721915747242,1,,1090
53849,processed\features\53849_features.csv,997,15,997,0.9764919759277834,0,1.0,1.0,0.9764919759277834,1.0,0.9917721915747242,1,,1091
68477,processed\features\68477_features.csv,997,15,997,0.9764919759277834,0,1.0,1.0,0.9764919759277834,1.0,0.9917721915747242,1,,1092
81270,processed\features\81270_features.csv,997,15,997,0.9764919759277834,0,1.0,1.0,0.9764919759277834,1.0,0.9917721915747242,1,,1093
102716,processed\features\102716_features.csv,996,15,996,0.9764683734939759,0,1.0,1.0,0.9764683734939759,1.0,0.9917639307228915,1,,1094
110605,processed\features\110605_features.csv,996,15,996,0.9764683734939759,0,1.0,1.0,0.9764683734939759,1.0,0.9917639307228915,1,,1095
114613,processed\features\114613_features.csv,996,15,996,0.9764683734939759,0,1.0,1.0,0.9764683734939759,1.0,0.9917639307228915,1,,1096
127388,processed\features\127388_features.csv,996,15,996,0.9764683734939759,0,1.0,1.0,0.9764683734939759,1.0,0.9917639307228915,1,,1097
212407,processed\features\212407_features.csv,996,15,996,0.9764683734939759,0,1.0,1.0,0.9764683734939759,1.0,0.9917639307228915,1,,1098
215729,processed\features\215729_features.csv,996,15,996,0.9764683734939759,0,1.0,1.0,0.9764683734939759,1.0,0.9917639307228915,1,,1099
243985,processed\features\243985_features.csv,996,15,996,0.9764683734939759,0,1.0,1.0,0.9764683734939759,1.0,0.9917639307228915,1,,1100
26717,processed\features\26717_features.csv,996,15,996,0.9764683734939759,0,1.0,1.0,0.9764683734939759,1.0,0.9917639307228915,1,,1101
305158,processed\features\305158_features.csv,996,15,996,0.9764683734939759,0,1.0,1.0,0.9764683734939759,1.0,0.9917639307228915,1,,1102
323423,processed\features\323423_features.csv,996,15,996,0.9764683734939759,0,1.0,1.0,0.9764683734939759,1.0,0.9917639307228915,1,,1103
325950,processed\features\325950_features.csv,996,15,996,0.9764683734939759,0,1.0,1.0,0.9764683734939759,1.0,0.9917639307228915,1,,1104
338491,processed\features\338491_features.csv,996,15,996,0.9764683734939759,0,1.0,1.0,0.9764683734939759,1.0,0.9917639307228915,1,,1105
376445,processed\features\376445_features.csv,996,15,996,0.9764683734939759,0,1.0,1.0,0.9764683734939759,1.0,0.9917639307228915,1,,1106
401404,processed\features\401404_features.csv,996,15,996,0.9764683734939759,0,1.0,1.0,0.9764683734939759,1.0,0.9917639307228915,1,,1107
402773,processed\features\402773_features.csv,996,15,996,0.9764683734939759,0,1.0,1.0,0.9764683734939759,1.0,0.9917639307228915,1,,1108
416334,processed\features\416334_features.csv,996,15,996,0.9764683734939759,0,1.0,1.0,0.9764683734939759,1.0,0.9917639307228915,1,,1109
419140,processed\features\419140_features.csv,996,15,996,0.9764683734939759,0,1.0,1.0,0.9764683734939759,1.0,0.9917639307228915,1,,1110
434027,processed\features\434027_features.csv,996,15,996,0.9764683734939759,0,1.0,1.0,0.9764683734939759,1.0,0.9917639307228915,1,,1111
487685,processed\features\487685_features.csv,996,15,996,0.9764683734939759,0,1.0,1.0,0.9764683734939759,1.0,0.9917639307228915,1,,1112
504340,processed\features\504340_features.csv,996,15,996,0.9764683734939759,0,1.0,1.0,0.9764683734939759,1.0,0.9917639307228915,1,,1113
69113,processed\features\69113_features.csv,996,15,996,0.9764683734939759,0,1.0,1.0,0.9764683734939759,1.0,0.9917639307228915,1,,1114
88382,processed\features\88382_features.csv,996,15,996,0.9764683734939759,0,1.0,1.0,0.9764683734939759,1.0,0.9917639307228915,1,,1115
10312,processed\features\10312_features.csv,995,15,995,0.9764447236180904,0,1.0,1.0,0.9764447236180904,1.0,0.9917556532663316,1,,1116
1199,processed\features\1199_features.csv,995,15,995,0.9764447236180904,0,1.0,1.0,0.9764447236180904,1.0,0.9917556532663316,1,,1117
135164,processed\features\135164_features.csv,995,15,995,0.9764447236180904,0,1.0,1.0,0.9764447236180904,1.0,0.9917556532663316,1,,1118
135919,processed\features\135919_features.csv,995,15,995,0.9764447236180904,0,1.0,1.0,0.9764447236180904,1.0,0.9917556532663316,1,,1119
143865,processed\features\143865_features.csv,995,15,995,0.9764447236180904,0,1.0,1.0,0.9764447236180904,1.0,0.9917556532663316,1,,1120
189688,processed\features\189688_features.csv,995,15,995,0.9764447236180904,0,1.0,1.0,0.9764447236180904,1.0,0.9917556532663316,1,,1121
190490,processed\features\190490_features.csv,995,15,995,0.9764447236180904,0,1.0,1.0,0.9764447236180904,1.0,0.9917556532663316,1,,1122
203374,processed\features\203374_features.csv,995,15,995,0.9764447236180904,0,1.0,1.0,0.9764447236180904,1.0,0.9917556532663316,1,,1123
204499,processed\features\204499_features.csv,995,15,995,0.9764447236180904,0,1.0,1.0,0.9764447236180904,1.0,0.9917556532663316,1,,1124
253843,processed\features\253843_features.csv,995,15,995,0.9764447236180904,0,1.0,1.0,0.9764447236180904,1.0,0.9917556532663316,1,,1125
271018,processed\features\271018_features.csv,995,15,995,0.9764447236180904,0,1.0,1.0,0.9764447236180904,1.0,0.9917556532663316,1,,1126
275952,processed\features\275952_features.csv,995,15,995,0.9764447236180904,0,1.0,1.0,0.9764447236180904,1.0,0.9917556532663316,1,,1127
277148,processed\features\277148_features.csv,995,15,995,0.9764447236180904,0,1.0,1.0,0.9764447236180904,1.0,0.9917556532663316,1,,1128
289822,processed\features\289822_features.csv,995,15,995,0.9764447236180904,0,1.0,1.0,0.9764447236180904,1.0,0.9917556532663316,1,,1129
333417,processed\features\333417_features.csv,995,15,995,0.9764447236180904,0,1.0,1.0,0.9764447236180904,1.0,0.9917556532663316,1,,1130
358869,processed\features\358869_features.csv,995,15,995,0.9764447236180904,0,1.0,1.0,0.9764447236180904,1.0,0.9917556532663316,1,,1131
401207,processed\features\401207_features.csv,995,15,995,0.9764447236180904,0,1.0,1.0,0.9764447236180904,1.0,0.9917556532663316,1,,1132
402665,processed\features\402665_features.csv,995,15,995,0.9764447236180904,0,1.0,1.0,0.9764447236180904,1.0,0.9917556532663316,1,,1133
419421,processed\features\419421_features.csv,995,15,995,0.9764447236180904,0,1.0,1.0,0.9764447236180904,1.0,0.9917556532663316,1,,1134
420770,processed\features\420770_features.csv,995,15,995,0.9764447236180904,0,1.0,1.0,0.9764447236180904,1.0,0.9917556532663316,1,,1135
446806,processed\features\446806_features.csv,995,15,995,0.9764447236180904,0,1.0,1.0,0.9764447236180904,1.0,0.9917556532663316,1,,1136
475256,processed\features\475256_features.csv,995,15,995,0.9764447236180904,0,1.0,1.0,0.9764447236180904,1.0,0.9917556532663316,1,,1137
47603,processed\features\47603_features.csv,995,15,995,0.9764447236180904,0,1.0,1.0,0.9764447236180904,1.0,0.9917556532663316,1,,1138
498881,processed\features\498881_features.csv,995,15,995,0.9764447236180904,0,1.0,1.0,0.9764447236180904,1.0,0.9917556532663316,1,,1139
79521,processed\features\79521_features.csv,995,15,995,0.9764447236180904,0,1.0,1.0,0.9764447236180904,1.0,0.9917556532663316,1,,1140
9519,processed\features\9519_features.csv,995,15,995,0.9764447236180904,0,1.0,1.0,0.9764447236180904,1.0,0.9917556532663316,1,,1141
127787,processed\features\127787_features.csv,994,15,994,0.9764210261569416,0,1.0,1.0,0.9764210261569416,1.0,0.9917473591549296,1,,1142
180232,processed\features\180232_features.csv,994,15,994,0.9764210261569416,0,1.0,1.0,0.9764210261569416,1.0,0.9917473591549296,1,,1143
240741,processed\features\240741_features.csv,994,15,994,0.9764210261569416,0,1.0,1.0,0.9764210261569416,1.0,0.9917473591549296,1,,1144
251974,processed\features\251974_features.csv,994,15,994,0.9764210261569416,0,1.0,1.0,0.9764210261569416,1.0,0.9917473591549296,1,,1145
268323,processed\features\268323_features.csv,994,15,994,0.9764210261569416,0,1.0,1.0,0.9764210261569416,1.0,0.9917473591549296,1,,1146
286983,processed\features\286983_features.csv,994,15,994,0.9764210261569416,0,1.0,1.0,0.9764210261569416,1.0,0.9917473591549296,1,,1147
297277,processed\features\297277_features.csv,994,15,994,0.9764210261569416,0,1.0,1.0,0.9764210261569416,1.0,0.9917473591549296,1,,1148
313497,processed\features\313497_features.csv,994,15,994,0.9764210261569416,0,1.0,1.0,0.9764210261569416,1.0,0.9917473591549296,1,,1149
316538,processed\features\316538_features.csv,994,15,994,0.9764210261569416,0,1.0,1.0,0.9764210261569416,1.0,0.9917473591549296,1,,1150
317782,processed\features\317782_features.csv,994,15,994,0.9764210261569416,0,1.0,1.0,0.9764210261569416,1.0,0.9917473591549296,1,,1151
364522,processed\features\364522_features.csv,994,15,994,0.9764210261569416,0,1.0,1.0,0.9764210261569416,1.0,0.9917473591549296,1,,1152
374858,processed\features\374858_features.csv,994,15,994,0.9764210261569416,0,1.0,1.0,0.9764210261569416,1.0,0.9917473591549296,1,,1153
375944,processed\features\375944_features.csv,994,15,994,0.9764210261569416,0,1.0,1.0,0.9764210261569416,1.0,0.9917473591549296,1,,1154
403546,processed\features\403546_features.csv,994,15,994,0.9764210261569416,0,1.0,1.0,0.9764210261569416,1.0,0.9917473591549296,1,,1155
407976,processed\features\407976_features.csv,994,15,994,0.9764210261569416,0,1.0,1.0,0.9764210261569416,1.0,0.9917473591549296,1,,1156
429598,processed\features\429598_features.csv,994,15,994,0.9764210261569416,0,1.0,1.0,0.9764210261569416,1.0,0.9917473591549296,1,,1157
460721,processed\features\460721_features.csv,994,15,994,0.9764210261569416,0,1.0,1.0,0.9764210261569416,1.0,0.9917473591549296,1,,1158
80998,processed\features\80998_features.csv,994,15,994,0.9764210261569416,0,1.0,1.0,0.9764210261569416,1.0,0.9917473591549296,1,,1159
85810,processed\features\85810_features.csv,994,15,994,0.9764210261569416,0,1.0,1.0,0.9764210261569416,1.0,0.9917473591549296,1,,1160
141667,processed\features\141667_features.csv,993,15,993,0.9763972809667674,0,1.0,1.0,0.9763972809667674,1.0,0.9917390483383686,1,,1161
170031,processed\features\170031_features.csv,993,15,993,0.9763972809667674,0,1.0,1.0,0.9763972809667674,1.0,0.9917390483383686,1,,1162
189775,processed\features\189775_features.csv,993,15,993,0.9763972809667674,0,1.0,1.0,0.9763972809667674,1.0,0.9917390483383686,1,,1163
201819,processed\features\201819_features.csv,993,15,993,0.9763972809667674,0,1.0,1.0,0.9763972809667674,1.0,0.9917390483383686,1,,1164
202386,processed\features\202386_features.csv,993,15,993,0.9763972809667674,0,1.0,1.0,0.9763972809667674,1.0,0.9917390483383686,1,,1165
226434,processed\features\226434_features.csv,993,15,993,0.9763972809667674,0,1.0,1.0,0.9763972809667674,1.0,0.9917390483383686,1,,1166
251411,processed\features\251411_features.csv,993,15,993,0.9763972809667674,0,1.0,1.0,0.9763972809667674,1.0,0.9917390483383686,1,,1167
253838,processed\features\253838_features.csv,993,15,993,0.9763972809667674,0,1.0,1.0,0.9763972809667674,1.0,0.9917390483383686,1,,1168
256779,processed\features\256779_features.csv,993,15,993,0.9763972809667674,0,1.0,1.0,0.9763972809667674,1.0,0.9917390483383686,1,,1169
279893,processed\features\279893_features.csv,993,15,993,0.9763972809667674,0,1.0,1.0,0.9763972809667674,1.0,0.9917390483383686,1,,1170
318965,processed\features\318965_features.csv,993,15,993,0.9763972809667674,0,1.0,1.0,0.9763972809667674,1.0,0.9917390483383686,1,,1171
346652,processed\features\346652_features.csv,993,15,993,0.9763972809667674,0,1.0,1.0,0.9763972809667674,1.0,0.9917390483383686,1,,1172
34770,processed\features\34770_features.csv,993,15,993,0.9763972809667674,0,1.0,1.0,0.9763972809667674,1.0,0.9917390483383686,1,,1173
367637,processed\features\367637_features.csv,993,15,993,0.9763972809667674,0,1.0,1.0,0.9763972809667674,1.0,0.9917390483383686,1,,1174
376600,processed\features\376600_features.csv,993,15,993,0.9763972809667674,0,1.0,1.0,0.9763972809667674,1.0,0.9917390483383686,1,,1175
42433,processed\features\42433_features.csv,993,15,993,0.9763972809667674,0,1.0,1.0,0.9763972809667674,1.0,0.9917390483383686,1,,1176
454597,processed\features\454597_features.csv,993,15,993,0.9763972809667674,0,1.0,1.0,0.9763972809667674,1.0,0.9917390483383686,1,,1177
456580,processed\features\456580_features.csv,993,15,993,0.9763972809667674,0,1.0,1.0,0.9763972809667674,1.0,0.9917390483383686,1,,1178
487671,processed\features\487671_features.csv,993,15,993,0.9763972809667674,0,1.0,1.0,0.9763972809667674,1.0,0.9917390483383686,1,,1179
489113,processed\features\489113_features.csv,993,15,993,0.9763972809667674,0,1.0,1.0,0.9763972809667674,1.0,0.9917390483383686,1,,1180
499005,processed\features\499005_features.csv,993,15,993,0.9763972809667674,0,1.0,1.0,0.9763972809667674,1.0,0.9917390483383686,1,,1181
509054,processed\features\509054_features.csv,993,15,993,0.9763972809667674,0,1.0,1.0,0.9763972809667674,1.0,0.9917390483383686,1,,1182
59319,processed\features\59319_features.csv,993,15,993,0.9763972809667674,0,1.0,1.0,0.9763972809667674,1.0,0.9917390483383686,1,,1183
147566,processed\features\147566_features.csv,992,15,992,0.9763734879032258,0,1.0,1.0,0.9763734879032258,1.0,0.991730720766129,1,,1184
150744,processed\features\150744_features.csv,992,15,992,0.9763734879032258,0,1.0,1.0,0.9763734879032258,1.0,0.991730720766129,1,,1185
156603,processed\features\156603_features.csv,992,15,992,0.9763734879032258,0,1.0,1.0,0.9763734879032258,1.0,0.991730720766129,1,,1186
157176,processed\features\157176_features.csv,992,15,992,0.9763734879032258,0,1.0,1.0,0.9763734879032258,1.0,0.991730720766129,1,,1187
170740,processed\features\170740_features.csv,992,15,992,0.9763734879032258,0,1.0,1.0,0.9763734879032258,1.0,0.991730720766129,1,,1188
195639,processed\features\195639_features.csv,992,15,992,0.9763734879032258,0,1.0,1.0,0.9763734879032258,1.0,0.991730720766129,1,,1189
21906,processed\features\21906_features.csv,992,15,992,0.9763734879032258,0,1.0,1.0,0.9763734879032258,1.0,0.991730720766129,1,,1190
230591,processed\features\230591_features.csv,992,15,992,0.9763734879032258,0,1.0,1.0,0.9763734879032258,1.0,0.991730720766129,1,,1191
236388,processed\features\236388_features.csv,992,15,992,0.9763734879032258,0,1.0,1.0,0.9763734879032258,1.0,0.991730720766129,1,,1192
258052,processed\features\258052_features.csv,992,15,992,0.9763734879032258,0,1.0,1.0,0.9763734879032258,1.0,0.991730720766129,1,,1193
261342,processed\features\261342_features.csv,992,15,992,0.9763734879032258,0,1.0,1.0,0.9763734879032258,1.0,0.991730720766129,1,,1194
283274,processed\features\283274_features.csv,992,15,992,0.9763734879032258,0,1.0,1.0,0.9763734879032258,1.0,0.991730720766129,1,,1195
283706,processed\features\283706_features.csv,992,15,992,0.9763734879032258,0,1.0,1.0,0.9763734879032258,1.0,0.991730720766129,1,,1196
289983,processed\features\289983_features.csv,992,15,992,0.9763734879032258,0,1.0,1.0,0.9763734879032258,1.0,0.991730720766129,1,,1197
296932,processed\features\296932_features.csv,992,15,992,0.9763734879032258,0,1.0,1.0,0.9763734879032258,1.0,0.991730720766129,1,,1198
337778,processed\features\337778_features.csv,992,15,992,0.9763734879032258,0,1.0,1.0,0.9763734879032258,1.0,0.991730720766129,1,,1199
347305,processed\features\347305_features.csv,992,15,992,0.9763734879032258,0,1.0,1.0,0.9763734879032258,1.0,0.991730720766129,1,,1200
409852,processed\features\409852_features.csv,992,15,992,0.9763734879032258,0,1.0,1.0,0.9763734879032258,1.0,0.991730720766129,1,,1201
458541,processed\features\458541_features.csv,992,15,992,0.9763734879032258,0,1.0,1.0,0.9763734879032258,1.0,0.991730720766129,1,,1202
47156,processed\features\47156_features.csv,992,15,992,0.9763734879032258,0,1.0,1.0,0.9763734879032258,1.0,0.991730720766129,1,,1203
481648,processed\features\481648_features.csv,992,15,992,0.9763734879032258,0,1.0,1.0,0.9763734879032258,1.0,0.991730720766129,1,,1204
51284,processed\features\51284_features.csv,992,15,992,0.9763734879032258,0,1.0,1.0,0.9763734879032258,1.0,0.991730720766129,1,,1205
52447,processed\features\52447_features.csv,992,15,992,0.9763734879032258,0,1.0,1.0,0.9763734879032258,1.0,0.991730720766129,1,,1206
93092,processed\features\93092_features.csv,992,15,992,0.9763734879032258,0,1.0,1.0,0.9763734879032258,1.0,0.991730720766129,1,,1207
183736,processed\features\183736_features.csv,991,15,991,0.9763496468213926,0,1.0,1.0,0.9763496468213926,1.0,0.9917223763874874,1,,1208
2214,processed\features\2214_features.csv,991,15,991,0.9763496468213926,0,1.0,1.0,0.9763496468213926,1.0,0.9917223763874874,1,,1209
240906,processed\features\240906_features.csv,991,15,991,0.9763496468213926,0,1.0,1.0,0.9763496468213926,1.0,0.9917223763874874,1,,1210
247975,processed\features\247975_features.csv,991,15,991,0.9763496468213926,0,1.0,1.0,0.9763496468213926,1.0,0.9917223763874874,1,,1211
344896,processed\features\344896_features.csv,991,15,991,0.9763496468213926,0,1.0,1.0,0.9763496468213926,1.0,0.9917223763874874,1,,1212
345238,processed\features\345238_features.csv,991,15,991,0.9763496468213926,0,1.0,1.0,0.9763496468213926,1.0,0.9917223763874874,1,,1213
361762,processed\features\361762_features.csv,991,15,991,0.9763496468213926,0,1.0,1.0,0.9763496468213926,1.0,0.9917223763874874,1,,1214
385331,processed\features\385331_features.csv,991,15,991,0.9763496468213926,0,1.0,1.0,0.9763496468213926,1.0,0.9917223763874874,1,,1215
406664,processed\features\406664_features.csv,991,15,991,0.9763496468213926,0,1.0,1.0,0.9763496468213926,1.0,0.9917223763874874,1,,1216
416707,processed\features\416707_features.csv,991,15,991,0.9763496468213926,0,1.0,1.0,0.9763496468213926,1.0,0.9917223763874874,1,,1217
424039,processed\features\424039_features.csv,991,15,991,0.9763496468213926,0,1.0,1.0,0.9763496468213926,1.0,0.9917223763874874,1,,1218
44325,processed\features\44325_features.csv,991,15,991,0.9763496468213926,0,1.0,1.0,0.9763496468213926,1.0,0.9917223763874874,1,,1219
468835,processed\features\468835_features.csv,991,15,991,0.9763496468213926,0,1.0,1.0,0.9763496468213926,1.0,0.9917223763874874,1,,1220
473564,processed\features\473564_features.csv,991,15,991,0.9763496468213926,0,1.0,1.0,0.9763496468213926,1.0,0.9917223763874874,1,,1221
482059,processed\features\482059_features.csv,991,15,991,0.9763496468213926,0,1.0,1.0,0.9763496468213926,1.0,0.9917223763874874,1,,1222
508628,processed\features\508628_features.csv,991,15,991,0.9763496468213926,0,1.0,1.0,0.9763496468213926,1.0,0.9917223763874874,1,,1223
121544,processed\features\121544_features.csv,990,15,990,0.9763257575757576,0,1.0,1.0,0.9763257575757576,1.0,0.9917140151515151,1,,1224
125525,processed\features\125525_features.csv,990,15,990,0.9763257575757576,0,1.0,1.0,0.9763257575757576,1.0,0.9917140151515151,1,,1225
13523,processed\features\13523_features.csv,990,15,990,0.9763257575757576,0,1.0,1.0,0.9763257575757576,1.0,0.9917140151515151,1,,1226
155848,processed\features\155848_features.csv,990,15,990,0.9763257575757576,0,1.0,1.0,0.9763257575757576,1.0,0.9917140151515151,1,,1227
227483,processed\features\227483_features.csv,990,15,990,0.9763257575757576,0,1.0,1.0,0.9763257575757576,1.0,0.9917140151515151,1,,1228
249097,processed\features\249097_features.csv,990,15,990,0.9763257575757576,0,1.0,1.0,0.9763257575757576,1.0,0.9917140151515151,1,,1229
277324,processed\features\277324_features.csv,990,15,990,0.9763257575757576,0,1.0,1.0,0.9763257575757576,1.0,0.9917140151515151,1,,1230
285628,processed\features\285628_features.csv,990,15,990,0.9763257575757576,0,1.0,1.0,0.9763257575757576,1.0,0.9917140151515151,1,,1231
327631,processed\features\327631_features.csv,990,15,990,0.9763257575757576,0,1.0,1.0,0.9763257575757576,1.0,0.9917140151515151,1,,1232
387651,processed\features\387651_features.csv,990,15,990,0.9763257575757576,0,1.0,1.0,0.9763257575757576,1.0,0.9917140151515151,1,,1233
455040,processed\features\455040_features.csv,990,15,990,0.9763257575757576,0,1.0,1.0,0.9763257575757576,1.0,0.9917140151515151,1,,1234
460298,processed\features\460298_features.csv,990,15,990,0.9763257575757576,0,1.0,1.0,0.9763257575757576,1.0,0.9917140151515151,1,,1235
471868,processed\features\471868_features.csv,990,15,990,0.9763257575757576,0,1.0,1.0,0.9763257575757576,1.0,0.9917140151515151,1,,1236
485204,processed\features\485204_features.csv,990,15,990,0.9763257575757576,0,1.0,1.0,0.9763257575757576,1.0,0.9917140151515151,1,,1237
492027,processed\features\492027_features.csv,990,15,990,0.9763257575757576,0,1.0,1.0,0.9763257575757576,1.0,0.9917140151515151,1,,1238
62006,processed\features\62006_features.csv,990,15,990,0.9763257575757576,0,1.0,1.0,0.9763257575757576,1.0,0.9917140151515151,1,,1239
100848,processed\features\100848_features.csv,989,15,989,0.9763018200202225,0,1.0,1.0,0.9763018200202225,1.0,0.9917056370070779,1,,1240
123042,processed\features\123042_features.csv,989,15,989,0.9763018200202225,0,1.0,1.0,0.9763018200202225,1.0,0.9917056370070779,1,,1241
130686,processed\features\130686_features.csv,989,15,989,0.9763018200202225,0,1.0,1.0,0.9763018200202225,1.0,0.9917056370070779,1,,1242
164410,processed\features\164410_features.csv,989,15,989,0.9763018200202225,0,1.0,1.0,0.9763018200202225,1.0,0.9917056370070779,1,,1243
199693,processed\features\199693_features.csv,989,15,989,0.9763018200202225,0,1.0,1.0,0.9763018200202225,1.0,0.9917056370070779,1,,1244
211125,processed\features\211125_features.csv,989,15,989,0.9763018200202225,0,1.0,1.0,0.9763018200202225,1.0,0.9917056370070779,1,,1245
215854,processed\features\215854_features.csv,989,15,989,0.9763018200202225,0,1.0,1.0,0.9763018200202225,1.0,0.9917056370070779,1,,1246
217683,processed\features\217683_features.csv,989,15,989,0.9763018200202225,0,1.0,1.0,0.9763018200202225,1.0,0.9917056370070779,1,,1247
273870,processed\features\273870_features.csv,989,15,989,0.9763018200202225,0,1.0,1.0,0.9763018200202225,1.0,0.9917056370070779,1,,1248
279296,processed\features\279296_features.csv,989,15,989,0.9763018200202225,0,1.0,1.0,0.9763018200202225,1.0,0.9917056370070779,1,,1249
298472,processed\features\298472_features.csv,989,15,989,0.9763018200202225,0,1.0,1.0,0.9763018200202225,1.0,0.9917056370070779,1,,1250
347415,processed\features\347415_features.csv,989,15,989,0.9763018200202225,0,1.0,1.0,0.9763018200202225,1.0,0.9917056370070779,1,,1251
365825,processed\features\365825_features.csv,989,15,989,0.9763018200202225,0,1.0,1.0,0.9763018200202225,1.0,0.9917056370070779,1,,1252
391419,processed\features\391419_features.csv,989,15,989,0.9763018200202225,0,1.0,1.0,0.9763018200202225,1.0,0.9917056370070779,1,,1253
399981,processed\features\399981_features.csv,989,15,989,0.9763018200202225,0,1.0,1.0,0.9763018200202225,1.0,0.9917056370070779,1,,1254
408458,processed\features\408458_features.csv,989,15,989,0.9763018200202225,0,1.0,1.0,0.9763018200202225,1.0,0.9917056370070779,1,,1255
43368,processed\features\43368_features.csv,989,15,989,0.9763018200202225,0,1.0,1.0,0.9763018200202225,1.0,0.9917056370070779,1,,1256
467080,processed\features\467080_features.csv,989,15,989,0.9763018200202225,0,1.0,1.0,0.9763018200202225,1.0,0.9917056370070779,1,,1257
470120,processed\features\470120_features.csv,989,15,989,0.9763018200202225,0,1.0,1.0,0.9763018200202225,1.0,0.9917056370070779,1,,1258
507494,processed\features\507494_features.csv,989,15,989,0.9763018200202225,0,1.0,1.0,0.9763018200202225,1.0,0.9917056370070779,1,,1259
52167,processed\features\52167_features.csv,989,15,989,0.9763018200202225,0,1.0,1.0,0.9763018200202225,1.0,0.9917056370070779,1,,1260
53328,processed\features\53328_features.csv,989,15,989,0.9763018200202225,0,1.0,1.0,0.9763018200202225,1.0,0.9917056370070779,1,,1261
62373,processed\features\62373_features.csv,989,15,989,0.9763018200202225,0,1.0,1.0,0.9763018200202225,1.0,0.9917056370070779,1,,1262
81826,processed\features\81826_features.csv,989,15,989,0.9763018200202225,0,1.0,1.0,0.9763018200202225,1.0,0.9917056370070779,1,,1263
131437,processed\features\131437_features.csv,988,15,988,0.9762778340080972,0,1.0,1.0,0.9762778340080972,1.0,0.991697241902834,1,,1264
139411,processed\features\139411_features.csv,988,15,988,0.9762778340080972,0,1.0,1.0,0.9762778340080972,1.0,0.991697241902834,1,,1265
149074,processed\features\149074_features.csv,988,15,988,0.9762778340080972,0,1.0,1.0,0.9762778340080972,1.0,0.991697241902834,1,,1266
15039,processed\features\15039_features.csv,988,15,988,0.9762778340080972,0,1.0,1.0,0.9762778340080972,1.0,0.991697241902834,1,,1267
15305,processed\features\15305_features.csv,988,15,988,0.9762778340080972,0,1.0,1.0,0.9762778340080972,1.0,0.991697241902834,1,,1268
200156,processed\features\200156_features.csv,988,15,988,0.9762778340080972,0,1.0,1.0,0.9762778340080972,1.0,0.991697241902834,1,,1269
297608,processed\features\297608_features.csv,988,15,988,0.9762778340080972,0,1.0,1.0,0.9762778340080972,1.0,0.991697241902834,1,,1270
332121,processed\features\332121_features.csv,988,15,988,0.9762778340080972,0,1.0,1.0,0.9762778340080972,1.0,0.991697241902834,1,,1271
332544,processed\features\332544_features.csv,988,15,988,0.9762778340080972,0,1.0,1.0,0.9762778340080972,1.0,0.991697241902834,1,,1272
37312,processed\features\37312_features.csv,988,15,988,0.9762778340080972,0,1.0,1.0,0.9762778340080972,1.0,0.991697241902834,1,,1273
413859,processed\features\413859_features.csv,988,15,988,0.9762778340080972,0,1.0,1.0,0.9762778340080972,1.0,0.991697241902834,1,,1274
502514,processed\features\502514_features.csv,988,15,988,0.9762778340080972,0,1.0,1.0,0.9762778340080972,1.0,0.991697241902834,1,,1275
69449,processed\features\69449_features.csv,988,15,988,0.9762778340080972,0,1.0,1.0,0.9762778340080972,1.0,0.991697241902834,1,,1276
74714,processed\features\74714_features.csv,988,15,988,0.9762778340080972,0,1.0,1.0,0.9762778340080972,1.0,0.991697241902834,1,,1277
91518,processed\features\91518_features.csv,988,15,988,0.9762778340080972,0,1.0,1.0,0.9762778340080972,1.0,0.991697241902834,1,,1278
91654,processed\features\91654_features.csv,988,15,988,0.9762778340080972,0,1.0,1.0,0.9762778340080972,1.0,0.991697241902834,1,,1279
92963,processed\features\92963_features.csv,988,15,988,0.9762778340080972,0,1.0,1.0,0.9762778340080972,1.0,0.991697241902834,1,,1280
9911,processed\features\9911_features.csv,988,15,988,0.9762778340080972,0,1.0,1.0,0.9762778340080972,1.0,0.991697241902834,1,,1281
1273,processed\features\1273_features.csv,987,15,987,0.9762537993920972,0,1.0,1.0,0.9762537993920972,1.0,0.991688829787234,1,,1282
174339,processed\features\174339_features.csv,987,15,987,0.9762537993920972,0,1.0,1.0,0.9762537993920972,1.0,0.991688829787234,1,,1283
182135,processed\features\182135_features.csv,987,15,987,0.9762537993920972,0,1.0,1.0,0.9762537993920972,1.0,0.991688829787234,1,,1284
193210,processed\features\193210_features.csv,987,15,987,0.9762537993920972,0,1.0,1.0,0.9762537993920972,1.0,0.991688829787234,1,,1285
22589,processed\features\22589_features.csv,987,15,987,0.9762537993920972,0,1.0,1.0,0.9762537993920972,1.0,0.991688829787234,1,,1286
228559,processed\features\228559_features.csv,987,15,987,0.9762537993920972,0,1.0,1.0,0.9762537993920972,1.0,0.991688829787234,1,,1287
233492,processed\features\233492_features.csv,987,15,987,0.9762537993920972,0,1.0,1.0,0.9762537993920972,1.0,0.991688829787234,1,,1288
250626,processed\features\250626_features.csv,987,15,987,0.9762537993920972,0,1.0,1.0,0.9762537993920972,1.0,0.991688829787234,1,,1289
255024,processed\features\255024_features.csv,987,15,987,0.9762537993920972,0,1.0,1.0,0.9762537993920972,1.0,0.991688829787234,1,,1290
268296,processed\features\268296_features.csv,987,15,987,0.9762537993920972,0,1.0,1.0,0.9762537993920972,1.0,0.991688829787234,1,,1291
28194,processed\features\28194_features.csv,987,15,987,0.9762537993920972,0,1.0,1.0,0.9762537993920972,1.0,0.991688829787234,1,,1292
296756,processed\features\296756_features.csv,987,15,987,0.9762537993920972,0,1.0,1.0,0.9762537993920972,1.0,0.991688829787234,1,,1293
297612,processed\features\297612_features.csv,987,15,987,0.9762537993920972,0,1.0,1.0,0.9762537993920972,1.0,0.991688829787234,1,,1294
300315,processed\features\300315_features.csv,987,15,987,0.9762537993920972,0,1.0,1.0,0.9762537993920972,1.0,0.991688829787234,1,,1295
350817,processed\features\350817_features.csv,987,15,987,0.9762537993920972,0,1.0,1.0,0.9762537993920972,1.0,0.991688829787234,1,,1296
362397,processed\features\362397_features.csv,987,15,987,0.9762537993920972,0,1.0,1.0,0.9762537993920972,1.0,0.991688829787234,1,,1297
366887,processed\features\366887_features.csv,987,15,987,0.9762537993920972,0,1.0,1.0,0.9762537993920972,1.0,0.991688829787234,1,,1298
375638,processed\features\375638_features.csv,987,15,987,0.9762537993920972,0,1.0,1.0,0.9762537993920972,1.0,0.991688829787234,1,,1299
460978,processed\features\460978_features.csv,987,15,987,0.9762537993920972,0,1.0,1.0,0.9762537993920972,1.0,0.991688829787234,1,,1300
483260,processed\features\483260_features.csv,987,15,987,0.9762537993920972,0,1.0,1.0,0.9762537993920972,1.0,0.991688829787234,1,,1301
506291,processed\features\506291_features.csv,987,15,987,0.9762537993920972,0,1.0,1.0,0.9762537993920972,1.0,0.991688829787234,1,,1302
513142,processed\features\513142_features.csv,987,15,987,0.9762537993920972,0,1.0,1.0,0.9762537993920972,1.0,0.991688829787234,1,,1303
64730,processed\features\64730_features.csv,987,15,987,0.9762537993920972,0,1.0,1.0,0.9762537993920972,1.0,0.991688829787234,1,,1304
78163,processed\features\78163_features.csv,987,15,987,0.9762537993920972,0,1.0,1.0,0.9762537993920972,1.0,0.991688829787234,1,,1305
91322,processed\features\91322_features.csv,987,15,987,0.9762537993920972,0,1.0,1.0,0.9762537993920972,1.0,0.991688829787234,1,,1306
103691,processed\features\103691_features.csv,986,15,986,0.9762297160243407,0,1.0,1.0,0.9762297160243407,1.0,0.9916804006085193,1,,1307
134614,processed\features\134614_features.csv,986,15,986,0.9762297160243407,0,1.0,1.0,0.9762297160243407,1.0,0.9916804006085193,1,,1308
143674,processed\features\143674_features.csv,986,15,986,0.9762297160243407,0,1.0,1.0,0.9762297160243407,1.0,0.9916804006085193,1,,1309
147995,processed\features\147995_features.csv,986,15,986,0.9762297160243407,0,1.0,1.0,0.9762297160243407,1.0,0.9916804006085193,1,,1310
164100,processed\features\164100_features.csv,986,15,986,0.9762297160243407,0,1.0,1.0,0.9762297160243407,1.0,0.9916804006085193,1,,1311
166595,processed\features\166595_features.csv,986,15,986,0.9762297160243407,0,1.0,1.0,0.9762297160243407,1.0,0.9916804006085193,1,,1312
176872,processed\features\176872_features.csv,986,15,986,0.9762297160243407,0,1.0,1.0,0.9762297160243407,1.0,0.9916804006085193,1,,1313
181533,processed\features\181533_features.csv,986,15,986,0.9762297160243407,0,1.0,1.0,0.9762297160243407,1.0,0.9916804006085193,1,,1314
185009,processed\features\185009_features.csv,986,15,986,0.9762297160243407,0,1.0,1.0,0.9762297160243407,1.0,0.9916804006085193,1,,1315
209220,processed\features\209220_features.csv,986,15,986,0.9762297160243407,0,1.0,1.0,0.9762297160243407,1.0,0.9916804006085193,1,,1316
254008,processed\features\254008_features.csv,986,15,986,0.9762297160243407,0,1.0,1.0,0.9762297160243407,1.0,0.9916804006085193,1,,1317
263857,processed\features\263857_features.csv,986,15,986,0.9762297160243407,0,1.0,1.0,0.9762297160243407,1.0,0.9916804006085193,1,,1318
298466,processed\features\298466_features.csv,986,15,986,0.9762297160243407,0,1.0,1.0,0.9762297160243407,1.0,0.9916804006085193,1,,1319
310716,processed\features\310716_features.csv,986,15,986,0.9762297160243407,0,1.0,1.0,0.9762297160243407,1.0,0.9916804006085193,1,,1320
329588,processed\features\329588_features.csv,986,15,986,0.9762297160243407,0,1.0,1.0,0.9762297160243407,1.0,0.9916804006085193,1,,1321
358436,processed\features\358436_features.csv,986,15,986,0.9762297160243407,0,1.0,1.0,0.9762297160243407,1.0,0.9916804006085193,1,,1322
376061,processed\features\376061_features.csv,986,15,986,0.9762297160243407,0,1.0,1.0,0.9762297160243407,1.0,0.9916804006085193,1,,1323
381851,processed\features\381851_features.csv,986,15,986,0.9762297160243407,0,1.0,1.0,0.9762297160243407,1.0,0.9916804006085193,1,,1324
403845,processed\features\403845_features.csv,986,15,986,0.9762297160243407,0,1.0,1.0,0.9762297160243407,1.0,0.9916804006085193,1,,1325
432789,processed\features\432789_features.csv,986,15,986,0.9762297160243407,0,1.0,1.0,0.9762297160243407,1.0,0.9916804006085193,1,,1326
484992,processed\features\484992_features.csv,986,15,986,0.9762297160243407,0,1.0,1.0,0.9762297160243407,1.0,0.9916804006085193,1,,1327
506769,processed\features\506769_features.csv,986,15,986,0.9762297160243407,0,1.0,1.0,0.9762297160243407,1.0,0.9916804006085193,1,,1328
510815,processed\features\510815_features.csv,986,15,986,0.9762297160243407,0,1.0,1.0,0.9762297160243407,1.0,0.9916804006085193,1,,1329
68547,processed\features\68547_features.csv,986,15,986,0.9762297160243407,0,1.0,1.0,0.9762297160243407,1.0,0.9916804006085193,1,,1330
76934,processed\features\76934_features.csv,986,15,986,0.9762297160243407,0,1.0,1.0,0.9762297160243407,1.0,0.9916804006085193,1,,1331
8818,processed\features\8818_features.csv,986,15,986,0.9762297160243407,0,1.0,1.0,0.9762297160243407,1.0,0.9916804006085193,1,,1332
112612,processed\features\112612_features.csv,985,15,985,0.9762055837563451,0,1.0,1.0,0.9762055837563451,1.0,0.9916719543147209,1,,1333
119035,processed\features\119035_features.csv,985,15,985,0.9762055837563451,0,1.0,1.0,0.9762055837563451,1.0,0.9916719543147209,1,,1334
133273,processed\features\133273_features.csv,985,15,985,0.9762055837563451,0,1.0,1.0,0.9762055837563451,1.0,0.9916719543147209,1,,1335
148769,processed\features\148769_features.csv,985,15,985,0.9762055837563451,0,1.0,1.0,0.9762055837563451,1.0,0.9916719543147209,1,,1336
159088,processed\features\159088_features.csv,985,15,985,0.9762055837563451,0,1.0,1.0,0.9762055837563451,1.0,0.9916719543147209,1,,1337
188476,processed\features\188476_features.csv,985,15,985,0.9762055837563451,0,1.0,1.0,0.9762055837563451,1.0,0.9916719543147209,1,,1338
198969,processed\features\198969_features.csv,985,15,985,0.9762055837563451,0,1.0,1.0,0.9762055837563451,1.0,0.9916719543147209,1,,1339
217154,processed\features\217154_features.csv,985,15,985,0.9762055837563451,0,1.0,1.0,0.9762055837563451,1.0,0.9916719543147209,1,,1340
241392,processed\features\241392_features.csv,985,15,985,0.9762055837563451,0,1.0,1.0,0.9762055837563451,1.0,0.9916719543147209,1,,1341
249367,processed\features\249367_features.csv,985,15,985,0.9762055837563451,0,1.0,1.0,0.9762055837563451,1.0,0.9916719543147209,1,,1342
251564,processed\features\251564_features.csv,985,15,985,0.9762055837563451,0,1.0,1.0,0.9762055837563451,1.0,0.9916719543147209,1,,1343
251691,processed\features\251691_features.csv,985,15,985,0.9762055837563451,0,1.0,1.0,0.9762055837563451,1.0,0.9916719543147209,1,,1344
251869,processed\features\251869_features.csv,985,15,985,0.9762055837563451,0,1.0,1.0,0.9762055837563451,1.0,0.9916719543147209,1,,1345
265925,processed\features\265925_features.csv,985,15,985,0.9762055837563451,0,1.0,1.0,0.9762055837563451,1.0,0.9916719543147209,1,,1346
283149,processed\features\283149_features.csv,985,15,985,0.9762055837563451,0,1.0,1.0,0.9762055837563451,1.0,0.9916719543147209,1,,1347
302409,processed\features\302409_features.csv,985,15,985,0.9762055837563451,0,1.0,1.0,0.9762055837563451,1.0,0.9916719543147209,1,,1348
343614,processed\features\343614_features.csv,985,15,985,0.9762055837563451,0,1.0,1.0,0.9762055837563451,1.0,0.9916719543147209,1,,1349
391198,processed\features\391198_features.csv,985,15,985,0.9762055837563451,0,1.0,1.0,0.9762055837563451,1.0,0.9916719543147209,1,,1350
398395,processed\features\398395_features.csv,985,15,985,0.9762055837563451,0,1.0,1.0,0.9762055837563451,1.0,0.9916719543147209,1,,1351
403638,processed\features\403638_features.csv,985,15,985,0.9762055837563451,0,1.0,1.0,0.9762055837563451,1.0,0.9916719543147209,1,,1352
406794,processed\features\406794_features.csv,985,15,985,0.9762055837563451,0,1.0,1.0,0.9762055837563451,1.0,0.9916719543147209,1,,1353
43638,processed\features\43638_features.csv,985,15,985,0.9762055837563451,0,1.0,1.0,0.9762055837563451,1.0,0.9916719543147209,1,,1354
461568,processed\features\461568_features.csv,985,15,985,0.9762055837563451,0,1.0,1.0,0.9762055837563451,1.0,0.9916719543147209,1,,1355
476238,processed\features\476238_features.csv,985,15,985,0.9762055837563451,0,1.0,1.0,0.9762055837563451,1.0,0.9916719543147209,1,,1356
502693,processed\features\502693_features.csv,985,15,985,0.9762055837563451,0,1.0,1.0,0.9762055837563451,1.0,0.9916719543147209,1,,1357
504360,processed\features\504360_features.csv,985,15,985,0.9762055837563451,0,1.0,1.0,0.9762055837563451,1.0,0.9916719543147209,1,,1358
508237,processed\features\508237_features.csv,985,15,985,0.9762055837563451,0,1.0,1.0,0.9762055837563451,1.0,0.9916719543147209,1,,1359
50922,processed\features\50922_features.csv,985,15,985,0.9762055837563451,0,1.0,1.0,0.9762055837563451,1.0,0.9916719543147209,1,,1360
53315,processed\features\53315_features.csv,985,15,985,0.9762055837563451,0,1.0,1.0,0.9762055837563451,1.0,0.9916719543147209,1,,1361
60943,processed\features\60943_features.csv,985,15,985,0.9762055837563451,0,1.0,1.0,0.9762055837563451,1.0,0.9916719543147209,1,,1362
65127,processed\features\65127_features.csv,985,15,985,0.9762055837563451,0,1.0,1.0,0.9762055837563451,1.0,0.9916719543147209,1,,1363
91062,processed\features\91062_features.csv,985,15,985,0.9762055837563451,0,1.0,1.0,0.9762055837563451,1.0,0.9916719543147209,1,,1364
99448,processed\features\99448_features.csv,985,15,985,0.9762055837563451,0,1.0,1.0,0.9762055837563451,1.0,0.9916719543147209,1,,1365
173121,processed\features\173121_features.csv,984,15,984,0.9761814024390244,0,1.0,1.0,0.9761814024390244,1.0,0.9916634908536586,1,,1366
18239,processed\features\18239_features.csv,984,15,984,0.9761814024390244,0,1.0,1.0,0.9761814024390244,1.0,0.9916634908536586,1,,1367
18621,processed\features\18621_features.csv,984,15,984,0.9761814024390244,0,1.0,1.0,0.9761814024390244,1.0,0.9916634908536586,1,,1368
204126,processed\features\204126_features.csv,984,15,984,0.9761814024390244,0,1.0,1.0,0.9761814024390244,1.0,0.9916634908536586,1,,1369
209905,processed\features\209905_features.csv,984,15,984,0.9761814024390244,0,1.0,1.0,0.9761814024390244,1.0,0.9916634908536586,1,,1370
232277,processed\features\232277_features.csv,984,15,984,0.9761814024390244,0,1.0,1.0,0.9761814024390244,1.0,0.9916634908536586,1,,1371
251985,processed\features\251985_features.csv,984,15,984,0.9761814024390244,0,1.0,1.0,0.9761814024390244,1.0,0.9916634908536586,1,,1372
258178,processed\features\258178_features.csv,984,15,984,0.9761814024390244,0,1.0,1.0,0.9761814024390244,1.0,0.9916634908536586,1,,1373
298781,processed\features\298781_features.csv,984,15,984,0.9761814024390244,0,1.0,1.0,0.9761814024390244,1.0,0.9916634908536586,1,,1374
298910,processed\features\298910_features.csv,984,15,984,0.9761814024390244,0,1.0,1.0,0.9761814024390244,1.0,0.9916634908536586,1,,1375
306363,processed\features\306363_features.csv,984,15,984,0.9761814024390244,0,1.0,1.0,0.9761814024390244,1.0,0.9916634908536586,1,,1376
342272,processed\features\342272_features.csv,984,15,984,0.9761814024390244,0,1.0,1.0,0.9761814024390244,1.0,0.9916634908536586,1,,1377
380591,processed\features\380591_features.csv,984,15,984,0.9761814024390244,0,1.0,1.0,0.9761814024390244,1.0,0.9916634908536586,1,,1378
412125,processed\features\412125_features.csv,984,15,984,0.9761814024390244,0,1.0,1.0,0.9761814024390244,1.0,0.9916634908536586,1,,1379
420288,processed\features\420288_features.csv,984,15,984,0.9761814024390244,0,1.0,1.0,0.9761814024390244,1.0,0.9916634908536586,1,,1380
424904,processed\features\424904_features.csv,984,15,984,0.9761814024390244,0,1.0,1.0,0.9761814024390244,1.0,0.9916634908536586,1,,1381
489892,processed\features\489892_features.csv,984,15,984,0.9761814024390244,0,1.0,1.0,0.9761814024390244,1.0,0.9916634908536586,1,,1382
517732,processed\features\517732_features.csv,984,15,984,0.9761814024390244,0,1.0,1.0,0.9761814024390244,1.0,0.9916634908536586,1,,1383
57129,processed\features\57129_features.csv,984,15,984,0.9761814024390244,0,1.0,1.0,0.9761814024390244,1.0,0.9916634908536586,1,,1384
61975,processed\features\61975_features.csv,984,15,984,0.9761814024390244,0,1.0,1.0,0.9761814024390244,1.0,0.9916634908536586,1,,1385
80604,processed\features\80604_features.csv,984,15,984,0.9761814024390244,0,1.0,1.0,0.9761814024390244,1.0,0.9916634908536586,1,,1386
84008,processed\features\84008_features.csv,984,15,984,0.9761814024390244,0,1.0,1.0,0.9761814024390244,1.0,0.9916634908536586,1,,1387
105884,processed\features\105884_features.csv,983,15,983,0.9761571719226857,0,1.0,1.0,0.9761571719226857,1.0,0.99165501017294,1,,1388
129363,processed\features\129363_features.csv,983,15,983,0.9761571719226857,0,1.0,1.0,0.9761571719226857,1.0,0.99165501017294,1,,1389
14667,processed\features\14667_features.csv,983,15,983,0.9761571719226857,0,1.0,1.0,0.9761571719226857,1.0,0.99165501017294,1,,1390
16537,processed\features\16537_features.csv,983,15,983,0.9761571719226857,0,1.0,1.0,0.9761571719226857,1.0,0.99165501017294,1,,1391
17636,processed\features\17636_features.csv,983,15,983,0.9761571719226857,0,1.0,1.0,0.9761571719226857,1.0,0.99165501017294,1,,1392
205799,processed\features\205799_features.csv,983,15,983,0.9761571719226857,0,1.0,1.0,0.9761571719226857,1.0,0.99165501017294,1,,1393
242968,processed\features\242968_features.csv,983,15,983,0.9761571719226857,0,1.0,1.0,0.9761571719226857,1.0,0.99165501017294,1,,1394
252051,processed\features\252051_features.csv,983,15,983,0.9761571719226857,0,1.0,1.0,0.9761571719226857,1.0,0.99165501017294,1,,1395
267205,processed\features\267205_features.csv,983,15,983,0.9761571719226857,0,1.0,1.0,0.9761571719226857,1.0,0.99165501017294,1,,1396
269640,processed\features\269640_features.csv,983,15,983,0.9761571719226857,0,1.0,1.0,0.9761571719226857,1.0,0.99165501017294,1,,1397
290379,processed\features\290379_features.csv,983,15,983,0.9761571719226857,0,1.0,1.0,0.9761571719226857,1.0,0.99165501017294,1,,1398
330911,processed\features\330911_features.csv,983,15,983,0.9761571719226857,0,1.0,1.0,0.9761571719226857,1.0,0.99165501017294,1,,1399
338894,processed\features\338894_features.csv,983,15,983,0.9761571719226857,0,1.0,1.0,0.9761571719226857,1.0,0.99165501017294,1,,1400
344104,processed\features\344104_features.csv,983,15,983,0.9761571719226857,0,1.0,1.0,0.9761571719226857,1.0,0.99165501017294,1,,1401
345498,processed\features\345498_features.csv,983,15,983,0.9761571719226857,0,1.0,1.0,0.9761571719226857,1.0,0.99165501017294,1,,1402
35711,processed\features\35711_features.csv,983,15,983,0.9761571719226857,0,1.0,1.0,0.9761571719226857,1.0,0.99165501017294,1,,1403
376399,processed\features\376399_features.csv,983,15,983,0.9761571719226857,0,1.0,1.0,0.9761571719226857,1.0,0.99165501017294,1,,1404
380419,processed\features\380419_features.csv,983,15,983,0.9761571719226857,0,1.0,1.0,0.9761571719226857,1.0,0.99165501017294,1,,1405
394839,processed\features\394839_features.csv,983,15,983,0.9761571719226857,0,1.0,1.0,0.9761571719226857,1.0,0.99165501017294,1,,1406
438947,processed\features\438947_features.csv,983,15,983,0.9761571719226857,0,1.0,1.0,0.9761571719226857,1.0,0.99165501017294,1,,1407
51520,processed\features\51520_features.csv,983,15,983,0.9761571719226857,0,1.0,1.0,0.9761571719226857,1.0,0.99165501017294,1,,1408
66782,processed\features\66782_features.csv,983,15,983,0.9761571719226857,0,1.0,1.0,0.9761571719226857,1.0,0.99165501017294,1,,1409
74538,processed\features\74538_features.csv,983,15,983,0.9761571719226857,0,1.0,1.0,0.9761571719226857,1.0,0.99165501017294,1,,1410
77765,processed\features\77765_features.csv,983,15,983,0.9761571719226857,0,1.0,1.0,0.9761571719226857,1.0,0.99165501017294,1,,1411
79563,processed\features\79563_features.csv,983,15,983,0.9761571719226857,0,1.0,1.0,0.9761571719226857,1.0,0.99165501017294,1,,1412
115475,processed\features\115475_features.csv,982,15,982,0.9761328920570265,0,1.0,1.0,0.9761328920570265,1.0,0.9916465122199593,1,,1413
147843,processed\features\147843_features.csv,982,15,982,0.9761328920570265,0,1.0,1.0,0.9761328920570265,1.0,0.9916465122199593,1,,1414
150114,processed\features\150114_features.csv,982,15,982,0.9761328920570265,0,1.0,1.0,0.9761328920570265,1.0,0.9916465122199593,1,,1415
212404,processed\features\212404_features.csv,982,15,982,0.9761328920570265,0,1.0,1.0,0.9761328920570265,1.0,0.9916465122199593,1,,1416
221875,processed\features\221875_features.csv,982,15,982,0.9761328920570265,0,1.0,1.0,0.9761328920570265,1.0,0.9916465122199593,1,,1417
255167,processed\features\255167_features.csv,982,15,982,0.9761328920570265,0,1.0,1.0,0.9761328920570265,1.0,0.9916465122199593,1,,1418
274973,processed\features\274973_features.csv,982,15,982,0.9761328920570265,0,1.0,1.0,0.9761328920570265,1.0,0.9916465122199593,1,,1419
277228,processed\features\277228_features.csv,982,15,982,0.9761328920570265,0,1.0,1.0,0.9761328920570265,1.0,0.9916465122199593,1,,1420
29409,processed\features\29409_features.csv,982,15,982,0.9761328920570265,0,1.0,1.0,0.9761328920570265,1.0,0.9916465122199593,1,,1421
34200,processed\features\34200_features.csv,982,15,982,0.9761328920570265,0,1.0,1.0,0.9761328920570265,1.0,0.9916465122199593,1,,1422
347372,processed\features\347372_features.csv,982,15,982,0.9761328920570265,0,1.0,1.0,0.9761328920570265,1.0,0.9916465122199593,1,,1423
349742,processed\features\349742_features.csv,982,15,982,0.9761328920570265,0,1.0,1.0,0.9761328920570265,1.0,0.9916465122199593,1,,1424
363681,processed\features\363681_features.csv,982,15,982,0.9761328920570265,0,1.0,1.0,0.9761328920570265,1.0,0.9916465122199593,1,,1425
374336,processed\features\374336_features.csv,982,15,982,0.9761328920570265,0,1.0,1.0,0.9761328920570265,1.0,0.9916465122199593,1,,1426
430467,processed\features\430467_features.csv,982,15,982,0.9761328920570265,0,1.0,1.0,0.9761328920570265,1.0,0.9916465122199593,1,,1427
471629,processed\features\471629_features.csv,982,15,982,0.9761328920570265,0,1.0,1.0,0.9761328920570265,1.0,0.9916465122199593,1,,1428
490076,processed\features\490076_features.csv,982,15,982,0.9761328920570265,0,1.0,1.0,0.9761328920570265,1.0,0.9916465122199593,1,,1429
494480,processed\features\494480_features.csv,982,15,982,0.9761328920570265,0,1.0,1.0,0.9761328920570265,1.0,0.9916465122199593,1,,1430
500976,processed\features\500976_features.csv,982,15,982,0.9761328920570265,0,1.0,1.0,0.9761328920570265,1.0,0.9916465122199593,1,,1431
517703,processed\features\517703_features.csv,982,15,982,0.9761328920570265,0,1.0,1.0,0.9761328920570265,1.0,0.9916465122199593,1,,1432
52112,processed\features\52112_features.csv,982,15,982,0.9761328920570265,0,1.0,1.0,0.9761328920570265,1.0,0.9916465122199593,1,,1433
5270,processed\features\5270_features.csv,982,15,982,0.9761328920570265,0,1.0,1.0,0.9761328920570265,1.0,0.9916465122199593,1,,1434
57878,processed\features\57878_features.csv,982,15,982,0.9761328920570265,0,1.0,1.0,0.9761328920570265,1.0,0.9916465122199593,1,,1435
59493,processed\features\59493_features.csv,982,15,982,0.9761328920570265,0,1.0,1.0,0.9761328920570265,1.0,0.9916465122199593,1,,1436
73605,processed\features\73605_features.csv,982,15,982,0.9761328920570265,0,1.0,1.0,0.9761328920570265,1.0,0.9916465122199593,1,,1437
81502,processed\features\81502_features.csv,982,15,982,0.9761328920570265,0,1.0,1.0,0.9761328920570265,1.0,0.9916465122199593,1,,1438
8377,processed\features\8377_features.csv,982,15,982,0.9761328920570265,0,1.0,1.0,0.9761328920570265,1.0,0.9916465122199593,1,,1439
105765,processed\features\105765_features.csv,981,15,981,0.9761085626911316,0,1.0,1.0,0.9761085626911316,1.0,0.991637996941896,1,,1440
112580,processed\features\112580_features.csv,981,15,981,0.9761085626911316,0,1.0,1.0,0.9761085626911316,1.0,0.991637996941896,1,,1441
113100,processed\features\113100_features.csv,981,15,981,0.9761085626911316,0,1.0,1.0,0.9761085626911316,1.0,0.991637996941896,1,,1442
132200,processed\features\132200_features.csv,981,15,981,0.9761085626911316,0,1.0,1.0,0.9761085626911316,1.0,0.991637996941896,1,,1443
143811,processed\features\143811_features.csv,981,15,981,0.9761085626911316,0,1.0,1.0,0.9761085626911316,1.0,0.991637996941896,1,,1444
161330,processed\features\161330_features.csv,981,15,981,0.9761085626911316,0,1.0,1.0,0.9761085626911316,1.0,0.991637996941896,1,,1445
17350,processed\features\17350_features.csv,981,15,981,0.9761085626911316,0,1.0,1.0,0.9761085626911316,1.0,0.991637996941896,1,,1446
174905,processed\features\174905_features.csv,981,15,981,0.9761085626911316,0,1.0,1.0,0.9761085626911316,1.0,0.991637996941896,1,,1447
180749,processed\features\180749_features.csv,981,15,981,0.9761085626911316,0,1.0,1.0,0.9761085626911316,1.0,0.991637996941896,1,,1448
257662,processed\features\257662_features.csv,981,15,981,0.9761085626911316,0,1.0,1.0,0.9761085626911316,1.0,0.991637996941896,1,,1449
276407,processed\features\276407_features.csv,981,15,981,0.9761085626911316,0,1.0,1.0,0.9761085626911316,1.0,0.991637996941896,1,,1450
282772,processed\features\282772_features.csv,981,15,981,0.9761085626911316,0,1.0,1.0,0.9761085626911316,1.0,0.991637996941896,1,,1451
31108,processed\features\31108_features.csv,981,15,981,0.9761085626911316,0,1.0,1.0,0.9761085626911316,1.0,0.991637996941896,1,,1452
323126,processed\features\323126_features.csv,981,15,981,0.9761085626911316,0,1.0,1.0,0.9761085626911316,1.0,0.991637996941896,1,,1453
364127,processed\features\364127_features.csv,981,15,981,0.9761085626911316,0,1.0,1.0,0.9761085626911316,1.0,0.991637996941896,1,,1454
380829,processed\features\380829_features.csv,981,15,981,0.9761085626911316,0,1.0,1.0,0.9761085626911316,1.0,0.991637996941896,1,,1455
410630,processed\features\410630_features.csv,981,15,981,0.9761085626911316,0,1.0,1.0,0.9761085626911316,1.0,0.991637996941896,1,,1456
441441,processed\features\441441_features.csv,981,15,981,0.9761085626911316,0,1.0,1.0,0.9761085626911316,1.0,0.991637996941896,1,,1457
502085,processed\features\502085_features.csv,981,15,981,0.9761085626911316,0,1.0,1.0,0.9761085626911316,1.0,0.991637996941896,1,,1458
77448,processed\features\77448_features.csv,981,15,981,0.9761085626911316,0,1.0,1.0,0.9761085626911316,1.0,0.991637996941896,1,,1459
90598,processed\features\90598_features.csv,981,15,981,0.9761085626911316,0,1.0,1.0,0.9761085626911316,1.0,0.991637996941896,1,,1460
102172,processed\features\102172_features.csv,980,15,980,0.9760841836734694,0,1.0,1.0,0.9760841836734694,1.0,0.9916294642857143,1,,1461
139005,processed\features\139005_features.csv,980,15,980,0.9760841836734694,0,1.0,1.0,0.9760841836734694,1.0,0.9916294642857143,1,,1462
140945,processed\features\140945_features.csv,980,15,980,0.9760841836734694,0,1.0,1.0,0.9760841836734694,1.0,0.9916294642857143,1,,1463
149494,processed\features\149494_features.csv,980,15,980,0.9760841836734694,0,1.0,1.0,0.9760841836734694,1.0,0.9916294642857143,1,,1464
167581,processed\features\167581_features.csv,980,15,980,0.9760841836734694,0,1.0,1.0,0.9760841836734694,1.0,0.9916294642857143,1,,1465
174335,processed\features\174335_features.csv,980,15,980,0.9760841836734694,0,1.0,1.0,0.9760841836734694,1.0,0.9916294642857143,1,,1466
18244,processed\features\18244_features.csv,980,15,980,0.9760841836734694,0,1.0,1.0,0.9760841836734694,1.0,0.9916294642857143,1,,1467
201019,processed\features\201019_features.csv,980,15,980,0.9760841836734694,0,1.0,1.0,0.9760841836734694,1.0,0.9916294642857143,1,,1468
221516,processed\features\221516_features.csv,980,15,980,0.9760841836734694,0,1.0,1.0,0.9760841836734694,1.0,0.9916294642857143,1,,1469
224140,processed\features\224140_features.csv,980,15,980,0.9760841836734694,0,1.0,1.0,0.9760841836734694,1.0,0.9916294642857143,1,,1470
227420,processed\features\227420_features.csv,980,15,980,0.9760841836734694,0,1.0,1.0,0.9760841836734694,1.0,0.9916294642857143,1,,1471
237684,processed\features\237684_features.csv,980,15,980,0.9760841836734694,0,1.0,1.0,0.9760841836734694,1.0,0.9916294642857143,1,,1472
238681,processed\features\238681_features.csv,980,15,980,0.9760841836734694,0,1.0,1.0,0.9760841836734694,1.0,0.9916294642857143,1,,1473
265678,processed\features\265678_features.csv,980,15,980,0.9760841836734694,0,1.0,1.0,0.9760841836734694,1.0,0.9916294642857143,1,,1474
274655,processed\features\274655_features.csv,980,15,980,0.9760841836734694,0,1.0,1.0,0.9760841836734694,1.0,0.9916294642857143,1,,1475
302519,processed\features\302519_features.csv,980,15,980,0.9760841836734694,0,1.0,1.0,0.9760841836734694,1.0,0.9916294642857143,1,,1476
303276,processed\features\303276_features.csv,980,15,980,0.9760841836734694,0,1.0,1.0,0.9760841836734694,1.0,0.9916294642857143,1,,1477
338119,processed\features\338119_features.csv,980,15,980,0.9760841836734694,0,1.0,1.0,0.9760841836734694,1.0,0.9916294642857143,1,,1478
341207,processed\features\341207_features.csv,980,15,980,0.9760841836734694,0,1.0,1.0,0.9760841836734694,1.0,0.9916294642857143,1,,1479
358427,processed\features\358427_features.csv,980,15,980,0.9760841836734694,0,1.0,1.0,0.9760841836734694,1.0,0.9916294642857143,1,,1480
369492,processed\features\369492_features.csv,980,15,980,0.9760841836734694,0,1.0,1.0,0.9760841836734694,1.0,0.9916294642857143,1,,1481
402955,processed\features\402955_features.csv,980,15,980,0.9760841836734694,0,1.0,1.0,0.9760841836734694,1.0,0.9916294642857143,1,,1482
449312,processed\features\449312_features.csv,980,15,980,0.9760841836734694,0,1.0,1.0,0.9760841836734694,1.0,0.9916294642857143,1,,1483
465503,processed\features\465503_features.csv,980,15,980,0.9760841836734694,0,1.0,1.0,0.9760841836734694,1.0,0.9916294642857143,1,,1484
47039,processed\features\47039_features.csv,980,15,980,0.9760841836734694,0,1.0,1.0,0.9760841836734694,1.0,0.9916294642857143,1,,1485
49930,processed\features\49930_features.csv,980,15,980,0.9760841836734694,0,1.0,1.0,0.9760841836734694,1.0,0.9916294642857143,1,,1486
72123,processed\features\72123_features.csv,980,15,980,0.9760841836734694,0,1.0,1.0,0.9760841836734694,1.0,0.9916294642857143,1,,1487
92304,processed\features\92304_features.csv,980,15,980,0.9760841836734694,0,1.0,1.0,0.9760841836734694,1.0,0.9916294642857143,1,,1488
12081,processed\features\12081_features.csv,979,15,979,0.9760597548518897,0,1.0,1.0,0.9760597548518897,1.0,0.9916209141981615,1,,1489
127758,processed\features\127758_features.csv,979,15,979,0.9760597548518897,0,1.0,1.0,0.9760597548518897,1.0,0.9916209141981615,1,,1490
160750,processed\features\160750_features.csv,979,15,979,0.9760597548518897,0,1.0,1.0,0.9760597548518897,1.0,0.9916209141981615,1,,1491
220868,processed\features\220868_features.csv,979,15,979,0.9760597548518897,0,1.0,1.0,0.9760597548518897,1.0,0.9916209141981615,1,,1492
240305,processed\features\240305_features.csv,979,15,979,0.9760597548518897,0,1.0,1.0,0.9760597548518897,1.0,0.9916209141981615,1,,1493
295642,processed\features\295642_features.csv,979,15,979,0.9760597548518897,0,1.0,1.0,0.9760597548518897,1.0,0.9916209141981615,1,,1494
299378,processed\features\299378_features.csv,979,15,979,0.9760597548518897,0,1.0,1.0,0.9760597548518897,1.0,0.9916209141981615,1,,1495
301441,processed\features\301441_features.csv,979,15,979,0.9760597548518897,0,1.0,1.0,0.9760597548518897,1.0,0.9916209141981615,1,,1496
330624,processed\features\330624_features.csv,979,15,979,0.9760597548518897,0,1.0,1.0,0.9760597548518897,1.0,0.9916209141981615,1,,1497
349083,processed\features\349083_features.csv,979,15,979,0.9760597548518897,0,1.0,1.0,0.9760597548518897,1.0,0.9916209141981615,1,,1498
355621,processed\features\355621_features.csv,979,15,979,0.9760597548518897,0,1.0,1.0,0.9760597548518897,1.0,0.9916209141981615,1,,1499
373130,processed\features\373130_features.csv,979,15,979,0.9760597548518897,0,1.0,1.0,0.9760597548518897,1.0,0.9916209141981615,1,,1500
374302,processed\features\374302_features.csv,979,15,979,0.9760597548518897,0,1.0,1.0,0.9760597548518897,1.0,0.9916209141981615,1,,1501
434545,processed\features\434545_features.csv,979,15,979,0.9760597548518897,0,1.0,1.0,0.9760597548518897,1.0,0.9916209141981615,1,,1502
489176,processed\features\489176_features.csv,979,15,979,0.9760597548518897,0,1.0,1.0,0.9760597548518897,1.0,0.9916209141981615,1,,1503
498191,processed\features\498191_features.csv,979,15,979,0.9760597548518897,0,1.0,1.0,0.9760597548518897,1.0,0.9916209141981615,1,,1504
512966,processed\features\512966_features.csv,979,15,979,0.9760597548518897,0,1.0,1.0,0.9760597548518897,1.0,0.9916209141981615,1,,1505
6789,processed\features\6789_features.csv,979,15,979,0.9760597548518897,0,1.0,1.0,0.9760597548518897,1.0,0.9916209141981615,1,,1506
70610,processed\features\70610_features.csv,979,15,979,0.9760597548518897,0,1.0,1.0,0.9760597548518897,1.0,0.9916209141981615,1,,1507
76374,processed\features\76374_features.csv,979,15,979,0.9760597548518897,0,1.0,1.0,0.9760597548518897,1.0,0.9916209141981615,1,,1508
78625,processed\features\78625_features.csv,979,15,979,0.9760597548518897,0,1.0,1.0,0.9760597548518897,1.0,0.9916209141981615,1,,1509
9353,processed\features\9353_features.csv,979,15,979,0.9760597548518897,0,1.0,1.0,0.9760597548518897,1.0,0.9916209141981615,1,,1510
104712,processed\features\104712_features.csv,978,15,978,0.9760352760736196,0,1.0,1.0,0.9760352760736196,1.0,0.9916123466257668,1,,1511
127245,processed\features\127245_features.csv,978,15,978,0.9760352760736196,0,1.0,1.0,0.9760352760736196,1.0,0.9916123466257668,1,,1512
16176,processed\features\16176_features.csv,978,15,978,0.9760352760736196,0,1.0,1.0,0.9760352760736196,1.0,0.9916123466257668,1,,1513
198395,processed\features\198395_features.csv,978,15,978,0.9760352760736196,0,1.0,1.0,0.9760352760736196,1.0,0.9916123466257668,1,,1514
225563,processed\features\225563_features.csv,978,15,978,0.9760352760736196,0,1.0,1.0,0.9760352760736196,1.0,0.9916123466257668,1,,1515
240446,processed\features\240446_features.csv,978,15,978,0.9760352760736196,0,1.0,1.0,0.9760352760736196,1.0,0.9916123466257668,1,,1516
240517,processed\features\240517_features.csv,978,15,978,0.9760352760736196,0,1.0,1.0,0.9760352760736196,1.0,0.9916123466257668,1,,1517
243173,processed\features\243173_features.csv,978,15,978,0.9760352760736196,0,1.0,1.0,0.9760352760736196,1.0,0.9916123466257668,1,,1518
263924,processed\features\263924_features.csv,978,15,978,0.9760352760736196,0,1.0,1.0,0.9760352760736196,1.0,0.9916123466257668,1,,1519
301408,processed\features\301408_features.csv,978,15,978,0.9760352760736196,0,1.0,1.0,0.9760352760736196,1.0,0.9916123466257668,1,,1520
310312,processed\features\310312_features.csv,978,15,978,0.9760352760736196,0,1.0,1.0,0.9760352760736196,1.0,0.9916123466257668,1,,1521
341617,processed\features\341617_features.csv,978,15,978,0.9760352760736196,0,1.0,1.0,0.9760352760736196,1.0,0.9916123466257668,1,,1522
359466,processed\features\359466_features.csv,978,15,978,0.9760352760736196,0,1.0,1.0,0.9760352760736196,1.0,0.9916123466257668,1,,1523
368454,processed\features\368454_features.csv,978,15,978,0.9760352760736196,0,1.0,1.0,0.9760352760736196,1.0,0.9916123466257668,1,,1524
426596,processed\features\426596_features.csv,978,15,978,0.9760352760736196,0,1.0,1.0,0.9760352760736196,1.0,0.9916123466257668,1,,1525
475287,processed\features\475287_features.csv,978,15,978,0.9760352760736196,0,1.0,1.0,0.9760352760736196,1.0,0.9916123466257668,1,,1526
50703,processed\features\50703_features.csv,978,15,978,0.9760352760736196,0,1.0,1.0,0.9760352760736196,1.0,0.9916123466257668,1,,1527
54987,processed\features\54987_features.csv,978,15,978,0.9760352760736196,0,1.0,1.0,0.9760352760736196,1.0,0.9916123466257668,1,,1528
74913,processed\features\74913_features.csv,978,15,978,0.9760352760736196,0,1.0,1.0,0.9760352760736196,1.0,0.9916123466257668,1,,1529
137265,processed\features\137265_features.csv,977,15,977,0.976010747185261,0,1.0,1.0,0.976010747185261,1.0,0.9916037615148413,1,,1530
139983,processed\features\139983_features.csv,977,15,977,0.976010747185261,0,1.0,1.0,0.976010747185261,1.0,0.9916037615148413,1,,1531
149207,processed\features\149207_features.csv,977,15,977,0.976010747185261,0,1.0,1.0,0.976010747185261,1.0,0.9916037615148413,1,,1532
168100,processed\features\168100_features.csv,977,15,977,0.976010747185261,0,1.0,1.0,0.976010747185261,1.0,0.9916037615148413,1,,1533
176441,processed\features\176441_features.csv,977,15,977,0.976010747185261,0,1.0,1.0,0.976010747185261,1.0,0.9916037615148413,1,,1534
186335,processed\features\186335_features.csv,977,15,977,0.976010747185261,0,1.0,1.0,0.976010747185261,1.0,0.9916037615148413,1,,1535
196221,processed\features\196221_features.csv,977,15,977,0.976010747185261,0,1.0,1.0,0.976010747185261,1.0,0.9916037615148413,1,,1536
217096,processed\features\217096_features.csv,977,15,977,0.976010747185261,0,1.0,1.0,0.976010747185261,1.0,0.9916037615148413,1,,1537
225510,processed\features\225510_features.csv,977,15,977,0.976010747185261,0,1.0,1.0,0.976010747185261,1.0,0.9916037615148413,1,,1538
256381,processed\features\256381_features.csv,977,15,977,0.976010747185261,0,1.0,1.0,0.976010747185261,1.0,0.9916037615148413,1,,1539
265481,processed\features\265481_features.csv,977,15,977,0.976010747185261,0,1.0,1.0,0.976010747185261,1.0,0.9916037615148413,1,,1540
312929,processed\features\312929_features.csv,977,15,977,0.976010747185261,0,1.0,1.0,0.976010747185261,1.0,0.9916037615148413,1,,1541
331612,processed\features\331612_features.csv,977,15,977,0.976010747185261,0,1.0,1.0,0.976010747185261,1.0,0.9916037615148413,1,,1542
337659,processed\features\337659_features.csv,977,15,977,0.976010747185261,0,1.0,1.0,0.976010747185261,1.0,0.9916037615148413,1,,1543
368632,processed\features\368632_features.csv,977,15,977,0.976010747185261,0,1.0,1.0,0.976010747185261,1.0,0.9916037615148413,1,,1544
371825,processed\features\371825_features.csv,977,15,977,0.976010747185261,0,1.0,1.0,0.976010747185261,1.0,0.9916037615148413,1,,1545
380944,processed\features\380944_features.csv,977,15,977,0.976010747185261,0,1.0,1.0,0.976010747185261,1.0,0.9916037615148413,1,,1546
408986,processed\features\408986_features.csv,977,15,977,0.976010747185261,0,1.0,1.0,0.976010747185261,1.0,0.9916037615148413,1,,1547
431986,processed\features\431986_features.csv,977,15,977,0.976010747185261,0,1.0,1.0,0.976010747185261,1.0,0.9916037615148413,1,,1548
444358,processed\features\444358_features.csv,977,15,977,0.976010747185261,0,1.0,1.0,0.976010747185261,1.0,0.9916037615148413,1,,1549
44631,processed\features\44631_features.csv,977,15,977,0.976010747185261,0,1.0,1.0,0.976010747185261,1.0,0.9916037615148413,1,,1550
47878,processed\features\47878_features.csv,977,15,977,0.976010747185261,0,1.0,1.0,0.976010747185261,1.0,0.9916037615148413,1,,1551
503504,processed\features\503504_features.csv,977,15,977,0.976010747185261,0,1.0,1.0,0.976010747185261,1.0,0.9916037615148413,1,,1552
512028,processed\features\512028_features.csv,977,15,977,0.976010747185261,0,1.0,1.0,0.976010747185261,1.0,0.9916037615148413,1,,1553
76966,processed\features\76966_features.csv,977,15,977,0.976010747185261,0,1.0,1.0,0.976010747185261,1.0,0.9916037615148413,1,,1554
81727,processed\features\81727_features.csv,977,15,977,0.976010747185261,0,1.0,1.0,0.976010747185261,1.0,0.9916037615148413,1,,1555
86849,processed\features\86849_features.csv,977,15,977,0.976010747185261,0,1.0,1.0,0.976010747185261,1.0,0.9916037615148413,1,,1556
106744,processed\features\106744_features.csv,976,15,976,0.9759861680327869,0,1.0,1.0,0.9759861680327869,1.0,0.9915951588114754,1,,1557
138321,processed\features\138321_features.csv,976,15,976,0.9759861680327869,0,1.0,1.0,0.9759861680327869,1.0,0.9915951588114754,1,,1558
138843,processed\features\138843_features.csv,976,15,976,0.9759861680327869,0,1.0,1.0,0.9759861680327869,1.0,0.9915951588114754,1,,1559
140325,processed\features\140325_features.csv,976,15,976,0.9759861680327869,0,1.0,1.0,0.9759861680327869,1.0,0.9915951588114754,1,,1560
153971,processed\features\153971_features.csv,976,15,976,0.9759861680327869,0,1.0,1.0,0.9759861680327869,1.0,0.9915951588114754,1,,1561
165265,processed\features\165265_features.csv,976,15,976,0.9759861680327869,0,1.0,1.0,0.9759861680327869,1.0,0.9915951588114754,1,,1562
178723,processed\features\178723_features.csv,976,15,976,0.9759861680327869,0,1.0,1.0,0.9759861680327869,1.0,0.9915951588114754,1,,1563
186753,processed\features\186753_features.csv,976,15,976,0.9759861680327869,0,1.0,1.0,0.9759861680327869,1.0,0.9915951588114754,1,,1564
239892,processed\features\239892_features.csv,976,15,976,0.9759861680327869,0,1.0,1.0,0.9759861680327869,1.0,0.9915951588114754,1,,1565
290140,processed\features\290140_features.csv,976,15,976,0.9759861680327869,0,1.0,1.0,0.9759861680327869,1.0,0.9915951588114754,1,,1566
293608,processed\features\293608_features.csv,976,15,976,0.9759861680327869,0,1.0,1.0,0.9759861680327869,1.0,0.9915951588114754,1,,1567
355249,processed\features\355249_features.csv,976,15,976,0.9759861680327869,0,1.0,1.0,0.9759861680327869,1.0,0.9915951588114754,1,,1568
36950,processed\features\36950_features.csv,976,15,976,0.9759861680327869,0,1.0,1.0,0.9759861680327869,1.0,0.9915951588114754,1,,1569
393239,processed\features\393239_features.csv,976,15,976,0.9759861680327869,0,1.0,1.0,0.9759861680327869,1.0,0.9915951588114754,1,,1570
4204,processed\features\4204_features.csv,976,15,976,0.9759861680327869,0,1.0,1.0,0.9759861680327869,1.0,0.9915951588114754,1,,1571
448718,processed\features\448718_features.csv,976,15,976,0.9759861680327869,0,1.0,1.0,0.9759861680327869,1.0,0.9915951588114754,1,,1572
453180,processed\features\453180_features.csv,976,15,976,0.9759861680327869,0,1.0,1.0,0.9759861680327869,1.0,0.9915951588114754,1,,1573
49315,processed\features\49315_features.csv,976,15,976,0.9759861680327869,0,1.0,1.0,0.9759861680327869,1.0,0.9915951588114754,1,,1574
51059,processed\features\51059_features.csv,976,15,976,0.9759861680327869,0,1.0,1.0,0.9759861680327869,1.0,0.9915951588114754,1,,1575
100135,processed\features\100135_features.csv,975,15,975,0.9759615384615384,0,1.0,1.0,0.9759615384615384,1.0,0.9915865384615384,1,,1576
108557,processed\features\108557_features.csv,975,15,975,0.9759615384615384,0,1.0,1.0,0.9759615384615384,1.0,0.9915865384615384,1,,1577
127079,processed\features\127079_features.csv,975,15,975,0.9759615384615384,0,1.0,1.0,0.9759615384615384,1.0,0.9915865384615384,1,,1578
132653,processed\features\132653_features.csv,975,15,975,0.9759615384615384,0,1.0,1.0,0.9759615384615384,1.0,0.9915865384615384,1,,1579
134857,processed\features\134857_features.csv,975,15,975,0.9759615384615384,0,1.0,1.0,0.9759615384615384,1.0,0.9915865384615384,1,,1580
153291,processed\features\153291_features.csv,975,15,975,0.9759615384615384,0,1.0,1.0,0.9759615384615384,1.0,0.9915865384615384,1,,1581
167906,processed\features\167906_features.csv,975,15,975,0.9759615384615384,0,1.0,1.0,0.9759615384615384,1.0,0.9915865384615384,1,,1582
195915,processed\features\195915_features.csv,975,15,975,0.9759615384615384,0,1.0,1.0,0.9759615384615384,1.0,0.9915865384615384,1,,1583
210758,processed\features\210758_features.csv,975,15,975,0.9759615384615384,0,1.0,1.0,0.9759615384615384,1.0,0.9915865384615384,1,,1584
216766,processed\features\216766_features.csv,975,15,975,0.9759615384615384,0,1.0,1.0,0.9759615384615384,1.0,0.9915865384615384,1,,1585
2337,processed\features\2337_features.csv,975,15,975,0.9759615384615384,0,1.0,1.0,0.9759615384615384,1.0,0.9915865384615384,1,,1586
24008,processed\features\24008_features.csv,975,15,975,0.9759615384615384,0,1.0,1.0,0.9759615384615384,1.0,0.9915865384615384,1,,1587
250321,processed\features\250321_features.csv,975,15,975,0.9759615384615384,0,1.0,1.0,0.9759615384615384,1.0,0.9915865384615384,1,,1588
251572,processed\features\251572_features.csv,975,15,975,0.9759615384615384,0,1.0,1.0,0.9759615384615384,1.0,0.9915865384615384,1,,1589
256345,processed\features\256345_features.csv,975,15,975,0.9759615384615384,0,1.0,1.0,0.9759615384615384,1.0,0.9915865384615384,1,,1590
266544,processed\features\266544_features.csv,975,15,975,0.9759615384615384,0,1.0,1.0,0.9759615384615384,1.0,0.9915865384615384,1,,1591
275732,processed\features\275732_features.csv,975,15,975,0.9759615384615384,0,1.0,1.0,0.9759615384615384,1.0,0.9915865384615384,1,,1592
276543,processed\features\276543_features.csv,975,15,975,0.9759615384615384,0,1.0,1.0,0.9759615384615384,1.0,0.9915865384615384,1,,1593
286435,processed\features\286435_features.csv,975,15,975,0.9759615384615384,0,1.0,1.0,0.9759615384615384,1.0,0.9915865384615384,1,,1594
288716,processed\features\288716_features.csv,975,15,975,0.9759615384615384,0,1.0,1.0,0.9759615384615384,1.0,0.9915865384615384,1,,1595
304566,processed\features\304566_features.csv,975,15,975,0.9759615384615384,0,1.0,1.0,0.9759615384615384,1.0,0.9915865384615384,1,,1596
308321,processed\features\308321_features.csv,975,15,975,0.9759615384615384,0,1.0,1.0,0.9759615384615384,1.0,0.9915865384615384,1,,1597
315367,processed\features\315367_features.csv,975,15,975,0.9759615384615384,0,1.0,1.0,0.9759615384615384,1.0,0.9915865384615384,1,,1598
325970,processed\features\325970_features.csv,975,15,975,0.9759615384615384,0,1.0,1.0,0.9759615384615384,1.0,0.9915865384615384,1,,1599
343831,processed\features\343831_features.csv,975,15,975,0.9759615384615384,0,1.0,1.0,0.9759615384615384,1.0,0.9915865384615384,1,,1600
359142,processed\features\359142_features.csv,975,15,975,0.9759615384615384,0,1.0,1.0,0.9759615384615384,1.0,0.9915865384615384,1,,1601
371830,processed\features\371830_features.csv,975,15,975,0.9759615384615384,0,1.0,1.0,0.9759615384615384,1.0,0.9915865384615384,1,,1602
379771,processed\features\379771_features.csv,975,15,975,0.9759615384615384,0,1.0,1.0,0.9759615384615384,1.0,0.9915865384615384,1,,1603
382293,processed\features\382293_features.csv,975,15,975,0.9759615384615384,0,1.0,1.0,0.9759615384615384,1.0,0.9915865384615384,1,,1604
385616,processed\features\385616_features.csv,975,15,975,0.9759615384615384,0,1.0,1.0,0.9759615384615384,1.0,0.9915865384615384,1,,1605
481267,processed\features\481267_features.csv,975,15,975,0.9759615384615384,0,1.0,1.0,0.9759615384615384,1.0,0.9915865384615384,1,,1606
491476,processed\features\491476_features.csv,975,15,975,0.9759615384615384,0,1.0,1.0,0.9759615384615384,1.0,0.9915865384615384,1,,1607
49147,processed\features\49147_features.csv,975,15,975,0.9759615384615384,0,1.0,1.0,0.9759615384615384,1.0,0.9915865384615384,1,,1608
6941,processed\features\6941_features.csv,975,15,975,0.9759615384615384,0,1.0,1.0,0.9759615384615384,1.0,0.9915865384615384,1,,1609
89988,processed\features\89988_features.csv,975,15,975,0.9759615384615384,0,1.0,1.0,0.9759615384615384,1.0,0.9915865384615384,1,,1610
115945,processed\features\115945_features.csv,974,15,974,0.9759368583162218,0,1.0,1.0,0.9759368583162218,1.0,0.9915779004106776,1,,1611
125931,processed\features\125931_features.csv,974,15,974,0.9759368583162218,0,1.0,1.0,0.9759368583162218,1.0,0.9915779004106776,1,,1612
149233,processed\features\149233_features.csv,974,15,974,0.9759368583162218,0,1.0,1.0,0.9759368583162218,1.0,0.9915779004106776,1,,1613
151594,processed\features\151594_features.csv,974,15,974,0.9759368583162218,0,1.0,1.0,0.9759368583162218,1.0,0.9915779004106776,1,,1614
162430,processed\features\162430_features.csv,974,15,974,0.9759368583162218,0,1.0,1.0,0.9759368583162218,1.0,0.9915779004106776,1,,1615
173978,processed\features\173978_features.csv,974,15,974,0.9759368583162218,0,1.0,1.0,0.9759368583162218,1.0,0.9915779004106776,1,,1616
198505,processed\features\198505_features.csv,974,15,974,0.9759368583162218,0,1.0,1.0,0.9759368583162218,1.0,0.9915779004106776,1,,1617
210615,processed\features\210615_features.csv,974,15,974,0.9759368583162218,0,1.0,1.0,0.9759368583162218,1.0,0.9915779004106776,1,,1618
215942,processed\features\215942_features.csv,974,15,974,0.9759368583162218,0,1.0,1.0,0.9759368583162218,1.0,0.9915779004106776,1,,1619
221784,processed\features\221784_features.csv,974,15,974,0.9759368583162218,0,1.0,1.0,0.9759368583162218,1.0,0.9915779004106776,1,,1620
256464,processed\features\256464_features.csv,974,15,974,0.9759368583162218,0,1.0,1.0,0.9759368583162218,1.0,0.9915779004106776,1,,1621
285675,processed\features\285675_features.csv,974,15,974,0.9759368583162218,0,1.0,1.0,0.9759368583162218,1.0,0.9915779004106776,1,,1622
298539,processed\features\298539_features.csv,974,15,974,0.9759368583162218,0,1.0,1.0,0.9759368583162218,1.0,0.9915779004106776,1,,1623
301270,processed\features\301270_features.csv,974,15,974,0.9759368583162218,0,1.0,1.0,0.9759368583162218,1.0,0.9915779004106776,1,,1624
306010,processed\features\306010_features.csv,974,15,974,0.9759368583162218,0,1.0,1.0,0.9759368583162218,1.0,0.9915779004106776,1,,1625
306453,processed\features\306453_features.csv,974,15,974,0.9759368583162218,0,1.0,1.0,0.9759368583162218,1.0,0.9915779004106776,1,,1626
335134,processed\features\335134_features.csv,974,15,974,0.9759368583162218,0,1.0,1.0,0.9759368583162218,1.0,0.9915779004106776,1,,1627
376701,processed\features\376701_features.csv,974,15,974,0.9759368583162218,0,1.0,1.0,0.9759368583162218,1.0,0.9915779004106776,1,,1628
397704,processed\features\397704_features.csv,974,15,974,0.9759368583162218,0,1.0,1.0,0.9759368583162218,1.0,0.9915779004106776,1,,1629
407610,processed\features\407610_features.csv,974,15,974,0.9759368583162218,0,1.0,1.0,0.9759368583162218,1.0,0.9915779004106776,1,,1630
415195,processed\features\415195_features.csv,974,15,974,0.9759368583162218,0,1.0,1.0,0.9759368583162218,1.0,0.9915779004106776,1,,1631
415896,processed\features\415896_features.csv,974,15,974,0.9759368583162218,0,1.0,1.0,0.9759368583162218,1.0,0.9915779004106776,1,,1632
421605,processed\features\421605_features.csv,974,15,974,0.9759368583162218,0,1.0,1.0,0.9759368583162218,1.0,0.9915779004106776,1,,1633
424580,processed\features\424580_features.csv,974,15,974,0.9759368583162218,0,1.0,1.0,0.9759368583162218,1.0,0.9915779004106776,1,,1634
446599,processed\features\446599_features.csv,974,15,974,0.9759368583162218,0,1.0,1.0,0.9759368583162218,1.0,0.9915779004106776,1,,1635
485977,processed\features\485977_features.csv,974,15,974,0.9759368583162218,0,1.0,1.0,0.9759368583162218,1.0,0.9915779004106776,1,,1636
489489,processed\features\489489_features.csv,974,15,974,0.9759368583162218,0,1.0,1.0,0.9759368583162218,1.0,0.9915779004106776,1,,1637
78114,processed\features\78114_features.csv,974,15,974,0.9759368583162218,0,1.0,1.0,0.9759368583162218,1.0,0.9915779004106776,1,,1638
101348,processed\features\101348_features.csv,973,15,973,0.9759121274409044,0,1.0,1.0,0.9759121274409044,1.0,0.9915692446043166,1,,1639
114051,processed\features\114051_features.csv,973,15,973,0.9759121274409044,0,1.0,1.0,0.9759121274409044,1.0,0.9915692446043166,1,,1640
122733,processed\features\122733_features.csv,973,15,973,0.9759121274409044,0,1.0,1.0,0.9759121274409044,1.0,0.9915692446043166,1,,1641
127363,processed\features\127363_features.csv,973,15,973,0.9759121274409044,0,1.0,1.0,0.9759121274409044,1.0,0.9915692446043166,1,,1642
147553,processed\features\147553_features.csv,973,15,973,0.9759121274409044,0,1.0,1.0,0.9759121274409044,1.0,0.9915692446043166,1,,1643
160241,processed\features\160241_features.csv,973,15,973,0.9759121274409044,0,1.0,1.0,0.9759121274409044,1.0,0.9915692446043166,1,,1644
168447,processed\features\168447_features.csv,973,15,973,0.9759121274409044,0,1.0,1.0,0.9759121274409044,1.0,0.9915692446043166,1,,1645
195413,processed\features\195413_features.csv,973,15,973,0.9759121274409044,0,1.0,1.0,0.9759121274409044,1.0,0.9915692446043166,1,,1646
196385,processed\features\196385_features.csv,973,15,973,0.9759121274409044,0,1.0,1.0,0.9759121274409044,1.0,0.9915692446043166,1,,1647
256658,processed\features\256658_features.csv,973,15,973,0.9759121274409044,0,1.0,1.0,0.9759121274409044,1.0,0.9915692446043166,1,,1648
262786,processed\features\262786_features.csv,973,15,973,0.9759121274409044,0,1.0,1.0,0.9759121274409044,1.0,0.9915692446043166,1,,1649
263016,processed\features\263016_features.csv,973,15,973,0.9759121274409044,0,1.0,1.0,0.9759121274409044,1.0,0.9915692446043166,1,,1650
27439,processed\features\27439_features.csv,973,15,973,0.9759121274409044,0,1.0,1.0,0.9759121274409044,1.0,0.9915692446043166,1,,1651
286010,processed\features\286010_features.csv,973,15,973,0.9759121274409044,0,1.0,1.0,0.9759121274409044,1.0,0.9915692446043166,1,,1652
3170,processed\features\3170_features.csv,973,15,973,0.9759121274409044,0,1.0,1.0,0.9759121274409044,1.0,0.9915692446043166,1,,1653
324098,processed\features\324098_features.csv,973,15,973,0.9759121274409044,0,1.0,1.0,0.9759121274409044,1.0,0.9915692446043166,1,,1654
328023,processed\features\328023_features.csv,973,15,973,0.9759121274409044,0,1.0,1.0,0.9759121274409044,1.0,0.9915692446043166,1,,1655
335131,processed\features\335131_features.csv,973,15,973,0.9759121274409044,0,1.0,1.0,0.9759121274409044,1.0,0.9915692446043166,1,,1656
344061,processed\features\344061_features.csv,973,15,973,0.9759121274409044,0,1.0,1.0,0.9759121274409044,1.0,0.9915692446043166,1,,1657
352579,processed\features\352579_features.csv,973,15,973,0.9759121274409044,0,1.0,1.0,0.9759121274409044,1.0,0.9915692446043166,1,,1658
359436,processed\features\359436_features.csv,973,15,973,0.9759121274409044,0,1.0,1.0,0.9759121274409044,1.0,0.9915692446043166,1,,1659
474732,processed\features\474732_features.csv,973,15,973,0.9759121274409044,0,1.0,1.0,0.9759121274409044,1.0,0.9915692446043166,1,,1660
494244,processed\features\494244_features.csv,973,15,973,0.9759121274409044,0,1.0,1.0,0.9759121274409044,1.0,0.9915692446043166,1,,1661
500624,processed\features\500624_features.csv,973,15,973,0.9759121274409044,0,1.0,1.0,0.9759121274409044,1.0,0.9915692446043166,1,,1662
508715,processed\features\508715_features.csv,973,15,973,0.9759121274409044,0,1.0,1.0,0.9759121274409044,1.0,0.9915692446043166,1,,1663
513115,processed\features\513115_features.csv,973,15,973,0.9759121274409044,0,1.0,1.0,0.9759121274409044,1.0,0.9915692446043166,1,,1664
53871,processed\features\53871_features.csv,973,15,973,0.9759121274409044,0,1.0,1.0,0.9759121274409044,1.0,0.9915692446043166,1,,1665
59028,processed\features\59028_features.csv,973,15,973,0.9759121274409044,0,1.0,1.0,0.9759121274409044,1.0,0.9915692446043166,1,,1666
7008,processed\features\7008_features.csv,973,15,973,0.9759121274409044,0,1.0,1.0,0.9759121274409044,1.0,0.9915692446043166,1,,1667
82383,processed\features\82383_features.csv,973,15,973,0.9759121274409044,0,1.0,1.0,0.9759121274409044,1.0,0.9915692446043166,1,,1668
9665,processed\features\9665_features.csv,973,15,973,0.9759121274409044,0,1.0,1.0,0.9759121274409044,1.0,0.9915692446043166,1,,1669
124991,processed\features\124991_features.csv,972,15,972,0.9758873456790124,0,1.0,1.0,0.9758873456790124,1.0,0.9915605709876544,1,,1670
13418,processed\features\13418_features.csv,972,15,972,0.9758873456790124,0,1.0,1.0,0.9758873456790124,1.0,0.9915605709876544,1,,1671
149110,processed\features\149110_features.csv,972,15,972,0.9758873456790124,0,1.0,1.0,0.9758873456790124,1.0,0.9915605709876544,1,,1672
165263,processed\features\165263_features.csv,972,15,972,0.9758873456790124,0,1.0,1.0,0.9758873456790124,1.0,0.9915605709876544,1,,1673
170163,processed\features\170163_features.csv,972,15,972,0.9758873456790124,0,1.0,1.0,0.9758873456790124,1.0,0.9915605709876544,1,,1674
178667,processed\features\178667_features.csv,972,15,972,0.9758873456790124,0,1.0,1.0,0.9758873456790124,1.0,0.9915605709876544,1,,1675
192850,processed\features\192850_features.csv,972,15,972,0.9758873456790124,0,1.0,1.0,0.9758873456790124,1.0,0.9915605709876544,1,,1676
196728,processed\features\196728_features.csv,972,15,972,0.9758873456790124,0,1.0,1.0,0.9758873456790124,1.0,0.9915605709876544,1,,1677
206157,processed\features\206157_features.csv,972,15,972,0.9758873456790124,0,1.0,1.0,0.9758873456790124,1.0,0.9915605709876544,1,,1678
235388,processed\features\235388_features.csv,972,15,972,0.9758873456790124,0,1.0,1.0,0.9758873456790124,1.0,0.9915605709876544,1,,1679
269087,processed\features\269087_features.csv,972,15,972,0.9758873456790124,0,1.0,1.0,0.9758873456790124,1.0,0.9915605709876544,1,,1680
28164,processed\features\28164_features.csv,972,15,972,0.9758873456790124,0,1.0,1.0,0.9758873456790124,1.0,0.9915605709876544,1,,1681
288271,processed\features\288271_features.csv,972,15,972,0.9758873456790124,0,1.0,1.0,0.9758873456790124,1.0,0.9915605709876544,1,,1682
289317,processed\features\289317_features.csv,972,15,972,0.9758873456790124,0,1.0,1.0,0.9758873456790124,1.0,0.9915605709876544,1,,1683
289406,processed\features\289406_features.csv,972,15,972,0.9758873456790124,0,1.0,1.0,0.9758873456790124,1.0,0.9915605709876544,1,,1684
296680,processed\features\296680_features.csv,972,15,972,0.9758873456790124,0,1.0,1.0,0.9758873456790124,1.0,0.9915605709876544,1,,1685
298244,processed\features\298244_features.csv,972,15,972,0.9758873456790124,0,1.0,1.0,0.9758873456790124,1.0,0.9915605709876544,1,,1686
302981,processed\features\302981_features.csv,972,15,972,0.9758873456790124,0,1.0,1.0,0.9758873456790124,1.0,0.9915605709876544,1,,1687
303769,processed\features\303769_features.csv,972,15,972,0.9758873456790124,0,1.0,1.0,0.9758873456790124,1.0,0.9915605709876544,1,,1688
34226,processed\features\34226_features.csv,972,15,972,0.9758873456790124,0,1.0,1.0,0.9758873456790124,1.0,0.9915605709876544,1,,1689
356964,processed\features\356964_features.csv,972,15,972,0.9758873456790124,0,1.0,1.0,0.9758873456790124,1.0,0.9915605709876544,1,,1690
362035,processed\features\362035_features.csv,972,15,972,0.9758873456790124,0,1.0,1.0,0.9758873456790124,1.0,0.9915605709876544,1,,1691
392240,processed\features\392240_features.csv,972,15,972,0.9758873456790124,0,1.0,1.0,0.9758873456790124,1.0,0.9915605709876544,1,,1692
407842,processed\features\407842_features.csv,972,15,972,0.9758873456790124,0,1.0,1.0,0.9758873456790124,1.0,0.9915605709876544,1,,1693
429317,processed\features\429317_features.csv,972,15,972,0.9758873456790124,0,1.0,1.0,0.9758873456790124,1.0,0.9915605709876544,1,,1694
462429,processed\features\462429_features.csv,972,15,972,0.9758873456790124,0,1.0,1.0,0.9758873456790124,1.0,0.9915605709876544,1,,1695
463448,processed\features\463448_features.csv,972,15,972,0.9758873456790124,0,1.0,1.0,0.9758873456790124,1.0,0.9915605709876544,1,,1696
482032,processed\features\482032_features.csv,972,15,972,0.9758873456790124,0,1.0,1.0,0.9758873456790124,1.0,0.9915605709876544,1,,1697
79724,processed\features\79724_features.csv,972,15,972,0.9758873456790124,0,1.0,1.0,0.9758873456790124,1.0,0.9915605709876544,1,,1698
89000,processed\features\89000_features.csv,972,15,972,0.9758873456790124,0,1.0,1.0,0.9758873456790124,1.0,0.9915605709876544,1,,1699
9897,processed\features\9897_features.csv,972,15,972,0.9758873456790124,0,1.0,1.0,0.9758873456790124,1.0,0.9915605709876544,1,,1700
139610,processed\features\139610_features.csv,971,15,971,0.9758625128733265,0,1.0,1.0,0.9758625128733265,1.0,0.9915518795056643,1,,1701
149383,processed\features\149383_features.csv,971,15,971,0.9758625128733265,0,1.0,1.0,0.9758625128733265,1.0,0.9915518795056643,1,,1702
167523,processed\features\167523_features.csv,971,15,971,0.9758625128733265,0,1.0,1.0,0.9758625128733265,1.0,0.9915518795056643,1,,1703
178300,processed\features\178300_features.csv,971,15,971,0.9758625128733265,0,1.0,1.0,0.9758625128733265,1.0,0.9915518795056643,1,,1704
182469,processed\features\182469_features.csv,971,15,971,0.9758625128733265,0,1.0,1.0,0.9758625128733265,1.0,0.9915518795056643,1,,1705
201969,processed\features\201969_features.csv,971,15,971,0.9758625128733265,0,1.0,1.0,0.9758625128733265,1.0,0.9915518795056643,1,,1706
250644,processed\features\250644_features.csv,971,15,971,0.9758625128733265,0,1.0,1.0,0.9758625128733265,1.0,0.9915518795056643,1,,1707
25167,processed\features\25167_features.csv,971,15,971,0.9758625128733265,0,1.0,1.0,0.9758625128733265,1.0,0.9915518795056643,1,,1708
251790,processed\features\251790_features.csv,971,15,971,0.9758625128733265,0,1.0,1.0,0.9758625128733265,1.0,0.9915518795056643,1,,1709
264181,processed\features\264181_features.csv,971,15,971,0.9758625128733265,0,1.0,1.0,0.9758625128733265,1.0,0.9915518795056643,1,,1710
331668,processed\features\331668_features.csv,971,15,971,0.9758625128733265,0,1.0,1.0,0.9758625128733265,1.0,0.9915518795056643,1,,1711
33989,processed\features\33989_features.csv,971,15,971,0.9758625128733265,0,1.0,1.0,0.9758625128733265,1.0,0.9915518795056643,1,,1712
342035,processed\features\342035_features.csv,971,15,971,0.9758625128733265,0,1.0,1.0,0.9758625128733265,1.0,0.9915518795056643,1,,1713
364536,processed\features\364536_features.csv,971,15,971,0.9758625128733265,0,1.0,1.0,0.9758625128733265,1.0,0.9915518795056643,1,,1714
371939,processed\features\371939_features.csv,971,15,971,0.9758625128733265,0,1.0,1.0,0.9758625128733265,1.0,0.9915518795056643,1,,1715
422508,processed\features\422508_features.csv,971,15,971,0.9758625128733265,0,1.0,1.0,0.9758625128733265,1.0,0.9915518795056643,1,,1716
445504,processed\features\445504_features.csv,971,15,971,0.9758625128733265,0,1.0,1.0,0.9758625128733265,1.0,0.9915518795056643,1,,1717
456964,processed\features\456964_features.csv,971,15,971,0.9758625128733265,0,1.0,1.0,0.9758625128733265,1.0,0.9915518795056643,1,,1718
473080,processed\features\473080_features.csv,971,15,971,0.9758625128733265,0,1.0,1.0,0.9758625128733265,1.0,0.9915518795056643,1,,1719
498232,processed\features\498232_features.csv,971,15,971,0.9758625128733265,0,1.0,1.0,0.9758625128733265,1.0,0.9915518795056643,1,,1720
64220,processed\features\64220_features.csv,971,15,971,0.9758625128733265,0,1.0,1.0,0.9758625128733265,1.0,0.9915518795056643,1,,1721
108446,processed\features\108446_features.csv,970,15,970,0.9758376288659794,0,1.0,1.0,0.9758376288659794,1.0,0.9915431701030928,1,,1722
111375,processed\features\111375_features.csv,970,15,970,0.9758376288659794,0,1.0,1.0,0.9758376288659794,1.0,0.9915431701030928,1,,1723
113966,processed\features\113966_features.csv,970,15,970,0.9758376288659794,0,1.0,1.0,0.9758376288659794,1.0,0.9915431701030928,1,,1724
129833,processed\features\129833_features.csv,970,15,970,0.9758376288659794,0,1.0,1.0,0.9758376288659794,1.0,0.9915431701030928,1,,1725
136663,processed\features\136663_features.csv,970,15,970,0.9758376288659794,0,1.0,1.0,0.9758376288659794,1.0,0.9915431701030928,1,,1726
140125,processed\features\140125_features.csv,970,15,970,0.9758376288659794,0,1.0,1.0,0.9758376288659794,1.0,0.9915431701030928,1,,1727
161540,processed\features\161540_features.csv,970,15,970,0.9758376288659794,0,1.0,1.0,0.9758376288659794,1.0,0.9915431701030928,1,,1728
187429,processed\features\187429_features.csv,970,15,970,0.9758376288659794,0,1.0,1.0,0.9758376288659794,1.0,0.9915431701030928,1,,1729
189527,processed\features\189527_features.csv,970,15,970,0.9758376288659794,0,1.0,1.0,0.9758376288659794,1.0,0.9915431701030928,1,,1730
216807,processed\features\216807_features.csv,970,15,970,0.9758376288659794,0,1.0,1.0,0.9758376288659794,1.0,0.9915431701030928,1,,1731
251785,processed\features\251785_features.csv,970,15,970,0.9758376288659794,0,1.0,1.0,0.9758376288659794,1.0,0.9915431701030928,1,,1732
300537,processed\features\300537_features.csv,970,15,970,0.9758376288659794,0,1.0,1.0,0.9758376288659794,1.0,0.9915431701030928,1,,1733
322332,processed\features\322332_features.csv,970,15,970,0.9758376288659794,0,1.0,1.0,0.9758376288659794,1.0,0.9915431701030928,1,,1734
32588,processed\features\32588_features.csv,970,15,970,0.9758376288659794,0,1.0,1.0,0.9758376288659794,1.0,0.9915431701030928,1,,1735
330265,processed\features\330265_features.csv,970,15,970,0.9758376288659794,0,1.0,1.0,0.9758376288659794,1.0,0.9915431701030928,1,,1736
353914,processed\features\353914_features.csv,970,15,970,0.9758376288659794,0,1.0,1.0,0.9758376288659794,1.0,0.9915431701030928,1,,1737
354925,processed\features\354925_features.csv,970,15,970,0.9758376288659794,0,1.0,1.0,0.9758376288659794,1.0,0.9915431701030928,1,,1738
35889,processed\features\35889_features.csv,970,15,970,0.9758376288659794,0,1.0,1.0,0.9758376288659794,1.0,0.9915431701030928,1,,1739
361931,processed\features\361931_features.csv,970,15,970,0.9758376288659794,0,1.0,1.0,0.9758376288659794,1.0,0.9915431701030928,1,,1740
412294,processed\features\412294_features.csv,970,15,970,0.9758376288659794,0,1.0,1.0,0.9758376288659794,1.0,0.9915431701030928,1,,1741
417784,processed\features\417784_features.csv,970,15,970,0.9758376288659794,0,1.0,1.0,0.9758376288659794,1.0,0.9915431701030928,1,,1742
442336,processed\features\442336_features.csv,970,15,970,0.9758376288659794,0,1.0,1.0,0.9758376288659794,1.0,0.9915431701030928,1,,1743
449178,processed\features\449178_features.csv,970,15,970,0.9758376288659794,0,1.0,1.0,0.9758376288659794,1.0,0.9915431701030928,1,,1744
484370,processed\features\484370_features.csv,970,15,970,0.9758376288659794,0,1.0,1.0,0.9758376288659794,1.0,0.9915431701030928,1,,1745
485789,processed\features\485789_features.csv,970,15,970,0.9758376288659794,0,1.0,1.0,0.9758376288659794,1.0,0.9915431701030928,1,,1746
491672,processed\features\491672_features.csv,970,15,970,0.9758376288659794,0,1.0,1.0,0.9758376288659794,1.0,0.9915431701030928,1,,1747
495049,processed\features\495049_features.csv,970,15,970,0.9758376288659794,0,1.0,1.0,0.9758376288659794,1.0,0.9915431701030928,1,,1748
508510,processed\features\508510_features.csv,970,15,970,0.9758376288659794,0,1.0,1.0,0.9758376288659794,1.0,0.9915431701030928,1,,1749
65143,processed\features\65143_features.csv,970,15,970,0.9758376288659794,0,1.0,1.0,0.9758376288659794,1.0,0.9915431701030928,1,,1750
83063,processed\features\83063_features.csv,970,15,970,0.9758376288659794,0,1.0,1.0,0.9758376288659794,1.0,0.9915431701030928,1,,1751
91444,processed\features\91444_features.csv,970,15,970,0.9758376288659794,0,1.0,1.0,0.9758376288659794,1.0,0.9915431701030928,1,,1752
91926,processed\features\91926_features.csv,970,15,970,0.9758376288659794,0,1.0,1.0,0.9758376288659794,1.0,0.9915431701030928,1,,1753
119179,processed\features\119179_features.csv,969,15,969,0.975812693498452,0,1.0,1.0,0.975812693498452,1.0,0.9915344427244582,1,,1754
125766,processed\features\125766_features.csv,969,15,969,0.975812693498452,0,1.0,1.0,0.975812693498452,1.0,0.9915344427244582,1,,1755
12645,processed\features\12645_features.csv,969,15,969,0.975812693498452,0,1.0,1.0,0.975812693498452,1.0,0.9915344427244582,1,,1756
133377,processed\features\133377_features.csv,969,15,969,0.975812693498452,0,1.0,1.0,0.975812693498452,1.0,0.9915344427244582,1,,1757
141671,processed\features\141671_features.csv,969,15,969,0.975812693498452,0,1.0,1.0,0.975812693498452,1.0,0.9915344427244582,1,,1758
149776,processed\features\149776_features.csv,969,15,969,0.975812693498452,0,1.0,1.0,0.975812693498452,1.0,0.9915344427244582,1,,1759
168418,processed\features\168418_features.csv,969,15,969,0.975812693498452,0,1.0,1.0,0.975812693498452,1.0,0.9915344427244582,1,,1760
194504,processed\features\194504_features.csv,969,15,969,0.975812693498452,0,1.0,1.0,0.975812693498452,1.0,0.9915344427244582,1,,1761
204541,processed\features\204541_features.csv,969,15,969,0.975812693498452,0,1.0,1.0,0.975812693498452,1.0,0.9915344427244582,1,,1762
229675,processed\features\229675_features.csv,969,15,969,0.975812693498452,0,1.0,1.0,0.975812693498452,1.0,0.9915344427244582,1,,1763
248606,processed\features\248606_features.csv,969,15,969,0.975812693498452,0,1.0,1.0,0.975812693498452,1.0,0.9915344427244582,1,,1764
284880,processed\features\284880_features.csv,969,15,969,0.975812693498452,0,1.0,1.0,0.975812693498452,1.0,0.9915344427244582,1,,1765
290335,processed\features\290335_features.csv,969,15,969,0.975812693498452,0,1.0,1.0,0.975812693498452,1.0,0.9915344427244582,1,,1766
292870,processed\features\292870_features.csv,969,15,969,0.975812693498452,0,1.0,1.0,0.975812693498452,1.0,0.9915344427244582,1,,1767
297029,processed\features\297029_features.csv,969,15,969,0.975812693498452,0,1.0,1.0,0.975812693498452,1.0,0.9915344427244582,1,,1768
312723,processed\features\312723_features.csv,969,15,969,0.975812693498452,0,1.0,1.0,0.975812693498452,1.0,0.9915344427244582,1,,1769
318874,processed\features\318874_features.csv,969,15,969,0.975812693498452,0,1.0,1.0,0.975812693498452,1.0,0.9915344427244582,1,,1770
339645,processed\features\339645_features.csv,969,15,969,0.975812693498452,0,1.0,1.0,0.975812693498452,1.0,0.9915344427244582,1,,1771
370235,processed\features\370235_features.csv,969,15,969,0.975812693498452,0,1.0,1.0,0.975812693498452,1.0,0.9915344427244582,1,,1772
398423,processed\features\398423_features.csv,969,15,969,0.975812693498452,0,1.0,1.0,0.975812693498452,1.0,0.9915344427244582,1,,1773
398721,processed\features\398721_features.csv,969,15,969,0.975812693498452,0,1.0,1.0,0.975812693498452,1.0,0.9915344427244582,1,,1774
423941,processed\features\423941_features.csv,969,15,969,0.975812693498452,0,1.0,1.0,0.975812693498452,1.0,0.9915344427244582,1,,1775
42623,processed\features\42623_features.csv,969,15,969,0.975812693498452,0,1.0,1.0,0.975812693498452,1.0,0.9915344427244582,1,,1776
426333,processed\features\426333_features.csv,969,15,969,0.975812693498452,0,1.0,1.0,0.975812693498452,1.0,0.9915344427244582,1,,1777
433177,processed\features\433177_features.csv,969,15,969,0.975812693498452,0,1.0,1.0,0.975812693498452,1.0,0.9915344427244582,1,,1778
442984,processed\features\442984_features.csv,969,15,969,0.975812693498452,0,1.0,1.0,0.975812693498452,1.0,0.9915344427244582,1,,1779
472559,processed\features\472559_features.csv,969,15,969,0.975812693498452,0,1.0,1.0,0.975812693498452,1.0,0.9915344427244582,1,,1780
499411,processed\features\499411_features.csv,969,15,969,0.975812693498452,0,1.0,1.0,0.975812693498452,1.0,0.9915344427244582,1,,1781
509294,processed\features\509294_features.csv,969,15,969,0.975812693498452,0,1.0,1.0,0.975812693498452,1.0,0.9915344427244582,1,,1782
516131,processed\features\516131_features.csv,969,15,969,0.975812693498452,0,1.0,1.0,0.975812693498452,1.0,0.9915344427244582,1,,1783
517153,processed\features\517153_features.csv,969,15,969,0.975812693498452,0,1.0,1.0,0.975812693498452,1.0,0.9915344427244582,1,,1784
52096,processed\features\52096_features.csv,969,15,969,0.975812693498452,0,1.0,1.0,0.975812693498452,1.0,0.9915344427244582,1,,1785
84557,processed\features\84557_features.csv,969,15,969,0.975812693498452,0,1.0,1.0,0.975812693498452,1.0,0.9915344427244582,1,,1786
100059,processed\features\100059_features.csv,968,15,968,0.9757877066115702,0,1.0,1.0,0.9757877066115702,1.0,0.9915256973140496,1,,1787
102402,processed\features\102402_features.csv,968,15,968,0.9757877066115702,0,1.0,1.0,0.9757877066115702,1.0,0.9915256973140496,1,,1788
103815,processed\features\103815_features.csv,968,15,968,0.9757877066115702,0,1.0,1.0,0.9757877066115702,1.0,0.9915256973140496,1,,1789
107198,processed\features\107198_features.csv,968,15,968,0.9757877066115702,0,1.0,1.0,0.9757877066115702,1.0,0.9915256973140496,1,,1790
139335,processed\features\139335_features.csv,968,15,968,0.9757877066115702,0,1.0,1.0,0.9757877066115702,1.0,0.9915256973140496,1,,1791
141608,processed\features\141608_features.csv,968,15,968,0.9757877066115702,0,1.0,1.0,0.9757877066115702,1.0,0.9915256973140496,1,,1792
15282,processed\features\15282_features.csv,968,15,968,0.9757877066115702,0,1.0,1.0,0.9757877066115702,1.0,0.9915256973140496,1,,1793
182944,processed\features\182944_features.csv,968,15,968,0.9757877066115702,0,1.0,1.0,0.9757877066115702,1.0,0.9915256973140496,1,,1794
196986,processed\features\196986_features.csv,968,15,968,0.9757877066115702,0,1.0,1.0,0.9757877066115702,1.0,0.9915256973140496,1,,1795
202875,processed\features\202875_features.csv,968,15,968,0.9757877066115702,0,1.0,1.0,0.9757877066115702,1.0,0.9915256973140496,1,,1796
217697,processed\features\217697_features.csv,968,15,968,0.9757877066115702,0,1.0,1.0,0.9757877066115702,1.0,0.9915256973140496,1,,1797
234981,processed\features\234981_features.csv,968,15,968,0.9757877066115702,0,1.0,1.0,0.9757877066115702,1.0,0.9915256973140496,1,,1798
239550,processed\features\239550_features.csv,968,15,968,0.9757877066115702,0,1.0,1.0,0.9757877066115702,1.0,0.9915256973140496,1,,1799
240060,processed\features\240060_features.csv,968,15,968,0.9757877066115702,0,1.0,1.0,0.9757877066115702,1.0,0.9915256973140496,1,,1800
256663,processed\features\256663_features.csv,968,15,968,0.9757877066115702,0,1.0,1.0,0.9757877066115702,1.0,0.9915256973140496,1,,1801
257139,processed\features\257139_features.csv,968,15,968,0.9757877066115702,0,1.0,1.0,0.9757877066115702,1.0,0.9915256973140496,1,,1802
271421,processed\features\271421_features.csv,968,15,968,0.9757877066115702,0,1.0,1.0,0.9757877066115702,1.0,0.9915256973140496,1,,1803
293619,processed\features\293619_features.csv,968,15,968,0.9757877066115702,0,1.0,1.0,0.9757877066115702,1.0,0.9915256973140496,1,,1804
302955,processed\features\302955_features.csv,968,15,968,0.9757877066115702,0,1.0,1.0,0.9757877066115702,1.0,0.9915256973140496,1,,1805
313055,processed\features\313055_features.csv,968,15,968,0.9757877066115702,0,1.0,1.0,0.9757877066115702,1.0,0.9915256973140496,1,,1806
324378,processed\features\324378_features.csv,968,15,968,0.9757877066115702,0,1.0,1.0,0.9757877066115702,1.0,0.9915256973140496,1,,1807
361842,processed\features\361842_features.csv,968,15,968,0.9757877066115702,0,1.0,1.0,0.9757877066115702,1.0,0.9915256973140496,1,,1808
374785,processed\features\374785_features.csv,968,15,968,0.9757877066115702,0,1.0,1.0,0.9757877066115702,1.0,0.9915256973140496,1,,1809
383768,processed\features\383768_features.csv,968,15,968,0.9757877066115702,0,1.0,1.0,0.9757877066115702,1.0,0.9915256973140496,1,,1810
407734,processed\features\407734_features.csv,968,15,968,0.9757877066115702,0,1.0,1.0,0.9757877066115702,1.0,0.9915256973140496,1,,1811
408022,processed\features\408022_features.csv,968,15,968,0.9757877066115702,0,1.0,1.0,0.9757877066115702,1.0,0.9915256973140496,1,,1812
427620,processed\features\427620_features.csv,968,15,968,0.9757877066115702,0,1.0,1.0,0.9757877066115702,1.0,0.9915256973140496,1,,1813
437456,processed\features\437456_features.csv,968,15,968,0.9757877066115702,0,1.0,1.0,0.9757877066115702,1.0,0.9915256973140496,1,,1814
458158,processed\features\458158_features.csv,968,15,968,0.9757877066115702,0,1.0,1.0,0.9757877066115702,1.0,0.9915256973140496,1,,1815
469479,processed\features\469479_features.csv,968,15,968,0.9757877066115702,0,1.0,1.0,0.9757877066115702,1.0,0.9915256973140496,1,,1816
475016,processed\features\475016_features.csv,968,15,968,0.9757877066115702,0,1.0,1.0,0.9757877066115702,1.0,0.9915256973140496,1,,1817
477495,processed\features\477495_features.csv,968,15,968,0.9757877066115702,0,1.0,1.0,0.9757877066115702,1.0,0.9915256973140496,1,,1818
502137,processed\features\502137_features.csv,968,15,968,0.9757877066115702,0,1.0,1.0,0.9757877066115702,1.0,0.9915256973140496,1,,1819
83776,processed\features\83776_features.csv,968,15,968,0.9757877066115702,0,1.0,1.0,0.9757877066115702,1.0,0.9915256973140496,1,,1820
95892,processed\features\95892_features.csv,968,15,968,0.9757877066115702,0,1.0,1.0,0.9757877066115702,1.0,0.9915256973140496,1,,1821
103773,processed\features\103773_features.csv,967,15,967,0.9757626680455016,0,1.0,1.0,0.9757626680455016,1.0,0.9915169338159255,1,,1822
127563,processed\features\127563_features.csv,967,15,967,0.9757626680455016,0,1.0,1.0,0.9757626680455016,1.0,0.9915169338159255,1,,1823
136408,processed\features\136408_features.csv,967,15,967,0.9757626680455016,0,1.0,1.0,0.9757626680455016,1.0,0.9915169338159255,1,,1824
142102,processed\features\142102_features.csv,967,15,967,0.9757626680455016,0,1.0,1.0,0.9757626680455016,1.0,0.9915169338159255,1,,1825
15071,processed\features\15071_features.csv,967,15,967,0.9757626680455016,0,1.0,1.0,0.9757626680455016,1.0,0.9915169338159255,1,,1826
165390,processed\features\165390_features.csv,967,15,967,0.9757626680455016,0,1.0,1.0,0.9757626680455016,1.0,0.9915169338159255,1,,1827
166825,processed\features\166825_features.csv,967,15,967,0.9757626680455016,0,1.0,1.0,0.9757626680455016,1.0,0.9915169338159255,1,,1828
186090,processed\features\186090_features.csv,967,15,967,0.9757626680455016,0,1.0,1.0,0.9757626680455016,1.0,0.9915169338159255,1,,1829
190692,processed\features\190692_features.csv,967,15,967,0.9757626680455016,0,1.0,1.0,0.9757626680455016,1.0,0.9915169338159255,1,,1830
193220,processed\features\193220_features.csv,967,15,967,0.9757626680455016,0,1.0,1.0,0.9757626680455016,1.0,0.9915169338159255,1,,1831
204977,processed\features\204977_features.csv,967,15,967,0.9757626680455016,0,1.0,1.0,0.9757626680455016,1.0,0.9915169338159255,1,,1832
238553,processed\features\238553_features.csv,967,15,967,0.9757626680455016,0,1.0,1.0,0.9757626680455016,1.0,0.9915169338159255,1,,1833
267683,processed\features\267683_features.csv,967,15,967,0.9757626680455016,0,1.0,1.0,0.9757626680455016,1.0,0.9915169338159255,1,,1834
272260,processed\features\272260_features.csv,967,15,967,0.9757626680455016,0,1.0,1.0,0.9757626680455016,1.0,0.9915169338159255,1,,1835
289814,processed\features\289814_features.csv,967,15,967,0.9757626680455016,0,1.0,1.0,0.9757626680455016,1.0,0.9915169338159255,1,,1836
295089,processed\features\295089_features.csv,967,15,967,0.9757626680455016,0,1.0,1.0,0.9757626680455016,1.0,0.9915169338159255,1,,1837
29644,processed\features\29644_features.csv,967,15,967,0.9757626680455016,0,1.0,1.0,0.9757626680455016,1.0,0.9915169338159255,1,,1838
303071,processed\features\303071_features.csv,967,15,967,0.9757626680455016,0,1.0,1.0,0.9757626680455016,1.0,0.9915169338159255,1,,1839
306575,processed\features\306575_features.csv,967,15,967,0.9757626680455016,0,1.0,1.0,0.9757626680455016,1.0,0.9915169338159255,1,,1840
30892,processed\features\30892_features.csv,967,15,967,0.9757626680455016,0,1.0,1.0,0.9757626680455016,1.0,0.9915169338159255,1,,1841
315715,processed\features\315715_features.csv,967,15,967,0.9757626680455016,0,1.0,1.0,0.9757626680455016,1.0,0.9915169338159255,1,,1842
334676,processed\features\334676_features.csv,967,15,967,0.9757626680455016,0,1.0,1.0,0.9757626680455016,1.0,0.9915169338159255,1,,1843
35015,processed\features\35015_features.csv,967,15,967,0.9757626680455016,0,1.0,1.0,0.9757626680455016,1.0,0.9915169338159255,1,,1844
399482,processed\features\399482_features.csv,967,15,967,0.9757626680455016,0,1.0,1.0,0.9757626680455016,1.0,0.9915169338159255,1,,1845
415532,processed\features\415532_features.csv,967,15,967,0.9757626680455016,0,1.0,1.0,0.9757626680455016,1.0,0.9915169338159255,1,,1846
426138,processed\features\426138_features.csv,967,15,967,0.9757626680455016,0,1.0,1.0,0.9757626680455016,1.0,0.9915169338159255,1,,1847
434322,processed\features\434322_features.csv,967,15,967,0.9757626680455016,0,1.0,1.0,0.9757626680455016,1.0,0.9915169338159255,1,,1848
459764,processed\features\459764_features.csv,967,15,967,0.9757626680455016,0,1.0,1.0,0.9757626680455016,1.0,0.9915169338159255,1,,1849
479714,processed\features\479714_features.csv,967,15,967,0.9757626680455016,0,1.0,1.0,0.9757626680455016,1.0,0.9915169338159255,1,,1850
480222,processed\features\480222_features.csv,967,15,967,0.9757626680455016,0,1.0,1.0,0.9757626680455016,1.0,0.9915169338159255,1,,1851
500006,processed\features\500006_features.csv,967,15,967,0.9757626680455016,0,1.0,1.0,0.9757626680455016,1.0,0.9915169338159255,1,,1852
502671,processed\features\502671_features.csv,967,15,967,0.9757626680455016,0,1.0,1.0,0.9757626680455016,1.0,0.9915169338159255,1,,1853
505254,processed\features\505254_features.csv,967,15,967,0.9757626680455016,0,1.0,1.0,0.9757626680455016,1.0,0.9915169338159255,1,,1854
517682,processed\features\517682_features.csv,967,15,967,0.9757626680455016,0,1.0,1.0,0.9757626680455016,1.0,0.9915169338159255,1,,1855
5262,processed\features\5262_features.csv,967,15,967,0.9757626680455016,0,1.0,1.0,0.9757626680455016,1.0,0.9915169338159255,1,,1856
56649,processed\features\56649_features.csv,967,15,967,0.9757626680455016,0,1.0,1.0,0.9757626680455016,1.0,0.9915169338159255,1,,1857
80991,processed\features\80991_features.csv,967,15,967,0.9757626680455016,0,1.0,1.0,0.9757626680455016,1.0,0.9915169338159255,1,,1858
87905,processed\features\87905_features.csv,967,15,967,0.9757626680455016,0,1.0,1.0,0.9757626680455016,1.0,0.9915169338159255,1,,1859
90241,processed\features\90241_features.csv,967,15,967,0.9757626680455016,0,1.0,1.0,0.9757626680455016,1.0,0.9915169338159255,1,,1860
125908,processed\features\125908_features.csv,966,15,966,0.9757375776397516,0,1.0,1.0,0.9757375776397516,1.0,0.991508152173913,1,,1861
148046,processed\features\148046_features.csv,966,15,966,0.9757375776397516,0,1.0,1.0,0.9757375776397516,1.0,0.991508152173913,1,,1862
150950,processed\features\150950_features.csv,966,15,966,0.9757375776397516,0,1.0,1.0,0.9757375776397516,1.0,0.991508152173913,1,,1863
174687,processed\features\174687_features.csv,966,15,966,0.9757375776397516,0,1.0,1.0,0.9757375776397516,1.0,0.991508152173913,1,,1864
196888,processed\features\196888_features.csv,966,15,966,0.9757375776397516,0,1.0,1.0,0.9757375776397516,1.0,0.991508152173913,1,,1865
202650,processed\features\202650_features.csv,966,15,966,0.9757375776397516,0,1.0,1.0,0.9757375776397516,1.0,0.991508152173913,1,,1866
227152,processed\features\227152_features.csv,966,15,966,0.9757375776397516,0,1.0,1.0,0.9757375776397516,1.0,0.991508152173913,1,,1867
249757,processed\features\249757_features.csv,966,15,966,0.9757375776397516,0,1.0,1.0,0.9757375776397516,1.0,0.991508152173913,1,,1868
255494,processed\features\255494_features.csv,966,15,966,0.9757375776397516,0,1.0,1.0,0.9757375776397516,1.0,0.991508152173913,1,,1869
256841,processed\features\256841_features.csv,966,15,966,0.9757375776397516,0,1.0,1.0,0.9757375776397516,1.0,0.991508152173913,1,,1870
266167,processed\features\266167_features.csv,966,15,966,0.9757375776397516,0,1.0,1.0,0.9757375776397516,1.0,0.991508152173913,1,,1871
268715,processed\features\268715_features.csv,966,15,966,0.9757375776397516,0,1.0,1.0,0.9757375776397516,1.0,0.991508152173913,1,,1872
273309,processed\features\273309_features.csv,966,15,966,0.9757375776397516,0,1.0,1.0,0.9757375776397516,1.0,0.991508152173913,1,,1873
280544,processed\features\280544_features.csv,966,15,966,0.9757375776397516,0,1.0,1.0,0.9757375776397516,1.0,0.991508152173913,1,,1874
281219,processed\features\281219_features.csv,966,15,966,0.9757375776397516,0,1.0,1.0,0.9757375776397516,1.0,0.991508152173913,1,,1875
283919,processed\features\283919_features.csv,966,15,966,0.9757375776397516,0,1.0,1.0,0.9757375776397516,1.0,0.991508152173913,1,,1876
296906,processed\features\296906_features.csv,966,15,966,0.9757375776397516,0,1.0,1.0,0.9757375776397516,1.0,0.991508152173913,1,,1877
309640,processed\features\309640_features.csv,966,15,966,0.9757375776397516,0,1.0,1.0,0.9757375776397516,1.0,0.991508152173913,1,,1878
318424,processed\features\318424_features.csv,966,15,966,0.9757375776397516,0,1.0,1.0,0.9757375776397516,1.0,0.991508152173913,1,,1879
326480,processed\features\326480_features.csv,966,15,966,0.9757375776397516,0,1.0,1.0,0.9757375776397516,1.0,0.991508152173913,1,,1880
335136,processed\features\335136_features.csv,966,15,966,0.9757375776397516,0,1.0,1.0,0.9757375776397516,1.0,0.991508152173913,1,,1881
410311,processed\features\410311_features.csv,966,15,966,0.9757375776397516,0,1.0,1.0,0.9757375776397516,1.0,0.991508152173913,1,,1882
416366,processed\features\416366_features.csv,966,15,966,0.9757375776397516,0,1.0,1.0,0.9757375776397516,1.0,0.991508152173913,1,,1883
418930,processed\features\418930_features.csv,966,15,966,0.9757375776397516,0,1.0,1.0,0.9757375776397516,1.0,0.991508152173913,1,,1884
428498,processed\features\428498_features.csv,966,15,966,0.9757375776397516,0,1.0,1.0,0.9757375776397516,1.0,0.991508152173913,1,,1885
444107,processed\features\444107_features.csv,966,15,966,0.9757375776397516,0,1.0,1.0,0.9757375776397516,1.0,0.991508152173913,1,,1886
502407,processed\features\502407_features.csv,966,15,966,0.9757375776397516,0,1.0,1.0,0.9757375776397516,1.0,0.991508152173913,1,,1887
515082,processed\features\515082_features.csv,966,15,966,0.9757375776397516,0,1.0,1.0,0.9757375776397516,1.0,0.991508152173913,1,,1888
83046,processed\features\83046_features.csv,966,15,966,0.9757375776397516,0,1.0,1.0,0.9757375776397516,1.0,0.991508152173913,1,,1889
88,processed\features\88_features.csv,966,15,966,0.9757375776397516,0,1.0,1.0,0.9757375776397516,1.0,0.991508152173913,1,,1890
112295,processed\features\112295_features.csv,965,15,965,0.9757124352331606,0,1.0,1.0,0.9757124352331606,1.0,0.9914993523316062,1,,1891
122287,processed\features\122287_features.csv,965,15,965,0.9757124352331606,0,1.0,1.0,0.9757124352331606,1.0,0.9914993523316062,1,,1892
135629,processed\features\135629_features.csv,965,15,965,0.9757124352331606,0,1.0,1.0,0.9757124352331606,1.0,0.9914993523316062,1,,1893
136172,processed\features\136172_features.csv,965,15,965,0.9757124352331606,0,1.0,1.0,0.9757124352331606,1.0,0.9914993523316062,1,,1894
138134,processed\features\138134_features.csv,965,15,965,0.9757124352331606,0,1.0,1.0,0.9757124352331606,1.0,0.9914993523316062,1,,1895
183842,processed\features\183842_features.csv,965,15,965,0.9757124352331606,0,1.0,1.0,0.9757124352331606,1.0,0.9914993523316062,1,,1896
190898,processed\features\190898_features.csv,965,15,965,0.9757124352331606,0,1.0,1.0,0.9757124352331606,1.0,0.9914993523316062,1,,1897
200957,processed\features\200957_features.csv,965,15,965,0.9757124352331606,0,1.0,1.0,0.9757124352331606,1.0,0.9914993523316062,1,,1898
206673,processed\features\206673_features.csv,965,15,965,0.9757124352331606,0,1.0,1.0,0.9757124352331606,1.0,0.9914993523316062,1,,1899
235401,processed\features\235401_features.csv,965,15,965,0.9757124352331606,0,1.0,1.0,0.9757124352331606,1.0,0.9914993523316062,1,,1900
24437,processed\features\24437_features.csv,965,15,965,0.9757124352331606,0,1.0,1.0,0.9757124352331606,1.0,0.9914993523316062,1,,1901
256679,processed\features\256679_features.csv,965,15,965,0.9757124352331606,0,1.0,1.0,0.9757124352331606,1.0,0.9914993523316062,1,,1902
273775,processed\features\273775_features.csv,965,15,965,0.9757124352331606,0,1.0,1.0,0.9757124352331606,1.0,0.9914993523316062,1,,1903
282373,processed\features\282373_features.csv,965,15,965,0.9757124352331606,0,1.0,1.0,0.9757124352331606,1.0,0.9914993523316062,1,,1904
291559,processed\features\291559_features.csv,965,15,965,0.9757124352331606,0,1.0,1.0,0.9757124352331606,1.0,0.9914993523316062,1,,1905
307614,processed\features\307614_features.csv,965,15,965,0.9757124352331606,0,1.0,1.0,0.9757124352331606,1.0,0.9914993523316062,1,,1906
335383,processed\features\335383_features.csv,965,15,965,0.9757124352331606,0,1.0,1.0,0.9757124352331606,1.0,0.9914993523316062,1,,1907
337929,processed\features\337929_features.csv,965,15,965,0.9757124352331606,0,1.0,1.0,0.9757124352331606,1.0,0.9914993523316062,1,,1908
373397,processed\features\373397_features.csv,965,15,965,0.9757124352331606,0,1.0,1.0,0.9757124352331606,1.0,0.9914993523316062,1,,1909
380779,processed\features\380779_features.csv,965,15,965,0.9757124352331606,0,1.0,1.0,0.9757124352331606,1.0,0.9914993523316062,1,,1910
413784,processed\features\413784_features.csv,965,15,965,0.9757124352331606,0,1.0,1.0,0.9757124352331606,1.0,0.9914993523316062,1,,1911
416470,processed\features\416470_features.csv,965,15,965,0.9757124352331606,0,1.0,1.0,0.9757124352331606,1.0,0.9914993523316062,1,,1912
416683,processed\features\416683_features.csv,965,15,965,0.9757124352331606,0,1.0,1.0,0.9757124352331606,1.0,0.9914993523316062,1,,1913
434057,processed\features\434057_features.csv,965,15,965,0.9757124352331606,0,1.0,1.0,0.9757124352331606,1.0,0.9914993523316062,1,,1914
444931,processed\features\444931_features.csv,965,15,965,0.9757124352331606,0,1.0,1.0,0.9757124352331606,1.0,0.9914993523316062,1,,1915
460926,processed\features\460926_features.csv,965,15,965,0.9757124352331606,0,1.0,1.0,0.9757124352331606,1.0,0.9914993523316062,1,,1916
467546,processed\features\467546_features.csv,965,15,965,0.9757124352331606,0,1.0,1.0,0.9757124352331606,1.0,0.9914993523316062,1,,1917
47731,processed\features\47731_features.csv,965,15,965,0.9757124352331606,0,1.0,1.0,0.9757124352331606,1.0,0.9914993523316062,1,,1918
477491,processed\features\477491_features.csv,965,15,965,0.9757124352331606,0,1.0,1.0,0.9757124352331606,1.0,0.9914993523316062,1,,1919
502970,processed\features\502970_features.csv,965,15,965,0.9757124352331606,0,1.0,1.0,0.9757124352331606,1.0,0.9914993523316062,1,,1920
509014,processed\features\509014_features.csv,965,15,965,0.9757124352331606,0,1.0,1.0,0.9757124352331606,1.0,0.9914993523316062,1,,1921
51541,processed\features\51541_features.csv,965,15,965,0.9757124352331606,0,1.0,1.0,0.9757124352331606,1.0,0.9914993523316062,1,,1922
5756,processed\features\5756_features.csv,965,15,965,0.9757124352331606,0,1.0,1.0,0.9757124352331606,1.0,0.9914993523316062,1,,1923
82166,processed\features\82166_features.csv,965,15,965,0.9757124352331606,0,1.0,1.0,0.9757124352331606,1.0,0.9914993523316062,1,,1924
85227,processed\features\85227_features.csv,965,15,965,0.9757124352331606,0,1.0,1.0,0.9757124352331606,1.0,0.9914993523316062,1,,1925
97292,processed\features\97292_features.csv,965,15,965,0.9757124352331606,0,1.0,1.0,0.9757124352331606,1.0,0.9914993523316062,1,,1926
98528,processed\features\98528_features.csv,965,15,965,0.9757124352331606,0,1.0,1.0,0.9757124352331606,1.0,0.9914993523316062,1,,1927
114316,processed\features\114316_features.csv,964,15,964,0.9756872406639004,0,1.0,1.0,0.9756872406639004,1.0,0.9914905342323651,1,,1928
129261,processed\features\129261_features.csv,964,15,964,0.9756872406639004,0,1.0,1.0,0.9756872406639004,1.0,0.9914905342323651,1,,1929
134814,processed\features\134814_features.csv,964,15,964,0.9756872406639004,0,1.0,1.0,0.9756872406639004,1.0,0.9914905342323651,1,,1930
136577,processed\features\136577_features.csv,964,15,964,0.9756872406639004,0,1.0,1.0,0.9756872406639004,1.0,0.9914905342323651,1,,1931
191185,processed\features\191185_features.csv,964,15,964,0.9756872406639004,0,1.0,1.0,0.9756872406639004,1.0,0.9914905342323651,1,,1932
204562,processed\features\204562_features.csv,964,15,964,0.9756872406639004,0,1.0,1.0,0.9756872406639004,1.0,0.9914905342323651,1,,1933
213945,processed\features\213945_features.csv,964,15,964,0.9756872406639004,0,1.0,1.0,0.9756872406639004,1.0,0.9914905342323651,1,,1934
216909,processed\features\216909_features.csv,964,15,964,0.9756872406639004,0,1.0,1.0,0.9756872406639004,1.0,0.9914905342323651,1,,1935
227400,processed\features\227400_features.csv,964,15,964,0.9756872406639004,0,1.0,1.0,0.9756872406639004,1.0,0.9914905342323651,1,,1936
243569,processed\features\243569_features.csv,964,15,964,0.9756872406639004,0,1.0,1.0,0.9756872406639004,1.0,0.9914905342323651,1,,1937
244301,processed\features\244301_features.csv,964,15,964,0.9756872406639004,0,1.0,1.0,0.9756872406639004,1.0,0.9914905342323651,1,,1938
249359,processed\features\249359_features.csv,964,15,964,0.9756872406639004,0,1.0,1.0,0.9756872406639004,1.0,0.9914905342323651,1,,1939
253561,processed\features\253561_features.csv,964,15,964,0.9756872406639004,0,1.0,1.0,0.9756872406639004,1.0,0.9914905342323651,1,,1940
273176,processed\features\273176_features.csv,964,15,964,0.9756872406639004,0,1.0,1.0,0.9756872406639004,1.0,0.9914905342323651,1,,1941
283605,processed\features\283605_features.csv,964,15,964,0.9756872406639004,0,1.0,1.0,0.9756872406639004,1.0,0.9914905342323651,1,,1942
299108,processed\features\299108_features.csv,964,15,964,0.9756872406639004,0,1.0,1.0,0.9756872406639004,1.0,0.9914905342323651,1,,1943
328866,processed\features\328866_features.csv,964,15,964,0.9756872406639004,0,1.0,1.0,0.9756872406639004,1.0,0.9914905342323651,1,,1944
366093,processed\features\366093_features.csv,964,15,964,0.9756872406639004,0,1.0,1.0,0.9756872406639004,1.0,0.9914905342323651,1,,1945
387521,processed\features\387521_features.csv,964,15,964,0.9756872406639004,0,1.0,1.0,0.9756872406639004,1.0,0.9914905342323651,1,,1946
390701,processed\features\390701_features.csv,964,15,964,0.9756872406639004,0,1.0,1.0,0.9756872406639004,1.0,0.9914905342323651,1,,1947
409993,processed\features\409993_features.csv,964,15,964,0.9756872406639004,0,1.0,1.0,0.9756872406639004,1.0,0.9914905342323651,1,,1948
423920,processed\features\423920_features.csv,964,15,964,0.9756872406639004,0,1.0,1.0,0.9756872406639004,1.0,0.9914905342323651,1,,1949
425356,processed\features\425356_features.csv,964,15,964,0.9756872406639004,0,1.0,1.0,0.9756872406639004,1.0,0.9914905342323651,1,,1950
449042,processed\features\449042_features.csv,964,15,964,0.9756872406639004,0,1.0,1.0,0.9756872406639004,1.0,0.9914905342323651,1,,1951
57082,processed\features\57082_features.csv,964,15,964,0.9756872406639004,0,1.0,1.0,0.9756872406639004,1.0,0.9914905342323651,1,,1952
62276,processed\features\62276_features.csv,964,15,964,0.9756872406639004,0,1.0,1.0,0.9756872406639004,1.0,0.9914905342323651,1,,1953
68112,processed\features\68112_features.csv,964,15,964,0.9756872406639004,0,1.0,1.0,0.9756872406639004,1.0,0.9914905342323651,1,,1954
103,processed\features\103_features.csv,963,15,963,0.9756619937694704,0,1.0,1.0,0.9756619937694704,1.0,0.9914816978193146,1,,1955
106819,processed\features\106819_features.csv,963,15,963,0.9756619937694704,0,1.0,1.0,0.9756619937694704,1.0,0.9914816978193146,1,,1956
127267,processed\features\127267_features.csv,963,15,963,0.9756619937694704,0,1.0,1.0,0.9756619937694704,1.0,0.9914816978193146,1,,1957
135999,processed\features\135999_features.csv,963,15,963,0.9756619937694704,0,1.0,1.0,0.9756619937694704,1.0,0.9914816978193146,1,,1958
144591,processed\features\144591_features.csv,963,15,963,0.9756619937694704,0,1.0,1.0,0.9756619937694704,1.0,0.9914816978193146,1,,1959
171559,processed\features\171559_features.csv,963,15,963,0.9756619937694704,0,1.0,1.0,0.9756619937694704,1.0,0.9914816978193146,1,,1960
176045,processed\features\176045_features.csv,963,15,963,0.9756619937694704,0,1.0,1.0,0.9756619937694704,1.0,0.9914816978193146,1,,1961
236589,processed\features\236589_features.csv,963,15,963,0.9756619937694704,0,1.0,1.0,0.9756619937694704,1.0,0.9914816978193146,1,,1962
247384,processed\features\247384_features.csv,963,15,963,0.9756619937694704,0,1.0,1.0,0.9756619937694704,1.0,0.9914816978193146,1,,1963
254886,processed\features\254886_features.csv,963,15,963,0.9756619937694704,0,1.0,1.0,0.9756619937694704,1.0,0.9914816978193146,1,,1964
265598,processed\features\265598_features.csv,963,15,963,0.9756619937694704,0,1.0,1.0,0.9756619937694704,1.0,0.9914816978193146,1,,1965
267583,processed\features\267583_features.csv,963,15,963,0.9756619937694704,0,1.0,1.0,0.9756619937694704,1.0,0.9914816978193146,1,,1966
269671,processed\features\269671_features.csv,963,15,963,0.9756619937694704,0,1.0,1.0,0.9756619937694704,1.0,0.9914816978193146,1,,1967
279609,processed\features\279609_features.csv,963,15,963,0.9756619937694704,0,1.0,1.0,0.9756619937694704,1.0,0.9914816978193146,1,,1968
301327,processed\features\301327_features.csv,963,15,963,0.9756619937694704,0,1.0,1.0,0.9756619937694704,1.0,0.9914816978193146,1,,1969
315244,processed\features\315244_features.csv,963,15,963,0.9756619937694704,0,1.0,1.0,0.9756619937694704,1.0,0.9914816978193146,1,,1970
364459,processed\features\364459_features.csv,963,15,963,0.9756619937694704,0,1.0,1.0,0.9756619937694704,1.0,0.9914816978193146,1,,1971
380147,processed\features\380147_features.csv,963,15,963,0.9756619937694704,0,1.0,1.0,0.9756619937694704,1.0,0.9914816978193146,1,,1972
384226,processed\features\384226_features.csv,963,15,963,0.9756619937694704,0,1.0,1.0,0.9756619937694704,1.0,0.9914816978193146,1,,1973
410274,processed\features\410274_features.csv,963,15,963,0.9756619937694704,0,1.0,1.0,0.9756619937694704,1.0,0.9914816978193146,1,,1974
423264,processed\features\423264_features.csv,963,15,963,0.9756619937694704,0,1.0,1.0,0.9756619937694704,1.0,0.9914816978193146,1,,1975
443840,processed\features\443840_features.csv,963,15,963,0.9756619937694704,0,1.0,1.0,0.9756619937694704,1.0,0.9914816978193146,1,,1976
446519,processed\features\446519_features.csv,963,15,963,0.9756619937694704,0,1.0,1.0,0.9756619937694704,1.0,0.9914816978193146,1,,1977
451708,processed\features\451708_features.csv,963,15,963,0.9756619937694704,0,1.0,1.0,0.9756619937694704,1.0,0.9914816978193146,1,,1978
455032,processed\features\455032_features.csv,963,15,963,0.9756619937694704,0,1.0,1.0,0.9756619937694704,1.0,0.9914816978193146,1,,1979
468296,processed\features\468296_features.csv,963,15,963,0.9756619937694704,0,1.0,1.0,0.9756619937694704,1.0,0.9914816978193146,1,,1980
494822,processed\features\494822_features.csv,963,15,963,0.9756619937694704,0,1.0,1.0,0.9756619937694704,1.0,0.9914816978193146,1,,1981
50865,processed\features\50865_features.csv,963,15,963,0.9756619937694704,0,1.0,1.0,0.9756619937694704,1.0,0.9914816978193146,1,,1982
75161,processed\features\75161_features.csv,963,15,963,0.9756619937694704,0,1.0,1.0,0.9756619937694704,1.0,0.9914816978193146,1,,1983
84708,processed\features\84708_features.csv,963,15,963,0.9756619937694704,0,1.0,1.0,0.9756619937694704,1.0,0.9914816978193146,1,,1984
86316,processed\features\86316_features.csv,963,15,963,0.9756619937694704,0,1.0,1.0,0.9756619937694704,1.0,0.9914816978193146,1,,1985
98165,processed\features\98165_features.csv,963,15,963,0.9756619937694704,0,1.0,1.0,0.9756619937694704,1.0,0.9914816978193146,1,,1986
124150,processed\features\124150_features.csv,962,15,962,0.9756366943866944,0,1.0,1.0,0.9756366943866944,1.0,0.9914728430353431,1,,1987
148521,processed\features\148521_features.csv,962,15,962,0.9756366943866944,0,1.0,1.0,0.9756366943866944,1.0,0.9914728430353431,1,,1988
15056,processed\features\15056_features.csv,962,15,962,0.9756366943866944,0,1.0,1.0,0.9756366943866944,1.0,0.9914728430353431,1,,1989
157195,processed\features\157195_features.csv,962,15,962,0.9756366943866944,0,1.0,1.0,0.9756366943866944,1.0,0.9914728430353431,1,,1990
196033,processed\features\196033_features.csv,962,15,962,0.9756366943866944,0,1.0,1.0,0.9756366943866944,1.0,0.9914728430353431,1,,1991
196710,processed\features\196710_features.csv,962,15,962,0.9756366943866944,0,1.0,1.0,0.9756366943866944,1.0,0.9914728430353431,1,,1992
207599,processed\features\207599_features.csv,962,15,962,0.9756366943866944,0,1.0,1.0,0.9756366943866944,1.0,0.9914728430353431,1,,1993
211147,processed\features\211147_features.csv,962,15,962,0.9756366943866944,0,1.0,1.0,0.9756366943866944,1.0,0.9914728430353431,1,,1994
230547,processed\features\230547_features.csv,962,15,962,0.9756366943866944,0,1.0,1.0,0.9756366943866944,1.0,0.9914728430353431,1,,1995
231002,processed\features\231002_features.csv,962,15,962,0.9756366943866944,0,1.0,1.0,0.9756366943866944,1.0,0.9914728430353431,1,,1996
250694,processed\features\250694_features.csv,962,15,962,0.9756366943866944,0,1.0,1.0,0.9756366943866944,1.0,0.9914728430353431,1,,1997
276511,processed\features\276511_features.csv,962,15,962,0.9756366943866944,0,1.0,1.0,0.9756366943866944,1.0,0.9914728430353431,1,,1998
285585,processed\features\285585_features.csv,962,15,962,0.9756366943866944,0,1.0,1.0,0.9756366943866944,1.0,0.9914728430353431,1,,1999
300711,processed\features\300711_features.csv,962,15,962,0.9756366943866944,0,1.0,1.0,0.9756366943866944,1.0,0.9914728430353431,1,,2000
302490,processed\features\302490_features.csv,962,15,962,0.9756366943866944,0,1.0,1.0,0.9756366943866944,1.0,0.9914728430353431,1,,2001
329881,processed\features\329881_features.csv,962,15,962,0.9756366943866944,0,1.0,1.0,0.9756366943866944,1.0,0.9914728430353431,1,,2002
342413,processed\features\342413_features.csv,962,15,962,0.9756366943866944,0,1.0,1.0,0.9756366943866944,1.0,0.9914728430353431,1,,2003
346807,processed\features\346807_features.csv,962,15,962,0.9756366943866944,0,1.0,1.0,0.9756366943866944,1.0,0.9914728430353431,1,,2004
390091,processed\features\390091_features.csv,962,15,962,0.9756366943866944,0,1.0,1.0,0.9756366943866944,1.0,0.9914728430353431,1,,2005
419907,processed\features\419907_features.csv,962,15,962,0.9756366943866944,0,1.0,1.0,0.9756366943866944,1.0,0.9914728430353431,1,,2006
420558,processed\features\420558_features.csv,962,15,962,0.9756366943866944,0,1.0,1.0,0.9756366943866944,1.0,0.9914728430353431,1,,2007
424188,processed\features\424188_features.csv,962,15,962,0.9756366943866944,0,1.0,1.0,0.9756366943866944,1.0,0.9914728430353431,1,,2008
452140,processed\features\452140_features.csv,962,15,962,0.9756366943866944,0,1.0,1.0,0.9756366943866944,1.0,0.9914728430353431,1,,2009
457874,processed\features\457874_features.csv,962,15,962,0.9756366943866944,0,1.0,1.0,0.9756366943866944,1.0,0.9914728430353431,1,,2010
463368,processed\features\463368_features.csv,962,15,962,0.9756366943866944,0,1.0,1.0,0.9756366943866944,1.0,0.9914728430353431,1,,2011
47550,processed\features\47550_features.csv,962,15,962,0.9756366943866944,0,1.0,1.0,0.9756366943866944,1.0,0.9914728430353431,1,,2012
479900,processed\features\479900_features.csv,962,15,962,0.9756366943866944,0,1.0,1.0,0.9756366943866944,1.0,0.9914728430353431,1,,2013
488433,processed\features\488433_features.csv,962,15,962,0.9756366943866944,0,1.0,1.0,0.9756366943866944,1.0,0.9914728430353431,1,,2014
49273,processed\features\49273_features.csv,962,15,962,0.9756366943866944,0,1.0,1.0,0.9756366943866944,1.0,0.9914728430353431,1,,2015
493144,processed\features\493144_features.csv,962,15,962,0.9756366943866944,0,1.0,1.0,0.9756366943866944,1.0,0.9914728430353431,1,,2016
50438,processed\features\50438_features.csv,962,15,962,0.9756366943866944,0,1.0,1.0,0.9756366943866944,1.0,0.9914728430353431,1,,2017
59180,processed\features\59180_features.csv,962,15,962,0.9756366943866944,0,1.0,1.0,0.9756366943866944,1.0,0.9914728430353431,1,,2018
84707,processed\features\84707_features.csv,962,15,962,0.9756366943866944,0,1.0,1.0,0.9756366943866944,1.0,0.9914728430353431,1,,2019
87581,processed\features\87581_features.csv,962,15,962,0.9756366943866944,0,1.0,1.0,0.9756366943866944,1.0,0.9914728430353431,1,,2020
103447,processed\features\103447_features.csv,961,15,961,0.975611342351717,0,1.0,1.0,0.975611342351717,1.0,0.9914639698231009,1,,2021
110686,processed\features\110686_features.csv,961,15,961,0.975611342351717,0,1.0,1.0,0.975611342351717,1.0,0.9914639698231009,1,,2022
132324,processed\features\132324_features.csv,961,15,961,0.975611342351717,0,1.0,1.0,0.975611342351717,1.0,0.9914639698231009,1,,2023
146586,processed\features\146586_features.csv,961,15,961,0.975611342351717,0,1.0,1.0,0.975611342351717,1.0,0.9914639698231009,1,,2024
171716,processed\features\171716_features.csv,961,15,961,0.975611342351717,0,1.0,1.0,0.975611342351717,1.0,0.9914639698231009,1,,2025
176027,processed\features\176027_features.csv,961,15,961,0.975611342351717,0,1.0,1.0,0.975611342351717,1.0,0.9914639698231009,1,,2026
178269,processed\features\178269_features.csv,961,15,961,0.975611342351717,0,1.0,1.0,0.975611342351717,1.0,0.9914639698231009,1,,2027
192259,processed\features\192259_features.csv,961,15,961,0.975611342351717,0,1.0,1.0,0.975611342351717,1.0,0.9914639698231009,1,,2028
194756,processed\features\194756_features.csv,961,15,961,0.975611342351717,0,1.0,1.0,0.975611342351717,1.0,0.9914639698231009,1,,2029
214093,processed\features\214093_features.csv,961,15,961,0.975611342351717,0,1.0,1.0,0.975611342351717,1.0,0.9914639698231009,1,,2030
248306,processed\features\248306_features.csv,961,15,961,0.975611342351717,0,1.0,1.0,0.975611342351717,1.0,0.9914639698231009,1,,2031
252276,processed\features\252276_features.csv,961,15,961,0.975611342351717,0,1.0,1.0,0.975611342351717,1.0,0.9914639698231009,1,,2032
270655,processed\features\270655_features.csv,961,15,961,0.975611342351717,0,1.0,1.0,0.975611342351717,1.0,0.9914639698231009,1,,2033
272751,processed\features\272751_features.csv,961,15,961,0.975611342351717,0,1.0,1.0,0.975611342351717,1.0,0.9914639698231009,1,,2034
283781,processed\features\283781_features.csv,961,15,961,0.975611342351717,0,1.0,1.0,0.975611342351717,1.0,0.9914639698231009,1,,2035
2858,processed\features\2858_features.csv,961,15,961,0.975611342351717,0,1.0,1.0,0.975611342351717,1.0,0.9914639698231009,1,,2036
295497,processed\features\295497_features.csv,961,15,961,0.975611342351717,0,1.0,1.0,0.975611342351717,1.0,0.9914639698231009,1,,2037
29814,processed\features\29814_features.csv,961,15,961,0.975611342351717,0,1.0,1.0,0.975611342351717,1.0,0.9914639698231009,1,,2038
300121,processed\features\300121_features.csv,961,15,961,0.975611342351717,0,1.0,1.0,0.975611342351717,1.0,0.9914639698231009,1,,2039
302592,processed\features\302592_features.csv,961,15,961,0.975611342351717,0,1.0,1.0,0.975611342351717,1.0,0.9914639698231009,1,,2040
327916,processed\features\327916_features.csv,961,15,961,0.975611342351717,0,1.0,1.0,0.975611342351717,1.0,0.9914639698231009,1,,2041
35382,processed\features\35382_features.csv,961,15,961,0.975611342351717,0,1.0,1.0,0.975611342351717,1.0,0.9914639698231009,1,,2042
35397,processed\features\35397_features.csv,961,15,961,0.975611342351717,0,1.0,1.0,0.975611342351717,1.0,0.9914639698231009,1,,2043
376392,processed\features\376392_features.csv,961,15,961,0.975611342351717,0,1.0,1.0,0.975611342351717,1.0,0.9914639698231009,1,,2044
379384,processed\features\379384_features.csv,961,15,961,0.975611342351717,0,1.0,1.0,0.975611342351717,1.0,0.9914639698231009,1,,2045
385771,processed\features\385771_features.csv,961,15,961,0.975611342351717,0,1.0,1.0,0.975611342351717,1.0,0.9914639698231009,1,,2046
390453,processed\features\390453_features.csv,961,15,961,0.975611342351717,0,1.0,1.0,0.975611342351717,1.0,0.9914639698231009,1,,2047
45176,processed\features\45176_features.csv,961,15,961,0.975611342351717,0,1.0,1.0,0.975611342351717,1.0,0.9914639698231009,1,,2048
458915,processed\features\458915_features.csv,961,15,961,0.975611342351717,0,1.0,1.0,0.975611342351717,1.0,0.9914639698231009,1,,2049
461919,processed\features\461919_features.csv,961,15,961,0.975611342351717,0,1.0,1.0,0.975611342351717,1.0,0.9914639698231009,1,,2050
467361,processed\features\467361_features.csv,961,15,961,0.975611342351717,0,1.0,1.0,0.975611342351717,1.0,0.9914639698231009,1,,2051
497973,processed\features\497973_features.csv,961,15,961,0.975611342351717,0,1.0,1.0,0.975611342351717,1.0,0.9914639698231009,1,,2052
53904,processed\features\53904_features.csv,961,15,961,0.975611342351717,0,1.0,1.0,0.975611342351717,1.0,0.9914639698231009,1,,2053
65453,processed\features\65453_features.csv,961,15,961,0.975611342351717,0,1.0,1.0,0.975611342351717,1.0,0.9914639698231009,1,,2054
85640,processed\features\85640_features.csv,961,15,961,0.975611342351717,0,1.0,1.0,0.975611342351717,1.0,0.9914639698231009,1,,2055
89460,processed\features\89460_features.csv,961,15,961,0.975611342351717,0,1.0,1.0,0.975611342351717,1.0,0.9914639698231009,1,,2056
122837,processed\features\122837_features.csv,960,15,960,0.9755859375,0,1.0,1.0,0.9755859375,1.0,0.991455078125,1,,2057
126572,processed\features\126572_features.csv,960,15,960,0.9755859375,0,1.0,1.0,0.9755859375,1.0,0.991455078125,1,,2058
142798,processed\features\142798_features.csv,960,15,960,0.9755859375,0,1.0,1.0,0.9755859375,1.0,0.991455078125,1,,2059
161674,processed\features\161674_features.csv,960,15,960,0.9755859375,0,1.0,1.0,0.9755859375,1.0,0.991455078125,1,,2060
164170,processed\features\164170_features.csv,960,15,960,0.9755859375,0,1.0,1.0,0.9755859375,1.0,0.991455078125,1,,2061
171700,processed\features\171700_features.csv,960,15,960,0.9755859375,0,1.0,1.0,0.9755859375,1.0,0.991455078125,1,,2062
201198,processed\features\201198_features.csv,960,15,960,0.9755859375,0,1.0,1.0,0.9755859375,1.0,0.991455078125,1,,2063
2098,processed\features\2098_features.csv,960,15,960,0.9755859375,0,1.0,1.0,0.9755859375,1.0,0.991455078125,1,,2064
223857,processed\features\223857_features.csv,960,15,960,0.9755859375,0,1.0,1.0,0.9755859375,1.0,0.991455078125,1,,2065
237118,processed\features\237118_features.csv,960,15,960,0.9755859375,0,1.0,1.0,0.9755859375,1.0,0.991455078125,1,,2066
241506,processed\features\241506_features.csv,960,15,960,0.9755859375,0,1.0,1.0,0.9755859375,1.0,0.991455078125,1,,2067
244109,processed\features\244109_features.csv,960,15,960,0.9755859375,0,1.0,1.0,0.9755859375,1.0,0.991455078125,1,,2068
252917,processed\features\252917_features.csv,960,15,960,0.9755859375,0,1.0,1.0,0.9755859375,1.0,0.991455078125,1,,2069
258074,processed\features\258074_features.csv,960,15,960,0.9755859375,0,1.0,1.0,0.9755859375,1.0,0.991455078125,1,,2070
271351,processed\features\271351_features.csv,960,15,960,0.9755859375,0,1.0,1.0,0.9755859375,1.0,0.991455078125,1,,2071
27212,processed\features\27212_features.csv,960,15,960,0.9755859375,0,1.0,1.0,0.9755859375,1.0,0.991455078125,1,,2072
274464,processed\features\274464_features.csv,960,15,960,0.9755859375,0,1.0,1.0,0.9755859375,1.0,0.991455078125,1,,2073
291037,processed\features\291037_features.csv,960,15,960,0.9755859375,0,1.0,1.0,0.9755859375,1.0,0.991455078125,1,,2074
294312,processed\features\294312_features.csv,960,15,960,0.9755859375,0,1.0,1.0,0.9755859375,1.0,0.991455078125,1,,2075
309122,processed\features\309122_features.csv,960,15,960,0.9755859375,0,1.0,1.0,0.9755859375,1.0,0.991455078125,1,,2076
330736,processed\features\330736_features.csv,960,15,960,0.9755859375,0,1.0,1.0,0.9755859375,1.0,0.991455078125,1,,2077
335401,processed\features\335401_features.csv,960,15,960,0.9755859375,0,1.0,1.0,0.9755859375,1.0,0.991455078125,1,,2078
335429,processed\features\335429_features.csv,960,15,960,0.9755859375,0,1.0,1.0,0.9755859375,1.0,0.991455078125,1,,2079
375660,processed\features\375660_features.csv,960,15,960,0.9755859375,0,1.0,1.0,0.9755859375,1.0,0.991455078125,1,,2080
383510,processed\features\383510_features.csv,960,15,960,0.9755859375,0,1.0,1.0,0.9755859375,1.0,0.991455078125,1,,2081
421573,processed\features\421573_features.csv,960,15,960,0.9755859375,0,1.0,1.0,0.9755859375,1.0,0.991455078125,1,,2082
439493,processed\features\439493_features.csv,960,15,960,0.9755859375,0,1.0,1.0,0.9755859375,1.0,0.991455078125,1,,2083
447858,processed\features\447858_features.csv,960,15,960,0.9755859375,0,1.0,1.0,0.9755859375,1.0,0.991455078125,1,,2084
457431,processed\features\457431_features.csv,960,15,960,0.9755859375,0,1.0,1.0,0.9755859375,1.0,0.991455078125,1,,2085
465169,processed\features\465169_features.csv,960,15,960,0.9755859375,0,1.0,1.0,0.9755859375,1.0,0.991455078125,1,,2086
466290,processed\features\466290_features.csv,960,15,960,0.9755859375,0,1.0,1.0,0.9755859375,1.0,0.991455078125,1,,2087
502289,processed\features\502289_features.csv,960,15,960,0.9755859375,0,1.0,1.0,0.9755859375,1.0,0.991455078125,1,,2088
516907,processed\features\516907_features.csv,960,15,960,0.9755859375,0,1.0,1.0,0.9755859375,1.0,0.991455078125,1,,2089
61111,processed\features\61111_features.csv,960,15,960,0.9755859375,0,1.0,1.0,0.9755859375,1.0,0.991455078125,1,,2090
73317,processed\features\73317_features.csv,960,15,960,0.9755859375,0,1.0,1.0,0.9755859375,1.0,0.991455078125,1,,2091
111340,processed\features\111340_features.csv,959,15,959,0.9755604796663191,0,1.0,1.0,0.9755604796663191,1.0,0.9914461678832117,1,,2092
111700,processed\features\111700_features.csv,959,15,959,0.9755604796663191,0,1.0,1.0,0.9755604796663191,1.0,0.9914461678832117,1,,2093
149590,processed\features\149590_features.csv,959,15,959,0.9755604796663191,0,1.0,1.0,0.9755604796663191,1.0,0.9914461678832117,1,,2094
151013,processed\features\151013_features.csv,959,15,959,0.9755604796663191,0,1.0,1.0,0.9755604796663191,1.0,0.9914461678832117,1,,2095
178605,processed\features\178605_features.csv,959,15,959,0.9755604796663191,0,1.0,1.0,0.9755604796663191,1.0,0.9914461678832117,1,,2096
182312,processed\features\182312_features.csv,959,15,959,0.9755604796663191,0,1.0,1.0,0.9755604796663191,1.0,0.9914461678832117,1,,2097
229889,processed\features\229889_features.csv,959,15,959,0.9755604796663191,0,1.0,1.0,0.9755604796663191,1.0,0.9914461678832117,1,,2098
233886,processed\features\233886_features.csv,959,15,959,0.9755604796663191,0,1.0,1.0,0.9755604796663191,1.0,0.9914461678832117,1,,2099
236168,processed\features\236168_features.csv,959,15,959,0.9755604796663191,0,1.0,1.0,0.9755604796663191,1.0,0.9914461678832117,1,,2100
245393,processed\features\245393_features.csv,959,15,959,0.9755604796663191,0,1.0,1.0,0.9755604796663191,1.0,0.9914461678832117,1,,2101
252738,processed\features\252738_features.csv,959,15,959,0.9755604796663191,0,1.0,1.0,0.9755604796663191,1.0,0.9914461678832117,1,,2102
269728,processed\features\269728_features.csv,959,15,959,0.9755604796663191,0,1.0,1.0,0.9755604796663191,1.0,0.9914461678832117,1,,2103
282003,processed\features\282003_features.csv,959,15,959,0.9755604796663191,0,1.0,1.0,0.9755604796663191,1.0,0.9914461678832117,1,,2104
283949,processed\features\283949_features.csv,959,15,959,0.9755604796663191,0,1.0,1.0,0.9755604796663191,1.0,0.9914461678832117,1,,2105
301664,processed\features\301664_features.csv,959,15,959,0.9755604796663191,0,1.0,1.0,0.9755604796663191,1.0,0.9914461678832117,1,,2106
325090,processed\features\325090_features.csv,959,15,959,0.9755604796663191,0,1.0,1.0,0.9755604796663191,1.0,0.9914461678832117,1,,2107
329234,processed\features\329234_features.csv,959,15,959,0.9755604796663191,0,1.0,1.0,0.9755604796663191,1.0,0.9914461678832117,1,,2108
334505,processed\features\334505_features.csv,959,15,959,0.9755604796663191,0,1.0,1.0,0.9755604796663191,1.0,0.9914461678832117,1,,2109
344380,processed\features\344380_features.csv,959,15,959,0.9755604796663191,0,1.0,1.0,0.9755604796663191,1.0,0.9914461678832117,1,,2110
348519,processed\features\348519_features.csv,959,15,959,0.9755604796663191,0,1.0,1.0,0.9755604796663191,1.0,0.9914461678832117,1,,2111
350059,processed\features\350059_features.csv,959,15,959,0.9755604796663191,0,1.0,1.0,0.9755604796663191,1.0,0.9914461678832117,1,,2112
351563,processed\features\351563_features.csv,959,15,959,0.9755604796663191,0,1.0,1.0,0.9755604796663191,1.0,0.9914461678832117,1,,2113
357339,processed\features\357339_features.csv,959,15,959,0.9755604796663191,0,1.0,1.0,0.9755604796663191,1.0,0.9914461678832117,1,,2114
387399,processed\features\387399_features.csv,959,15,959,0.9755604796663191,0,1.0,1.0,0.9755604796663191,1.0,0.9914461678832117,1,,2115
388048,processed\features\388048_features.csv,959,15,959,0.9755604796663191,0,1.0,1.0,0.9755604796663191,1.0,0.9914461678832117,1,,2116
389293,processed\features\389293_features.csv,959,15,959,0.9755604796663191,0,1.0,1.0,0.9755604796663191,1.0,0.9914461678832117,1,,2117
417270,processed\features\417270_features.csv,959,15,959,0.9755604796663191,0,1.0,1.0,0.9755604796663191,1.0,0.9914461678832117,1,,2118
421322,processed\features\421322_features.csv,959,15,959,0.9755604796663191,0,1.0,1.0,0.9755604796663191,1.0,0.9914461678832117,1,,2119
42399,processed\features\42399_features.csv,959,15,959,0.9755604796663191,0,1.0,1.0,0.9755604796663191,1.0,0.9914461678832117,1,,2120
431528,processed\features\431528_features.csv,959,15,959,0.9755604796663191,0,1.0,1.0,0.9755604796663191,1.0,0.9914461678832117,1,,2121
443378,processed\features\443378_features.csv,959,15,959,0.9755604796663191,0,1.0,1.0,0.9755604796663191,1.0,0.9914461678832117,1,,2122
448641,processed\features\448641_features.csv,959,15,959,0.9755604796663191,0,1.0,1.0,0.9755604796663191,1.0,0.9914461678832117,1,,2123
472446,processed\features\472446_features.csv,959,15,959,0.9755604796663191,0,1.0,1.0,0.9755604796663191,1.0,0.9914461678832117,1,,2124
474188,processed\features\474188_features.csv,959,15,959,0.9755604796663191,0,1.0,1.0,0.9755604796663191,1.0,0.9914461678832117,1,,2125
480631,processed\features\480631_features.csv,959,15,959,0.9755604796663191,0,1.0,1.0,0.9755604796663191,1.0,0.9914461678832117,1,,2126
498893,processed\features\498893_features.csv,959,15,959,0.9755604796663191,0,1.0,1.0,0.9755604796663191,1.0,0.9914461678832117,1,,2127
499165,processed\features\499165_features.csv,959,15,959,0.9755604796663191,0,1.0,1.0,0.9755604796663191,1.0,0.9914461678832117,1,,2128
508400,processed\features\508400_features.csv,959,15,959,0.9755604796663191,0,1.0,1.0,0.9755604796663191,1.0,0.9914461678832117,1,,2129
56202,processed\features\56202_features.csv,959,15,959,0.9755604796663191,0,1.0,1.0,0.9755604796663191,1.0,0.9914461678832117,1,,2130
57213,processed\features\57213_features.csv,959,15,959,0.9755604796663191,0,1.0,1.0,0.9755604796663191,1.0,0.9914461678832117,1,,2131
68612,processed\features\68612_features.csv,959,15,959,0.9755604796663191,0,1.0,1.0,0.9755604796663191,1.0,0.9914461678832117,1,,2132
69483,processed\features\69483_features.csv,959,15,959,0.9755604796663191,0,1.0,1.0,0.9755604796663191,1.0,0.9914461678832117,1,,2133
115479,processed\features\115479_features.csv,958,15,958,0.9755349686847599,0,1.0,1.0,0.9755349686847599,1.0,0.991437239039666,1,,2134
127255,processed\features\127255_features.csv,958,15,958,0.9755349686847599,0,1.0,1.0,0.9755349686847599,1.0,0.991437239039666,1,,2135
129377,processed\features\129377_features.csv,958,15,958,0.9755349686847599,0,1.0,1.0,0.9755349686847599,1.0,0.991437239039666,1,,2136
130204,processed\features\130204_features.csv,958,15,958,0.9755349686847599,0,1.0,1.0,0.9755349686847599,1.0,0.991437239039666,1,,2137
163040,processed\features\163040_features.csv,958,15,958,0.9755349686847599,0,1.0,1.0,0.9755349686847599,1.0,0.991437239039666,1,,2138
168265,processed\features\168265_features.csv,958,15,958,0.9755349686847599,0,1.0,1.0,0.9755349686847599,1.0,0.991437239039666,1,,2139
168582,processed\features\168582_features.csv,958,15,958,0.9755349686847599,0,1.0,1.0,0.9755349686847599,1.0,0.991437239039666,1,,2140
184729,processed\features\184729_features.csv,958,15,958,0.9755349686847599,0,1.0,1.0,0.9755349686847599,1.0,0.991437239039666,1,,2141
203281,processed\features\203281_features.csv,958,15,958,0.9755349686847599,0,1.0,1.0,0.9755349686847599,1.0,0.991437239039666,1,,2142
225822,processed\features\225822_features.csv,958,15,958,0.9755349686847599,0,1.0,1.0,0.9755349686847599,1.0,0.991437239039666,1,,2143
227309,processed\features\227309_features.csv,958,15,958,0.9755349686847599,0,1.0,1.0,0.9755349686847599,1.0,0.991437239039666,1,,2144
2410,processed\features\2410_features.csv,958,15,958,0.9755349686847599,0,1.0,1.0,0.9755349686847599,1.0,0.991437239039666,1,,2145
255638,processed\features\255638_features.csv,958,15,958,0.9755349686847599,0,1.0,1.0,0.9755349686847599,1.0,0.991437239039666,1,,2146
278133,processed\features\278133_features.csv,958,15,958,0.9755349686847599,0,1.0,1.0,0.9755349686847599,1.0,0.991437239039666,1,,2147
298757,processed\features\298757_features.csv,958,15,958,0.9755349686847599,0,1.0,1.0,0.9755349686847599,1.0,0.991437239039666,1,,2148
302799,processed\features\302799_features.csv,958,15,958,0.9755349686847599,0,1.0,1.0,0.9755349686847599,1.0,0.991437239039666,1,,2149
326101,processed\features\326101_features.csv,958,15,958,0.9755349686847599,0,1.0,1.0,0.9755349686847599,1.0,0.991437239039666,1,,2150
353271,processed\features\353271_features.csv,958,15,958,0.9755349686847599,0,1.0,1.0,0.9755349686847599,1.0,0.991437239039666,1,,2151
360727,processed\features\360727_features.csv,958,15,958,0.9755349686847599,0,1.0,1.0,0.9755349686847599,1.0,0.991437239039666,1,,2152
365121,processed\features\365121_features.csv,958,15,958,0.9755349686847599,0,1.0,1.0,0.9755349686847599,1.0,0.991437239039666,1,,2153
368887,processed\features\368887_features.csv,958,15,958,0.9755349686847599,0,1.0,1.0,0.9755349686847599,1.0,0.991437239039666,1,,2154
395411,processed\features\395411_features.csv,958,15,958,0.9755349686847599,0,1.0,1.0,0.9755349686847599,1.0,0.991437239039666,1,,2155
418332,processed\features\418332_features.csv,958,15,958,0.9755349686847599,0,1.0,1.0,0.9755349686847599,1.0,0.991437239039666,1,,2156
434372,processed\features\434372_features.csv,958,15,958,0.9755349686847599,0,1.0,1.0,0.9755349686847599,1.0,0.991437239039666,1,,2157
454186,processed\features\454186_features.csv,958,15,958,0.9755349686847599,0,1.0,1.0,0.9755349686847599,1.0,0.991437239039666,1,,2158
476151,processed\features\476151_features.csv,958,15,958,0.9755349686847599,0,1.0,1.0,0.9755349686847599,1.0,0.991437239039666,1,,2159
489322,processed\features\489322_features.csv,958,15,958,0.9755349686847599,0,1.0,1.0,0.9755349686847599,1.0,0.991437239039666,1,,2160
492231,processed\features\492231_features.csv,958,15,958,0.9755349686847599,0,1.0,1.0,0.9755349686847599,1.0,0.991437239039666,1,,2161
493430,processed\features\493430_features.csv,958,15,958,0.9755349686847599,0,1.0,1.0,0.9755349686847599,1.0,0.991437239039666,1,,2162
500159,processed\features\500159_features.csv,958,15,958,0.9755349686847599,0,1.0,1.0,0.9755349686847599,1.0,0.991437239039666,1,,2163
501588,processed\features\501588_features.csv,958,15,958,0.9755349686847599,0,1.0,1.0,0.9755349686847599,1.0,0.991437239039666,1,,2164
506195,processed\features\506195_features.csv,958,15,958,0.9755349686847599,0,1.0,1.0,0.9755349686847599,1.0,0.991437239039666,1,,2165
52723,processed\features\52723_features.csv,958,15,958,0.9755349686847599,0,1.0,1.0,0.9755349686847599,1.0,0.991437239039666,1,,2166
79139,processed\features\79139_features.csv,958,15,958,0.9755349686847599,0,1.0,1.0,0.9755349686847599,1.0,0.991437239039666,1,,2167
97990,processed\features\97990_features.csv,958,15,958,0.9755349686847599,0,1.0,1.0,0.9755349686847599,1.0,0.991437239039666,1,,2168
104009,processed\features\104009_features.csv,957,15,957,0.9755094043887147,0,1.0,1.0,0.9755094043887147,1.0,0.9914282915360502,1,,2169
159742,processed\features\159742_features.csv,957,15,957,0.9755094043887147,0,1.0,1.0,0.9755094043887147,1.0,0.9914282915360502,1,,2170
171226,processed\features\171226_features.csv,957,15,957,0.9755094043887147,0,1.0,1.0,0.9755094043887147,1.0,0.9914282915360502,1,,2171
175266,processed\features\175266_features.csv,957,15,957,0.9755094043887147,0,1.0,1.0,0.9755094043887147,1.0,0.9914282915360502,1,,2172
202178,processed\features\202178_features.csv,957,15,957,0.9755094043887147,0,1.0,1.0,0.9755094043887147,1.0,0.9914282915360502,1,,2173
236769,processed\features\236769_features.csv,957,15,957,0.9755094043887147,0,1.0,1.0,0.9755094043887147,1.0,0.9914282915360502,1,,2174
237604,processed\features\237604_features.csv,957,15,957,0.9755094043887147,0,1.0,1.0,0.9755094043887147,1.0,0.9914282915360502,1,,2175
243032,processed\features\243032_features.csv,957,15,957,0.9755094043887147,0,1.0,1.0,0.9755094043887147,1.0,0.9914282915360502,1,,2176
247060,processed\features\247060_features.csv,957,15,957,0.9755094043887147,0,1.0,1.0,0.9755094043887147,1.0,0.9914282915360502,1,,2177
251424,processed\features\251424_features.csv,957,15,957,0.9755094043887147,0,1.0,1.0,0.9755094043887147,1.0,0.9914282915360502,1,,2178
259711,processed\features\259711_features.csv,957,15,957,0.9755094043887147,0,1.0,1.0,0.9755094043887147,1.0,0.9914282915360502,1,,2179
271331,processed\features\271331_features.csv,957,15,957,0.9755094043887147,0,1.0,1.0,0.9755094043887147,1.0,0.9914282915360502,1,,2180
280860,processed\features\280860_features.csv,957,15,957,0.9755094043887147,0,1.0,1.0,0.9755094043887147,1.0,0.9914282915360502,1,,2181
302777,processed\features\302777_features.csv,957,15,957,0.9755094043887147,0,1.0,1.0,0.9755094043887147,1.0,0.9914282915360502,1,,2182
314459,processed\features\314459_features.csv,957,15,957,0.9755094043887147,0,1.0,1.0,0.9755094043887147,1.0,0.9914282915360502,1,,2183
316442,processed\features\316442_features.csv,957,15,957,0.9755094043887147,0,1.0,1.0,0.9755094043887147,1.0,0.9914282915360502,1,,2184
35074,processed\features\35074_features.csv,957,15,957,0.9755094043887147,0,1.0,1.0,0.9755094043887147,1.0,0.9914282915360502,1,,2185
354829,processed\features\354829_features.csv,957,15,957,0.9755094043887147,0,1.0,1.0,0.9755094043887147,1.0,0.9914282915360502,1,,2186
355945,processed\features\355945_features.csv,957,15,957,0.9755094043887147,0,1.0,1.0,0.9755094043887147,1.0,0.9914282915360502,1,,2187
357902,processed\features\357902_features.csv,957,15,957,0.9755094043887147,0,1.0,1.0,0.9755094043887147,1.0,0.9914282915360502,1,,2188
414970,processed\features\414970_features.csv,957,15,957,0.9755094043887147,0,1.0,1.0,0.9755094043887147,1.0,0.9914282915360502,1,,2189
415909,processed\features\415909_features.csv,957,15,957,0.9755094043887147,0,1.0,1.0,0.9755094043887147,1.0,0.9914282915360502,1,,2190
426467,processed\features\426467_features.csv,957,15,957,0.9755094043887147,0,1.0,1.0,0.9755094043887147,1.0,0.9914282915360502,1,,2191
441444,processed\features\441444_features.csv,957,15,957,0.9755094043887147,0,1.0,1.0,0.9755094043887147,1.0,0.9914282915360502,1,,2192
446109,processed\features\446109_features.csv,957,15,957,0.9755094043887147,0,1.0,1.0,0.9755094043887147,1.0,0.9914282915360502,1,,2193
448977,processed\features\448977_features.csv,957,15,957,0.9755094043887147,0,1.0,1.0,0.9755094043887147,1.0,0.9914282915360502,1,,2194
464521,processed\features\464521_features.csv,957,15,957,0.9755094043887147,0,1.0,1.0,0.9755094043887147,1.0,0.9914282915360502,1,,2195
471987,processed\features\471987_features.csv,957,15,957,0.9755094043887147,0,1.0,1.0,0.9755094043887147,1.0,0.9914282915360502,1,,2196
498218,processed\features\498218_features.csv,957,15,957,0.9755094043887147,0,1.0,1.0,0.9755094043887147,1.0,0.9914282915360502,1,,2197
508465,processed\features\508465_features.csv,957,15,957,0.9755094043887147,0,1.0,1.0,0.9755094043887147,1.0,0.9914282915360502,1,,2198
514715,processed\features\514715_features.csv,957,15,957,0.9755094043887147,0,1.0,1.0,0.9755094043887147,1.0,0.9914282915360502,1,,2199
67667,processed\features\67667_features.csv,957,15,957,0.9755094043887147,0,1.0,1.0,0.9755094043887147,1.0,0.9914282915360502,1,,2200
6984,processed\features\6984_features.csv,957,15,957,0.9755094043887147,0,1.0,1.0,0.9755094043887147,1.0,0.9914282915360502,1,,2201
70886,processed\features\70886_features.csv,957,15,957,0.9755094043887147,0,1.0,1.0,0.9755094043887147,1.0,0.9914282915360502,1,,2202
80050,processed\features\80050_features.csv,957,15,957,0.9755094043887147,0,1.0,1.0,0.9755094043887147,1.0,0.9914282915360502,1,,2203
93984,processed\features\93984_features.csv,957,15,957,0.9755094043887147,0,1.0,1.0,0.9755094043887147,1.0,0.9914282915360502,1,,2204
9895,processed\features\9895_features.csv,957,15,957,0.9755094043887147,0,1.0,1.0,0.9755094043887147,1.0,0.9914282915360502,1,,2205
124502,processed\features\124502_features.csv,956,15,956,0.9754837866108786,0,1.0,1.0,0.9754837866108786,1.0,0.9914193253138076,1,,2206
142117,processed\features\142117_features.csv,956,15,956,0.9754837866108786,0,1.0,1.0,0.9754837866108786,1.0,0.9914193253138076,1,,2207
148818,processed\features\148818_features.csv,956,15,956,0.9754837866108786,0,1.0,1.0,0.9754837866108786,1.0,0.9914193253138076,1,,2208
156340,processed\features\156340_features.csv,956,15,956,0.9754837866108786,0,1.0,1.0,0.9754837866108786,1.0,0.9914193253138076,1,,2209
190493,processed\features\190493_features.csv,956,15,956,0.9754837866108786,0,1.0,1.0,0.9754837866108786,1.0,0.9914193253138076,1,,2210
216644,processed\features\216644_features.csv,956,15,956,0.9754837866108786,0,1.0,1.0,0.9754837866108786,1.0,0.9914193253138076,1,,2211
235456,processed\features\235456_features.csv,956,15,956,0.9754837866108786,0,1.0,1.0,0.9754837866108786,1.0,0.9914193253138076,1,,2212
253864,processed\features\253864_features.csv,956,15,956,0.9754837866108786,0,1.0,1.0,0.9754837866108786,1.0,0.9914193253138076,1,,2213
261723,processed\features\261723_features.csv,956,15,956,0.9754837866108786,0,1.0,1.0,0.9754837866108786,1.0,0.9914193253138076,1,,2214
265822,processed\features\265822_features.csv,956,15,956,0.9754837866108786,0,1.0,1.0,0.9754837866108786,1.0,0.9914193253138076,1,,2215
268274,processed\features\268274_features.csv,956,15,956,0.9754837866108786,0,1.0,1.0,0.9754837866108786,1.0,0.9914193253138076,1,,2216
27009,processed\features\27009_features.csv,956,15,956,0.9754837866108786,0,1.0,1.0,0.9754837866108786,1.0,0.9914193253138076,1,,2217
282199,processed\features\282199_features.csv,956,15,956,0.9754837866108786,0,1.0,1.0,0.9754837866108786,1.0,0.9914193253138076,1,,2218
286729,processed\features\286729_features.csv,956,15,956,0.9754837866108786,0,1.0,1.0,0.9754837866108786,1.0,0.9914193253138076,1,,2219
290032,processed\features\290032_features.csv,956,15,956,0.9754837866108786,0,1.0,1.0,0.9754837866108786,1.0,0.9914193253138076,1,,2220
295911,processed\features\295911_features.csv,956,15,956,0.9754837866108786,0,1.0,1.0,0.9754837866108786,1.0,0.9914193253138076,1,,2221
299418,processed\features\299418_features.csv,956,15,956,0.9754837866108786,0,1.0,1.0,0.9754837866108786,1.0,0.9914193253138076,1,,2222
301304,processed\features\301304_features.csv,956,15,956,0.9754837866108786,0,1.0,1.0,0.9754837866108786,1.0,0.9914193253138076,1,,2223
301953,processed\features\301953_features.csv,956,15,956,0.9754837866108786,0,1.0,1.0,0.9754837866108786,1.0,0.9914193253138076,1,,2224
310520,processed\features\310520_features.csv,956,15,956,0.9754837866108786,0,1.0,1.0,0.9754837866108786,1.0,0.9914193253138076,1,,2225
350371,processed\features\350371_features.csv,956,15,956,0.9754837866108786,0,1.0,1.0,0.9754837866108786,1.0,0.9914193253138076,1,,2226
390628,processed\features\390628_features.csv,956,15,956,0.9754837866108786,0,1.0,1.0,0.9754837866108786,1.0,0.9914193253138076,1,,2227
393787,processed\features\393787_features.csv,956,15,956,0.9754837866108786,0,1.0,1.0,0.9754837866108786,1.0,0.9914193253138076,1,,2228
396699,processed\features\396699_features.csv,956,15,956,0.9754837866108786,0,1.0,1.0,0.9754837866108786,1.0,0.9914193253138076,1,,2229
399328,processed\features\399328_features.csv,956,15,956,0.9754837866108786,0,1.0,1.0,0.9754837866108786,1.0,0.9914193253138076,1,,2230
414172,processed\features\414172_features.csv,956,15,956,0.9754837866108786,0,1.0,1.0,0.9754837866108786,1.0,0.9914193253138076,1,,2231
437188,processed\features\437188_features.csv,956,15,956,0.9754837866108786,0,1.0,1.0,0.9754837866108786,1.0,0.9914193253138076,1,,2232
467574,processed\features\467574_features.csv,956,15,956,0.9754837866108786,0,1.0,1.0,0.9754837866108786,1.0,0.9914193253138076,1,,2233
467778,processed\features\467778_features.csv,956,15,956,0.9754837866108786,0,1.0,1.0,0.9754837866108786,1.0,0.9914193253138076,1,,2234
468019,processed\features\468019_features.csv,956,15,956,0.9754837866108786,0,1.0,1.0,0.9754837866108786,1.0,0.9914193253138076,1,,2235
468348,processed\features\468348_features.csv,956,15,956,0.9754837866108786,0,1.0,1.0,0.9754837866108786,1.0,0.9914193253138076,1,,2236
490515,processed\features\490515_features.csv,956,15,956,0.9754837866108786,0,1.0,1.0,0.9754837866108786,1.0,0.9914193253138076,1,,2237
513877,processed\features\513877_features.csv,956,15,956,0.9754837866108786,0,1.0,1.0,0.9754837866108786,1.0,0.9914193253138076,1,,2238
514009,processed\features\514009_features.csv,956,15,956,0.9754837866108786,0,1.0,1.0,0.9754837866108786,1.0,0.9914193253138076,1,,2239
5144,processed\features\5144_features.csv,956,15,956,0.9754837866108786,0,1.0,1.0,0.9754837866108786,1.0,0.9914193253138076,1,,2240
62647,processed\features\62647_features.csv,956,15,956,0.9754837866108786,0,1.0,1.0,0.9754837866108786,1.0,0.9914193253138076,1,,2241
70773,processed\features\70773_features.csv,956,15,956,0.9754837866108786,0,1.0,1.0,0.9754837866108786,1.0,0.9914193253138076,1,,2242
74147,processed\features\74147_features.csv,956,15,956,0.9754837866108786,0,1.0,1.0,0.9754837866108786,1.0,0.9914193253138076,1,,2243
75943,processed\features\75943_features.csv,956,15,956,0.9754837866108786,0,1.0,1.0,0.9754837866108786,1.0,0.9914193253138076,1,,2244
85636,processed\features\85636_features.csv,956,15,956,0.9754837866108786,0,1.0,1.0,0.9754837866108786,1.0,0.9914193253138076,1,,2245
86221,processed\features\86221_features.csv,956,15,956,0.9754837866108786,0,1.0,1.0,0.9754837866108786,1.0,0.9914193253138076,1,,2246
109443,processed\features\109443_features.csv,955,15,955,0.9754581151832461,0,1.0,1.0,0.9754581151832461,1.0,0.9914103403141362,1,,2247
124373,processed\features\124373_features.csv,955,15,955,0.9754581151832461,0,1.0,1.0,0.9754581151832461,1.0,0.9914103403141362,1,,2248
126922,processed\features\126922_features.csv,955,15,955,0.9754581151832461,0,1.0,1.0,0.9754581151832461,1.0,0.9914103403141362,1,,2249
139565,processed\features\139565_features.csv,955,15,955,0.9754581151832461,0,1.0,1.0,0.9754581151832461,1.0,0.9914103403141362,1,,2250
151281,processed\features\151281_features.csv,955,15,955,0.9754581151832461,0,1.0,1.0,0.9754581151832461,1.0,0.9914103403141362,1,,2251
166644,processed\features\166644_features.csv,955,15,955,0.9754581151832461,0,1.0,1.0,0.9754581151832461,1.0,0.9914103403141362,1,,2252
174837,processed\features\174837_features.csv,955,15,955,0.9754581151832461,0,1.0,1.0,0.9754581151832461,1.0,0.9914103403141362,1,,2253
191183,processed\features\191183_features.csv,955,15,955,0.9754581151832461,0,1.0,1.0,0.9754581151832461,1.0,0.9914103403141362,1,,2254
229528,processed\features\229528_features.csv,955,15,955,0.9754581151832461,0,1.0,1.0,0.9754581151832461,1.0,0.9914103403141362,1,,2255
231517,processed\features\231517_features.csv,955,15,955,0.9754581151832461,0,1.0,1.0,0.9754581151832461,1.0,0.9914103403141362,1,,2256
24636,processed\features\24636_features.csv,955,15,955,0.9754581151832461,0,1.0,1.0,0.9754581151832461,1.0,0.9914103403141362,1,,2257
248386,processed\features\248386_features.csv,955,15,955,0.9754581151832461,0,1.0,1.0,0.9754581151832461,1.0,0.9914103403141362,1,,2258
257894,processed\features\257894_features.csv,955,15,955,0.9754581151832461,0,1.0,1.0,0.9754581151832461,1.0,0.9914103403141362,1,,2259
275276,processed\features\275276_features.csv,955,15,955,0.9754581151832461,0,1.0,1.0,0.9754581151832461,1.0,0.9914103403141362,1,,2260
286089,processed\features\286089_features.csv,955,15,955,0.9754581151832461,0,1.0,1.0,0.9754581151832461,1.0,0.9914103403141362,1,,2261
327768,processed\features\327768_features.csv,955,15,955,0.9754581151832461,0,1.0,1.0,0.9754581151832461,1.0,0.9914103403141362,1,,2262
351027,processed\features\351027_features.csv,955,15,955,0.9754581151832461,0,1.0,1.0,0.9754581151832461,1.0,0.9914103403141362,1,,2263
369187,processed\features\369187_features.csv,955,15,955,0.9754581151832461,0,1.0,1.0,0.9754581151832461,1.0,0.9914103403141362,1,,2264
372318,processed\features\372318_features.csv,955,15,955,0.9754581151832461,0,1.0,1.0,0.9754581151832461,1.0,0.9914103403141362,1,,2265
382943,processed\features\382943_features.csv,955,15,955,0.9754581151832461,0,1.0,1.0,0.9754581151832461,1.0,0.9914103403141362,1,,2266
402516,processed\features\402516_features.csv,955,15,955,0.9754581151832461,0,1.0,1.0,0.9754581151832461,1.0,0.9914103403141362,1,,2267
408390,processed\features\408390_features.csv,955,15,955,0.9754581151832461,0,1.0,1.0,0.9754581151832461,1.0,0.9914103403141362,1,,2268
417175,processed\features\417175_features.csv,955,15,955,0.9754581151832461,0,1.0,1.0,0.9754581151832461,1.0,0.9914103403141362,1,,2269
428345,processed\features\428345_features.csv,955,15,955,0.9754581151832461,0,1.0,1.0,0.9754581151832461,1.0,0.9914103403141362,1,,2270
458855,processed\features\458855_features.csv,955,15,955,0.9754581151832461,0,1.0,1.0,0.9754581151832461,1.0,0.9914103403141362,1,,2271
508809,processed\features\508809_features.csv,955,15,955,0.9754581151832461,0,1.0,1.0,0.9754581151832461,1.0,0.9914103403141362,1,,2272
60437,processed\features\60437_features.csv,955,15,955,0.9754581151832461,0,1.0,1.0,0.9754581151832461,1.0,0.9914103403141362,1,,2273
76737,processed\features\76737_features.csv,955,15,955,0.9754581151832461,0,1.0,1.0,0.9754581151832461,1.0,0.9914103403141362,1,,2274
77660,processed\features\77660_features.csv,955,15,955,0.9754581151832461,0,1.0,1.0,0.9754581151832461,1.0,0.9914103403141362,1,,2275
93950,processed\features\93950_features.csv,955,15,955,0.9754581151832461,0,1.0,1.0,0.9754581151832461,1.0,0.9914103403141362,1,,2276
95115,processed\features\95115_features.csv,955,15,955,0.9754581151832461,0,1.0,1.0,0.9754581151832461,1.0,0.9914103403141362,1,,2277
113875,processed\features\113875_features.csv,954,15,954,0.9754323899371069,0,1.0,1.0,0.9754323899371069,1.0,0.9914013364779873,1,,2278
124945,processed\features\124945_features.csv,954,15,954,0.9754323899371069,0,1.0,1.0,0.9754323899371069,1.0,0.9914013364779873,1,,2279
131096,processed\features\131096_features.csv,954,15,954,0.9754323899371069,0,1.0,1.0,0.9754323899371069,1.0,0.9914013364779873,1,,2280
139387,processed\features\139387_features.csv,954,15,954,0.9754323899371069,0,1.0,1.0,0.9754323899371069,1.0,0.9914013364779873,1,,2281
166482,processed\features\166482_features.csv,954,15,954,0.9754323899371069,0,1.0,1.0,0.9754323899371069,1.0,0.9914013364779873,1,,2282
168954,processed\features\168954_features.csv,954,15,954,0.9754323899371069,0,1.0,1.0,0.9754323899371069,1.0,0.9914013364779873,1,,2283
176466,processed\features\176466_features.csv,954,15,954,0.9754323899371069,0,1.0,1.0,0.9754323899371069,1.0,0.9914013364779873,1,,2284
18089,processed\features\18089_features.csv,954,15,954,0.9754323899371069,0,1.0,1.0,0.9754323899371069,1.0,0.9914013364779873,1,,2285
182295,processed\features\182295_features.csv,954,15,954,0.9754323899371069,0,1.0,1.0,0.9754323899371069,1.0,0.9914013364779873,1,,2286
186751,processed\features\186751_features.csv,954,15,954,0.9754323899371069,0,1.0,1.0,0.9754323899371069,1.0,0.9914013364779873,1,,2287
193764,processed\features\193764_features.csv,954,15,954,0.9754323899371069,0,1.0,1.0,0.9754323899371069,1.0,0.9914013364779873,1,,2288
194213,processed\features\194213_features.csv,954,15,954,0.9754323899371069,0,1.0,1.0,0.9754323899371069,1.0,0.9914013364779873,1,,2289
198532,processed\features\198532_features.csv,954,15,954,0.9754323899371069,0,1.0,1.0,0.9754323899371069,1.0,0.9914013364779873,1,,2290
202821,processed\features\202821_features.csv,954,15,954,0.9754323899371069,0,1.0,1.0,0.9754323899371069,1.0,0.9914013364779873,1,,2291
2089,processed\features\2089_features.csv,954,15,954,0.9754323899371069,0,1.0,1.0,0.9754323899371069,1.0,0.9914013364779873,1,,2292
211051,processed\features\211051_features.csv,954,15,954,0.9754323899371069,0,1.0,1.0,0.9754323899371069,1.0,0.9914013364779873,1,,2293
217325,processed\features\217325_features.csv,954,15,954,0.9754323899371069,0,1.0,1.0,0.9754323899371069,1.0,0.9914013364779873,1,,2294
227259,processed\features\227259_features.csv,954,15,954,0.9754323899371069,0,1.0,1.0,0.9754323899371069,1.0,0.9914013364779873,1,,2295
228953,processed\features\228953_features.csv,954,15,954,0.9754323899371069,0,1.0,1.0,0.9754323899371069,1.0,0.9914013364779873,1,,2296
236503,processed\features\236503_features.csv,954,15,954,0.9754323899371069,0,1.0,1.0,0.9754323899371069,1.0,0.9914013364779873,1,,2297
238917,processed\features\238917_features.csv,954,15,954,0.9754323899371069,0,1.0,1.0,0.9754323899371069,1.0,0.9914013364779873,1,,2298
249306,processed\features\249306_features.csv,954,15,954,0.9754323899371069,0,1.0,1.0,0.9754323899371069,1.0,0.9914013364779873,1,,2299
269080,processed\features\269080_features.csv,954,15,954,0.9754323899371069,0,1.0,1.0,0.9754323899371069,1.0,0.9914013364779873,1,,2300
273617,processed\features\273617_features.csv,954,15,954,0.9754323899371069,0,1.0,1.0,0.9754323899371069,1.0,0.9914013364779873,1,,2301
293011,processed\features\293011_features.csv,954,15,954,0.9754323899371069,0,1.0,1.0,0.9754323899371069,1.0,0.9914013364779873,1,,2302
316038,processed\features\316038_features.csv,954,15,954,0.9754323899371069,0,1.0,1.0,0.9754323899371069,1.0,0.9914013364779873,1,,2303
33986,processed\features\33986_features.csv,954,15,954,0.9754323899371069,0,1.0,1.0,0.9754323899371069,1.0,0.9914013364779873,1,,2304
355781,processed\features\355781_features.csv,954,15,954,0.9754323899371069,0,1.0,1.0,0.9754323899371069,1.0,0.9914013364779873,1,,2305
361879,processed\features\361879_features.csv,954,15,954,0.9754323899371069,0,1.0,1.0,0.9754323899371069,1.0,0.9914013364779873,1,,2306
382602,processed\features\382602_features.csv,954,15,954,0.9754323899371069,0,1.0,1.0,0.9754323899371069,1.0,0.9914013364779873,1,,2307
385393,processed\features\385393_features.csv,954,15,954,0.9754323899371069,0,1.0,1.0,0.9754323899371069,1.0,0.9914013364779873,1,,2308
405486,processed\features\405486_features.csv,954,15,954,0.9754323899371069,0,1.0,1.0,0.9754323899371069,1.0,0.9914013364779873,1,,2309
414585,processed\features\414585_features.csv,954,15,954,0.9754323899371069,0,1.0,1.0,0.9754323899371069,1.0,0.9914013364779873,1,,2310
429373,processed\features\429373_features.csv,954,15,954,0.9754323899371069,0,1.0,1.0,0.9754323899371069,1.0,0.9914013364779873,1,,2311
443547,processed\features\443547_features.csv,954,15,954,0.9754323899371069,0,1.0,1.0,0.9754323899371069,1.0,0.9914013364779873,1,,2312
469678,processed\features\469678_features.csv,954,15,954,0.9754323899371069,0,1.0,1.0,0.9754323899371069,1.0,0.9914013364779873,1,,2313
480819,processed\features\480819_features.csv,954,15,954,0.9754323899371069,0,1.0,1.0,0.9754323899371069,1.0,0.9914013364779873,1,,2314
481937,processed\features\481937_features.csv,954,15,954,0.9754323899371069,0,1.0,1.0,0.9754323899371069,1.0,0.9914013364779873,1,,2315
497977,processed\features\497977_features.csv,954,15,954,0.9754323899371069,0,1.0,1.0,0.9754323899371069,1.0,0.9914013364779873,1,,2316
517069,processed\features\517069_features.csv,954,15,954,0.9754323899371069,0,1.0,1.0,0.9754323899371069,1.0,0.9914013364779873,1,,2317
63036,processed\features\63036_features.csv,954,15,954,0.9754323899371069,0,1.0,1.0,0.9754323899371069,1.0,0.9914013364779873,1,,2318
79135,processed\features\79135_features.csv,954,15,954,0.9754323899371069,0,1.0,1.0,0.9754323899371069,1.0,0.9914013364779873,1,,2319
95126,processed\features\95126_features.csv,954,15,954,0.9754323899371069,0,1.0,1.0,0.9754323899371069,1.0,0.9914013364779873,1,,2320
99236,processed\features\99236_features.csv,954,15,954,0.9754323899371069,0,1.0,1.0,0.9754323899371069,1.0,0.9914013364779873,1,,2321
105357,processed\features\105357_features.csv,953,15,953,0.975406610703043,0,1.0,1.0,0.975406610703043,1.0,0.9913923137460651,1,,2322
109309,processed\features\109309_features.csv,953,15,953,0.975406610703043,0,1.0,1.0,0.975406610703043,1.0,0.9913923137460651,1,,2323
164448,processed\features\164448_features.csv,953,15,953,0.975406610703043,0,1.0,1.0,0.975406610703043,1.0,0.9913923137460651,1,,2324
164732,processed\features\164732_features.csv,953,15,953,0.975406610703043,0,1.0,1.0,0.975406610703043,1.0,0.9913923137460651,1,,2325
164754,processed\features\164754_features.csv,953,15,953,0.975406610703043,0,1.0,1.0,0.975406610703043,1.0,0.9913923137460651,1,,2326
204513,processed\features\204513_features.csv,953,15,953,0.975406610703043,0,1.0,1.0,0.975406610703043,1.0,0.9913923137460651,1,,2327
209135,processed\features\209135_features.csv,953,15,953,0.975406610703043,0,1.0,1.0,0.975406610703043,1.0,0.9913923137460651,1,,2328
22712,processed\features\22712_features.csv,953,15,953,0.975406610703043,0,1.0,1.0,0.975406610703043,1.0,0.9913923137460651,1,,2329
232133,processed\features\232133_features.csv,953,15,953,0.975406610703043,0,1.0,1.0,0.975406610703043,1.0,0.9913923137460651,1,,2330
253907,processed\features\253907_features.csv,953,15,953,0.975406610703043,0,1.0,1.0,0.975406610703043,1.0,0.9913923137460651,1,,2331
267671,processed\features\267671_features.csv,953,15,953,0.975406610703043,0,1.0,1.0,0.975406610703043,1.0,0.9913923137460651,1,,2332
267703,processed\features\267703_features.csv,953,15,953,0.975406610703043,0,1.0,1.0,0.975406610703043,1.0,0.9913923137460651,1,,2333
28146,processed\features\28146_features.csv,953,15,953,0.975406610703043,0,1.0,1.0,0.975406610703043,1.0,0.9913923137460651,1,,2334
299993,processed\features\299993_features.csv,953,15,953,0.975406610703043,0,1.0,1.0,0.975406610703043,1.0,0.9913923137460651,1,,2335
307960,processed\features\307960_features.csv,953,15,953,0.975406610703043,0,1.0,1.0,0.975406610703043,1.0,0.9913923137460651,1,,2336
31691,processed\features\31691_features.csv,953,15,953,0.975406610703043,0,1.0,1.0,0.975406610703043,1.0,0.9913923137460651,1,,2337
320596,processed\features\320596_features.csv,953,15,953,0.975406610703043,0,1.0,1.0,0.975406610703043,1.0,0.9913923137460651,1,,2338
321805,processed\features\321805_features.csv,953,15,953,0.975406610703043,0,1.0,1.0,0.975406610703043,1.0,0.9913923137460651,1,,2339
322414,processed\features\322414_features.csv,953,15,953,0.975406610703043,0,1.0,1.0,0.975406610703043,1.0,0.9913923137460651,1,,2340
34300,processed\features\34300_features.csv,953,15,953,0.975406610703043,0,1.0,1.0,0.975406610703043,1.0,0.9913923137460651,1,,2341
344591,processed\features\344591_features.csv,953,15,953,0.975406610703043,0,1.0,1.0,0.975406610703043,1.0,0.9913923137460651,1,,2342
350950,processed\features\350950_features.csv,953,15,953,0.975406610703043,0,1.0,1.0,0.975406610703043,1.0,0.9913923137460651,1,,2343
402269,processed\features\402269_features.csv,953,15,953,0.975406610703043,0,1.0,1.0,0.975406610703043,1.0,0.9913923137460651,1,,2344
404326,processed\features\404326_features.csv,953,15,953,0.975406610703043,0,1.0,1.0,0.975406610703043,1.0,0.9913923137460651,1,,2345
424233,processed\features\424233_features.csv,953,15,953,0.975406610703043,0,1.0,1.0,0.975406610703043,1.0,0.9913923137460651,1,,2346
438740,processed\features\438740_features.csv,953,15,953,0.975406610703043,0,1.0,1.0,0.975406610703043,1.0,0.9913923137460651,1,,2347
440693,processed\features\440693_features.csv,953,15,953,0.975406610703043,0,1.0,1.0,0.975406610703043,1.0,0.9913923137460651,1,,2348
444086,processed\features\444086_features.csv,953,15,953,0.975406610703043,0,1.0,1.0,0.975406610703043,1.0,0.9913923137460651,1,,2349
448727,processed\features\448727_features.csv,953,15,953,0.975406610703043,0,1.0,1.0,0.975406610703043,1.0,0.9913923137460651,1,,2350
459191,processed\features\459191_features.csv,953,15,953,0.975406610703043,0,1.0,1.0,0.975406610703043,1.0,0.9913923137460651,1,,2351
473746,processed\features\473746_features.csv,953,15,953,0.975406610703043,0,1.0,1.0,0.975406610703043,1.0,0.9913923137460651,1,,2352
487109,processed\features\487109_features.csv,953,15,953,0.975406610703043,0,1.0,1.0,0.975406610703043,1.0,0.9913923137460651,1,,2353
56705,processed\features\56705_features.csv,953,15,953,0.975406610703043,0,1.0,1.0,0.975406610703043,1.0,0.9913923137460651,1,,2354
59409,processed\features\59409_features.csv,953,15,953,0.975406610703043,0,1.0,1.0,0.975406610703043,1.0,0.9913923137460651,1,,2355
75358,processed\features\75358_features.csv,953,15,953,0.975406610703043,0,1.0,1.0,0.975406610703043,1.0,0.9913923137460651,1,,2356
101832,processed\features\101832_features.csv,952,15,952,0.9753807773109243,0,1.0,1.0,0.9753807773109243,1.0,0.9913832720588235,1,,2357
137028,processed\features\137028_features.csv,952,15,952,0.9753807773109243,0,1.0,1.0,0.9753807773109243,1.0,0.9913832720588235,1,,2358
140387,processed\features\140387_features.csv,952,15,952,0.9753807773109243,0,1.0,1.0,0.9753807773109243,1.0,0.9913832720588235,1,,2359
143903,processed\features\143903_features.csv,952,15,952,0.9753807773109243,0,1.0,1.0,0.9753807773109243,1.0,0.9913832720588235,1,,2360
174510,processed\features\174510_features.csv,952,15,952,0.9753807773109243,0,1.0,1.0,0.9753807773109243,1.0,0.9913832720588235,1,,2361
175061,processed\features\175061_features.csv,952,15,952,0.9753807773109243,0,1.0,1.0,0.9753807773109243,1.0,0.9913832720588235,1,,2362
180568,processed\features\180568_features.csv,952,15,952,0.9753807773109243,0,1.0,1.0,0.9753807773109243,1.0,0.9913832720588235,1,,2363
183283,processed\features\183283_features.csv,952,15,952,0.9753807773109243,0,1.0,1.0,0.9753807773109243,1.0,0.9913832720588235,1,,2364
183690,processed\features\183690_features.csv,952,15,952,0.9753807773109243,0,1.0,1.0,0.9753807773109243,1.0,0.9913832720588235,1,,2365
186459,processed\features\186459_features.csv,952,15,952,0.9753807773109243,0,1.0,1.0,0.9753807773109243,1.0,0.9913832720588235,1,,2366
188655,processed\features\188655_features.csv,952,15,952,0.9753807773109243,0,1.0,1.0,0.9753807773109243,1.0,0.9913832720588235,1,,2367
195479,processed\features\195479_features.csv,952,15,952,0.9753807773109243,0,1.0,1.0,0.9753807773109243,1.0,0.9913832720588235,1,,2368
221354,processed\features\221354_features.csv,952,15,952,0.9753807773109243,0,1.0,1.0,0.9753807773109243,1.0,0.9913832720588235,1,,2369
232446,processed\features\232446_features.csv,952,15,952,0.9753807773109243,0,1.0,1.0,0.9753807773109243,1.0,0.9913832720588235,1,,2370
236708,processed\features\236708_features.csv,952,15,952,0.9753807773109243,0,1.0,1.0,0.9753807773109243,1.0,0.9913832720588235,1,,2371
248914,processed\features\248914_features.csv,952,15,952,0.9753807773109243,0,1.0,1.0,0.9753807773109243,1.0,0.9913832720588235,1,,2372
279891,processed\features\279891_features.csv,952,15,952,0.9753807773109243,0,1.0,1.0,0.9753807773109243,1.0,0.9913832720588235,1,,2373
289713,processed\features\289713_features.csv,952,15,952,0.9753807773109243,0,1.0,1.0,0.9753807773109243,1.0,0.9913832720588235,1,,2374
295178,processed\features\295178_features.csv,952,15,952,0.9753807773109243,0,1.0,1.0,0.9753807773109243,1.0,0.9913832720588235,1,,2375
332703,processed\features\332703_features.csv,952,15,952,0.9753807773109243,0,1.0,1.0,0.9753807773109243,1.0,0.9913832720588235,1,,2376
337183,processed\features\337183_features.csv,952,15,952,0.9753807773109243,0,1.0,1.0,0.9753807773109243,1.0,0.9913832720588235,1,,2377
337843,processed\features\337843_features.csv,952,15,952,0.9753807773109243,0,1.0,1.0,0.9753807773109243,1.0,0.9913832720588235,1,,2378
3400,processed\features\3400_features.csv,952,15,952,0.9753807773109243,0,1.0,1.0,0.9753807773109243,1.0,0.9913832720588235,1,,2379
341426,processed\features\341426_features.csv,952,15,952,0.9753807773109243,0,1.0,1.0,0.9753807773109243,1.0,0.9913832720588235,1,,2380
342577,processed\features\342577_features.csv,952,15,952,0.9753807773109243,0,1.0,1.0,0.9753807773109243,1.0,0.9913832720588235,1,,2381
346700,processed\features\346700_features.csv,952,15,952,0.9753807773109243,0,1.0,1.0,0.9753807773109243,1.0,0.9913832720588235,1,,2382
355529,processed\features\355529_features.csv,952,15,952,0.9753807773109243,0,1.0,1.0,0.9753807773109243,1.0,0.9913832720588235,1,,2383
35569,processed\features\35569_features.csv,952,15,952,0.9753807773109243,0,1.0,1.0,0.9753807773109243,1.0,0.9913832720588235,1,,2384
366272,processed\features\366272_features.csv,952,15,952,0.9753807773109243,0,1.0,1.0,0.9753807773109243,1.0,0.9913832720588235,1,,2385
367589,processed\features\367589_features.csv,952,15,952,0.9753807773109243,0,1.0,1.0,0.9753807773109243,1.0,0.9913832720588235,1,,2386
369782,processed\features\369782_features.csv,952,15,952,0.9753807773109243,0,1.0,1.0,0.9753807773109243,1.0,0.9913832720588235,1,,2387
384817,processed\features\384817_features.csv,952,15,952,0.9753807773109243,0,1.0,1.0,0.9753807773109243,1.0,0.9913832720588235,1,,2388
40113,processed\features\40113_features.csv,952,15,952,0.9753807773109243,0,1.0,1.0,0.9753807773109243,1.0,0.9913832720588235,1,,2389
402890,processed\features\402890_features.csv,952,15,952,0.9753807773109243,0,1.0,1.0,0.9753807773109243,1.0,0.9913832720588235,1,,2390
402923,processed\features\402923_features.csv,952,15,952,0.9753807773109243,0,1.0,1.0,0.9753807773109243,1.0,0.9913832720588235,1,,2391
42130,processed\features\42130_features.csv,952,15,952,0.9753807773109243,0,1.0,1.0,0.9753807773109243,1.0,0.9913832720588235,1,,2392
425344,processed\features\425344_features.csv,952,15,952,0.9753807773109243,0,1.0,1.0,0.9753807773109243,1.0,0.9913832720588235,1,,2393
432451,processed\features\432451_features.csv,952,15,952,0.9753807773109243,0,1.0,1.0,0.9753807773109243,1.0,0.9913832720588235,1,,2394
433756,processed\features\433756_features.csv,952,15,952,0.9753807773109243,0,1.0,1.0,0.9753807773109243,1.0,0.9913832720588235,1,,2395
445901,processed\features\445901_features.csv,952,15,952,0.9753807773109243,0,1.0,1.0,0.9753807773109243,1.0,0.9913832720588235,1,,2396
448667,processed\features\448667_features.csv,952,15,952,0.9753807773109243,0,1.0,1.0,0.9753807773109243,1.0,0.9913832720588235,1,,2397
472212,processed\features\472212_features.csv,952,15,952,0.9753807773109243,0,1.0,1.0,0.9753807773109243,1.0,0.9913832720588235,1,,2398
492822,processed\features\492822_features.csv,952,15,952,0.9753807773109243,0,1.0,1.0,0.9753807773109243,1.0,0.9913832720588235,1,,2399
497705,processed\features\497705_features.csv,952,15,952,0.9753807773109243,0,1.0,1.0,0.9753807773109243,1.0,0.9913832720588235,1,,2400
507283,processed\features\507283_features.csv,952,15,952,0.9753807773109243,0,1.0,1.0,0.9753807773109243,1.0,0.9913832720588235,1,,2401
517858,processed\features\517858_features.csv,952,15,952,0.9753807773109243,0,1.0,1.0,0.9753807773109243,1.0,0.9913832720588235,1,,2402
57744,processed\features\57744_features.csv,952,15,952,0.9753807773109243,0,1.0,1.0,0.9753807773109243,1.0,0.9913832720588235,1,,2403
64311,processed\features\64311_features.csv,952,15,952,0.9753807773109243,0,1.0,1.0,0.9753807773109243,1.0,0.9913832720588235,1,,2404
67169,processed\features\67169_features.csv,952,15,952,0.9753807773109243,0,1.0,1.0,0.9753807773109243,1.0,0.9913832720588235,1,,2405
716,processed\features\716_features.csv,952,15,952,0.9753807773109243,0,1.0,1.0,0.9753807773109243,1.0,0.9913832720588235,1,,2406
83767,processed\features\83767_features.csv,952,15,952,0.9753807773109243,0,1.0,1.0,0.9753807773109243,1.0,0.9913832720588235,1,,2407
8482,processed\features\8482_features.csv,952,15,952,0.9753807773109243,0,1.0,1.0,0.9753807773109243,1.0,0.9913832720588235,1,,2408
88538,processed\features\88538_features.csv,952,15,952,0.9753807773109243,0,1.0,1.0,0.9753807773109243,1.0,0.9913832720588235,1,,2409
99511,processed\features\99511_features.csv,952,15,952,0.9753807773109243,0,1.0,1.0,0.9753807773109243,1.0,0.9913832720588235,1,,2410
102971,processed\features\102971_features.csv,951,15,951,0.9753548895899053,0,1.0,1.0,0.9753548895899053,1.0,0.9913742113564669,1,,2411
11955,processed\features\11955_features.csv,951,15,951,0.9753548895899053,0,1.0,1.0,0.9753548895899053,1.0,0.9913742113564669,1,,2412
123253,processed\features\123253_features.csv,951,15,951,0.9753548895899053,0,1.0,1.0,0.9753548895899053,1.0,0.9913742113564669,1,,2413
149298,processed\features\149298_features.csv,951,15,951,0.9753548895899053,0,1.0,1.0,0.9753548895899053,1.0,0.9913742113564669,1,,2414
150116,processed\features\150116_features.csv,951,15,951,0.9753548895899053,0,1.0,1.0,0.9753548895899053,1.0,0.9913742113564669,1,,2415
167438,processed\features\167438_features.csv,951,15,951,0.9753548895899053,0,1.0,1.0,0.9753548895899053,1.0,0.9913742113564669,1,,2416
178698,processed\features\178698_features.csv,951,15,951,0.9753548895899053,0,1.0,1.0,0.9753548895899053,1.0,0.9913742113564669,1,,2417
197590,processed\features\197590_features.csv,951,15,951,0.9753548895899053,0,1.0,1.0,0.9753548895899053,1.0,0.9913742113564669,1,,2418
214128,processed\features\214128_features.csv,951,15,951,0.9753548895899053,0,1.0,1.0,0.9753548895899053,1.0,0.9913742113564669,1,,2419
227303,processed\features\227303_features.csv,951,15,951,0.9753548895899053,0,1.0,1.0,0.9753548895899053,1.0,0.9913742113564669,1,,2420
260793,processed\features\260793_features.csv,951,15,951,0.9753548895899053,0,1.0,1.0,0.9753548895899053,1.0,0.9913742113564669,1,,2421
265270,processed\features\265270_features.csv,951,15,951,0.9753548895899053,0,1.0,1.0,0.9753548895899053,1.0,0.9913742113564669,1,,2422
266330,processed\features\266330_features.csv,951,15,951,0.9753548895899053,0,1.0,1.0,0.9753548895899053,1.0,0.9913742113564669,1,,2423
267546,processed\features\267546_features.csv,951,15,951,0.9753548895899053,0,1.0,1.0,0.9753548895899053,1.0,0.9913742113564669,1,,2424
268871,processed\features\268871_features.csv,951,15,951,0.9753548895899053,0,1.0,1.0,0.9753548895899053,1.0,0.9913742113564669,1,,2425
270446,processed\features\270446_features.csv,951,15,951,0.9753548895899053,0,1.0,1.0,0.9753548895899053,1.0,0.9913742113564669,1,,2426
27190,processed\features\27190_features.csv,951,15,951,0.9753548895899053,0,1.0,1.0,0.9753548895899053,1.0,0.9913742113564669,1,,2427
28662,processed\features\28662_features.csv,951,15,951,0.9753548895899053,0,1.0,1.0,0.9753548895899053,1.0,0.9913742113564669,1,,2428
287918,processed\features\287918_features.csv,951,15,951,0.9753548895899053,0,1.0,1.0,0.9753548895899053,1.0,0.9913742113564669,1,,2429
293974,processed\features\293974_features.csv,951,15,951,0.9753548895899053,0,1.0,1.0,0.9753548895899053,1.0,0.9913742113564669,1,,2430
338167,processed\features\338167_features.csv,951,15,951,0.9753548895899053,0,1.0,1.0,0.9753548895899053,1.0,0.9913742113564669,1,,2431
364066,processed\features\364066_features.csv,951,15,951,0.9753548895899053,0,1.0,1.0,0.9753548895899053,1.0,0.9913742113564669,1,,2432
368909,processed\features\368909_features.csv,951,15,951,0.9753548895899053,0,1.0,1.0,0.9753548895899053,1.0,0.9913742113564669,1,,2433
378409,processed\features\378409_features.csv,951,15,951,0.9753548895899053,0,1.0,1.0,0.9753548895899053,1.0,0.9913742113564669,1,,2434
39465,processed\features\39465_features.csv,951,15,951,0.9753548895899053,0,1.0,1.0,0.9753548895899053,1.0,0.9913742113564669,1,,2435
396766,processed\features\396766_features.csv,951,15,951,0.9753548895899053,0,1.0,1.0,0.9753548895899053,1.0,0.9913742113564669,1,,2436
399061,processed\features\399061_features.csv,951,15,951,0.9753548895899053,0,1.0,1.0,0.9753548895899053,1.0,0.9913742113564669,1,,2437
407681,processed\features\407681_features.csv,951,15,951,0.9753548895899053,0,1.0,1.0,0.9753548895899053,1.0,0.9913742113564669,1,,2438
415045,processed\features\415045_features.csv,951,15,951,0.9753548895899053,0,1.0,1.0,0.9753548895899053,1.0,0.9913742113564669,1,,2439
416646,processed\features\416646_features.csv,951,15,951,0.9753548895899053,0,1.0,1.0,0.9753548895899053,1.0,0.9913742113564669,1,,2440
421143,processed\features\421143_features.csv,951,15,951,0.9753548895899053,0,1.0,1.0,0.9753548895899053,1.0,0.9913742113564669,1,,2441
456336,processed\features\456336_features.csv,951,15,951,0.9753548895899053,0,1.0,1.0,0.9753548895899053,1.0,0.9913742113564669,1,,2442
475939,processed\features\475939_features.csv,951,15,951,0.9753548895899053,0,1.0,1.0,0.9753548895899053,1.0,0.9913742113564669,1,,2443
501308,processed\features\501308_features.csv,951,15,951,0.9753548895899053,0,1.0,1.0,0.9753548895899053,1.0,0.9913742113564669,1,,2444
504053,processed\features\504053_features.csv,951,15,951,0.9753548895899053,0,1.0,1.0,0.9753548895899053,1.0,0.9913742113564669,1,,2445
512735,processed\features\512735_features.csv,951,15,951,0.9753548895899053,0,1.0,1.0,0.9753548895899053,1.0,0.9913742113564669,1,,2446
512786,processed\features\512786_features.csv,951,15,951,0.9753548895899053,0,1.0,1.0,0.9753548895899053,1.0,0.9913742113564669,1,,2447
51302,processed\features\51302_features.csv,951,15,951,0.9753548895899053,0,1.0,1.0,0.9753548895899053,1.0,0.9913742113564669,1,,2448
58683,processed\features\58683_features.csv,951,15,951,0.9753548895899053,0,1.0,1.0,0.9753548895899053,1.0,0.9913742113564669,1,,2449
76938,processed\features\76938_features.csv,951,15,951,0.9753548895899053,0,1.0,1.0,0.9753548895899053,1.0,0.9913742113564669,1,,2450
79750,processed\features\79750_features.csv,951,15,951,0.9753548895899053,0,1.0,1.0,0.9753548895899053,1.0,0.9913742113564669,1,,2451
82611,processed\features\82611_features.csv,951,15,951,0.9753548895899053,0,1.0,1.0,0.9753548895899053,1.0,0.9913742113564669,1,,2452
92152,processed\features\92152_features.csv,951,15,951,0.9753548895899053,0,1.0,1.0,0.9753548895899053,1.0,0.9913742113564669,1,,2453
105444,processed\features\105444_features.csv,950,15,950,0.975328947368421,0,1.0,1.0,0.975328947368421,1.0,0.9913651315789473,1,,2454
131534,processed\features\131534_features.csv,950,15,950,0.975328947368421,0,1.0,1.0,0.975328947368421,1.0,0.9913651315789473,1,,2455
132311,processed\features\132311_features.csv,950,15,950,0.975328947368421,0,1.0,1.0,0.975328947368421,1.0,0.9913651315789473,1,,2456
134220,processed\features\134220_features.csv,950,15,950,0.975328947368421,0,1.0,1.0,0.975328947368421,1.0,0.9913651315789473,1,,2457
139829,processed\features\139829_features.csv,950,15,950,0.975328947368421,0,1.0,1.0,0.975328947368421,1.0,0.9913651315789473,1,,2458
15900,processed\features\15900_features.csv,950,15,950,0.975328947368421,0,1.0,1.0,0.975328947368421,1.0,0.9913651315789473,1,,2459
180480,processed\features\180480_features.csv,950,15,950,0.975328947368421,0,1.0,1.0,0.975328947368421,1.0,0.9913651315789473,1,,2460
203570,processed\features\203570_features.csv,950,15,950,0.975328947368421,0,1.0,1.0,0.975328947368421,1.0,0.9913651315789473,1,,2461
216102,processed\features\216102_features.csv,950,15,950,0.975328947368421,0,1.0,1.0,0.975328947368421,1.0,0.9913651315789473,1,,2462
227147,processed\features\227147_features.csv,950,15,950,0.975328947368421,0,1.0,1.0,0.975328947368421,1.0,0.9913651315789473,1,,2463
25900,processed\features\25900_features.csv,950,15,950,0.975328947368421,0,1.0,1.0,0.975328947368421,1.0,0.9913651315789473,1,,2464
259665,processed\features\259665_features.csv,950,15,950,0.975328947368421,0,1.0,1.0,0.975328947368421,1.0,0.9913651315789473,1,,2465
270146,processed\features\270146_features.csv,950,15,950,0.975328947368421,0,1.0,1.0,0.975328947368421,1.0,0.9913651315789473,1,,2466
276785,processed\features\276785_features.csv,950,15,950,0.975328947368421,0,1.0,1.0,0.975328947368421,1.0,0.9913651315789473,1,,2467
298053,processed\features\298053_features.csv,950,15,950,0.975328947368421,0,1.0,1.0,0.975328947368421,1.0,0.9913651315789473,1,,2468
30452,processed\features\30452_features.csv,950,15,950,0.975328947368421,0,1.0,1.0,0.975328947368421,1.0,0.9913651315789473,1,,2469
317598,processed\features\317598_features.csv,950,15,950,0.975328947368421,0,1.0,1.0,0.975328947368421,1.0,0.9913651315789473,1,,2470
319049,processed\features\319049_features.csv,950,15,950,0.975328947368421,0,1.0,1.0,0.975328947368421,1.0,0.9913651315789473,1,,2471
339906,processed\features\339906_features.csv,950,15,950,0.975328947368421,0,1.0,1.0,0.975328947368421,1.0,0.9913651315789473,1,,2472
345923,processed\features\345923_features.csv,950,15,950,0.975328947368421,0,1.0,1.0,0.975328947368421,1.0,0.9913651315789473,1,,2473
360272,processed\features\360272_features.csv,950,15,950,0.975328947368421,0,1.0,1.0,0.975328947368421,1.0,0.9913651315789473,1,,2474
363821,processed\features\363821_features.csv,950,15,950,0.975328947368421,0,1.0,1.0,0.975328947368421,1.0,0.9913651315789473,1,,2475
373178,processed\features\373178_features.csv,950,15,950,0.975328947368421,0,1.0,1.0,0.975328947368421,1.0,0.9913651315789473,1,,2476
396105,processed\features\396105_features.csv,950,15,950,0.975328947368421,0,1.0,1.0,0.975328947368421,1.0,0.9913651315789473,1,,2477
39674,processed\features\39674_features.csv,950,15,950,0.975328947368421,0,1.0,1.0,0.975328947368421,1.0,0.9913651315789473,1,,2478
405295,processed\features\405295_features.csv,950,15,950,0.975328947368421,0,1.0,1.0,0.975328947368421,1.0,0.9913651315789473,1,,2479
409428,processed\features\409428_features.csv,950,15,950,0.975328947368421,0,1.0,1.0,0.975328947368421,1.0,0.9913651315789473,1,,2480
424361,processed\features\424361_features.csv,950,15,950,0.975328947368421,0,1.0,1.0,0.975328947368421,1.0,0.9913651315789473,1,,2481
478826,processed\features\478826_features.csv,950,15,950,0.975328947368421,0,1.0,1.0,0.975328947368421,1.0,0.9913651315789473,1,,2482
49672,processed\features\49672_features.csv,950,15,950,0.975328947368421,0,1.0,1.0,0.975328947368421,1.0,0.9913651315789473,1,,2483
507209,processed\features\507209_features.csv,950,15,950,0.975328947368421,0,1.0,1.0,0.975328947368421,1.0,0.9913651315789473,1,,2484
55733,processed\features\55733_features.csv,950,15,950,0.975328947368421,0,1.0,1.0,0.975328947368421,1.0,0.9913651315789473,1,,2485
58936,processed\features\58936_features.csv,950,15,950,0.975328947368421,0,1.0,1.0,0.975328947368421,1.0,0.9913651315789473,1,,2486
76710,processed\features\76710_features.csv,950,15,950,0.975328947368421,0,1.0,1.0,0.975328947368421,1.0,0.9913651315789473,1,,2487
80938,processed\features\80938_features.csv,950,15,950,0.975328947368421,0,1.0,1.0,0.975328947368421,1.0,0.9913651315789473,1,,2488
92086,processed\features\92086_features.csv,950,15,950,0.975328947368421,0,1.0,1.0,0.975328947368421,1.0,0.9913651315789473,1,,2489
108737,processed\features\108737_features.csv,949,15,949,0.9753029504741834,0,1.0,1.0,0.9753029504741834,1.0,0.9913560326659642,1,,2490
110148,processed\features\110148_features.csv,949,15,949,0.9753029504741834,0,1.0,1.0,0.9753029504741834,1.0,0.9913560326659642,1,,2491
115399,processed\features\115399_features.csv,949,15,949,0.9753029504741834,0,1.0,1.0,0.9753029504741834,1.0,0.9913560326659642,1,,2492
129644,processed\features\129644_features.csv,949,15,949,0.9753029504741834,0,1.0,1.0,0.9753029504741834,1.0,0.9913560326659642,1,,2493
134693,processed\features\134693_features.csv,949,15,949,0.9753029504741834,0,1.0,1.0,0.9753029504741834,1.0,0.9913560326659642,1,,2494
150069,processed\features\150069_features.csv,949,15,949,0.9753029504741834,0,1.0,1.0,0.9753029504741834,1.0,0.9913560326659642,1,,2495
160710,processed\features\160710_features.csv,949,15,949,0.9753029504741834,0,1.0,1.0,0.9753029504741834,1.0,0.9913560326659642,1,,2496
165050,processed\features\165050_features.csv,949,15,949,0.9753029504741834,0,1.0,1.0,0.9753029504741834,1.0,0.9913560326659642,1,,2497
166598,processed\features\166598_features.csv,949,15,949,0.9753029504741834,0,1.0,1.0,0.9753029504741834,1.0,0.9913560326659642,1,,2498
167110,processed\features\167110_features.csv,949,15,949,0.9753029504741834,0,1.0,1.0,0.9753029504741834,1.0,0.9913560326659642,1,,2499
175410,processed\features\175410_features.csv,949,15,949,0.9753029504741834,0,1.0,1.0,0.9753029504741834,1.0,0.9913560326659642,1,,2500
177940,processed\features\177940_features.csv,949,15,949,0.9753029504741834,0,1.0,1.0,0.9753029504741834,1.0,0.9913560326659642,1,,2501
197214,processed\features\197214_features.csv,949,15,949,0.9753029504741834,0,1.0,1.0,0.9753029504741834,1.0,0.9913560326659642,1,,2502
230688,processed\features\230688_features.csv,949,15,949,0.9753029504741834,0,1.0,1.0,0.9753029504741834,1.0,0.9913560326659642,1,,2503
237937,processed\features\237937_features.csv,949,15,949,0.9753029504741834,0,1.0,1.0,0.9753029504741834,1.0,0.9913560326659642,1,,2504
238902,processed\features\238902_features.csv,949,15,949,0.9753029504741834,0,1.0,1.0,0.9753029504741834,1.0,0.9913560326659642,1,,2505
239340,processed\features\239340_features.csv,949,15,949,0.9753029504741834,0,1.0,1.0,0.9753029504741834,1.0,0.9913560326659642,1,,2506
257081,processed\features\257081_features.csv,949,15,949,0.9753029504741834,0,1.0,1.0,0.9753029504741834,1.0,0.9913560326659642,1,,2507
260541,processed\features\260541_features.csv,949,15,949,0.9753029504741834,0,1.0,1.0,0.9753029504741834,1.0,0.9913560326659642,1,,2508
263579,processed\features\263579_features.csv,949,15,949,0.9753029504741834,0,1.0,1.0,0.9753029504741834,1.0,0.9913560326659642,1,,2509
272432,processed\features\272432_features.csv,949,15,949,0.9753029504741834,0,1.0,1.0,0.9753029504741834,1.0,0.9913560326659642,1,,2510
281908,processed\features\281908_features.csv,949,15,949,0.9753029504741834,0,1.0,1.0,0.9753029504741834,1.0,0.9913560326659642,1,,2511
283054,processed\features\283054_features.csv,949,15,949,0.9753029504741834,0,1.0,1.0,0.9753029504741834,1.0,0.9913560326659642,1,,2512
295903,processed\features\295903_features.csv,949,15,949,0.9753029504741834,0,1.0,1.0,0.9753029504741834,1.0,0.9913560326659642,1,,2513
298284,processed\features\298284_features.csv,949,15,949,0.9753029504741834,0,1.0,1.0,0.9753029504741834,1.0,0.9913560326659642,1,,2514
309378,processed\features\309378_features.csv,949,15,949,0.9753029504741834,0,1.0,1.0,0.9753029504741834,1.0,0.9913560326659642,1,,2515
319536,processed\features\319536_features.csv,949,15,949,0.9753029504741834,0,1.0,1.0,0.9753029504741834,1.0,0.9913560326659642,1,,2516
322481,processed\features\322481_features.csv,949,15,949,0.9753029504741834,0,1.0,1.0,0.9753029504741834,1.0,0.9913560326659642,1,,2517
364217,processed\features\364217_features.csv,949,15,949,0.9753029504741834,0,1.0,1.0,0.9753029504741834,1.0,0.9913560326659642,1,,2518
370360,processed\features\370360_features.csv,949,15,949,0.9753029504741834,0,1.0,1.0,0.9753029504741834,1.0,0.9913560326659642,1,,2519
380233,processed\features\380233_features.csv,949,15,949,0.9753029504741834,0,1.0,1.0,0.9753029504741834,1.0,0.9913560326659642,1,,2520
383084,processed\features\383084_features.csv,949,15,949,0.9753029504741834,0,1.0,1.0,0.9753029504741834,1.0,0.9913560326659642,1,,2521
394418,processed\features\394418_features.csv,949,15,949,0.9753029504741834,0,1.0,1.0,0.9753029504741834,1.0,0.9913560326659642,1,,2522
401499,processed\features\401499_features.csv,949,15,949,0.9753029504741834,0,1.0,1.0,0.9753029504741834,1.0,0.9913560326659642,1,,2523
404580,processed\features\404580_features.csv,949,15,949,0.9753029504741834,0,1.0,1.0,0.9753029504741834,1.0,0.9913560326659642,1,,2524
428508,processed\features\428508_features.csv,949,15,949,0.9753029504741834,0,1.0,1.0,0.9753029504741834,1.0,0.9913560326659642,1,,2525
435073,processed\features\435073_features.csv,949,15,949,0.9753029504741834,0,1.0,1.0,0.9753029504741834,1.0,0.9913560326659642,1,,2526
43651,processed\features\43651_features.csv,949,15,949,0.9753029504741834,0,1.0,1.0,0.9753029504741834,1.0,0.9913560326659642,1,,2527
440229,processed\features\440229_features.csv,949,15,949,0.9753029504741834,0,1.0,1.0,0.9753029504741834,1.0,0.9913560326659642,1,,2528
470453,processed\features\470453_features.csv,949,15,949,0.9753029504741834,0,1.0,1.0,0.9753029504741834,1.0,0.9913560326659642,1,,2529
50070,processed\features\50070_features.csv,949,15,949,0.9753029504741834,0,1.0,1.0,0.9753029504741834,1.0,0.9913560326659642,1,,2530
506090,processed\features\506090_features.csv,949,15,949,0.9753029504741834,0,1.0,1.0,0.9753029504741834,1.0,0.9913560326659642,1,,2531
507219,processed\features\507219_features.csv,949,15,949,0.9753029504741834,0,1.0,1.0,0.9753029504741834,1.0,0.9913560326659642,1,,2532
508528,processed\features\508528_features.csv,949,15,949,0.9753029504741834,0,1.0,1.0,0.9753029504741834,1.0,0.9913560326659642,1,,2533
60495,processed\features\60495_features.csv,949,15,949,0.9753029504741834,0,1.0,1.0,0.9753029504741834,1.0,0.9913560326659642,1,,2534
62668,processed\features\62668_features.csv,949,15,949,0.9753029504741834,0,1.0,1.0,0.9753029504741834,1.0,0.9913560326659642,1,,2535
79495,processed\features\79495_features.csv,949,15,949,0.9753029504741834,0,1.0,1.0,0.9753029504741834,1.0,0.9913560326659642,1,,2536
99572,processed\features\99572_features.csv,949,15,949,0.9753029504741834,0,1.0,1.0,0.9753029504741834,1.0,0.9913560326659642,1,,2537
115956,processed\features\115956_features.csv,948,15,948,0.9752768987341772,0,1.0,1.0,0.9752768987341772,1.0,0.9913469145569621,1,,2538
116835,processed\features\116835_features.csv,948,15,948,0.9752768987341772,0,1.0,1.0,0.9752768987341772,1.0,0.9913469145569621,1,,2539
141581,processed\features\141581_features.csv,948,15,948,0.9752768987341772,0,1.0,1.0,0.9752768987341772,1.0,0.9913469145569621,1,,2540
182957,processed\features\182957_features.csv,948,15,948,0.9752768987341772,0,1.0,1.0,0.9752768987341772,1.0,0.9913469145569621,1,,2541
194702,processed\features\194702_features.csv,948,15,948,0.9752768987341772,0,1.0,1.0,0.9752768987341772,1.0,0.9913469145569621,1,,2542
206389,processed\features\206389_features.csv,948,15,948,0.9752768987341772,0,1.0,1.0,0.9752768987341772,1.0,0.9913469145569621,1,,2543
212029,processed\features\212029_features.csv,948,15,948,0.9752768987341772,0,1.0,1.0,0.9752768987341772,1.0,0.9913469145569621,1,,2544
217765,processed\features\217765_features.csv,948,15,948,0.9752768987341772,0,1.0,1.0,0.9752768987341772,1.0,0.9913469145569621,1,,2545
244964,processed\features\244964_features.csv,948,15,948,0.9752768987341772,0,1.0,1.0,0.9752768987341772,1.0,0.9913469145569621,1,,2546
253201,processed\features\253201_features.csv,948,15,948,0.9752768987341772,0,1.0,1.0,0.9752768987341772,1.0,0.9913469145569621,1,,2547
274087,processed\features\274087_features.csv,948,15,948,0.9752768987341772,0,1.0,1.0,0.9752768987341772,1.0,0.9913469145569621,1,,2548
274548,processed\features\274548_features.csv,948,15,948,0.9752768987341772,0,1.0,1.0,0.9752768987341772,1.0,0.9913469145569621,1,,2549
276460,processed\features\276460_features.csv,948,15,948,0.9752768987341772,0,1.0,1.0,0.9752768987341772,1.0,0.9913469145569621,1,,2550
278025,processed\features\278025_features.csv,948,15,948,0.9752768987341772,0,1.0,1.0,0.9752768987341772,1.0,0.9913469145569621,1,,2551
292353,processed\features\292353_features.csv,948,15,948,0.9752768987341772,0,1.0,1.0,0.9752768987341772,1.0,0.9913469145569621,1,,2552
302655,processed\features\302655_features.csv,948,15,948,0.9752768987341772,0,1.0,1.0,0.9752768987341772,1.0,0.9913469145569621,1,,2553
310030,processed\features\310030_features.csv,948,15,948,0.9752768987341772,0,1.0,1.0,0.9752768987341772,1.0,0.9913469145569621,1,,2554
311734,processed\features\311734_features.csv,948,15,948,0.9752768987341772,0,1.0,1.0,0.9752768987341772,1.0,0.9913469145569621,1,,2555
315346,processed\features\315346_features.csv,948,15,948,0.9752768987341772,0,1.0,1.0,0.9752768987341772,1.0,0.9913469145569621,1,,2556
335330,processed\features\335330_features.csv,948,15,948,0.9752768987341772,0,1.0,1.0,0.9752768987341772,1.0,0.9913469145569621,1,,2557
336647,processed\features\336647_features.csv,948,15,948,0.9752768987341772,0,1.0,1.0,0.9752768987341772,1.0,0.9913469145569621,1,,2558
340475,processed\features\340475_features.csv,948,15,948,0.9752768987341772,0,1.0,1.0,0.9752768987341772,1.0,0.9913469145569621,1,,2559
345290,processed\features\345290_features.csv,948,15,948,0.9752768987341772,0,1.0,1.0,0.9752768987341772,1.0,0.9913469145569621,1,,2560
367812,processed\features\367812_features.csv,948,15,948,0.9752768987341772,0,1.0,1.0,0.9752768987341772,1.0,0.9913469145569621,1,,2561
368994,processed\features\368994_features.csv,948,15,948,0.9752768987341772,0,1.0,1.0,0.9752768987341772,1.0,0.9913469145569621,1,,2562
371966,processed\features\371966_features.csv,948,15,948,0.9752768987341772,0,1.0,1.0,0.9752768987341772,1.0,0.9913469145569621,1,,2563
372045,processed\features\372045_features.csv,948,15,948,0.9752768987341772,0,1.0,1.0,0.9752768987341772,1.0,0.9913469145569621,1,,2564
373207,processed\features\373207_features.csv,948,15,948,0.9752768987341772,0,1.0,1.0,0.9752768987341772,1.0,0.9913469145569621,1,,2565
408273,processed\features\408273_features.csv,948,15,948,0.9752768987341772,0,1.0,1.0,0.9752768987341772,1.0,0.9913469145569621,1,,2566
414915,processed\features\414915_features.csv,948,15,948,0.9752768987341772,0,1.0,1.0,0.9752768987341772,1.0,0.9913469145569621,1,,2567
415541,processed\features\415541_features.csv,948,15,948,0.9752768987341772,0,1.0,1.0,0.9752768987341772,1.0,0.9913469145569621,1,,2568
428560,processed\features\428560_features.csv,948,15,948,0.9752768987341772,0,1.0,1.0,0.9752768987341772,1.0,0.9913469145569621,1,,2569
43833,processed\features\43833_features.csv,948,15,948,0.9752768987341772,0,1.0,1.0,0.9752768987341772,1.0,0.9913469145569621,1,,2570
450061,processed\features\450061_features.csv,948,15,948,0.9752768987341772,0,1.0,1.0,0.9752768987341772,1.0,0.9913469145569621,1,,2571
462710,processed\features\462710_features.csv,948,15,948,0.9752768987341772,0,1.0,1.0,0.9752768987341772,1.0,0.9913469145569621,1,,2572
464975,processed\features\464975_features.csv,948,15,948,0.9752768987341772,0,1.0,1.0,0.9752768987341772,1.0,0.9913469145569621,1,,2573
479811,processed\features\479811_features.csv,948,15,948,0.9752768987341772,0,1.0,1.0,0.9752768987341772,1.0,0.9913469145569621,1,,2574
61037,processed\features\61037_features.csv,948,15,948,0.9752768987341772,0,1.0,1.0,0.9752768987341772,1.0,0.9913469145569621,1,,2575
63818,processed\features\63818_features.csv,948,15,948,0.9752768987341772,0,1.0,1.0,0.9752768987341772,1.0,0.9913469145569621,1,,2576
75734,processed\features\75734_features.csv,948,15,948,0.9752768987341772,0,1.0,1.0,0.9752768987341772,1.0,0.9913469145569621,1,,2577
78168,processed\features\78168_features.csv,948,15,948,0.9752768987341772,0,1.0,1.0,0.9752768987341772,1.0,0.9913469145569621,1,,2578
106923,processed\features\106923_features.csv,947,15,947,0.9752507919746568,0,1.0,1.0,0.9752507919746568,1.0,0.9913377771911299,1,,2579
11864,processed\features\11864_features.csv,947,15,947,0.9752507919746568,0,1.0,1.0,0.9752507919746568,1.0,0.9913377771911299,1,,2580
123112,processed\features\123112_features.csv,947,15,947,0.9752507919746568,0,1.0,1.0,0.9752507919746568,1.0,0.9913377771911299,1,,2581
123416,processed\features\123416_features.csv,947,15,947,0.9752507919746568,0,1.0,1.0,0.9752507919746568,1.0,0.9913377771911299,1,,2582
130550,processed\features\130550_features.csv,947,15,947,0.9752507919746568,0,1.0,1.0,0.9752507919746568,1.0,0.9913377771911299,1,,2583
137438,processed\features\137438_features.csv,947,15,947,0.9752507919746568,0,1.0,1.0,0.9752507919746568,1.0,0.9913377771911299,1,,2584
147580,processed\features\147580_features.csv,947,15,947,0.9752507919746568,0,1.0,1.0,0.9752507919746568,1.0,0.9913377771911299,1,,2585
160901,processed\features\160901_features.csv,947,15,947,0.9752507919746568,0,1.0,1.0,0.9752507919746568,1.0,0.9913377771911299,1,,2586
178327,processed\features\178327_features.csv,947,15,947,0.9752507919746568,0,1.0,1.0,0.9752507919746568,1.0,0.9913377771911299,1,,2587
227977,processed\features\227977_features.csv,947,15,947,0.9752507919746568,0,1.0,1.0,0.9752507919746568,1.0,0.9913377771911299,1,,2588
235328,processed\features\235328_features.csv,947,15,947,0.9752507919746568,0,1.0,1.0,0.9752507919746568,1.0,0.9913377771911299,1,,2589
238470,processed\features\238470_features.csv,947,15,947,0.9752507919746568,0,1.0,1.0,0.9752507919746568,1.0,0.9913377771911299,1,,2590
24646,processed\features\24646_features.csv,947,15,947,0.9752507919746568,0,1.0,1.0,0.9752507919746568,1.0,0.9913377771911299,1,,2591
248593,processed\features\248593_features.csv,947,15,947,0.9752507919746568,0,1.0,1.0,0.9752507919746568,1.0,0.9913377771911299,1,,2592
276603,processed\features\276603_features.csv,947,15,947,0.9752507919746568,0,1.0,1.0,0.9752507919746568,1.0,0.9913377771911299,1,,2593
276746,processed\features\276746_features.csv,947,15,947,0.9752507919746568,0,1.0,1.0,0.9752507919746568,1.0,0.9913377771911299,1,,2594
292772,processed\features\292772_features.csv,947,15,947,0.9752507919746568,0,1.0,1.0,0.9752507919746568,1.0,0.9913377771911299,1,,2595
305253,processed\features\305253_features.csv,947,15,947,0.9752507919746568,0,1.0,1.0,0.9752507919746568,1.0,0.9913377771911299,1,,2596
309659,processed\features\309659_features.csv,947,15,947,0.9752507919746568,0,1.0,1.0,0.9752507919746568,1.0,0.9913377771911299,1,,2597
317482,processed\features\317482_features.csv,947,15,947,0.9752507919746568,0,1.0,1.0,0.9752507919746568,1.0,0.9913377771911299,1,,2598
330616,processed\features\330616_features.csv,947,15,947,0.9752507919746568,0,1.0,1.0,0.9752507919746568,1.0,0.9913377771911299,1,,2599
339629,processed\features\339629_features.csv,947,15,947,0.9752507919746568,0,1.0,1.0,0.9752507919746568,1.0,0.9913377771911299,1,,2600
399638,processed\features\399638_features.csv,947,15,947,0.9752507919746568,0,1.0,1.0,0.9752507919746568,1.0,0.9913377771911299,1,,2601
410297,processed\features\410297_features.csv,947,15,947,0.9752507919746568,0,1.0,1.0,0.9752507919746568,1.0,0.9913377771911299,1,,2602
412885,processed\features\412885_features.csv,947,15,947,0.9752507919746568,0,1.0,1.0,0.9752507919746568,1.0,0.9913377771911299,1,,2603
427164,processed\features\427164_features.csv,947,15,947,0.9752507919746568,0,1.0,1.0,0.9752507919746568,1.0,0.9913377771911299,1,,2604
429311,processed\features\429311_features.csv,947,15,947,0.9752507919746568,0,1.0,1.0,0.9752507919746568,1.0,0.9913377771911299,1,,2605
446382,processed\features\446382_features.csv,947,15,947,0.9752507919746568,0,1.0,1.0,0.9752507919746568,1.0,0.9913377771911299,1,,2606
446707,processed\features\446707_features.csv,947,15,947,0.9752507919746568,0,1.0,1.0,0.9752507919746568,1.0,0.9913377771911299,1,,2607
469342,processed\features\469342_features.csv,947,15,947,0.9752507919746568,0,1.0,1.0,0.9752507919746568,1.0,0.9913377771911299,1,,2608
498650,processed\features\498650_features.csv,947,15,947,0.9752507919746568,0,1.0,1.0,0.9752507919746568,1.0,0.9913377771911299,1,,2609
513503,processed\features\513503_features.csv,947,15,947,0.9752507919746568,0,1.0,1.0,0.9752507919746568,1.0,0.9913377771911299,1,,2610
51465,processed\features\51465_features.csv,947,15,947,0.9752507919746568,0,1.0,1.0,0.9752507919746568,1.0,0.9913377771911299,1,,2611
77636,processed\features\77636_features.csv,947,15,947,0.9752507919746568,0,1.0,1.0,0.9752507919746568,1.0,0.9913377771911299,1,,2612
79296,processed\features\79296_features.csv,947,15,947,0.9752507919746568,0,1.0,1.0,0.9752507919746568,1.0,0.9913377771911299,1,,2613
81965,processed\features\81965_features.csv,947,15,947,0.9752507919746568,0,1.0,1.0,0.9752507919746568,1.0,0.9913377771911299,1,,2614
118331,processed\features\118331_features.csv,946,15,946,0.9752246300211417,0,1.0,1.0,0.9752246300211417,1.0,0.9913286205073996,1,,2615
129611,processed\features\129611_features.csv,946,15,946,0.9752246300211417,0,1.0,1.0,0.9752246300211417,1.0,0.9913286205073996,1,,2616
133013,processed\features\133013_features.csv,946,15,946,0.9752246300211417,0,1.0,1.0,0.9752246300211417,1.0,0.9913286205073996,1,,2617
158831,processed\features\158831_features.csv,946,15,946,0.9752246300211417,0,1.0,1.0,0.9752246300211417,1.0,0.9913286205073996,1,,2618
164475,processed\features\164475_features.csv,946,15,946,0.9752246300211417,0,1.0,1.0,0.9752246300211417,1.0,0.9913286205073996,1,,2619
165570,processed\features\165570_features.csv,946,15,946,0.9752246300211417,0,1.0,1.0,0.9752246300211417,1.0,0.9913286205073996,1,,2620
166375,processed\features\166375_features.csv,946,15,946,0.9752246300211417,0,1.0,1.0,0.9752246300211417,1.0,0.9913286205073996,1,,2621
169497,processed\features\169497_features.csv,946,15,946,0.9752246300211417,0,1.0,1.0,0.9752246300211417,1.0,0.9913286205073996,1,,2622
174381,processed\features\174381_features.csv,946,15,946,0.9752246300211417,0,1.0,1.0,0.9752246300211417,1.0,0.9913286205073996,1,,2623
178348,processed\features\178348_features.csv,946,15,946,0.9752246300211417,0,1.0,1.0,0.9752246300211417,1.0,0.9913286205073996,1,,2624
181120,processed\features\181120_features.csv,946,15,946,0.9752246300211417,0,1.0,1.0,0.9752246300211417,1.0,0.9913286205073996,1,,2625
187523,processed\features\187523_features.csv,946,15,946,0.9752246300211417,0,1.0,1.0,0.9752246300211417,1.0,0.9913286205073996,1,,2626
201021,processed\features\201021_features.csv,946,15,946,0.9752246300211417,0,1.0,1.0,0.9752246300211417,1.0,0.9913286205073996,1,,2627
210276,processed\features\210276_features.csv,946,15,946,0.9752246300211417,0,1.0,1.0,0.9752246300211417,1.0,0.9913286205073996,1,,2628
234277,processed\features\234277_features.csv,946,15,946,0.9752246300211417,0,1.0,1.0,0.9752246300211417,1.0,0.9913286205073996,1,,2629
240087,processed\features\240087_features.csv,946,15,946,0.9752246300211417,0,1.0,1.0,0.9752246300211417,1.0,0.9913286205073996,1,,2630
251332,processed\features\251332_features.csv,946,15,946,0.9752246300211417,0,1.0,1.0,0.9752246300211417,1.0,0.9913286205073996,1,,2631
26595,processed\features\26595_features.csv,946,15,946,0.9752246300211417,0,1.0,1.0,0.9752246300211417,1.0,0.9913286205073996,1,,2632
269552,processed\features\269552_features.csv,946,15,946,0.9752246300211417,0,1.0,1.0,0.9752246300211417,1.0,0.9913286205073996,1,,2633
273207,processed\features\273207_features.csv,946,15,946,0.9752246300211417,0,1.0,1.0,0.9752246300211417,1.0,0.9913286205073996,1,,2634
274522,processed\features\274522_features.csv,946,15,946,0.9752246300211417,0,1.0,1.0,0.9752246300211417,1.0,0.9913286205073996,1,,2635
286290,processed\features\286290_features.csv,946,15,946,0.9752246300211417,0,1.0,1.0,0.9752246300211417,1.0,0.9913286205073996,1,,2636
300895,processed\features\300895_features.csv,946,15,946,0.9752246300211417,0,1.0,1.0,0.9752246300211417,1.0,0.9913286205073996,1,,2637
302118,processed\features\302118_features.csv,946,15,946,0.9752246300211417,0,1.0,1.0,0.9752246300211417,1.0,0.9913286205073996,1,,2638
303661,processed\features\303661_features.csv,946,15,946,0.9752246300211417,0,1.0,1.0,0.9752246300211417,1.0,0.9913286205073996,1,,2639
312887,processed\features\312887_features.csv,946,15,946,0.9752246300211417,0,1.0,1.0,0.9752246300211417,1.0,0.9913286205073996,1,,2640
321881,processed\features\321881_features.csv,946,15,946,0.9752246300211417,0,1.0,1.0,0.9752246300211417,1.0,0.9913286205073996,1,,2641
323057,processed\features\323057_features.csv,946,15,946,0.9752246300211417,0,1.0,1.0,0.9752246300211417,1.0,0.9913286205073996,1,,2642
344187,processed\features\344187_features.csv,946,15,946,0.9752246300211417,0,1.0,1.0,0.9752246300211417,1.0,0.9913286205073996,1,,2643
367717,processed\features\367717_features.csv,946,15,946,0.9752246300211417,0,1.0,1.0,0.9752246300211417,1.0,0.9913286205073996,1,,2644
381545,processed\features\381545_features.csv,946,15,946,0.9752246300211417,0,1.0,1.0,0.9752246300211417,1.0,0.9913286205073996,1,,2645
38516,processed\features\38516_features.csv,946,15,946,0.9752246300211417,0,1.0,1.0,0.9752246300211417,1.0,0.9913286205073996,1,,2646
393123,processed\features\393123_features.csv,946,15,946,0.9752246300211417,0,1.0,1.0,0.9752246300211417,1.0,0.9913286205073996,1,,2647
404406,processed\features\404406_features.csv,946,15,946,0.9752246300211417,0,1.0,1.0,0.9752246300211417,1.0,0.9913286205073996,1,,2648
412463,processed\features\412463_features.csv,946,15,946,0.9752246300211417,0,1.0,1.0,0.9752246300211417,1.0,0.9913286205073996,1,,2649
423212,processed\features\423212_features.csv,946,15,946,0.9752246300211417,0,1.0,1.0,0.9752246300211417,1.0,0.9913286205073996,1,,2650
429587,processed\features\429587_features.csv,946,15,946,0.9752246300211417,0,1.0,1.0,0.9752246300211417,1.0,0.9913286205073996,1,,2651
435909,processed\features\435909_features.csv,946,15,946,0.9752246300211417,0,1.0,1.0,0.9752246300211417,1.0,0.9913286205073996,1,,2652
454509,processed\features\454509_features.csv,946,15,946,0.9752246300211417,0,1.0,1.0,0.9752246300211417,1.0,0.9913286205073996,1,,2653
4814,processed\features\4814_features.csv,946,15,946,0.9752246300211417,0,1.0,1.0,0.9752246300211417,1.0,0.9913286205073996,1,,2654
486911,processed\features\486911_features.csv,946,15,946,0.9752246300211417,0,1.0,1.0,0.9752246300211417,1.0,0.9913286205073996,1,,2655
508213,processed\features\508213_features.csv,946,15,946,0.9752246300211417,0,1.0,1.0,0.9752246300211417,1.0,0.9913286205073996,1,,2656
510062,processed\features\510062_features.csv,946,15,946,0.9752246300211417,0,1.0,1.0,0.9752246300211417,1.0,0.9913286205073996,1,,2657
512372,processed\features\512372_features.csv,946,15,946,0.9752246300211417,0,1.0,1.0,0.9752246300211417,1.0,0.9913286205073996,1,,2658
515800,processed\features\515800_features.csv,946,15,946,0.9752246300211417,0,1.0,1.0,0.9752246300211417,1.0,0.9913286205073996,1,,2659
56162,processed\features\56162_features.csv,946,15,946,0.9752246300211417,0,1.0,1.0,0.9752246300211417,1.0,0.9913286205073996,1,,2660
61802,processed\features\61802_features.csv,946,15,946,0.9752246300211417,0,1.0,1.0,0.9752246300211417,1.0,0.9913286205073996,1,,2661
84944,processed\features\84944_features.csv,946,15,946,0.9752246300211417,0,1.0,1.0,0.9752246300211417,1.0,0.9913286205073996,1,,2662
94800,processed\features\94800_features.csv,946,15,946,0.9752246300211417,0,1.0,1.0,0.9752246300211417,1.0,0.9913286205073996,1,,2663
10300,processed\features\10300_features.csv,945,15,945,0.9751984126984127,0,1.0,1.0,0.9751984126984127,1.0,0.9913194444444444,1,,2664
112458,processed\features\112458_features.csv,945,15,945,0.9751984126984127,0,1.0,1.0,0.9751984126984127,1.0,0.9913194444444444,1,,2665
125342,processed\features\125342_features.csv,945,15,945,0.9751984126984127,0,1.0,1.0,0.9751984126984127,1.0,0.9913194444444444,1,,2666
131460,processed\features\131460_features.csv,945,15,945,0.9751984126984127,0,1.0,1.0,0.9751984126984127,1.0,0.9913194444444444,1,,2667
132890,processed\features\132890_features.csv,945,15,945,0.9751984126984127,0,1.0,1.0,0.9751984126984127,1.0,0.9913194444444444,1,,2668
154360,processed\features\154360_features.csv,945,15,945,0.9751984126984127,0,1.0,1.0,0.9751984126984127,1.0,0.9913194444444444,1,,2669
157907,processed\features\157907_features.csv,945,15,945,0.9751984126984127,0,1.0,1.0,0.9751984126984127,1.0,0.9913194444444444,1,,2670
195544,processed\features\195544_features.csv,945,15,945,0.9751984126984127,0,1.0,1.0,0.9751984126984127,1.0,0.9913194444444444,1,,2671
19831,processed\features\19831_features.csv,945,15,945,0.9751984126984127,0,1.0,1.0,0.9751984126984127,1.0,0.9913194444444444,1,,2672
226535,processed\features\226535_features.csv,945,15,945,0.9751984126984127,0,1.0,1.0,0.9751984126984127,1.0,0.9913194444444444,1,,2673
227302,processed\features\227302_features.csv,945,15,945,0.9751984126984127,0,1.0,1.0,0.9751984126984127,1.0,0.9913194444444444,1,,2674
248370,processed\features\248370_features.csv,945,15,945,0.9751984126984127,0,1.0,1.0,0.9751984126984127,1.0,0.9913194444444444,1,,2675
251695,processed\features\251695_features.csv,945,15,945,0.9751984126984127,0,1.0,1.0,0.9751984126984127,1.0,0.9913194444444444,1,,2676
255359,processed\features\255359_features.csv,945,15,945,0.9751984126984127,0,1.0,1.0,0.9751984126984127,1.0,0.9913194444444444,1,,2677
270785,processed\features\270785_features.csv,945,15,945,0.9751984126984127,0,1.0,1.0,0.9751984126984127,1.0,0.9913194444444444,1,,2678
27252,processed\features\27252_features.csv,945,15,945,0.9751984126984127,0,1.0,1.0,0.9751984126984127,1.0,0.9913194444444444,1,,2679
288602,processed\features\288602_features.csv,945,15,945,0.9751984126984127,0,1.0,1.0,0.9751984126984127,1.0,0.9913194444444444,1,,2680
305255,processed\features\305255_features.csv,945,15,945,0.9751984126984127,0,1.0,1.0,0.9751984126984127,1.0,0.9913194444444444,1,,2681
312433,processed\features\312433_features.csv,945,15,945,0.9751984126984127,0,1.0,1.0,0.9751984126984127,1.0,0.9913194444444444,1,,2682
31495,processed\features\31495_features.csv,945,15,945,0.9751984126984127,0,1.0,1.0,0.9751984126984127,1.0,0.9913194444444444,1,,2683
316011,processed\features\316011_features.csv,945,15,945,0.9751984126984127,0,1.0,1.0,0.9751984126984127,1.0,0.9913194444444444,1,,2684
320816,processed\features\320816_features.csv,945,15,945,0.9751984126984127,0,1.0,1.0,0.9751984126984127,1.0,0.9913194444444444,1,,2685
324223,processed\features\324223_features.csv,945,15,945,0.9751984126984127,0,1.0,1.0,0.9751984126984127,1.0,0.9913194444444444,1,,2686
339253,processed\features\339253_features.csv,945,15,945,0.9751984126984127,0,1.0,1.0,0.9751984126984127,1.0,0.9913194444444444,1,,2687
34028,processed\features\34028_features.csv,945,15,945,0.9751984126984127,0,1.0,1.0,0.9751984126984127,1.0,0.9913194444444444,1,,2688
342885,processed\features\342885_features.csv,945,15,945,0.9751984126984127,0,1.0,1.0,0.9751984126984127,1.0,0.9913194444444444,1,,2689
356025,processed\features\356025_features.csv,945,15,945,0.9751984126984127,0,1.0,1.0,0.9751984126984127,1.0,0.9913194444444444,1,,2690
360,processed\features\360_features.csv,945,15,945,0.9751984126984127,0,1.0,1.0,0.9751984126984127,1.0,0.9913194444444444,1,,2691
394327,processed\features\394327_features.csv,945,15,945,0.9751984126984127,0,1.0,1.0,0.9751984126984127,1.0,0.9913194444444444,1,,2692
39958,processed\features\39958_features.csv,945,15,945,0.9751984126984127,0,1.0,1.0,0.9751984126984127,1.0,0.9913194444444444,1,,2693
404647,processed\features\404647_features.csv,945,15,945,0.9751984126984127,0,1.0,1.0,0.9751984126984127,1.0,0.9913194444444444,1,,2694
429856,processed\features\429856_features.csv,945,15,945,0.9751984126984127,0,1.0,1.0,0.9751984126984127,1.0,0.9913194444444444,1,,2695
440702,processed\features\440702_features.csv,945,15,945,0.9751984126984127,0,1.0,1.0,0.9751984126984127,1.0,0.9913194444444444,1,,2696
44432,processed\features\44432_features.csv,945,15,945,0.9751984126984127,0,1.0,1.0,0.9751984126984127,1.0,0.9913194444444444,1,,2697
457387,processed\features\457387_features.csv,945,15,945,0.9751984126984127,0,1.0,1.0,0.9751984126984127,1.0,0.9913194444444444,1,,2698
463378,processed\features\463378_features.csv,945,15,945,0.9751984126984127,0,1.0,1.0,0.9751984126984127,1.0,0.9913194444444444,1,,2699
475022,processed\features\475022_features.csv,945,15,945,0.9751984126984127,0,1.0,1.0,0.9751984126984127,1.0,0.9913194444444444,1,,2700
482051,processed\features\482051_features.csv,945,15,945,0.9751984126984127,0,1.0,1.0,0.9751984126984127,1.0,0.9913194444444444,1,,2701
49283,processed\features\49283_features.csv,945,15,945,0.9751984126984127,0,1.0,1.0,0.9751984126984127,1.0,0.9913194444444444,1,,2702
493930,processed\features\493930_features.csv,945,15,945,0.9751984126984127,0,1.0,1.0,0.9751984126984127,1.0,0.9913194444444444,1,,2703
511685,processed\features\511685_features.csv,945,15,945,0.9751984126984127,0,1.0,1.0,0.9751984126984127,1.0,0.9913194444444444,1,,2704
52237,processed\features\52237_features.csv,945,15,945,0.9751984126984127,0,1.0,1.0,0.9751984126984127,1.0,0.9913194444444444,1,,2705
58396,processed\features\58396_features.csv,945,15,945,0.9751984126984127,0,1.0,1.0,0.9751984126984127,1.0,0.9913194444444444,1,,2706
60029,processed\features\60029_features.csv,945,15,945,0.9751984126984127,0,1.0,1.0,0.9751984126984127,1.0,0.9913194444444444,1,,2707
87886,processed\features\87886_features.csv,945,15,945,0.9751984126984127,0,1.0,1.0,0.9751984126984127,1.0,0.9913194444444444,1,,2708
98827,processed\features\98827_features.csv,945,15,945,0.9751984126984127,0,1.0,1.0,0.9751984126984127,1.0,0.9913194444444444,1,,2709
117663,processed\features\117663_features.csv,944,15,944,0.9751721398305084,0,1.0,1.0,0.9751721398305084,1.0,0.9913102489406779,1,,2710
127813,processed\features\127813_features.csv,944,15,944,0.9751721398305084,0,1.0,1.0,0.9751721398305084,1.0,0.9913102489406779,1,,2711
155814,processed\features\155814_features.csv,944,15,944,0.9751721398305084,0,1.0,1.0,0.9751721398305084,1.0,0.9913102489406779,1,,2712
162802,processed\features\162802_features.csv,944,15,944,0.9751721398305084,0,1.0,1.0,0.9751721398305084,1.0,0.9913102489406779,1,,2713
166294,processed\features\166294_features.csv,944,15,944,0.9751721398305084,0,1.0,1.0,0.9751721398305084,1.0,0.9913102489406779,1,,2714
174586,processed\features\174586_features.csv,944,15,944,0.9751721398305084,0,1.0,1.0,0.9751721398305084,1.0,0.9913102489406779,1,,2715
178918,processed\features\178918_features.csv,944,15,944,0.9751721398305084,0,1.0,1.0,0.9751721398305084,1.0,0.9913102489406779,1,,2716
200769,processed\features\200769_features.csv,944,15,944,0.9751721398305084,0,1.0,1.0,0.9751721398305084,1.0,0.9913102489406779,1,,2717
207139,processed\features\207139_features.csv,944,15,944,0.9751721398305084,0,1.0,1.0,0.9751721398305084,1.0,0.9913102489406779,1,,2718
22107,processed\features\22107_features.csv,944,15,944,0.9751721398305084,0,1.0,1.0,0.9751721398305084,1.0,0.9913102489406779,1,,2719
227186,processed\features\227186_features.csv,944,15,944,0.9751721398305084,0,1.0,1.0,0.9751721398305084,1.0,0.9913102489406779,1,,2720
238588,processed\features\238588_features.csv,944,15,944,0.9751721398305084,0,1.0,1.0,0.9751721398305084,1.0,0.9913102489406779,1,,2721
242568,processed\features\242568_features.csv,944,15,944,0.9751721398305084,0,1.0,1.0,0.9751721398305084,1.0,0.9913102489406779,1,,2722
258527,processed\features\258527_features.csv,944,15,944,0.9751721398305084,0,1.0,1.0,0.9751721398305084,1.0,0.9913102489406779,1,,2723
259515,processed\features\259515_features.csv,944,15,944,0.9751721398305084,0,1.0,1.0,0.9751721398305084,1.0,0.9913102489406779,1,,2724
26211,processed\features\26211_features.csv,944,15,944,0.9751721398305084,0,1.0,1.0,0.9751721398305084,1.0,0.9913102489406779,1,,2725
263566,processed\features\263566_features.csv,944,15,944,0.9751721398305084,0,1.0,1.0,0.9751721398305084,1.0,0.9913102489406779,1,,2726
271951,processed\features\271951_features.csv,944,15,944,0.9751721398305084,0,1.0,1.0,0.9751721398305084,1.0,0.9913102489406779,1,,2727
296244,processed\features\296244_features.csv,944,15,944,0.9751721398305084,0,1.0,1.0,0.9751721398305084,1.0,0.9913102489406779,1,,2728
327806,processed\features\327806_features.csv,944,15,944,0.9751721398305084,0,1.0,1.0,0.9751721398305084,1.0,0.9913102489406779,1,,2729
352329,processed\features\352329_features.csv,944,15,944,0.9751721398305084,0,1.0,1.0,0.9751721398305084,1.0,0.9913102489406779,1,,2730
354538,processed\features\354538_features.csv,944,15,944,0.9751721398305084,0,1.0,1.0,0.9751721398305084,1.0,0.9913102489406779,1,,2731
366613,processed\features\366613_features.csv,944,15,944,0.9751721398305084,0,1.0,1.0,0.9751721398305084,1.0,0.9913102489406779,1,,2732
370645,processed\features\370645_features.csv,944,15,944,0.9751721398305084,0,1.0,1.0,0.9751721398305084,1.0,0.9913102489406779,1,,2733
373087,processed\features\373087_features.csv,944,15,944,0.9751721398305084,0,1.0,1.0,0.9751721398305084,1.0,0.9913102489406779,1,,2734
375621,processed\features\375621_features.csv,944,15,944,0.9751721398305084,0,1.0,1.0,0.9751721398305084,1.0,0.9913102489406779,1,,2735
384803,processed\features\384803_features.csv,944,15,944,0.9751721398305084,0,1.0,1.0,0.9751721398305084,1.0,0.9913102489406779,1,,2736
385917,processed\features\385917_features.csv,944,15,944,0.9751721398305084,0,1.0,1.0,0.9751721398305084,1.0,0.9913102489406779,1,,2737
386007,processed\features\386007_features.csv,944,15,944,0.9751721398305084,0,1.0,1.0,0.9751721398305084,1.0,0.9913102489406779,1,,2738
412082,processed\features\412082_features.csv,944,15,944,0.9751721398305084,0,1.0,1.0,0.9751721398305084,1.0,0.9913102489406779,1,,2739
414541,processed\features\414541_features.csv,944,15,944,0.9751721398305084,0,1.0,1.0,0.9751721398305084,1.0,0.9913102489406779,1,,2740
415830,processed\features\415830_features.csv,944,15,944,0.9751721398305084,0,1.0,1.0,0.9751721398305084,1.0,0.9913102489406779,1,,2741
422663,processed\features\422663_features.csv,944,15,944,0.9751721398305084,0,1.0,1.0,0.9751721398305084,1.0,0.9913102489406779,1,,2742
43369,processed\features\43369_features.csv,944,15,944,0.9751721398305084,0,1.0,1.0,0.9751721398305084,1.0,0.9913102489406779,1,,2743
446961,processed\features\446961_features.csv,944,15,944,0.9751721398305084,0,1.0,1.0,0.9751721398305084,1.0,0.9913102489406779,1,,2744
458409,processed\features\458409_features.csv,944,15,944,0.9751721398305084,0,1.0,1.0,0.9751721398305084,1.0,0.9913102489406779,1,,2745
466949,processed\features\466949_features.csv,944,15,944,0.9751721398305084,0,1.0,1.0,0.9751721398305084,1.0,0.9913102489406779,1,,2746
502942,processed\features\502942_features.csv,944,15,944,0.9751721398305084,0,1.0,1.0,0.9751721398305084,1.0,0.9913102489406779,1,,2747
50868,processed\features\50868_features.csv,944,15,944,0.9751721398305084,0,1.0,1.0,0.9751721398305084,1.0,0.9913102489406779,1,,2748
509167,processed\features\509167_features.csv,944,15,944,0.9751721398305084,0,1.0,1.0,0.9751721398305084,1.0,0.9913102489406779,1,,2749
516189,processed\features\516189_features.csv,944,15,944,0.9751721398305084,0,1.0,1.0,0.9751721398305084,1.0,0.9913102489406779,1,,2750
59451,processed\features\59451_features.csv,944,15,944,0.9751721398305084,0,1.0,1.0,0.9751721398305084,1.0,0.9913102489406779,1,,2751
81445,processed\features\81445_features.csv,944,15,944,0.9751721398305084,0,1.0,1.0,0.9751721398305084,1.0,0.9913102489406779,1,,2752
9847,processed\features\9847_features.csv,944,15,944,0.9751721398305084,0,1.0,1.0,0.9751721398305084,1.0,0.9913102489406779,1,,2753
102338,processed\features\102338_features.csv,943,15,943,0.9751458112407211,0,1.0,1.0,0.9751458112407211,1.0,0.9913010339342524,1,,2754
119872,processed\features\119872_features.csv,943,15,943,0.9751458112407211,0,1.0,1.0,0.9751458112407211,1.0,0.9913010339342524,1,,2755
133360,processed\features\133360_features.csv,943,15,943,0.9751458112407211,0,1.0,1.0,0.9751458112407211,1.0,0.9913010339342524,1,,2756
13701,processed\features\13701_features.csv,943,15,943,0.9751458112407211,0,1.0,1.0,0.9751458112407211,1.0,0.9913010339342524,1,,2757
179770,processed\features\179770_features.csv,943,15,943,0.9751458112407211,0,1.0,1.0,0.9751458112407211,1.0,0.9913010339342524,1,,2758
188649,processed\features\188649_features.csv,943,15,943,0.9751458112407211,0,1.0,1.0,0.9751458112407211,1.0,0.9913010339342524,1,,2759
215260,processed\features\215260_features.csv,943,15,943,0.9751458112407211,0,1.0,1.0,0.9751458112407211,1.0,0.9913010339342524,1,,2760
220816,processed\features\220816_features.csv,943,15,943,0.9751458112407211,0,1.0,1.0,0.9751458112407211,1.0,0.9913010339342524,1,,2761
223786,processed\features\223786_features.csv,943,15,943,0.9751458112407211,0,1.0,1.0,0.9751458112407211,1.0,0.9913010339342524,1,,2762
238469,processed\features\238469_features.csv,943,15,943,0.9751458112407211,0,1.0,1.0,0.9751458112407211,1.0,0.9913010339342524,1,,2763
274919,processed\features\274919_features.csv,943,15,943,0.9751458112407211,0,1.0,1.0,0.9751458112407211,1.0,0.9913010339342524,1,,2764
277520,processed\features\277520_features.csv,943,15,943,0.9751458112407211,0,1.0,1.0,0.9751458112407211,1.0,0.9913010339342524,1,,2765
284517,processed\features\284517_features.csv,943,15,943,0.9751458112407211,0,1.0,1.0,0.9751458112407211,1.0,0.9913010339342524,1,,2766
290013,processed\features\290013_features.csv,943,15,943,0.9751458112407211,0,1.0,1.0,0.9751458112407211,1.0,0.9913010339342524,1,,2767
297151,processed\features\297151_features.csv,943,15,943,0.9751458112407211,0,1.0,1.0,0.9751458112407211,1.0,0.9913010339342524,1,,2768
300293,processed\features\300293_features.csv,943,15,943,0.9751458112407211,0,1.0,1.0,0.9751458112407211,1.0,0.9913010339342524,1,,2769
301528,processed\features\301528_features.csv,943,15,943,0.9751458112407211,0,1.0,1.0,0.9751458112407211,1.0,0.9913010339342524,1,,2770
313006,processed\features\313006_features.csv,943,15,943,0.9751458112407211,0,1.0,1.0,0.9751458112407211,1.0,0.9913010339342524,1,,2771
316607,processed\features\316607_features.csv,943,15,943,0.9751458112407211,0,1.0,1.0,0.9751458112407211,1.0,0.9913010339342524,1,,2772
329668,processed\features\329668_features.csv,943,15,943,0.9751458112407211,0,1.0,1.0,0.9751458112407211,1.0,0.9913010339342524,1,,2773
334351,processed\features\334351_features.csv,943,15,943,0.9751458112407211,0,1.0,1.0,0.9751458112407211,1.0,0.9913010339342524,1,,2774
375100,processed\features\375100_features.csv,943,15,943,0.9751458112407211,0,1.0,1.0,0.9751458112407211,1.0,0.9913010339342524,1,,2775
405632,processed\features\405632_features.csv,943,15,943,0.9751458112407211,0,1.0,1.0,0.9751458112407211,1.0,0.9913010339342524,1,,2776
412480,processed\features\412480_features.csv,943,15,943,0.9751458112407211,0,1.0,1.0,0.9751458112407211,1.0,0.9913010339342524,1,,2777
41525,processed\features\41525_features.csv,943,15,943,0.9751458112407211,0,1.0,1.0,0.9751458112407211,1.0,0.9913010339342524,1,,2778
422903,processed\features\422903_features.csv,943,15,943,0.9751458112407211,0,1.0,1.0,0.9751458112407211,1.0,0.9913010339342524,1,,2779
426550,processed\features\426550_features.csv,943,15,943,0.9751458112407211,0,1.0,1.0,0.9751458112407211,1.0,0.9913010339342524,1,,2780
462490,processed\features\462490_features.csv,943,15,943,0.9751458112407211,0,1.0,1.0,0.9751458112407211,1.0,0.9913010339342524,1,,2781
466226,processed\features\466226_features.csv,943,15,943,0.9751458112407211,0,1.0,1.0,0.9751458112407211,1.0,0.9913010339342524,1,,2782
473382,processed\features\473382_features.csv,943,15,943,0.9751458112407211,0,1.0,1.0,0.9751458112407211,1.0,0.9913010339342524,1,,2783
483471,processed\features\483471_features.csv,943,15,943,0.9751458112407211,0,1.0,1.0,0.9751458112407211,1.0,0.9913010339342524,1,,2784
483958,processed\features\483958_features.csv,943,15,943,0.9751458112407211,0,1.0,1.0,0.9751458112407211,1.0,0.9913010339342524,1,,2785
484361,processed\features\484361_features.csv,943,15,943,0.9751458112407211,0,1.0,1.0,0.9751458112407211,1.0,0.9913010339342524,1,,2786
4897,processed\features\4897_features.csv,943,15,943,0.9751458112407211,0,1.0,1.0,0.9751458112407211,1.0,0.9913010339342524,1,,2787
494807,processed\features\494807_features.csv,943,15,943,0.9751458112407211,0,1.0,1.0,0.9751458112407211,1.0,0.9913010339342524,1,,2788
501180,processed\features\501180_features.csv,943,15,943,0.9751458112407211,0,1.0,1.0,0.9751458112407211,1.0,0.9913010339342524,1,,2789
511902,processed\features\511902_features.csv,943,15,943,0.9751458112407211,0,1.0,1.0,0.9751458112407211,1.0,0.9913010339342524,1,,2790
516014,processed\features\516014_features.csv,943,15,943,0.9751458112407211,0,1.0,1.0,0.9751458112407211,1.0,0.9913010339342524,1,,2791
8346,processed\features\8346_features.csv,943,15,943,0.9751458112407211,0,1.0,1.0,0.9751458112407211,1.0,0.9913010339342524,1,,2792
90889,processed\features\90889_features.csv,943,15,943,0.9751458112407211,0,1.0,1.0,0.9751458112407211,1.0,0.9913010339342524,1,,2793
92486,processed\features\92486_features.csv,943,15,943,0.9751458112407211,0,1.0,1.0,0.9751458112407211,1.0,0.9913010339342524,1,,2794
94450,processed\features\94450_features.csv,943,15,943,0.9751458112407211,0,1.0,1.0,0.9751458112407211,1.0,0.9913010339342524,1,,2795
10359,processed\features\10359_features.csv,942,15,942,0.9751194267515924,0,1.0,1.0,0.9751194267515924,1.0,0.9912917993630573,1,,2796
108953,processed\features\108953_features.csv,942,15,942,0.9751194267515924,0,1.0,1.0,0.9751194267515924,1.0,0.9912917993630573,1,,2797
138169,processed\features\138169_features.csv,942,15,942,0.9751194267515924,0,1.0,1.0,0.9751194267515924,1.0,0.9912917993630573,1,,2798
145799,processed\features\145799_features.csv,942,15,942,0.9751194267515924,0,1.0,1.0,0.9751194267515924,1.0,0.9912917993630573,1,,2799
15273,processed\features\15273_features.csv,942,15,942,0.9751194267515924,0,1.0,1.0,0.9751194267515924,1.0,0.9912917993630573,1,,2800
15409,processed\features\15409_features.csv,942,15,942,0.9751194267515924,0,1.0,1.0,0.9751194267515924,1.0,0.9912917993630573,1,,2801
155362,processed\features\155362_features.csv,942,15,942,0.9751194267515924,0,1.0,1.0,0.9751194267515924,1.0,0.9912917993630573,1,,2802
168716,processed\features\168716_features.csv,942,15,942,0.9751194267515924,0,1.0,1.0,0.9751194267515924,1.0,0.9912917993630573,1,,2803
176621,processed\features\176621_features.csv,942,15,942,0.9751194267515924,0,1.0,1.0,0.9751194267515924,1.0,0.9912917993630573,1,,2804
205139,processed\features\205139_features.csv,942,15,942,0.9751194267515924,0,1.0,1.0,0.9751194267515924,1.0,0.9912917993630573,1,,2805
20579,processed\features\20579_features.csv,942,15,942,0.9751194267515924,0,1.0,1.0,0.9751194267515924,1.0,0.9912917993630573,1,,2806
211437,processed\features\211437_features.csv,942,15,942,0.9751194267515924,0,1.0,1.0,0.9751194267515924,1.0,0.9912917993630573,1,,2807
216557,processed\features\216557_features.csv,942,15,942,0.9751194267515924,0,1.0,1.0,0.9751194267515924,1.0,0.9912917993630573,1,,2808
246869,processed\features\246869_features.csv,942,15,942,0.9751194267515924,0,1.0,1.0,0.9751194267515924,1.0,0.9912917993630573,1,,2809
251804,processed\features\251804_features.csv,942,15,942,0.9751194267515924,0,1.0,1.0,0.9751194267515924,1.0,0.9912917993630573,1,,2810
251968,processed\features\251968_features.csv,942,15,942,0.9751194267515924,0,1.0,1.0,0.9751194267515924,1.0,0.9912917993630573,1,,2811
258096,processed\features\258096_features.csv,942,15,942,0.9751194267515924,0,1.0,1.0,0.9751194267515924,1.0,0.9912917993630573,1,,2812
258472,processed\features\258472_features.csv,942,15,942,0.9751194267515924,0,1.0,1.0,0.9751194267515924,1.0,0.9912917993630573,1,,2813
268121,processed\features\268121_features.csv,942,15,942,0.9751194267515924,0,1.0,1.0,0.9751194267515924,1.0,0.9912917993630573,1,,2814
279137,processed\features\279137_features.csv,942,15,942,0.9751194267515924,0,1.0,1.0,0.9751194267515924,1.0,0.9912917993630573,1,,2815
283989,processed\features\283989_features.csv,942,15,942,0.9751194267515924,0,1.0,1.0,0.9751194267515924,1.0,0.9912917993630573,1,,2816
290450,processed\features\290450_features.csv,942,15,942,0.9751194267515924,0,1.0,1.0,0.9751194267515924,1.0,0.9912917993630573,1,,2817
304833,processed\features\304833_features.csv,942,15,942,0.9751194267515924,0,1.0,1.0,0.9751194267515924,1.0,0.9912917993630573,1,,2818
308287,processed\features\308287_features.csv,942,15,942,0.9751194267515924,0,1.0,1.0,0.9751194267515924,1.0,0.9912917993630573,1,,2819
309810,processed\features\309810_features.csv,942,15,942,0.9751194267515924,0,1.0,1.0,0.9751194267515924,1.0,0.9912917993630573,1,,2820
315731,processed\features\315731_features.csv,942,15,942,0.9751194267515924,0,1.0,1.0,0.9751194267515924,1.0,0.9912917993630573,1,,2821
31665,processed\features\31665_features.csv,942,15,942,0.9751194267515924,0,1.0,1.0,0.9751194267515924,1.0,0.9912917993630573,1,,2822
360575,processed\features\360575_features.csv,942,15,942,0.9751194267515924,0,1.0,1.0,0.9751194267515924,1.0,0.9912917993630573,1,,2823
361964,processed\features\361964_features.csv,942,15,942,0.9751194267515924,0,1.0,1.0,0.9751194267515924,1.0,0.9912917993630573,1,,2824
366315,processed\features\366315_features.csv,942,15,942,0.9751194267515924,0,1.0,1.0,0.9751194267515924,1.0,0.9912917993630573,1,,2825
374713,processed\features\374713_features.csv,942,15,942,0.9751194267515924,0,1.0,1.0,0.9751194267515924,1.0,0.9912917993630573,1,,2826
385288,processed\features\385288_features.csv,942,15,942,0.9751194267515924,0,1.0,1.0,0.9751194267515924,1.0,0.9912917993630573,1,,2827
38781,processed\features\38781_features.csv,942,15,942,0.9751194267515924,0,1.0,1.0,0.9751194267515924,1.0,0.9912917993630573,1,,2828
395538,processed\features\395538_features.csv,942,15,942,0.9751194267515924,0,1.0,1.0,0.9751194267515924,1.0,0.9912917993630573,1,,2829
410729,processed\features\410729_features.csv,942,15,942,0.9751194267515924,0,1.0,1.0,0.9751194267515924,1.0,0.9912917993630573,1,,2830
415760,processed\features\415760_features.csv,942,15,942,0.9751194267515924,0,1.0,1.0,0.9751194267515924,1.0,0.9912917993630573,1,,2831
417103,processed\features\417103_features.csv,942,15,942,0.9751194267515924,0,1.0,1.0,0.9751194267515924,1.0,0.9912917993630573,1,,2832
438424,processed\features\438424_features.csv,942,15,942,0.9751194267515924,0,1.0,1.0,0.9751194267515924,1.0,0.9912917993630573,1,,2833
443665,processed\features\443665_features.csv,942,15,942,0.9751194267515924,0,1.0,1.0,0.9751194267515924,1.0,0.9912917993630573,1,,2834
446781,processed\features\446781_features.csv,942,15,942,0.9751194267515924,0,1.0,1.0,0.9751194267515924,1.0,0.9912917993630573,1,,2835
465963,processed\features\465963_features.csv,942,15,942,0.9751194267515924,0,1.0,1.0,0.9751194267515924,1.0,0.9912917993630573,1,,2836
468459,processed\features\468459_features.csv,942,15,942,0.9751194267515924,0,1.0,1.0,0.9751194267515924,1.0,0.9912917993630573,1,,2837
472617,processed\features\472617_features.csv,942,15,942,0.9751194267515924,0,1.0,1.0,0.9751194267515924,1.0,0.9912917993630573,1,,2838
474256,processed\features\474256_features.csv,942,15,942,0.9751194267515924,0,1.0,1.0,0.9751194267515924,1.0,0.9912917993630573,1,,2839
474681,processed\features\474681_features.csv,942,15,942,0.9751194267515924,0,1.0,1.0,0.9751194267515924,1.0,0.9912917993630573,1,,2840
497493,processed\features\497493_features.csv,942,15,942,0.9751194267515924,0,1.0,1.0,0.9751194267515924,1.0,0.9912917993630573,1,,2841
504010,processed\features\504010_features.csv,942,15,942,0.9751194267515924,0,1.0,1.0,0.9751194267515924,1.0,0.9912917993630573,1,,2842
50646,processed\features\50646_features.csv,942,15,942,0.9751194267515924,0,1.0,1.0,0.9751194267515924,1.0,0.9912917993630573,1,,2843
54128,processed\features\54128_features.csv,942,15,942,0.9751194267515924,0,1.0,1.0,0.9751194267515924,1.0,0.9912917993630573,1,,2844
61479,processed\features\61479_features.csv,942,15,942,0.9751194267515924,0,1.0,1.0,0.9751194267515924,1.0,0.9912917993630573,1,,2845
77281,processed\features\77281_features.csv,942,15,942,0.9751194267515924,0,1.0,1.0,0.9751194267515924,1.0,0.9912917993630573,1,,2846
83648,processed\features\83648_features.csv,942,15,942,0.9751194267515924,0,1.0,1.0,0.9751194267515924,1.0,0.9912917993630573,1,,2847
90168,processed\features\90168_features.csv,942,15,942,0.9751194267515924,0,1.0,1.0,0.9751194267515924,1.0,0.9912917993630573,1,,2848
94095,processed\features\94095_features.csv,942,15,942,0.9751194267515924,0,1.0,1.0,0.9751194267515924,1.0,0.9912917993630573,1,,2849
14346,processed\features\14346_features.csv,941,15,941,0.9750929861849097,0,1.0,1.0,0.9750929861849097,1.0,0.9912825451647184,1,,2850
1529,processed\features\1529_features.csv,941,15,941,0.9750929861849097,0,1.0,1.0,0.9750929861849097,1.0,0.9912825451647184,1,,2851
170632,processed\features\170632_features.csv,941,15,941,0.9750929861849097,0,1.0,1.0,0.9750929861849097,1.0,0.9912825451647184,1,,2852
203630,processed\features\203630_features.csv,941,15,941,0.9750929861849097,0,1.0,1.0,0.9750929861849097,1.0,0.9912825451647184,1,,2853
215078,processed\features\215078_features.csv,941,15,941,0.9750929861849097,0,1.0,1.0,0.9750929861849097,1.0,0.9912825451647184,1,,2854
253146,processed\features\253146_features.csv,941,15,941,0.9750929861849097,0,1.0,1.0,0.9750929861849097,1.0,0.9912825451647184,1,,2855
255561,processed\features\255561_features.csv,941,15,941,0.9750929861849097,0,1.0,1.0,0.9750929861849097,1.0,0.9912825451647184,1,,2856
270770,processed\features\270770_features.csv,941,15,941,0.9750929861849097,0,1.0,1.0,0.9750929861849097,1.0,0.9912825451647184,1,,2857
277776,processed\features\277776_features.csv,941,15,941,0.9750929861849097,0,1.0,1.0,0.9750929861849097,1.0,0.9912825451647184,1,,2858
287343,processed\features\287343_features.csv,941,15,941,0.9750929861849097,0,1.0,1.0,0.9750929861849097,1.0,0.9912825451647184,1,,2859
293028,processed\features\293028_features.csv,941,15,941,0.9750929861849097,0,1.0,1.0,0.9750929861849097,1.0,0.9912825451647184,1,,2860
311396,processed\features\311396_features.csv,941,15,941,0.9750929861849097,0,1.0,1.0,0.9750929861849097,1.0,0.9912825451647184,1,,2861
311476,processed\features\311476_features.csv,941,15,941,0.9750929861849097,0,1.0,1.0,0.9750929861849097,1.0,0.9912825451647184,1,,2862
314853,processed\features\314853_features.csv,941,15,941,0.9750929861849097,0,1.0,1.0,0.9750929861849097,1.0,0.9912825451647184,1,,2863
323069,processed\features\323069_features.csv,941,15,941,0.9750929861849097,0,1.0,1.0,0.9750929861849097,1.0,0.9912825451647184,1,,2864
330241,processed\features\330241_features.csv,941,15,941,0.9750929861849097,0,1.0,1.0,0.9750929861849097,1.0,0.9912825451647184,1,,2865
331439,processed\features\331439_features.csv,941,15,941,0.9750929861849097,0,1.0,1.0,0.9750929861849097,1.0,0.9912825451647184,1,,2866
334891,processed\features\334891_features.csv,941,15,941,0.9750929861849097,0,1.0,1.0,0.9750929861849097,1.0,0.9912825451647184,1,,2867
34093,processed\features\34093_features.csv,941,15,941,0.9750929861849097,0,1.0,1.0,0.9750929861849097,1.0,0.9912825451647184,1,,2868
341466,processed\features\341466_features.csv,941,15,941,0.9750929861849097,0,1.0,1.0,0.9750929861849097,1.0,0.9912825451647184,1,,2869
342653,processed\features\342653_features.csv,941,15,941,0.9750929861849097,0,1.0,1.0,0.9750929861849097,1.0,0.9912825451647184,1,,2870
374890,processed\features\374890_features.csv,941,15,941,0.9750929861849097,0,1.0,1.0,0.9750929861849097,1.0,0.9912825451647184,1,,2871
379523,processed\features\379523_features.csv,941,15,941,0.9750929861849097,0,1.0,1.0,0.9750929861849097,1.0,0.9912825451647184,1,,2872
414083,processed\features\414083_features.csv,941,15,941,0.9750929861849097,0,1.0,1.0,0.9750929861849097,1.0,0.9912825451647184,1,,2873
42513,processed\features\42513_features.csv,941,15,941,0.9750929861849097,0,1.0,1.0,0.9750929861849097,1.0,0.9912825451647184,1,,2874
441601,processed\features\441601_features.csv,941,15,941,0.9750929861849097,0,1.0,1.0,0.9750929861849097,1.0,0.9912825451647184,1,,2875
463741,processed\features\463741_features.csv,941,15,941,0.9750929861849097,0,1.0,1.0,0.9750929861849097,1.0,0.9912825451647184,1,,2876
465489,processed\features\465489_features.csv,941,15,941,0.9750929861849097,0,1.0,1.0,0.9750929861849097,1.0,0.9912825451647184,1,,2877
467143,processed\features\467143_features.csv,941,15,941,0.9750929861849097,0,1.0,1.0,0.9750929861849097,1.0,0.9912825451647184,1,,2878
473666,processed\features\473666_features.csv,941,15,941,0.9750929861849097,0,1.0,1.0,0.9750929861849097,1.0,0.9912825451647184,1,,2879
489408,processed\features\489408_features.csv,941,15,941,0.9750929861849097,0,1.0,1.0,0.9750929861849097,1.0,0.9912825451647184,1,,2880
49693,processed\features\49693_features.csv,941,15,941,0.9750929861849097,0,1.0,1.0,0.9750929861849097,1.0,0.9912825451647184,1,,2881
500805,processed\features\500805_features.csv,941,15,941,0.9750929861849097,0,1.0,1.0,0.9750929861849097,1.0,0.9912825451647184,1,,2882
506682,processed\features\506682_features.csv,941,15,941,0.9750929861849097,0,1.0,1.0,0.9750929861849097,1.0,0.9912825451647184,1,,2883
50811,processed\features\50811_features.csv,941,15,941,0.9750929861849097,0,1.0,1.0,0.9750929861849097,1.0,0.9912825451647184,1,,2884
56392,processed\features\56392_features.csv,941,15,941,0.9750929861849097,0,1.0,1.0,0.9750929861849097,1.0,0.9912825451647184,1,,2885
63798,processed\features\63798_features.csv,941,15,941,0.9750929861849097,0,1.0,1.0,0.9750929861849097,1.0,0.9912825451647184,1,,2886
63993,processed\features\63993_features.csv,941,15,941,0.9750929861849097,0,1.0,1.0,0.9750929861849097,1.0,0.9912825451647184,1,,2887
64598,processed\features\64598_features.csv,941,15,941,0.9750929861849097,0,1.0,1.0,0.9750929861849097,1.0,0.9912825451647184,1,,2888
6942,processed\features\6942_features.csv,941,15,941,0.9750929861849097,0,1.0,1.0,0.9750929861849097,1.0,0.9912825451647184,1,,2889
71311,processed\features\71311_features.csv,941,15,941,0.9750929861849097,0,1.0,1.0,0.9750929861849097,1.0,0.9912825451647184,1,,2890
71438,processed\features\71438_features.csv,941,15,941,0.9750929861849097,0,1.0,1.0,0.9750929861849097,1.0,0.9912825451647184,1,,2891
75463,processed\features\75463_features.csv,941,15,941,0.9750929861849097,0,1.0,1.0,0.9750929861849097,1.0,0.9912825451647184,1,,2892
89381,processed\features\89381_features.csv,941,15,941,0.9750929861849097,0,1.0,1.0,0.9750929861849097,1.0,0.9912825451647184,1,,2893
9016,processed\features\9016_features.csv,941,15,941,0.9750929861849097,0,1.0,1.0,0.9750929861849097,1.0,0.9912825451647184,1,,2894
93024,processed\features\93024_features.csv,941,15,941,0.9750929861849097,0,1.0,1.0,0.9750929861849097,1.0,0.9912825451647184,1,,2895
112801,processed\features\112801_features.csv,940,15,940,0.9750664893617021,0,1.0,1.0,0.9750664893617021,1.0,0.9912732712765958,1,,2896
114544,processed\features\114544_features.csv,940,15,940,0.9750664893617021,0,1.0,1.0,0.9750664893617021,1.0,0.9912732712765958,1,,2897
118320,processed\features\118320_features.csv,940,15,940,0.9750664893617021,0,1.0,1.0,0.9750664893617021,1.0,0.9912732712765958,1,,2898
118952,processed\features\118952_features.csv,940,15,940,0.9750664893617021,0,1.0,1.0,0.9750664893617021,1.0,0.9912732712765958,1,,2899
141924,processed\features\141924_features.csv,940,15,940,0.9750664893617021,0,1.0,1.0,0.9750664893617021,1.0,0.9912732712765958,1,,2900
156364,processed\features\156364_features.csv,940,15,940,0.9750664893617021,0,1.0,1.0,0.9750664893617021,1.0,0.9912732712765958,1,,2901
162594,processed\features\162594_features.csv,940,15,940,0.9750664893617021,0,1.0,1.0,0.9750664893617021,1.0,0.9912732712765958,1,,2902
170778,processed\features\170778_features.csv,940,15,940,0.9750664893617021,0,1.0,1.0,0.9750664893617021,1.0,0.9912732712765958,1,,2903
170942,processed\features\170942_features.csv,940,15,940,0.9750664893617021,0,1.0,1.0,0.9750664893617021,1.0,0.9912732712765958,1,,2904
186245,processed\features\186245_features.csv,940,15,940,0.9750664893617021,0,1.0,1.0,0.9750664893617021,1.0,0.9912732712765958,1,,2905
190056,processed\features\190056_features.csv,940,15,940,0.9750664893617021,0,1.0,1.0,0.9750664893617021,1.0,0.9912732712765958,1,,2906
204271,processed\features\204271_features.csv,940,15,940,0.9750664893617021,0,1.0,1.0,0.9750664893617021,1.0,0.9912732712765958,1,,2907
204452,processed\features\204452_features.csv,940,15,940,0.9750664893617021,0,1.0,1.0,0.9750664893617021,1.0,0.9912732712765958,1,,2908
211417,processed\features\211417_features.csv,940,15,940,0.9750664893617021,0,1.0,1.0,0.9750664893617021,1.0,0.9912732712765958,1,,2909
212262,processed\features\212262_features.csv,940,15,940,0.9750664893617021,0,1.0,1.0,0.9750664893617021,1.0,0.9912732712765958,1,,2910
230164,processed\features\230164_features.csv,940,15,940,0.9750664893617021,0,1.0,1.0,0.9750664893617021,1.0,0.9912732712765958,1,,2911
245768,processed\features\245768_features.csv,940,15,940,0.9750664893617021,0,1.0,1.0,0.9750664893617021,1.0,0.9912732712765958,1,,2912
267634,processed\features\267634_features.csv,940,15,940,0.9750664893617021,0,1.0,1.0,0.9750664893617021,1.0,0.9912732712765958,1,,2913
285680,processed\features\285680_features.csv,940,15,940,0.9750664893617021,0,1.0,1.0,0.9750664893617021,1.0,0.9912732712765958,1,,2914
290832,processed\features\290832_features.csv,940,15,940,0.9750664893617021,0,1.0,1.0,0.9750664893617021,1.0,0.9912732712765958,1,,2915
301845,processed\features\301845_features.csv,940,15,940,0.9750664893617021,0,1.0,1.0,0.9750664893617021,1.0,0.9912732712765958,1,,2916
31954,processed\features\31954_features.csv,940,15,940,0.9750664893617021,0,1.0,1.0,0.9750664893617021,1.0,0.9912732712765958,1,,2917
3223,processed\features\3223_features.csv,940,15,940,0.9750664893617021,0,1.0,1.0,0.9750664893617021,1.0,0.9912732712765958,1,,2918
34803,processed\features\34803_features.csv,940,15,940,0.9750664893617021,0,1.0,1.0,0.9750664893617021,1.0,0.9912732712765958,1,,2919
350866,processed\features\350866_features.csv,940,15,940,0.9750664893617021,0,1.0,1.0,0.9750664893617021,1.0,0.9912732712765958,1,,2920
372769,processed\features\372769_features.csv,940,15,940,0.9750664893617021,0,1.0,1.0,0.9750664893617021,1.0,0.9912732712765958,1,,2921
375042,processed\features\375042_features.csv,940,15,940,0.9750664893617021,0,1.0,1.0,0.9750664893617021,1.0,0.9912732712765958,1,,2922
379631,processed\features\379631_features.csv,940,15,940,0.9750664893617021,0,1.0,1.0,0.9750664893617021,1.0,0.9912732712765958,1,,2923
381320,processed\features\381320_features.csv,940,15,940,0.9750664893617021,0,1.0,1.0,0.9750664893617021,1.0,0.9912732712765958,1,,2924
388588,processed\features\388588_features.csv,940,15,940,0.9750664893617021,0,1.0,1.0,0.9750664893617021,1.0,0.9912732712765958,1,,2925
40126,processed\features\40126_features.csv,940,15,940,0.9750664893617021,0,1.0,1.0,0.9750664893617021,1.0,0.9912732712765958,1,,2926
403020,processed\features\403020_features.csv,940,15,940,0.9750664893617021,0,1.0,1.0,0.9750664893617021,1.0,0.9912732712765958,1,,2927
406070,processed\features\406070_features.csv,940,15,940,0.9750664893617021,0,1.0,1.0,0.9750664893617021,1.0,0.9912732712765958,1,,2928
421877,processed\features\421877_features.csv,940,15,940,0.9750664893617021,0,1.0,1.0,0.9750664893617021,1.0,0.9912732712765958,1,,2929
444248,processed\features\444248_features.csv,940,15,940,0.9750664893617021,0,1.0,1.0,0.9750664893617021,1.0,0.9912732712765958,1,,2930
449266,processed\features\449266_features.csv,940,15,940,0.9750664893617021,0,1.0,1.0,0.9750664893617021,1.0,0.9912732712765958,1,,2931
449426,processed\features\449426_features.csv,940,15,940,0.9750664893617021,0,1.0,1.0,0.9750664893617021,1.0,0.9912732712765958,1,,2932
460522,processed\features\460522_features.csv,940,15,940,0.9750664893617021,0,1.0,1.0,0.9750664893617021,1.0,0.9912732712765958,1,,2933
464528,processed\features\464528_features.csv,940,15,940,0.9750664893617021,0,1.0,1.0,0.9750664893617021,1.0,0.9912732712765958,1,,2934
480586,processed\features\480586_features.csv,940,15,940,0.9750664893617021,0,1.0,1.0,0.9750664893617021,1.0,0.9912732712765958,1,,2935
498387,processed\features\498387_features.csv,940,15,940,0.9750664893617021,0,1.0,1.0,0.9750664893617021,1.0,0.9912732712765958,1,,2936
498687,processed\features\498687_features.csv,940,15,940,0.9750664893617021,0,1.0,1.0,0.9750664893617021,1.0,0.9912732712765958,1,,2937
504476,processed\features\504476_features.csv,940,15,940,0.9750664893617021,0,1.0,1.0,0.9750664893617021,1.0,0.9912732712765958,1,,2938
505484,processed\features\505484_features.csv,940,15,940,0.9750664893617021,0,1.0,1.0,0.9750664893617021,1.0,0.9912732712765958,1,,2939
505687,processed\features\505687_features.csv,940,15,940,0.9750664893617021,0,1.0,1.0,0.9750664893617021,1.0,0.9912732712765958,1,,2940
510252,processed\features\510252_features.csv,940,15,940,0.9750664893617021,0,1.0,1.0,0.9750664893617021,1.0,0.9912732712765958,1,,2941
85236,processed\features\85236_features.csv,940,15,940,0.9750664893617021,0,1.0,1.0,0.9750664893617021,1.0,0.9912732712765958,1,,2942
91586,processed\features\91586_features.csv,940,15,940,0.9750664893617021,0,1.0,1.0,0.9750664893617021,1.0,0.9912732712765958,1,,2943
101602,processed\features\101602_features.csv,939,15,939,0.9750399361022364,0,1.0,1.0,0.9750399361022364,1.0,0.9912639776357827,1,,2944
105471,processed\features\105471_features.csv,939,15,939,0.9750399361022364,0,1.0,1.0,0.9750399361022364,1.0,0.9912639776357827,1,,2945
105895,processed\features\105895_features.csv,939,15,939,0.9750399361022364,0,1.0,1.0,0.9750399361022364,1.0,0.9912639776357827,1,,2946
107100,processed\features\107100_features.csv,939,15,939,0.9750399361022364,0,1.0,1.0,0.9750399361022364,1.0,0.9912639776357827,1,,2947
11685,processed\features\11685_features.csv,939,15,939,0.9750399361022364,0,1.0,1.0,0.9750399361022364,1.0,0.9912639776357827,1,,2948
123807,processed\features\123807_features.csv,939,15,939,0.9750399361022364,0,1.0,1.0,0.9750399361022364,1.0,0.9912639776357827,1,,2949
154276,processed\features\154276_features.csv,939,15,939,0.9750399361022364,0,1.0,1.0,0.9750399361022364,1.0,0.9912639776357827,1,,2950
156119,processed\features\156119_features.csv,939,15,939,0.9750399361022364,0,1.0,1.0,0.9750399361022364,1.0,0.9912639776357827,1,,2951
156391,processed\features\156391_features.csv,939,15,939,0.9750399361022364,0,1.0,1.0,0.9750399361022364,1.0,0.9912639776357827,1,,2952
172265,processed\features\172265_features.csv,939,15,939,0.9750399361022364,0,1.0,1.0,0.9750399361022364,1.0,0.9912639776357827,1,,2953
200284,processed\features\200284_features.csv,939,15,939,0.9750399361022364,0,1.0,1.0,0.9750399361022364,1.0,0.9912639776357827,1,,2954
201600,processed\features\201600_features.csv,939,15,939,0.9750399361022364,0,1.0,1.0,0.9750399361022364,1.0,0.9912639776357827,1,,2955
217184,processed\features\217184_features.csv,939,15,939,0.9750399361022364,0,1.0,1.0,0.9750399361022364,1.0,0.9912639776357827,1,,2956
230520,processed\features\230520_features.csv,939,15,939,0.9750399361022364,0,1.0,1.0,0.9750399361022364,1.0,0.9912639776357827,1,,2957
245885,processed\features\245885_features.csv,939,15,939,0.9750399361022364,0,1.0,1.0,0.9750399361022364,1.0,0.9912639776357827,1,,2958
248793,processed\features\248793_features.csv,939,15,939,0.9750399361022364,0,1.0,1.0,0.9750399361022364,1.0,0.9912639776357827,1,,2959
251851,processed\features\251851_features.csv,939,15,939,0.9750399361022364,0,1.0,1.0,0.9750399361022364,1.0,0.9912639776357827,1,,2960
254138,processed\features\254138_features.csv,939,15,939,0.9750399361022364,0,1.0,1.0,0.9750399361022364,1.0,0.9912639776357827,1,,2961
265033,processed\features\265033_features.csv,939,15,939,0.9750399361022364,0,1.0,1.0,0.9750399361022364,1.0,0.9912639776357827,1,,2962
279284,processed\features\279284_features.csv,939,15,939,0.9750399361022364,0,1.0,1.0,0.9750399361022364,1.0,0.9912639776357827,1,,2963
284429,processed\features\284429_features.csv,939,15,939,0.9750399361022364,0,1.0,1.0,0.9750399361022364,1.0,0.9912639776357827,1,,2964
288113,processed\features\288113_features.csv,939,15,939,0.9750399361022364,0,1.0,1.0,0.9750399361022364,1.0,0.9912639776357827,1,,2965
293881,processed\features\293881_features.csv,939,15,939,0.9750399361022364,0,1.0,1.0,0.9750399361022364,1.0,0.9912639776357827,1,,2966
30027,processed\features\30027_features.csv,939,15,939,0.9750399361022364,0,1.0,1.0,0.9750399361022364,1.0,0.9912639776357827,1,,2967
309560,processed\features\309560_features.csv,939,15,939,0.9750399361022364,0,1.0,1.0,0.9750399361022364,1.0,0.9912639776357827,1,,2968
31184,processed\features\31184_features.csv,939,15,939,0.9750399361022364,0,1.0,1.0,0.9750399361022364,1.0,0.9912639776357827,1,,2969
330427,processed\features\330427_features.csv,939,15,939,0.9750399361022364,0,1.0,1.0,0.9750399361022364,1.0,0.9912639776357827,1,,2970
334878,processed\features\334878_features.csv,939,15,939,0.9750399361022364,0,1.0,1.0,0.9750399361022364,1.0,0.9912639776357827,1,,2971
341473,processed\features\341473_features.csv,939,15,939,0.9750399361022364,0,1.0,1.0,0.9750399361022364,1.0,0.9912639776357827,1,,2972
343554,processed\features\343554_features.csv,939,15,939,0.9750399361022364,0,1.0,1.0,0.9750399361022364,1.0,0.9912639776357827,1,,2973
345366,processed\features\345366_features.csv,939,15,939,0.9750399361022364,0,1.0,1.0,0.9750399361022364,1.0,0.9912639776357827,1,,2974
348772,processed\features\348772_features.csv,939,15,939,0.9750399361022364,0,1.0,1.0,0.9750399361022364,1.0,0.9912639776357827,1,,2975
360390,processed\features\360390_features.csv,939,15,939,0.9750399361022364,0,1.0,1.0,0.9750399361022364,1.0,0.9912639776357827,1,,2976
36147,processed\features\36147_features.csv,939,15,939,0.9750399361022364,0,1.0,1.0,0.9750399361022364,1.0,0.9912639776357827,1,,2977
361825,processed\features\361825_features.csv,939,15,939,0.9750399361022364,0,1.0,1.0,0.9750399361022364,1.0,0.9912639776357827,1,,2978
362155,processed\features\362155_features.csv,939,15,939,0.9750399361022364,0,1.0,1.0,0.9750399361022364,1.0,0.9912639776357827,1,,2979
363240,processed\features\363240_features.csv,939,15,939,0.9750399361022364,0,1.0,1.0,0.9750399361022364,1.0,0.9912639776357827,1,,2980
390451,processed\features\390451_features.csv,939,15,939,0.9750399361022364,0,1.0,1.0,0.9750399361022364,1.0,0.9912639776357827,1,,2981
397272,processed\features\397272_features.csv,939,15,939,0.9750399361022364,0,1.0,1.0,0.9750399361022364,1.0,0.9912639776357827,1,,2982
408089,processed\features\408089_features.csv,939,15,939,0.9750399361022364,0,1.0,1.0,0.9750399361022364,1.0,0.9912639776357827,1,,2983
410252,processed\features\410252_features.csv,939,15,939,0.9750399361022364,0,1.0,1.0,0.9750399361022364,1.0,0.9912639776357827,1,,2984
416109,processed\features\416109_features.csv,939,15,939,0.9750399361022364,0,1.0,1.0,0.9750399361022364,1.0,0.9912639776357827,1,,2985
433500,processed\features\433500_features.csv,939,15,939,0.9750399361022364,0,1.0,1.0,0.9750399361022364,1.0,0.9912639776357827,1,,2986
448354,processed\features\448354_features.csv,939,15,939,0.9750399361022364,0,1.0,1.0,0.9750399361022364,1.0,0.9912639776357827,1,,2987
474248,processed\features\474248_features.csv,939,15,939,0.9750399361022364,0,1.0,1.0,0.9750399361022364,1.0,0.9912639776357827,1,,2988
474840,processed\features\474840_features.csv,939,15,939,0.9750399361022364,0,1.0,1.0,0.9750399361022364,1.0,0.9912639776357827,1,,2989
47974,processed\features\47974_features.csv,939,15,939,0.9750399361022364,0,1.0,1.0,0.9750399361022364,1.0,0.9912639776357827,1,,2990
481448,processed\features\481448_features.csv,939,15,939,0.9750399361022364,0,1.0,1.0,0.9750399361022364,1.0,0.9912639776357827,1,,2991
485966,processed\features\485966_features.csv,939,15,939,0.9750399361022364,0,1.0,1.0,0.9750399361022364,1.0,0.9912639776357827,1,,2992
494652,processed\features\494652_features.csv,939,15,939,0.9750399361022364,0,1.0,1.0,0.9750399361022364,1.0,0.9912639776357827,1,,2993
55988,processed\features\55988_features.csv,939,15,939,0.9750399361022364,0,1.0,1.0,0.9750399361022364,1.0,0.9912639776357827,1,,2994
70946,processed\features\70946_features.csv,939,15,939,0.9750399361022364,0,1.0,1.0,0.9750399361022364,1.0,0.9912639776357827,1,,2995
93443,processed\features\93443_features.csv,939,15,939,0.9750399361022364,0,1.0,1.0,0.9750399361022364,1.0,0.9912639776357827,1,,2996
1010,processed\features\1010_features.csv,938,15,938,0.9750133262260128,0,1.0,1.0,0.9750133262260128,1.0,0.9912546641791045,1,,2997
10784,processed\features\10784_features.csv,938,15,938,0.9750133262260128,0,1.0,1.0,0.9750133262260128,1.0,0.9912546641791045,1,,2998
126046,processed\features\126046_features.csv,938,15,938,0.9750133262260128,0,1.0,1.0,0.9750133262260128,1.0,0.9912546641791045,1,,2999
128562,processed\features\128562_features.csv,938,15,938,0.9750133262260128,0,1.0,1.0,0.9750133262260128,1.0,0.9912546641791045,1,,3000
13137,processed\features\13137_features.csv,938,15,938,0.9750133262260128,0,1.0,1.0,0.9750133262260128,1.0,0.9912546641791045,1,,3001
169424,processed\features\169424_features.csv,938,15,938,0.9750133262260128,0,1.0,1.0,0.9750133262260128,1.0,0.9912546641791045,1,,3002
184148,processed\features\184148_features.csv,938,15,938,0.9750133262260128,0,1.0,1.0,0.9750133262260128,1.0,0.9912546641791045,1,,3003
188301,processed\features\188301_features.csv,938,15,938,0.9750133262260128,0,1.0,1.0,0.9750133262260128,1.0,0.9912546641791045,1,,3004
19317,processed\features\19317_features.csv,938,15,938,0.9750133262260128,0,1.0,1.0,0.9750133262260128,1.0,0.9912546641791045,1,,3005
198220,processed\features\198220_features.csv,938,15,938,0.9750133262260128,0,1.0,1.0,0.9750133262260128,1.0,0.9912546641791045,1,,3006
213954,processed\features\213954_features.csv,938,15,938,0.9750133262260128,0,1.0,1.0,0.9750133262260128,1.0,0.9912546641791045,1,,3007
225237,processed\features\225237_features.csv,938,15,938,0.9750133262260128,0,1.0,1.0,0.9750133262260128,1.0,0.9912546641791045,1,,3008
226922,processed\features\226922_features.csv,938,15,938,0.9750133262260128,0,1.0,1.0,0.9750133262260128,1.0,0.9912546641791045,1,,3009
238770,processed\features\238770_features.csv,938,15,938,0.9750133262260128,0,1.0,1.0,0.9750133262260128,1.0,0.9912546641791045,1,,3010
247630,processed\features\247630_features.csv,938,15,938,0.9750133262260128,0,1.0,1.0,0.9750133262260128,1.0,0.9912546641791045,1,,3011
256382,processed\features\256382_features.csv,938,15,938,0.9750133262260128,0,1.0,1.0,0.9750133262260128,1.0,0.9912546641791045,1,,3012
270644,processed\features\270644_features.csv,938,15,938,0.9750133262260128,0,1.0,1.0,0.9750133262260128,1.0,0.9912546641791045,1,,3013
287277,processed\features\287277_features.csv,938,15,938,0.9750133262260128,0,1.0,1.0,0.9750133262260128,1.0,0.9912546641791045,1,,3014
289797,processed\features\289797_features.csv,938,15,938,0.9750133262260128,0,1.0,1.0,0.9750133262260128,1.0,0.9912546641791045,1,,3015
299075,processed\features\299075_features.csv,938,15,938,0.9750133262260128,0,1.0,1.0,0.9750133262260128,1.0,0.9912546641791045,1,,3016
301656,processed\features\301656_features.csv,938,15,938,0.9750133262260128,0,1.0,1.0,0.9750133262260128,1.0,0.9912546641791045,1,,3017
302758,processed\features\302758_features.csv,938,15,938,0.9750133262260128,0,1.0,1.0,0.9750133262260128,1.0,0.9912546641791045,1,,3018
303841,processed\features\303841_features.csv,938,15,938,0.9750133262260128,0,1.0,1.0,0.9750133262260128,1.0,0.9912546641791045,1,,3019
313101,processed\features\313101_features.csv,938,15,938,0.9750133262260128,0,1.0,1.0,0.9750133262260128,1.0,0.9912546641791045,1,,3020
313129,processed\features\313129_features.csv,938,15,938,0.9750133262260128,0,1.0,1.0,0.9750133262260128,1.0,0.9912546641791045,1,,3021
318209,processed\features\318209_features.csv,938,15,938,0.9750133262260128,0,1.0,1.0,0.9750133262260128,1.0,0.9912546641791045,1,,3022
364050,processed\features\364050_features.csv,938,15,938,0.9750133262260128,0,1.0,1.0,0.9750133262260128,1.0,0.9912546641791045,1,,3023
368248,processed\features\368248_features.csv,938,15,938,0.9750133262260128,0,1.0,1.0,0.9750133262260128,1.0,0.9912546641791045,1,,3024
370227,processed\features\370227_features.csv,938,15,938,0.9750133262260128,0,1.0,1.0,0.9750133262260128,1.0,0.9912546641791045,1,,3025
375504,processed\features\375504_features.csv,938,15,938,0.9750133262260128,0,1.0,1.0,0.9750133262260128,1.0,0.9912546641791045,1,,3026
375605,processed\features\375605_features.csv,938,15,938,0.9750133262260128,0,1.0,1.0,0.9750133262260128,1.0,0.9912546641791045,1,,3027
37661,processed\features\37661_features.csv,938,15,938,0.9750133262260128,0,1.0,1.0,0.9750133262260128,1.0,0.9912546641791045,1,,3028
403401,processed\features\403401_features.csv,938,15,938,0.9750133262260128,0,1.0,1.0,0.9750133262260128,1.0,0.9912546641791045,1,,3029
427100,processed\features\427100_features.csv,938,15,938,0.9750133262260128,0,1.0,1.0,0.9750133262260128,1.0,0.9912546641791045,1,,3030
42841,processed\features\42841_features.csv,938,15,938,0.9750133262260128,0,1.0,1.0,0.9750133262260128,1.0,0.9912546641791045,1,,3031
432084,processed\features\432084_features.csv,938,15,938,0.9750133262260128,0,1.0,1.0,0.9750133262260128,1.0,0.9912546641791045,1,,3032
441193,processed\features\441193_features.csv,938,15,938,0.9750133262260128,0,1.0,1.0,0.9750133262260128,1.0,0.9912546641791045,1,,3033
44732,processed\features\44732_features.csv,938,15,938,0.9750133262260128,0,1.0,1.0,0.9750133262260128,1.0,0.9912546641791045,1,,3034
450914,processed\features\450914_features.csv,938,15,938,0.9750133262260128,0,1.0,1.0,0.9750133262260128,1.0,0.9912546641791045,1,,3035
459660,processed\features\459660_features.csv,938,15,938,0.9750133262260128,0,1.0,1.0,0.9750133262260128,1.0,0.9912546641791045,1,,3036
466347,processed\features\466347_features.csv,938,15,938,0.9750133262260128,0,1.0,1.0,0.9750133262260128,1.0,0.9912546641791045,1,,3037
484764,processed\features\484764_features.csv,938,15,938,0.9750133262260128,0,1.0,1.0,0.9750133262260128,1.0,0.9912546641791045,1,,3038
487599,processed\features\487599_features.csv,938,15,938,0.9750133262260128,0,1.0,1.0,0.9750133262260128,1.0,0.9912546641791045,1,,3039
48916,processed\features\48916_features.csv,938,15,938,0.9750133262260128,0,1.0,1.0,0.9750133262260128,1.0,0.9912546641791045,1,,3040
505281,processed\features\505281_features.csv,938,15,938,0.9750133262260128,0,1.0,1.0,0.9750133262260128,1.0,0.9912546641791045,1,,3041
508286,processed\features\508286_features.csv,938,15,938,0.9750133262260128,0,1.0,1.0,0.9750133262260128,1.0,0.9912546641791045,1,,3042
5653,processed\features\5653_features.csv,938,15,938,0.9750133262260128,0,1.0,1.0,0.9750133262260128,1.0,0.9912546641791045,1,,3043
94695,processed\features\94695_features.csv,938,15,938,0.9750133262260128,0,1.0,1.0,0.9750133262260128,1.0,0.9912546641791045,1,,3044
95108,processed\features\95108_features.csv,938,15,938,0.9750133262260128,0,1.0,1.0,0.9750133262260128,1.0,0.9912546641791045,1,,3045
98203,processed\features\98203_features.csv,938,15,938,0.9750133262260128,0,1.0,1.0,0.9750133262260128,1.0,0.9912546641791045,1,,3046
132726,processed\features\132726_features.csv,937,15,937,0.9749866595517609,0,1.0,1.0,0.9749866595517609,1.0,0.9912453308431163,1,,3047
154081,processed\features\154081_features.csv,937,15,937,0.9749866595517609,0,1.0,1.0,0.9749866595517609,1.0,0.9912453308431163,1,,3048
1694,processed\features\1694_features.csv,937,15,937,0.9749866595517609,0,1.0,1.0,0.9749866595517609,1.0,0.9912453308431163,1,,3049
180587,processed\features\180587_features.csv,937,15,937,0.9749866595517609,0,1.0,1.0,0.9749866595517609,1.0,0.9912453308431163,1,,3050
185943,processed\features\185943_features.csv,937,15,937,0.9749866595517609,0,1.0,1.0,0.9749866595517609,1.0,0.9912453308431163,1,,3051
186171,processed\features\186171_features.csv,937,15,937,0.9749866595517609,0,1.0,1.0,0.9749866595517609,1.0,0.9912453308431163,1,,3052
188509,processed\features\188509_features.csv,937,15,937,0.9749866595517609,0,1.0,1.0,0.9749866595517609,1.0,0.9912453308431163,1,,3053
202012,processed\features\202012_features.csv,937,15,937,0.9749866595517609,0,1.0,1.0,0.9749866595517609,1.0,0.9912453308431163,1,,3054
207592,processed\features\207592_features.csv,937,15,937,0.9749866595517609,0,1.0,1.0,0.9749866595517609,1.0,0.9912453308431163,1,,3055
209270,processed\features\209270_features.csv,937,15,937,0.9749866595517609,0,1.0,1.0,0.9749866595517609,1.0,0.9912453308431163,1,,3056
22242,processed\features\22242_features.csv,937,15,937,0.9749866595517609,0,1.0,1.0,0.9749866595517609,1.0,0.9912453308431163,1,,3057
222937,processed\features\222937_features.csv,937,15,937,0.9749866595517609,0,1.0,1.0,0.9749866595517609,1.0,0.9912453308431163,1,,3058
223615,processed\features\223615_features.csv,937,15,937,0.9749866595517609,0,1.0,1.0,0.9749866595517609,1.0,0.9912453308431163,1,,3059
227886,processed\features\227886_features.csv,937,15,937,0.9749866595517609,0,1.0,1.0,0.9749866595517609,1.0,0.9912453308431163,1,,3060
241,processed\features\241_features.csv,937,15,937,0.9749866595517609,0,1.0,1.0,0.9749866595517609,1.0,0.9912453308431163,1,,3061
244229,processed\features\244229_features.csv,937,15,937,0.9749866595517609,0,1.0,1.0,0.9749866595517609,1.0,0.9912453308431163,1,,3062
245152,processed\features\245152_features.csv,937,15,937,0.9749866595517609,0,1.0,1.0,0.9749866595517609,1.0,0.9912453308431163,1,,3063
252364,processed\features\252364_features.csv,937,15,937,0.9749866595517609,0,1.0,1.0,0.9749866595517609,1.0,0.9912453308431163,1,,3064
253855,processed\features\253855_features.csv,937,15,937,0.9749866595517609,0,1.0,1.0,0.9749866595517609,1.0,0.9912453308431163,1,,3065
262356,processed\features\262356_features.csv,937,15,937,0.9749866595517609,0,1.0,1.0,0.9749866595517609,1.0,0.9912453308431163,1,,3066
280643,processed\features\280643_features.csv,937,15,937,0.9749866595517609,0,1.0,1.0,0.9749866595517609,1.0,0.9912453308431163,1,,3067
291796,processed\features\291796_features.csv,937,15,937,0.9749866595517609,0,1.0,1.0,0.9749866595517609,1.0,0.9912453308431163,1,,3068
299948,processed\features\299948_features.csv,937,15,937,0.9749866595517609,0,1.0,1.0,0.9749866595517609,1.0,0.9912453308431163,1,,3069
300648,processed\features\300648_features.csv,937,15,937,0.9749866595517609,0,1.0,1.0,0.9749866595517609,1.0,0.9912453308431163,1,,3070
315353,processed\features\315353_features.csv,937,15,937,0.9749866595517609,0,1.0,1.0,0.9749866595517609,1.0,0.9912453308431163,1,,3071
317716,processed\features\317716_features.csv,937,15,937,0.9749866595517609,0,1.0,1.0,0.9749866595517609,1.0,0.9912453308431163,1,,3072
318311,processed\features\318311_features.csv,937,15,937,0.9749866595517609,0,1.0,1.0,0.9749866595517609,1.0,0.9912453308431163,1,,3073
326950,processed\features\326950_features.csv,937,15,937,0.9749866595517609,0,1.0,1.0,0.9749866595517609,1.0,0.9912453308431163,1,,3074
331254,processed\features\331254_features.csv,937,15,937,0.9749866595517609,0,1.0,1.0,0.9749866595517609,1.0,0.9912453308431163,1,,3075
332112,processed\features\332112_features.csv,937,15,937,0.9749866595517609,0,1.0,1.0,0.9749866595517609,1.0,0.9912453308431163,1,,3076
332751,processed\features\332751_features.csv,937,15,937,0.9749866595517609,0,1.0,1.0,0.9749866595517609,1.0,0.9912453308431163,1,,3077
345882,processed\features\345882_features.csv,937,15,937,0.9749866595517609,0,1.0,1.0,0.9749866595517609,1.0,0.9912453308431163,1,,3078
3483,processed\features\3483_features.csv,937,15,937,0.9749866595517609,0,1.0,1.0,0.9749866595517609,1.0,0.9912453308431163,1,,3079
350322,processed\features\350322_features.csv,937,15,937,0.9749866595517609,0,1.0,1.0,0.9749866595517609,1.0,0.9912453308431163,1,,3080
354022,processed\features\354022_features.csv,937,15,937,0.9749866595517609,0,1.0,1.0,0.9749866595517609,1.0,0.9912453308431163,1,,3081
368104,processed\features\368104_features.csv,937,15,937,0.9749866595517609,0,1.0,1.0,0.9749866595517609,1.0,0.9912453308431163,1,,3082
372513,processed\features\372513_features.csv,937,15,937,0.9749866595517609,0,1.0,1.0,0.9749866595517609,1.0,0.9912453308431163,1,,3083
377953,processed\features\377953_features.csv,937,15,937,0.9749866595517609,0,1.0,1.0,0.9749866595517609,1.0,0.9912453308431163,1,,3084
38085,processed\features\38085_features.csv,937,15,937,0.9749866595517609,0,1.0,1.0,0.9749866595517609,1.0,0.9912453308431163,1,,3085
391447,processed\features\391447_features.csv,937,15,937,0.9749866595517609,0,1.0,1.0,0.9749866595517609,1.0,0.9912453308431163,1,,3086
401824,processed\features\401824_features.csv,937,15,937,0.9749866595517609,0,1.0,1.0,0.9749866595517609,1.0,0.9912453308431163,1,,3087
403391,processed\features\403391_features.csv,937,15,937,0.9749866595517609,0,1.0,1.0,0.9749866595517609,1.0,0.9912453308431163,1,,3088
411371,processed\features\411371_features.csv,937,15,937,0.9749866595517609,0,1.0,1.0,0.9749866595517609,1.0,0.9912453308431163,1,,3089
41721,processed\features\41721_features.csv,937,15,937,0.9749866595517609,0,1.0,1.0,0.9749866595517609,1.0,0.9912453308431163,1,,3090
418358,processed\features\418358_features.csv,937,15,937,0.9749866595517609,0,1.0,1.0,0.9749866595517609,1.0,0.9912453308431163,1,,3091
425820,processed\features\425820_features.csv,937,15,937,0.9749866595517609,0,1.0,1.0,0.9749866595517609,1.0,0.9912453308431163,1,,3092
43587,processed\features\43587_features.csv,937,15,937,0.9749866595517609,0,1.0,1.0,0.9749866595517609,1.0,0.9912453308431163,1,,3093
446603,processed\features\446603_features.csv,937,15,937,0.9749866595517609,0,1.0,1.0,0.9749866595517609,1.0,0.9912453308431163,1,,3094
463335,processed\features\463335_features.csv,937,15,937,0.9749866595517609,0,1.0,1.0,0.9749866595517609,1.0,0.9912453308431163,1,,3095
474729,processed\features\474729_features.csv,937,15,937,0.9749866595517609,0,1.0,1.0,0.9749866595517609,1.0,0.9912453308431163,1,,3096
487091,processed\features\487091_features.csv,937,15,937,0.9749866595517609,0,1.0,1.0,0.9749866595517609,1.0,0.9912453308431163,1,,3097
489549,processed\features\489549_features.csv,937,15,937,0.9749866595517609,0,1.0,1.0,0.9749866595517609,1.0,0.9912453308431163,1,,3098
507518,processed\features\507518_features.csv,937,15,937,0.9749866595517609,0,1.0,1.0,0.9749866595517609,1.0,0.9912453308431163,1,,3099
82275,processed\features\82275_features.csv,937,15,937,0.9749866595517609,0,1.0,1.0,0.9749866595517609,1.0,0.9912453308431163,1,,3100
89215,processed\features\89215_features.csv,937,15,937,0.9749866595517609,0,1.0,1.0,0.9749866595517609,1.0,0.9912453308431163,1,,3101
102240,processed\features\102240_features.csv,936,15,936,0.9749599358974359,0,1.0,1.0,0.9749599358974359,1.0,0.9912359775641025,1,,3102
110916,processed\features\110916_features.csv,936,15,936,0.9749599358974359,0,1.0,1.0,0.9749599358974359,1.0,0.9912359775641025,1,,3103
112710,processed\features\112710_features.csv,936,15,936,0.9749599358974359,0,1.0,1.0,0.9749599358974359,1.0,0.9912359775641025,1,,3104
122034,processed\features\122034_features.csv,936,15,936,0.9749599358974359,0,1.0,1.0,0.9749599358974359,1.0,0.9912359775641025,1,,3105
134276,processed\features\134276_features.csv,936,15,936,0.9749599358974359,0,1.0,1.0,0.9749599358974359,1.0,0.9912359775641025,1,,3106
134960,processed\features\134960_features.csv,936,15,936,0.9749599358974359,0,1.0,1.0,0.9749599358974359,1.0,0.9912359775641025,1,,3107
138551,processed\features\138551_features.csv,936,15,936,0.9749599358974359,0,1.0,1.0,0.9749599358974359,1.0,0.9912359775641025,1,,3108
148921,processed\features\148921_features.csv,936,15,936,0.9749599358974359,0,1.0,1.0,0.9749599358974359,1.0,0.9912359775641025,1,,3109
150080,processed\features\150080_features.csv,936,15,936,0.9749599358974359,0,1.0,1.0,0.9749599358974359,1.0,0.9912359775641025,1,,3110
173252,processed\features\173252_features.csv,936,15,936,0.9749599358974359,0,1.0,1.0,0.9749599358974359,1.0,0.9912359775641025,1,,3111
174749,processed\features\174749_features.csv,936,15,936,0.9749599358974359,0,1.0,1.0,0.9749599358974359,1.0,0.9912359775641025,1,,3112
175147,processed\features\175147_features.csv,936,15,936,0.9749599358974359,0,1.0,1.0,0.9749599358974359,1.0,0.9912359775641025,1,,3113
186690,processed\features\186690_features.csv,936,15,936,0.9749599358974359,0,1.0,1.0,0.9749599358974359,1.0,0.9912359775641025,1,,3114
193273,processed\features\193273_features.csv,936,15,936,0.9749599358974359,0,1.0,1.0,0.9749599358974359,1.0,0.9912359775641025,1,,3115
194456,processed\features\194456_features.csv,936,15,936,0.9749599358974359,0,1.0,1.0,0.9749599358974359,1.0,0.9912359775641025,1,,3116
201583,processed\features\201583_features.csv,936,15,936,0.9749599358974359,0,1.0,1.0,0.9749599358974359,1.0,0.9912359775641025,1,,3117
205785,processed\features\205785_features.csv,936,15,936,0.9749599358974359,0,1.0,1.0,0.9749599358974359,1.0,0.9912359775641025,1,,3118
212266,processed\features\212266_features.csv,936,15,936,0.9749599358974359,0,1.0,1.0,0.9749599358974359,1.0,0.9912359775641025,1,,3119
22758,processed\features\22758_features.csv,936,15,936,0.9749599358974359,0,1.0,1.0,0.9749599358974359,1.0,0.9912359775641025,1,,3120
235188,processed\features\235188_features.csv,936,15,936,0.9749599358974359,0,1.0,1.0,0.9749599358974359,1.0,0.9912359775641025,1,,3121
244720,processed\features\244720_features.csv,936,15,936,0.9749599358974359,0,1.0,1.0,0.9749599358974359,1.0,0.9912359775641025,1,,3122
246495,processed\features\246495_features.csv,936,15,936,0.9749599358974359,0,1.0,1.0,0.9749599358974359,1.0,0.9912359775641025,1,,3123
249062,processed\features\249062_features.csv,936,15,936,0.9749599358974359,0,1.0,1.0,0.9749599358974359,1.0,0.9912359775641025,1,,3124
253873,processed\features\253873_features.csv,936,15,936,0.9749599358974359,0,1.0,1.0,0.9749599358974359,1.0,0.9912359775641025,1,,3125
253993,processed\features\253993_features.csv,936,15,936,0.9749599358974359,0,1.0,1.0,0.9749599358974359,1.0,0.9912359775641025,1,,3126
257271,processed\features\257271_features.csv,936,15,936,0.9749599358974359,0,1.0,1.0,0.9749599358974359,1.0,0.9912359775641025,1,,3127
276094,processed\features\276094_features.csv,936,15,936,0.9749599358974359,0,1.0,1.0,0.9749599358974359,1.0,0.9912359775641025,1,,3128
276841,processed\features\276841_features.csv,936,15,936,0.9749599358974359,0,1.0,1.0,0.9749599358974359,1.0,0.9912359775641025,1,,3129
293670,processed\features\293670_features.csv,936,15,936,0.9749599358974359,0,1.0,1.0,0.9749599358974359,1.0,0.9912359775641025,1,,3130
295350,processed\features\295350_features.csv,936,15,936,0.9749599358974359,0,1.0,1.0,0.9749599358974359,1.0,0.9912359775641025,1,,3131
325681,processed\features\325681_features.csv,936,15,936,0.9749599358974359,0,1.0,1.0,0.9749599358974359,1.0,0.9912359775641025,1,,3132
340315,processed\features\340315_features.csv,936,15,936,0.9749599358974359,0,1.0,1.0,0.9749599358974359,1.0,0.9912359775641025,1,,3133
341232,processed\features\341232_features.csv,936,15,936,0.9749599358974359,0,1.0,1.0,0.9749599358974359,1.0,0.9912359775641025,1,,3134
355225,processed\features\355225_features.csv,936,15,936,0.9749599358974359,0,1.0,1.0,0.9749599358974359,1.0,0.9912359775641025,1,,3135
372517,processed\features\372517_features.csv,936,15,936,0.9749599358974359,0,1.0,1.0,0.9749599358974359,1.0,0.9912359775641025,1,,3136
380247,processed\features\380247_features.csv,936,15,936,0.9749599358974359,0,1.0,1.0,0.9749599358974359,1.0,0.9912359775641025,1,,3137
404458,processed\features\404458_features.csv,936,15,936,0.9749599358974359,0,1.0,1.0,0.9749599358974359,1.0,0.9912359775641025,1,,3138
411068,processed\features\411068_features.csv,936,15,936,0.9749599358974359,0,1.0,1.0,0.9749599358974359,1.0,0.9912359775641025,1,,3139
417264,processed\features\417264_features.csv,936,15,936,0.9749599358974359,0,1.0,1.0,0.9749599358974359,1.0,0.9912359775641025,1,,3140
420407,processed\features\420407_features.csv,936,15,936,0.9749599358974359,0,1.0,1.0,0.9749599358974359,1.0,0.9912359775641025,1,,3141
427344,processed\features\427344_features.csv,936,15,936,0.9749599358974359,0,1.0,1.0,0.9749599358974359,1.0,0.9912359775641025,1,,3142
44872,processed\features\44872_features.csv,936,15,936,0.9749599358974359,0,1.0,1.0,0.9749599358974359,1.0,0.9912359775641025,1,,3143
449675,processed\features\449675_features.csv,936,15,936,0.9749599358974359,0,1.0,1.0,0.9749599358974359,1.0,0.9912359775641025,1,,3144
456282,processed\features\456282_features.csv,936,15,936,0.9749599358974359,0,1.0,1.0,0.9749599358974359,1.0,0.9912359775641025,1,,3145
465813,processed\features\465813_features.csv,936,15,936,0.9749599358974359,0,1.0,1.0,0.9749599358974359,1.0,0.9912359775641025,1,,3146
466286,processed\features\466286_features.csv,936,15,936,0.9749599358974359,0,1.0,1.0,0.9749599358974359,1.0,0.9912359775641025,1,,3147
467072,processed\features\467072_features.csv,936,15,936,0.9749599358974359,0,1.0,1.0,0.9749599358974359,1.0,0.9912359775641025,1,,3148
469429,processed\features\469429_features.csv,936,15,936,0.9749599358974359,0,1.0,1.0,0.9749599358974359,1.0,0.9912359775641025,1,,3149
472012,processed\features\472012_features.csv,936,15,936,0.9749599358974359,0,1.0,1.0,0.9749599358974359,1.0,0.9912359775641025,1,,3150
512341,processed\features\512341_features.csv,936,15,936,0.9749599358974359,0,1.0,1.0,0.9749599358974359,1.0,0.9912359775641025,1,,3151
53798,processed\features\53798_features.csv,936,15,936,0.9749599358974359,0,1.0,1.0,0.9749599358974359,1.0,0.9912359775641025,1,,3152
56794,processed\features\56794_features.csv,936,15,936,0.9749599358974359,0,1.0,1.0,0.9749599358974359,1.0,0.9912359775641025,1,,3153
59039,processed\features\59039_features.csv,936,15,936,0.9749599358974359,0,1.0,1.0,0.9749599358974359,1.0,0.9912359775641025,1,,3154
78952,processed\features\78952_features.csv,936,15,936,0.9749599358974359,0,1.0,1.0,0.9749599358974359,1.0,0.9912359775641025,1,,3155
104115,processed\features\104115_features.csv,935,15,935,0.9749331550802139,0,1.0,1.0,0.9749331550802139,1.0,0.991226604278075,1,,3156
116017,processed\features\116017_features.csv,935,15,935,0.9749331550802139,0,1.0,1.0,0.9749331550802139,1.0,0.991226604278075,1,,3157
121078,processed\features\121078_features.csv,935,15,935,0.9749331550802139,0,1.0,1.0,0.9749331550802139,1.0,0.991226604278075,1,,3158
125905,processed\features\125905_features.csv,935,15,935,0.9749331550802139,0,1.0,1.0,0.9749331550802139,1.0,0.991226604278075,1,,3159
130928,processed\features\130928_features.csv,935,15,935,0.9749331550802139,0,1.0,1.0,0.9749331550802139,1.0,0.991226604278075,1,,3160
147536,processed\features\147536_features.csv,935,15,935,0.9749331550802139,0,1.0,1.0,0.9749331550802139,1.0,0.991226604278075,1,,3161
149278,processed\features\149278_features.csv,935,15,935,0.9749331550802139,0,1.0,1.0,0.9749331550802139,1.0,0.991226604278075,1,,3162
165431,processed\features\165431_features.csv,935,15,935,0.9749331550802139,0,1.0,1.0,0.9749331550802139,1.0,0.991226604278075,1,,3163
171037,processed\features\171037_features.csv,935,15,935,0.9749331550802139,0,1.0,1.0,0.9749331550802139,1.0,0.991226604278075,1,,3164
179128,processed\features\179128_features.csv,935,15,935,0.9749331550802139,0,1.0,1.0,0.9749331550802139,1.0,0.991226604278075,1,,3165
191042,processed\features\191042_features.csv,935,15,935,0.9749331550802139,0,1.0,1.0,0.9749331550802139,1.0,0.991226604278075,1,,3166
198108,processed\features\198108_features.csv,935,15,935,0.9749331550802139,0,1.0,1.0,0.9749331550802139,1.0,0.991226604278075,1,,3167
201786,processed\features\201786_features.csv,935,15,935,0.9749331550802139,0,1.0,1.0,0.9749331550802139,1.0,0.991226604278075,1,,3168
203226,processed\features\203226_features.csv,935,15,935,0.9749331550802139,0,1.0,1.0,0.9749331550802139,1.0,0.991226604278075,1,,3169
207067,processed\features\207067_features.csv,935,15,935,0.9749331550802139,0,1.0,1.0,0.9749331550802139,1.0,0.991226604278075,1,,3170
216954,processed\features\216954_features.csv,935,15,935,0.9749331550802139,0,1.0,1.0,0.9749331550802139,1.0,0.991226604278075,1,,3171
227109,processed\features\227109_features.csv,935,15,935,0.9749331550802139,0,1.0,1.0,0.9749331550802139,1.0,0.991226604278075,1,,3172
230973,processed\features\230973_features.csv,935,15,935,0.9749331550802139,0,1.0,1.0,0.9749331550802139,1.0,0.991226604278075,1,,3173
238705,processed\features\238705_features.csv,935,15,935,0.9749331550802139,0,1.0,1.0,0.9749331550802139,1.0,0.991226604278075,1,,3174
245270,processed\features\245270_features.csv,935,15,935,0.9749331550802139,0,1.0,1.0,0.9749331550802139,1.0,0.991226604278075,1,,3175
247456,processed\features\247456_features.csv,935,15,935,0.9749331550802139,0,1.0,1.0,0.9749331550802139,1.0,0.991226604278075,1,,3176
248582,processed\features\248582_features.csv,935,15,935,0.9749331550802139,0,1.0,1.0,0.9749331550802139,1.0,0.991226604278075,1,,3177
260576,processed\features\260576_features.csv,935,15,935,0.9749331550802139,0,1.0,1.0,0.9749331550802139,1.0,0.991226604278075,1,,3178
264379,processed\features\264379_features.csv,935,15,935,0.9749331550802139,0,1.0,1.0,0.9749331550802139,1.0,0.991226604278075,1,,3179
266150,processed\features\266150_features.csv,935,15,935,0.9749331550802139,0,1.0,1.0,0.9749331550802139,1.0,0.991226604278075,1,,3180
266601,processed\features\266601_features.csv,935,15,935,0.9749331550802139,0,1.0,1.0,0.9749331550802139,1.0,0.991226604278075,1,,3181
26925,processed\features\26925_features.csv,935,15,935,0.9749331550802139,0,1.0,1.0,0.9749331550802139,1.0,0.991226604278075,1,,3182
274509,processed\features\274509_features.csv,935,15,935,0.9749331550802139,0,1.0,1.0,0.9749331550802139,1.0,0.991226604278075,1,,3183
279026,processed\features\279026_features.csv,935,15,935,0.9749331550802139,0,1.0,1.0,0.9749331550802139,1.0,0.991226604278075,1,,3184
282371,processed\features\282371_features.csv,935,15,935,0.9749331550802139,0,1.0,1.0,0.9749331550802139,1.0,0.991226604278075,1,,3185
315378,processed\features\315378_features.csv,935,15,935,0.9749331550802139,0,1.0,1.0,0.9749331550802139,1.0,0.991226604278075,1,,3186
322442,processed\features\322442_features.csv,935,15,935,0.9749331550802139,0,1.0,1.0,0.9749331550802139,1.0,0.991226604278075,1,,3187
331880,processed\features\331880_features.csv,935,15,935,0.9749331550802139,0,1.0,1.0,0.9749331550802139,1.0,0.991226604278075,1,,3188
331910,processed\features\331910_features.csv,935,15,935,0.9749331550802139,0,1.0,1.0,0.9749331550802139,1.0,0.991226604278075,1,,3189
333905,processed\features\333905_features.csv,935,15,935,0.9749331550802139,0,1.0,1.0,0.9749331550802139,1.0,0.991226604278075,1,,3190
337275,processed\features\337275_features.csv,935,15,935,0.9749331550802139,0,1.0,1.0,0.9749331550802139,1.0,0.991226604278075,1,,3191
349580,processed\features\349580_features.csv,935,15,935,0.9749331550802139,0,1.0,1.0,0.9749331550802139,1.0,0.991226604278075,1,,3192
365598,processed\features\365598_features.csv,935,15,935,0.9749331550802139,0,1.0,1.0,0.9749331550802139,1.0,0.991226604278075,1,,3193
382179,processed\features\382179_features.csv,935,15,935,0.9749331550802139,0,1.0,1.0,0.9749331550802139,1.0,0.991226604278075,1,,3194
40428,processed\features\40428_features.csv,935,15,935,0.9749331550802139,0,1.0,1.0,0.9749331550802139,1.0,0.991226604278075,1,,3195
408748,processed\features\408748_features.csv,935,15,935,0.9749331550802139,0,1.0,1.0,0.9749331550802139,1.0,0.991226604278075,1,,3196
414260,processed\features\414260_features.csv,935,15,935,0.9749331550802139,0,1.0,1.0,0.9749331550802139,1.0,0.991226604278075,1,,3197
423898,processed\features\423898_features.csv,935,15,935,0.9749331550802139,0,1.0,1.0,0.9749331550802139,1.0,0.991226604278075,1,,3198
428086,processed\features\428086_features.csv,935,15,935,0.9749331550802139,0,1.0,1.0,0.9749331550802139,1.0,0.991226604278075,1,,3199
429831,processed\features\429831_features.csv,935,15,935,0.9749331550802139,0,1.0,1.0,0.9749331550802139,1.0,0.991226604278075,1,,3200
431676,processed\features\431676_features.csv,935,15,935,0.9749331550802139,0,1.0,1.0,0.9749331550802139,1.0,0.991226604278075,1,,3201
434618,processed\features\434618_features.csv,935,15,935,0.9749331550802139,0,1.0,1.0,0.9749331550802139,1.0,0.991226604278075,1,,3202
4371,processed\features\4371_features.csv,935,15,935,0.9749331550802139,0,1.0,1.0,0.9749331550802139,1.0,0.991226604278075,1,,3203
445038,processed\features\445038_features.csv,935,15,935,0.9749331550802139,0,1.0,1.0,0.9749331550802139,1.0,0.991226604278075,1,,3204
448330,processed\features\448330_features.csv,935,15,935,0.9749331550802139,0,1.0,1.0,0.9749331550802139,1.0,0.991226604278075,1,,3205
467658,processed\features\467658_features.csv,935,15,935,0.9749331550802139,0,1.0,1.0,0.9749331550802139,1.0,0.991226604278075,1,,3206
53832,processed\features\53832_features.csv,935,15,935,0.9749331550802139,0,1.0,1.0,0.9749331550802139,1.0,0.991226604278075,1,,3207
53908,processed\features\53908_features.csv,935,15,935,0.9749331550802139,0,1.0,1.0,0.9749331550802139,1.0,0.991226604278075,1,,3208
59369,processed\features\59369_features.csv,935,15,935,0.9749331550802139,0,1.0,1.0,0.9749331550802139,1.0,0.991226604278075,1,,3209
61813,processed\features\61813_features.csv,935,15,935,0.9749331550802139,0,1.0,1.0,0.9749331550802139,1.0,0.991226604278075,1,,3210
85900,processed\features\85900_features.csv,935,15,935,0.9749331550802139,0,1.0,1.0,0.9749331550802139,1.0,0.991226604278075,1,,3211
94720,processed\features\94720_features.csv,935,15,935,0.9749331550802139,0,1.0,1.0,0.9749331550802139,1.0,0.991226604278075,1,,3212
123880,processed\features\123880_features.csv,934,15,934,0.9749063169164882,0,1.0,1.0,0.9749063169164882,1.0,0.9912172109207709,1,,3213
129938,processed\features\129938_features.csv,934,15,934,0.9749063169164882,0,1.0,1.0,0.9749063169164882,1.0,0.9912172109207709,1,,3214
151485,processed\features\151485_features.csv,934,15,934,0.9749063169164882,0,1.0,1.0,0.9749063169164882,1.0,0.9912172109207709,1,,3215
158710,processed\features\158710_features.csv,934,15,934,0.9749063169164882,0,1.0,1.0,0.9749063169164882,1.0,0.9912172109207709,1,,3216
162237,processed\features\162237_features.csv,934,15,934,0.9749063169164882,0,1.0,1.0,0.9749063169164882,1.0,0.9912172109207709,1,,3217
167802,processed\features\167802_features.csv,934,15,934,0.9749063169164882,0,1.0,1.0,0.9749063169164882,1.0,0.9912172109207709,1,,3218
171789,processed\features\171789_features.csv,934,15,934,0.9749063169164882,0,1.0,1.0,0.9749063169164882,1.0,0.9912172109207709,1,,3219
187102,processed\features\187102_features.csv,934,15,934,0.9749063169164882,0,1.0,1.0,0.9749063169164882,1.0,0.9912172109207709,1,,3220
196496,processed\features\196496_features.csv,934,15,934,0.9749063169164882,0,1.0,1.0,0.9749063169164882,1.0,0.9912172109207709,1,,3221
208702,processed\features\208702_features.csv,934,15,934,0.9749063169164882,0,1.0,1.0,0.9749063169164882,1.0,0.9912172109207709,1,,3222
213460,processed\features\213460_features.csv,934,15,934,0.9749063169164882,0,1.0,1.0,0.9749063169164882,1.0,0.9912172109207709,1,,3223
215467,processed\features\215467_features.csv,934,15,934,0.9749063169164882,0,1.0,1.0,0.9749063169164882,1.0,0.9912172109207709,1,,3224
220849,processed\features\220849_features.csv,934,15,934,0.9749063169164882,0,1.0,1.0,0.9749063169164882,1.0,0.9912172109207709,1,,3225
23057,processed\features\23057_features.csv,934,15,934,0.9749063169164882,0,1.0,1.0,0.9749063169164882,1.0,0.9912172109207709,1,,3226
231062,processed\features\231062_features.csv,934,15,934,0.9749063169164882,0,1.0,1.0,0.9749063169164882,1.0,0.9912172109207709,1,,3227
238707,processed\features\238707_features.csv,934,15,934,0.9749063169164882,0,1.0,1.0,0.9749063169164882,1.0,0.9912172109207709,1,,3228
241045,processed\features\241045_features.csv,934,15,934,0.9749063169164882,0,1.0,1.0,0.9749063169164882,1.0,0.9912172109207709,1,,3229
241690,processed\features\241690_features.csv,934,15,934,0.9749063169164882,0,1.0,1.0,0.9749063169164882,1.0,0.9912172109207709,1,,3230
24199,processed\features\24199_features.csv,934,15,934,0.9749063169164882,0,1.0,1.0,0.9749063169164882,1.0,0.9912172109207709,1,,3231
254327,processed\features\254327_features.csv,934,15,934,0.9749063169164882,0,1.0,1.0,0.9749063169164882,1.0,0.9912172109207709,1,,3232
255794,processed\features\255794_features.csv,934,15,934,0.9749063169164882,0,1.0,1.0,0.9749063169164882,1.0,0.9912172109207709,1,,3233
258102,processed\features\258102_features.csv,934,15,934,0.9749063169164882,0,1.0,1.0,0.9749063169164882,1.0,0.9912172109207709,1,,3234
262639,processed\features\262639_features.csv,934,15,934,0.9749063169164882,0,1.0,1.0,0.9749063169164882,1.0,0.9912172109207709,1,,3235
278831,processed\features\278831_features.csv,934,15,934,0.9749063169164882,0,1.0,1.0,0.9749063169164882,1.0,0.9912172109207709,1,,3236
300637,processed\features\300637_features.csv,934,15,934,0.9749063169164882,0,1.0,1.0,0.9749063169164882,1.0,0.9912172109207709,1,,3237
301462,processed\features\301462_features.csv,934,15,934,0.9749063169164882,0,1.0,1.0,0.9749063169164882,1.0,0.9912172109207709,1,,3238
328273,processed\features\328273_features.csv,934,15,934,0.9749063169164882,0,1.0,1.0,0.9749063169164882,1.0,0.9912172109207709,1,,3239
331465,processed\features\331465_features.csv,934,15,934,0.9749063169164882,0,1.0,1.0,0.9749063169164882,1.0,0.9912172109207709,1,,3240
333701,processed\features\333701_features.csv,934,15,934,0.9749063169164882,0,1.0,1.0,0.9749063169164882,1.0,0.9912172109207709,1,,3241
333757,processed\features\333757_features.csv,934,15,934,0.9749063169164882,0,1.0,1.0,0.9749063169164882,1.0,0.9912172109207709,1,,3242
335811,processed\features\335811_features.csv,934,15,934,0.9749063169164882,0,1.0,1.0,0.9749063169164882,1.0,0.9912172109207709,1,,3243
340019,processed\features\340019_features.csv,934,15,934,0.9749063169164882,0,1.0,1.0,0.9749063169164882,1.0,0.9912172109207709,1,,3244
344777,processed\features\344777_features.csv,934,15,934,0.9749063169164882,0,1.0,1.0,0.9749063169164882,1.0,0.9912172109207709,1,,3245
345972,processed\features\345972_features.csv,934,15,934,0.9749063169164882,0,1.0,1.0,0.9749063169164882,1.0,0.9912172109207709,1,,3246
346212,processed\features\346212_features.csv,934,15,934,0.9749063169164882,0,1.0,1.0,0.9749063169164882,1.0,0.9912172109207709,1,,3247
348921,processed\features\348921_features.csv,934,15,934,0.9749063169164882,0,1.0,1.0,0.9749063169164882,1.0,0.9912172109207709,1,,3248
348925,processed\features\348925_features.csv,934,15,934,0.9749063169164882,0,1.0,1.0,0.9749063169164882,1.0,0.9912172109207709,1,,3249
355545,processed\features\355545_features.csv,934,15,934,0.9749063169164882,0,1.0,1.0,0.9749063169164882,1.0,0.9912172109207709,1,,3250
376385,processed\features\376385_features.csv,934,15,934,0.9749063169164882,0,1.0,1.0,0.9749063169164882,1.0,0.9912172109207709,1,,3251
380568,processed\features\380568_features.csv,934,15,934,0.9749063169164882,0,1.0,1.0,0.9749063169164882,1.0,0.9912172109207709,1,,3252
380628,processed\features\380628_features.csv,934,15,934,0.9749063169164882,0,1.0,1.0,0.9749063169164882,1.0,0.9912172109207709,1,,3253
389730,processed\features\389730_features.csv,934,15,934,0.9749063169164882,0,1.0,1.0,0.9749063169164882,1.0,0.9912172109207709,1,,3254
397741,processed\features\397741_features.csv,934,15,934,0.9749063169164882,0,1.0,1.0,0.9749063169164882,1.0,0.9912172109207709,1,,3255
40606,processed\features\40606_features.csv,934,15,934,0.9749063169164882,0,1.0,1.0,0.9749063169164882,1.0,0.9912172109207709,1,,3256
421463,processed\features\421463_features.csv,934,15,934,0.9749063169164882,0,1.0,1.0,0.9749063169164882,1.0,0.9912172109207709,1,,3257
425017,processed\features\425017_features.csv,934,15,934,0.9749063169164882,0,1.0,1.0,0.9749063169164882,1.0,0.9912172109207709,1,,3258
433534,processed\features\433534_features.csv,934,15,934,0.9749063169164882,0,1.0,1.0,0.9749063169164882,1.0,0.9912172109207709,1,,3259
448337,processed\features\448337_features.csv,934,15,934,0.9749063169164882,0,1.0,1.0,0.9749063169164882,1.0,0.9912172109207709,1,,3260
450209,processed\features\450209_features.csv,934,15,934,0.9749063169164882,0,1.0,1.0,0.9749063169164882,1.0,0.9912172109207709,1,,3261
462006,processed\features\462006_features.csv,934,15,934,0.9749063169164882,0,1.0,1.0,0.9749063169164882,1.0,0.9912172109207709,1,,3262
476439,processed\features\476439_features.csv,934,15,934,0.9749063169164882,0,1.0,1.0,0.9749063169164882,1.0,0.9912172109207709,1,,3263
478136,processed\features\478136_features.csv,934,15,934,0.9749063169164882,0,1.0,1.0,0.9749063169164882,1.0,0.9912172109207709,1,,3264
502530,processed\features\502530_features.csv,934,15,934,0.9749063169164882,0,1.0,1.0,0.9749063169164882,1.0,0.9912172109207709,1,,3265
506673,processed\features\506673_features.csv,934,15,934,0.9749063169164882,0,1.0,1.0,0.9749063169164882,1.0,0.9912172109207709,1,,3266
69515,processed\features\69515_features.csv,934,15,934,0.9749063169164882,0,1.0,1.0,0.9749063169164882,1.0,0.9912172109207709,1,,3267
87045,processed\features\87045_features.csv,934,15,934,0.9749063169164882,0,1.0,1.0,0.9749063169164882,1.0,0.9912172109207709,1,,3268
87144,processed\features\87144_features.csv,934,15,934,0.9749063169164882,0,1.0,1.0,0.9749063169164882,1.0,0.9912172109207709,1,,3269
92686,processed\features\92686_features.csv,934,15,934,0.9749063169164882,0,1.0,1.0,0.9749063169164882,1.0,0.9912172109207709,1,,3270
9885,processed\features\9885_features.csv,934,15,934,0.9749063169164882,0,1.0,1.0,0.9749063169164882,1.0,0.9912172109207709,1,,3271
105896,processed\features\105896_features.csv,933,15,933,0.974879421221865,0,1.0,1.0,0.974879421221865,1.0,0.9912077974276527,1,,3272
110414,processed\features\110414_features.csv,933,15,933,0.974879421221865,0,1.0,1.0,0.974879421221865,1.0,0.9912077974276527,1,,3273
120450,processed\features\120450_features.csv,933,15,933,0.974879421221865,0,1.0,1.0,0.974879421221865,1.0,0.9912077974276527,1,,3274
129421,processed\features\129421_features.csv,933,15,933,0.974879421221865,0,1.0,1.0,0.974879421221865,1.0,0.9912077974276527,1,,3275
134664,processed\features\134664_features.csv,933,15,933,0.974879421221865,0,1.0,1.0,0.974879421221865,1.0,0.9912077974276527,1,,3276
161722,processed\features\161722_features.csv,933,15,933,0.974879421221865,0,1.0,1.0,0.974879421221865,1.0,0.9912077974276527,1,,3277
165691,processed\features\165691_features.csv,933,15,933,0.974879421221865,0,1.0,1.0,0.974879421221865,1.0,0.9912077974276527,1,,3278
181753,processed\features\181753_features.csv,933,15,933,0.974879421221865,0,1.0,1.0,0.974879421221865,1.0,0.9912077974276527,1,,3279
185678,processed\features\185678_features.csv,933,15,933,0.974879421221865,0,1.0,1.0,0.974879421221865,1.0,0.9912077974276527,1,,3280
204993,processed\features\204993_features.csv,933,15,933,0.974879421221865,0,1.0,1.0,0.974879421221865,1.0,0.9912077974276527,1,,3281
213882,processed\features\213882_features.csv,933,15,933,0.974879421221865,0,1.0,1.0,0.974879421221865,1.0,0.9912077974276527,1,,3282
224476,processed\features\224476_features.csv,933,15,933,0.974879421221865,0,1.0,1.0,0.974879421221865,1.0,0.9912077974276527,1,,3283
227062,processed\features\227062_features.csv,933,15,933,0.974879421221865,0,1.0,1.0,0.974879421221865,1.0,0.9912077974276527,1,,3284
236616,processed\features\236616_features.csv,933,15,933,0.974879421221865,0,1.0,1.0,0.974879421221865,1.0,0.9912077974276527,1,,3285
237726,processed\features\237726_features.csv,933,15,933,0.974879421221865,0,1.0,1.0,0.974879421221865,1.0,0.9912077974276527,1,,3286
24867,processed\features\24867_features.csv,933,15,933,0.974879421221865,0,1.0,1.0,0.974879421221865,1.0,0.9912077974276527,1,,3287
254437,processed\features\254437_features.csv,933,15,933,0.974879421221865,0,1.0,1.0,0.974879421221865,1.0,0.9912077974276527,1,,3288
267199,processed\features\267199_features.csv,933,15,933,0.974879421221865,0,1.0,1.0,0.974879421221865,1.0,0.9912077974276527,1,,3289
282431,processed\features\282431_features.csv,933,15,933,0.974879421221865,0,1.0,1.0,0.974879421221865,1.0,0.9912077974276527,1,,3290
292784,processed\features\292784_features.csv,933,15,933,0.974879421221865,0,1.0,1.0,0.974879421221865,1.0,0.9912077974276527,1,,3291
294502,processed\features\294502_features.csv,933,15,933,0.974879421221865,0,1.0,1.0,0.974879421221865,1.0,0.9912077974276527,1,,3292
295486,processed\features\295486_features.csv,933,15,933,0.974879421221865,0,1.0,1.0,0.974879421221865,1.0,0.9912077974276527,1,,3293
296944,processed\features\296944_features.csv,933,15,933,0.974879421221865,0,1.0,1.0,0.974879421221865,1.0,0.9912077974276527,1,,3294
301954,processed\features\301954_features.csv,933,15,933,0.974879421221865,0,1.0,1.0,0.974879421221865,1.0,0.9912077974276527,1,,3295
307464,processed\features\307464_features.csv,933,15,933,0.974879421221865,0,1.0,1.0,0.974879421221865,1.0,0.9912077974276527,1,,3296
311416,processed\features\311416_features.csv,933,15,933,0.974879421221865,0,1.0,1.0,0.974879421221865,1.0,0.9912077974276527,1,,3297
316119,processed\features\316119_features.csv,933,15,933,0.974879421221865,0,1.0,1.0,0.974879421221865,1.0,0.9912077974276527,1,,3298
329191,processed\features\329191_features.csv,933,15,933,0.974879421221865,0,1.0,1.0,0.974879421221865,1.0,0.9912077974276527,1,,3299
340585,processed\features\340585_features.csv,933,15,933,0.974879421221865,0,1.0,1.0,0.974879421221865,1.0,0.9912077974276527,1,,3300
348518,processed\features\348518_features.csv,933,15,933,0.974879421221865,0,1.0,1.0,0.974879421221865,1.0,0.9912077974276527,1,,3301
368687,processed\features\368687_features.csv,933,15,933,0.974879421221865,0,1.0,1.0,0.974879421221865,1.0,0.9912077974276527,1,,3302
37349,processed\features\37349_features.csv,933,15,933,0.974879421221865,0,1.0,1.0,0.974879421221865,1.0,0.9912077974276527,1,,3303
387059,processed\features\387059_features.csv,933,15,933,0.974879421221865,0,1.0,1.0,0.974879421221865,1.0,0.9912077974276527,1,,3304
387066,processed\features\387066_features.csv,933,15,933,0.974879421221865,0,1.0,1.0,0.974879421221865,1.0,0.9912077974276527,1,,3305
399388,processed\features\399388_features.csv,933,15,933,0.974879421221865,0,1.0,1.0,0.974879421221865,1.0,0.9912077974276527,1,,3306
413934,processed\features\413934_features.csv,933,15,933,0.974879421221865,0,1.0,1.0,0.974879421221865,1.0,0.9912077974276527,1,,3307
415650,processed\features\415650_features.csv,933,15,933,0.974879421221865,0,1.0,1.0,0.974879421221865,1.0,0.9912077974276527,1,,3308
422197,processed\features\422197_features.csv,933,15,933,0.974879421221865,0,1.0,1.0,0.974879421221865,1.0,0.9912077974276527,1,,3309
428357,processed\features\428357_features.csv,933,15,933,0.974879421221865,0,1.0,1.0,0.974879421221865,1.0,0.9912077974276527,1,,3310
433232,processed\features\433232_features.csv,933,15,933,0.974879421221865,0,1.0,1.0,0.974879421221865,1.0,0.9912077974276527,1,,3311
43588,processed\features\43588_features.csv,933,15,933,0.974879421221865,0,1.0,1.0,0.974879421221865,1.0,0.9912077974276527,1,,3312
449920,processed\features\449920_features.csv,933,15,933,0.974879421221865,0,1.0,1.0,0.974879421221865,1.0,0.9912077974276527,1,,3313
4600,processed\features\4600_features.csv,933,15,933,0.974879421221865,0,1.0,1.0,0.974879421221865,1.0,0.9912077974276527,1,,3314
465363,processed\features\465363_features.csv,933,15,933,0.974879421221865,0,1.0,1.0,0.974879421221865,1.0,0.9912077974276527,1,,3315
466164,processed\features\466164_features.csv,933,15,933,0.974879421221865,0,1.0,1.0,0.974879421221865,1.0,0.9912077974276527,1,,3316
466529,processed\features\466529_features.csv,933,15,933,0.974879421221865,0,1.0,1.0,0.974879421221865,1.0,0.9912077974276527,1,,3317
475389,processed\features\475389_features.csv,933,15,933,0.974879421221865,0,1.0,1.0,0.974879421221865,1.0,0.9912077974276527,1,,3318
494151,processed\features\494151_features.csv,933,15,933,0.974879421221865,0,1.0,1.0,0.974879421221865,1.0,0.9912077974276527,1,,3319
504058,processed\features\504058_features.csv,933,15,933,0.974879421221865,0,1.0,1.0,0.974879421221865,1.0,0.9912077974276527,1,,3320
509170,processed\features\509170_features.csv,933,15,933,0.974879421221865,0,1.0,1.0,0.974879421221865,1.0,0.9912077974276527,1,,3321
511986,processed\features\511986_features.csv,933,15,933,0.974879421221865,0,1.0,1.0,0.974879421221865,1.0,0.9912077974276527,1,,3322
55870,processed\features\55870_features.csv,933,15,933,0.974879421221865,0,1.0,1.0,0.974879421221865,1.0,0.9912077974276527,1,,3323
94635,processed\features\94635_features.csv,933,15,933,0.974879421221865,0,1.0,1.0,0.974879421221865,1.0,0.9912077974276527,1,,3324
98326,processed\features\98326_features.csv,933,15,933,0.974879421221865,0,1.0,1.0,0.974879421221865,1.0,0.9912077974276527,1,,3325
10682,processed\features\10682_features.csv,932,15,932,0.9748524678111588,0,1.0,1.0,0.9748524678111588,1.0,0.9911983637339056,1,,3326
109750,processed\features\109750_features.csv,932,15,932,0.9748524678111588,0,1.0,1.0,0.9748524678111588,1.0,0.9911983637339056,1,,3327
158935,processed\features\158935_features.csv,932,15,932,0.9748524678111588,0,1.0,1.0,0.9748524678111588,1.0,0.9911983637339056,1,,3328
159259,processed\features\159259_features.csv,932,15,932,0.9748524678111588,0,1.0,1.0,0.9748524678111588,1.0,0.9911983637339056,1,,3329
163680,processed\features\163680_features.csv,932,15,932,0.9748524678111588,0,1.0,1.0,0.9748524678111588,1.0,0.9911983637339056,1,,3330
166866,processed\features\166866_features.csv,932,15,932,0.9748524678111588,0,1.0,1.0,0.9748524678111588,1.0,0.9911983637339056,1,,3331
168112,processed\features\168112_features.csv,932,15,932,0.9748524678111588,0,1.0,1.0,0.9748524678111588,1.0,0.9911983637339056,1,,3332
181885,processed\features\181885_features.csv,932,15,932,0.9748524678111588,0,1.0,1.0,0.9748524678111588,1.0,0.9911983637339056,1,,3333
196881,processed\features\196881_features.csv,932,15,932,0.9748524678111588,0,1.0,1.0,0.9748524678111588,1.0,0.9911983637339056,1,,3334
198791,processed\features\198791_features.csv,932,15,932,0.9748524678111588,0,1.0,1.0,0.9748524678111588,1.0,0.9911983637339056,1,,3335
204154,processed\features\204154_features.csv,932,15,932,0.9748524678111588,0,1.0,1.0,0.9748524678111588,1.0,0.9911983637339056,1,,3336
21181,processed\features\21181_features.csv,932,15,932,0.9748524678111588,0,1.0,1.0,0.9748524678111588,1.0,0.9911983637339056,1,,3337
221708,processed\features\221708_features.csv,932,15,932,0.9748524678111588,0,1.0,1.0,0.9748524678111588,1.0,0.9911983637339056,1,,3338
243463,processed\features\243463_features.csv,932,15,932,0.9748524678111588,0,1.0,1.0,0.9748524678111588,1.0,0.9911983637339056,1,,3339
251055,processed\features\251055_features.csv,932,15,932,0.9748524678111588,0,1.0,1.0,0.9748524678111588,1.0,0.9911983637339056,1,,3340
252698,processed\features\252698_features.csv,932,15,932,0.9748524678111588,0,1.0,1.0,0.9748524678111588,1.0,0.9911983637339056,1,,3341
263243,processed\features\263243_features.csv,932,15,932,0.9748524678111588,0,1.0,1.0,0.9748524678111588,1.0,0.9911983637339056,1,,3342
266207,processed\features\266207_features.csv,932,15,932,0.9748524678111588,0,1.0,1.0,0.9748524678111588,1.0,0.9911983637339056,1,,3343
270154,processed\features\270154_features.csv,932,15,932,0.9748524678111588,0,1.0,1.0,0.9748524678111588,1.0,0.9911983637339056,1,,3344
275861,processed\features\275861_features.csv,932,15,932,0.9748524678111588,0,1.0,1.0,0.9748524678111588,1.0,0.9911983637339056,1,,3345
283573,processed\features\283573_features.csv,932,15,932,0.9748524678111588,0,1.0,1.0,0.9748524678111588,1.0,0.9911983637339056,1,,3346
290239,processed\features\290239_features.csv,932,15,932,0.9748524678111588,0,1.0,1.0,0.9748524678111588,1.0,0.9911983637339056,1,,3347
294530,processed\features\294530_features.csv,932,15,932,0.9748524678111588,0,1.0,1.0,0.9748524678111588,1.0,0.9911983637339056,1,,3348
296856,processed\features\296856_features.csv,932,15,932,0.9748524678111588,0,1.0,1.0,0.9748524678111588,1.0,0.9911983637339056,1,,3349
32550,processed\features\32550_features.csv,932,15,932,0.9748524678111588,0,1.0,1.0,0.9748524678111588,1.0,0.9911983637339056,1,,3350
332002,processed\features\332002_features.csv,932,15,932,0.9748524678111588,0,1.0,1.0,0.9748524678111588,1.0,0.9911983637339056,1,,3351
333069,processed\features\333069_features.csv,932,15,932,0.9748524678111588,0,1.0,1.0,0.9748524678111588,1.0,0.9911983637339056,1,,3352
344982,processed\features\344982_features.csv,932,15,932,0.9748524678111588,0,1.0,1.0,0.9748524678111588,1.0,0.9911983637339056,1,,3353
35217,processed\features\35217_features.csv,932,15,932,0.9748524678111588,0,1.0,1.0,0.9748524678111588,1.0,0.9911983637339056,1,,3354
365787,processed\features\365787_features.csv,932,15,932,0.9748524678111588,0,1.0,1.0,0.9748524678111588,1.0,0.9911983637339056,1,,3355
368670,processed\features\368670_features.csv,932,15,932,0.9748524678111588,0,1.0,1.0,0.9748524678111588,1.0,0.9911983637339056,1,,3356
376912,processed\features\376912_features.csv,932,15,932,0.9748524678111588,0,1.0,1.0,0.9748524678111588,1.0,0.9911983637339056,1,,3357
396078,processed\features\396078_features.csv,932,15,932,0.9748524678111588,0,1.0,1.0,0.9748524678111588,1.0,0.9911983637339056,1,,3358
419591,processed\features\419591_features.csv,932,15,932,0.9748524678111588,0,1.0,1.0,0.9748524678111588,1.0,0.9911983637339056,1,,3359
426009,processed\features\426009_features.csv,932,15,932,0.9748524678111588,0,1.0,1.0,0.9748524678111588,1.0,0.9911983637339056,1,,3360
426116,processed\features\426116_features.csv,932,15,932,0.9748524678111588,0,1.0,1.0,0.9748524678111588,1.0,0.9911983637339056,1,,3361
426232,processed\features\426232_features.csv,932,15,932,0.9748524678111588,0,1.0,1.0,0.9748524678111588,1.0,0.9911983637339056,1,,3362
435006,processed\features\435006_features.csv,932,15,932,0.9748524678111588,0,1.0,1.0,0.9748524678111588,1.0,0.9911983637339056,1,,3363
443285,processed\features\443285_features.csv,932,15,932,0.9748524678111588,0,1.0,1.0,0.9748524678111588,1.0,0.9911983637339056,1,,3364
450741,processed\features\450741_features.csv,932,15,932,0.9748524678111588,0,1.0,1.0,0.9748524678111588,1.0,0.9911983637339056,1,,3365
471401,processed\features\471401_features.csv,932,15,932,0.9748524678111588,0,1.0,1.0,0.9748524678111588,1.0,0.9911983637339056,1,,3366
477481,processed\features\477481_features.csv,932,15,932,0.9748524678111588,0,1.0,1.0,0.9748524678111588,1.0,0.9911983637339056,1,,3367
477806,processed\features\477806_features.csv,932,15,932,0.9748524678111588,0,1.0,1.0,0.9748524678111588,1.0,0.9911983637339056,1,,3368
489696,processed\features\489696_features.csv,932,15,932,0.9748524678111588,0,1.0,1.0,0.9748524678111588,1.0,0.9911983637339056,1,,3369
490404,processed\features\490404_features.csv,932,15,932,0.9748524678111588,0,1.0,1.0,0.9748524678111588,1.0,0.9911983637339056,1,,3370
492130,processed\features\492130_features.csv,932,15,932,0.9748524678111588,0,1.0,1.0,0.9748524678111588,1.0,0.9911983637339056,1,,3371
49258,processed\features\49258_features.csv,932,15,932,0.9748524678111588,0,1.0,1.0,0.9748524678111588,1.0,0.9911983637339056,1,,3372
497155,processed\features\497155_features.csv,932,15,932,0.9748524678111588,0,1.0,1.0,0.9748524678111588,1.0,0.9911983637339056,1,,3373
504074,processed\features\504074_features.csv,932,15,932,0.9748524678111588,0,1.0,1.0,0.9748524678111588,1.0,0.9911983637339056,1,,3374
505062,processed\features\505062_features.csv,932,15,932,0.9748524678111588,0,1.0,1.0,0.9748524678111588,1.0,0.9911983637339056,1,,3375
60550,processed\features\60550_features.csv,932,15,932,0.9748524678111588,0,1.0,1.0,0.9748524678111588,1.0,0.9911983637339056,1,,3376
61221,processed\features\61221_features.csv,932,15,932,0.9748524678111588,0,1.0,1.0,0.9748524678111588,1.0,0.9911983637339056,1,,3377
63580,processed\features\63580_features.csv,932,15,932,0.9748524678111588,0,1.0,1.0,0.9748524678111588,1.0,0.9911983637339056,1,,3378
68126,processed\features\68126_features.csv,932,15,932,0.9748524678111588,0,1.0,1.0,0.9748524678111588,1.0,0.9911983637339056,1,,3379
69774,processed\features\69774_features.csv,932,15,932,0.9748524678111588,0,1.0,1.0,0.9748524678111588,1.0,0.9911983637339056,1,,3380
76805,processed\features\76805_features.csv,932,15,932,0.9748524678111588,0,1.0,1.0,0.9748524678111588,1.0,0.9911983637339056,1,,3381
78909,processed\features\78909_features.csv,932,15,932,0.9748524678111588,0,1.0,1.0,0.9748524678111588,1.0,0.9911983637339056,1,,3382
80042,processed\features\80042_features.csv,932,15,932,0.9748524678111588,0,1.0,1.0,0.9748524678111588,1.0,0.9911983637339056,1,,3383
83723,processed\features\83723_features.csv,932,15,932,0.9748524678111588,0,1.0,1.0,0.9748524678111588,1.0,0.9911983637339056,1,,3384
87377,processed\features\87377_features.csv,932,15,932,0.9748524678111588,0,1.0,1.0,0.9748524678111588,1.0,0.9911983637339056,1,,3385
88857,processed\features\88857_features.csv,932,15,932,0.9748524678111588,0,1.0,1.0,0.9748524678111588,1.0,0.9911983637339056,1,,3386
101401,processed\features\101401_features.csv,931,15,931,0.9748254564983888,0,1.0,1.0,0.9748254564983888,1.0,0.9911889097744361,1,,3387
102312,processed\features\102312_features.csv,931,15,931,0.9748254564983888,0,1.0,1.0,0.9748254564983888,1.0,0.9911889097744361,1,,3388
104537,processed\features\104537_features.csv,931,15,931,0.9748254564983888,0,1.0,1.0,0.9748254564983888,1.0,0.9911889097744361,1,,3389
11336,processed\features\11336_features.csv,931,15,931,0.9748254564983888,0,1.0,1.0,0.9748254564983888,1.0,0.9911889097744361,1,,3390
117775,processed\features\117775_features.csv,931,15,931,0.9748254564983888,0,1.0,1.0,0.9748254564983888,1.0,0.9911889097744361,1,,3391
121115,processed\features\121115_features.csv,931,15,931,0.9748254564983888,0,1.0,1.0,0.9748254564983888,1.0,0.9911889097744361,1,,3392
122048,processed\features\122048_features.csv,931,15,931,0.9748254564983888,0,1.0,1.0,0.9748254564983888,1.0,0.9911889097744361,1,,3393
122808,processed\features\122808_features.csv,931,15,931,0.9748254564983888,0,1.0,1.0,0.9748254564983888,1.0,0.9911889097744361,1,,3394
126863,processed\features\126863_features.csv,931,15,931,0.9748254564983888,0,1.0,1.0,0.9748254564983888,1.0,0.9911889097744361,1,,3395
127398,processed\features\127398_features.csv,931,15,931,0.9748254564983888,0,1.0,1.0,0.9748254564983888,1.0,0.9911889097744361,1,,3396
135389,processed\features\135389_features.csv,931,15,931,0.9748254564983888,0,1.0,1.0,0.9748254564983888,1.0,0.9911889097744361,1,,3397
136413,processed\features\136413_features.csv,931,15,931,0.9748254564983888,0,1.0,1.0,0.9748254564983888,1.0,0.9911889097744361,1,,3398
152617,processed\features\152617_features.csv,931,15,931,0.9748254564983888,0,1.0,1.0,0.9748254564983888,1.0,0.9911889097744361,1,,3399
164962,processed\features\164962_features.csv,931,15,931,0.9748254564983888,0,1.0,1.0,0.9748254564983888,1.0,0.9911889097744361,1,,3400
167866,processed\features\167866_features.csv,931,15,931,0.9748254564983888,0,1.0,1.0,0.9748254564983888,1.0,0.9911889097744361,1,,3401
17212,processed\features\17212_features.csv,931,15,931,0.9748254564983888,0,1.0,1.0,0.9748254564983888,1.0,0.9911889097744361,1,,3402
175184,processed\features\175184_features.csv,931,15,931,0.9748254564983888,0,1.0,1.0,0.9748254564983888,1.0,0.9911889097744361,1,,3403
175629,processed\features\175629_features.csv,931,15,931,0.9748254564983888,0,1.0,1.0,0.9748254564983888,1.0,0.9911889097744361,1,,3404
17879,processed\features\17879_features.csv,931,15,931,0.9748254564983888,0,1.0,1.0,0.9748254564983888,1.0,0.9911889097744361,1,,3405
179244,processed\features\179244_features.csv,931,15,931,0.9748254564983888,0,1.0,1.0,0.9748254564983888,1.0,0.9911889097744361,1,,3406
179306,processed\features\179306_features.csv,931,15,931,0.9748254564983888,0,1.0,1.0,0.9748254564983888,1.0,0.9911889097744361,1,,3407
18096,processed\features\18096_features.csv,931,15,931,0.9748254564983888,0,1.0,1.0,0.9748254564983888,1.0,0.9911889097744361,1,,3408
185758,processed\features\185758_features.csv,931,15,931,0.9748254564983888,0,1.0,1.0,0.9748254564983888,1.0,0.9911889097744361,1,,3409
202853,processed\features\202853_features.csv,931,15,931,0.9748254564983888,0,1.0,1.0,0.9748254564983888,1.0,0.9911889097744361,1,,3410
205397,processed\features\205397_features.csv,931,15,931,0.9748254564983888,0,1.0,1.0,0.9748254564983888,1.0,0.9911889097744361,1,,3411
206287,processed\features\206287_features.csv,931,15,931,0.9748254564983888,0,1.0,1.0,0.9748254564983888,1.0,0.9911889097744361,1,,3412
210070,processed\features\210070_features.csv,931,15,931,0.9748254564983888,0,1.0,1.0,0.9748254564983888,1.0,0.9911889097744361,1,,3413
212979,processed\features\212979_features.csv,931,15,931,0.9748254564983888,0,1.0,1.0,0.9748254564983888,1.0,0.9911889097744361,1,,3414
217082,processed\features\217082_features.csv,931,15,931,0.9748254564983888,0,1.0,1.0,0.9748254564983888,1.0,0.9911889097744361,1,,3415
226612,processed\features\226612_features.csv,931,15,931,0.9748254564983888,0,1.0,1.0,0.9748254564983888,1.0,0.9911889097744361,1,,3416
227327,processed\features\227327_features.csv,931,15,931,0.9748254564983888,0,1.0,1.0,0.9748254564983888,1.0,0.9911889097744361,1,,3417
231018,processed\features\231018_features.csv,931,15,931,0.9748254564983888,0,1.0,1.0,0.9748254564983888,1.0,0.9911889097744361,1,,3418
231093,processed\features\231093_features.csv,931,15,931,0.9748254564983888,0,1.0,1.0,0.9748254564983888,1.0,0.9911889097744361,1,,3419
234524,processed\features\234524_features.csv,931,15,931,0.9748254564983888,0,1.0,1.0,0.9748254564983888,1.0,0.9911889097744361,1,,3420
23815,processed\features\23815_features.csv,931,15,931,0.9748254564983888,0,1.0,1.0,0.9748254564983888,1.0,0.9911889097744361,1,,3421
245575,processed\features\245575_features.csv,931,15,931,0.9748254564983888,0,1.0,1.0,0.9748254564983888,1.0,0.9911889097744361,1,,3422
250276,processed\features\250276_features.csv,931,15,931,0.9748254564983888,0,1.0,1.0,0.9748254564983888,1.0,0.9911889097744361,1,,3423
275369,processed\features\275369_features.csv,931,15,931,0.9748254564983888,0,1.0,1.0,0.9748254564983888,1.0,0.9911889097744361,1,,3424
28864,processed\features\28864_features.csv,931,15,931,0.9748254564983888,0,1.0,1.0,0.9748254564983888,1.0,0.9911889097744361,1,,3425
298000,processed\features\298000_features.csv,931,15,931,0.9748254564983888,0,1.0,1.0,0.9748254564983888,1.0,0.9911889097744361,1,,3426
29872,processed\features\29872_features.csv,931,15,931,0.9748254564983888,0,1.0,1.0,0.9748254564983888,1.0,0.9911889097744361,1,,3427
316535,processed\features\316535_features.csv,931,15,931,0.9748254564983888,0,1.0,1.0,0.9748254564983888,1.0,0.9911889097744361,1,,3428
3172,processed\features\3172_features.csv,931,15,931,0.9748254564983888,0,1.0,1.0,0.9748254564983888,1.0,0.9911889097744361,1,,3429
365613,processed\features\365613_features.csv,931,15,931,0.9748254564983888,0,1.0,1.0,0.9748254564983888,1.0,0.9911889097744361,1,,3430
369724,processed\features\369724_features.csv,931,15,931,0.9748254564983888,0,1.0,1.0,0.9748254564983888,1.0,0.9911889097744361,1,,3431
378196,processed\features\378196_features.csv,931,15,931,0.9748254564983888,0,1.0,1.0,0.9748254564983888,1.0,0.9911889097744361,1,,3432
388578,processed\features\388578_features.csv,931,15,931,0.9748254564983888,0,1.0,1.0,0.9748254564983888,1.0,0.9911889097744361,1,,3433
396177,processed\features\396177_features.csv,931,15,931,0.9748254564983888,0,1.0,1.0,0.9748254564983888,1.0,0.9911889097744361,1,,3434
405244,processed\features\405244_features.csv,931,15,931,0.9748254564983888,0,1.0,1.0,0.9748254564983888,1.0,0.9911889097744361,1,,3435
409645,processed\features\409645_features.csv,931,15,931,0.9748254564983888,0,1.0,1.0,0.9748254564983888,1.0,0.9911889097744361,1,,3436
422546,processed\features\422546_features.csv,931,15,931,0.9748254564983888,0,1.0,1.0,0.9748254564983888,1.0,0.9911889097744361,1,,3437
42927,processed\features\42927_features.csv,931,15,931,0.9748254564983888,0,1.0,1.0,0.9748254564983888,1.0,0.9911889097744361,1,,3438
43126,processed\features\43126_features.csv,931,15,931,0.9748254564983888,0,1.0,1.0,0.9748254564983888,1.0,0.9911889097744361,1,,3439
437300,processed\features\437300_features.csv,931,15,931,0.9748254564983888,0,1.0,1.0,0.9748254564983888,1.0,0.9911889097744361,1,,3440
440740,processed\features\440740_features.csv,931,15,931,0.9748254564983888,0,1.0,1.0,0.9748254564983888,1.0,0.9911889097744361,1,,3441
44317,processed\features\44317_features.csv,931,15,931,0.9748254564983888,0,1.0,1.0,0.9748254564983888,1.0,0.9911889097744361,1,,3442
444410,processed\features\444410_features.csv,931,15,931,0.9748254564983888,0,1.0,1.0,0.9748254564983888,1.0,0.9911889097744361,1,,3443
454295,processed\features\454295_features.csv,931,15,931,0.9748254564983888,0,1.0,1.0,0.9748254564983888,1.0,0.9911889097744361,1,,3444
475146,processed\features\475146_features.csv,931,15,931,0.9748254564983888,0,1.0,1.0,0.9748254564983888,1.0,0.9911889097744361,1,,3445
496171,processed\features\496171_features.csv,931,15,931,0.9748254564983888,0,1.0,1.0,0.9748254564983888,1.0,0.9911889097744361,1,,3446
510205,processed\features\510205_features.csv,931,15,931,0.9748254564983888,0,1.0,1.0,0.9748254564983888,1.0,0.9911889097744361,1,,3447
514583,processed\features\514583_features.csv,931,15,931,0.9748254564983888,0,1.0,1.0,0.9748254564983888,1.0,0.9911889097744361,1,,3448
55396,processed\features\55396_features.csv,931,15,931,0.9748254564983888,0,1.0,1.0,0.9748254564983888,1.0,0.9911889097744361,1,,3449
55796,processed\features\55796_features.csv,931,15,931,0.9748254564983888,0,1.0,1.0,0.9748254564983888,1.0,0.9911889097744361,1,,3450
56666,processed\features\56666_features.csv,931,15,931,0.9748254564983888,0,1.0,1.0,0.9748254564983888,1.0,0.9911889097744361,1,,3451
60121,processed\features\60121_features.csv,931,15,931,0.9748254564983888,0,1.0,1.0,0.9748254564983888,1.0,0.9911889097744361,1,,3452
63853,processed\features\63853_features.csv,931,15,931,0.9748254564983888,0,1.0,1.0,0.9748254564983888,1.0,0.9911889097744361,1,,3453
63922,processed\features\63922_features.csv,931,15,931,0.9748254564983888,0,1.0,1.0,0.9748254564983888,1.0,0.9911889097744361,1,,3454
7362,processed\features\7362_features.csv,931,15,931,0.9748254564983888,0,1.0,1.0,0.9748254564983888,1.0,0.9911889097744361,1,,3455
76390,processed\features\76390_features.csv,931,15,931,0.9748254564983888,0,1.0,1.0,0.9748254564983888,1.0,0.9911889097744361,1,,3456
81708,processed\features\81708_features.csv,931,15,931,0.9748254564983888,0,1.0,1.0,0.9748254564983888,1.0,0.9911889097744361,1,,3457
83091,processed\features\83091_features.csv,931,15,931,0.9748254564983888,0,1.0,1.0,0.9748254564983888,1.0,0.9911889097744361,1,,3458
90996,processed\features\90996_features.csv,931,15,931,0.9748254564983888,0,1.0,1.0,0.9748254564983888,1.0,0.9911889097744361,1,,3459
97499,processed\features\97499_features.csv,931,15,931,0.9748254564983888,0,1.0,1.0,0.9748254564983888,1.0,0.9911889097744361,1,,3460
97580,processed\features\97580_features.csv,931,15,931,0.9748254564983888,0,1.0,1.0,0.9748254564983888,1.0,0.9911889097744361,1,,3461
105616,processed\features\105616_features.csv,930,15,930,0.9747983870967742,0,1.0,1.0,0.9747983870967742,1.0,0.991179435483871,1,,3462
106256,processed\features\106256_features.csv,930,15,930,0.9747983870967742,0,1.0,1.0,0.9747983870967742,1.0,0.991179435483871,1,,3463
107586,processed\features\107586_features.csv,930,15,930,0.9747983870967742,0,1.0,1.0,0.9747983870967742,1.0,0.991179435483871,1,,3464
111598,processed\features\111598_features.csv,930,15,930,0.9747983870967742,0,1.0,1.0,0.9747983870967742,1.0,0.991179435483871,1,,3465
114087,processed\features\114087_features.csv,930,15,930,0.9747983870967742,0,1.0,1.0,0.9747983870967742,1.0,0.991179435483871,1,,3466
122993,processed\features\122993_features.csv,930,15,930,0.9747983870967742,0,1.0,1.0,0.9747983870967742,1.0,0.991179435483871,1,,3467
125643,processed\features\125643_features.csv,930,15,930,0.9747983870967742,0,1.0,1.0,0.9747983870967742,1.0,0.991179435483871,1,,3468
126000,processed\features\126000_features.csv,930,15,930,0.9747983870967742,0,1.0,1.0,0.9747983870967742,1.0,0.991179435483871,1,,3469
128307,processed\features\128307_features.csv,930,15,930,0.9747983870967742,0,1.0,1.0,0.9747983870967742,1.0,0.991179435483871,1,,3470
134994,processed\features\134994_features.csv,930,15,930,0.9747983870967742,0,1.0,1.0,0.9747983870967742,1.0,0.991179435483871,1,,3471
135329,processed\features\135329_features.csv,930,15,930,0.9747983870967742,0,1.0,1.0,0.9747983870967742,1.0,0.991179435483871,1,,3472
14252,processed\features\14252_features.csv,930,15,930,0.9747983870967742,0,1.0,1.0,0.9747983870967742,1.0,0.991179435483871,1,,3473
167633,processed\features\167633_features.csv,930,15,930,0.9747983870967742,0,1.0,1.0,0.9747983870967742,1.0,0.991179435483871,1,,3474
168349,processed\features\168349_features.csv,930,15,930,0.9747983870967742,0,1.0,1.0,0.9747983870967742,1.0,0.991179435483871,1,,3475
16910,processed\features\16910_features.csv,930,15,930,0.9747983870967742,0,1.0,1.0,0.9747983870967742,1.0,0.991179435483871,1,,3476
174516,processed\features\174516_features.csv,930,15,930,0.9747983870967742,0,1.0,1.0,0.9747983870967742,1.0,0.991179435483871,1,,3477
180670,processed\features\180670_features.csv,930,15,930,0.9747983870967742,0,1.0,1.0,0.9747983870967742,1.0,0.991179435483871,1,,3478
181504,processed\features\181504_features.csv,930,15,930,0.9747983870967742,0,1.0,1.0,0.9747983870967742,1.0,0.991179435483871,1,,3479
181934,processed\features\181934_features.csv,930,15,930,0.9747983870967742,0,1.0,1.0,0.9747983870967742,1.0,0.991179435483871,1,,3480
191337,processed\features\191337_features.csv,930,15,930,0.9747983870967742,0,1.0,1.0,0.9747983870967742,1.0,0.991179435483871,1,,3481
198811,processed\features\198811_features.csv,930,15,930,0.9747983870967742,0,1.0,1.0,0.9747983870967742,1.0,0.991179435483871,1,,3482
200390,processed\features\200390_features.csv,930,15,930,0.9747983870967742,0,1.0,1.0,0.9747983870967742,1.0,0.991179435483871,1,,3483
201944,processed\features\201944_features.csv,930,15,930,0.9747983870967742,0,1.0,1.0,0.9747983870967742,1.0,0.991179435483871,1,,3484
207276,processed\features\207276_features.csv,930,15,930,0.9747983870967742,0,1.0,1.0,0.9747983870967742,1.0,0.991179435483871,1,,3485
240760,processed\features\240760_features.csv,930,15,930,0.9747983870967742,0,1.0,1.0,0.9747983870967742,1.0,0.991179435483871,1,,3486
241425,processed\features\241425_features.csv,930,15,930,0.9747983870967742,0,1.0,1.0,0.9747983870967742,1.0,0.991179435483871,1,,3487
259463,processed\features\259463_features.csv,930,15,930,0.9747983870967742,0,1.0,1.0,0.9747983870967742,1.0,0.991179435483871,1,,3488
265069,processed\features\265069_features.csv,930,15,930,0.9747983870967742,0,1.0,1.0,0.9747983870967742,1.0,0.991179435483871,1,,3489
267021,processed\features\267021_features.csv,930,15,930,0.9747983870967742,0,1.0,1.0,0.9747983870967742,1.0,0.991179435483871,1,,3490
268146,processed\features\268146_features.csv,930,15,930,0.9747983870967742,0,1.0,1.0,0.9747983870967742,1.0,0.991179435483871,1,,3491
270904,processed\features\270904_features.csv,930,15,930,0.9747983870967742,0,1.0,1.0,0.9747983870967742,1.0,0.991179435483871,1,,3492
273417,processed\features\273417_features.csv,930,15,930,0.9747983870967742,0,1.0,1.0,0.9747983870967742,1.0,0.991179435483871,1,,3493
286572,processed\features\286572_features.csv,930,15,930,0.9747983870967742,0,1.0,1.0,0.9747983870967742,1.0,0.991179435483871,1,,3494
291754,processed\features\291754_features.csv,930,15,930,0.9747983870967742,0,1.0,1.0,0.9747983870967742,1.0,0.991179435483871,1,,3495
301407,processed\features\301407_features.csv,930,15,930,0.9747983870967742,0,1.0,1.0,0.9747983870967742,1.0,0.991179435483871,1,,3496
307919,processed\features\307919_features.csv,930,15,930,0.9747983870967742,0,1.0,1.0,0.9747983870967742,1.0,0.991179435483871,1,,3497
327639,processed\features\327639_features.csv,930,15,930,0.9747983870967742,0,1.0,1.0,0.9747983870967742,1.0,0.991179435483871,1,,3498
348994,processed\features\348994_features.csv,930,15,930,0.9747983870967742,0,1.0,1.0,0.9747983870967742,1.0,0.991179435483871,1,,3499
378633,processed\features\378633_features.csv,930,15,930,0.9747983870967742,0,1.0,1.0,0.9747983870967742,1.0,0.991179435483871,1,,3500
386037,processed\features\386037_features.csv,930,15,930,0.9747983870967742,0,1.0,1.0,0.9747983870967742,1.0,0.991179435483871,1,,3501
398135,processed\features\398135_features.csv,930,15,930,0.9747983870967742,0,1.0,1.0,0.9747983870967742,1.0,0.991179435483871,1,,3502
40161,processed\features\40161_features.csv,930,15,930,0.9747983870967742,0,1.0,1.0,0.9747983870967742,1.0,0.991179435483871,1,,3503
409335,processed\features\409335_features.csv,930,15,930,0.9747983870967742,0,1.0,1.0,0.9747983870967742,1.0,0.991179435483871,1,,3504
40985,processed\features\40985_features.csv,930,15,930,0.9747983870967742,0,1.0,1.0,0.9747983870967742,1.0,0.991179435483871,1,,3505
415955,processed\features\415955_features.csv,930,15,930,0.9747983870967742,0,1.0,1.0,0.9747983870967742,1.0,0.991179435483871,1,,3506
42300,processed\features\42300_features.csv,930,15,930,0.9747983870967742,0,1.0,1.0,0.9747983870967742,1.0,0.991179435483871,1,,3507
426641,processed\features\426641_features.csv,930,15,930,0.9747983870967742,0,1.0,1.0,0.9747983870967742,1.0,0.991179435483871,1,,3508
429345,processed\features\429345_features.csv,930,15,930,0.9747983870967742,0,1.0,1.0,0.9747983870967742,1.0,0.991179435483871,1,,3509
464133,processed\features\464133_features.csv,930,15,930,0.9747983870967742,0,1.0,1.0,0.9747983870967742,1.0,0.991179435483871,1,,3510
46428,processed\features\46428_features.csv,930,15,930,0.9747983870967742,0,1.0,1.0,0.9747983870967742,1.0,0.991179435483871,1,,3511
468585,processed\features\468585_features.csv,930,15,930,0.9747983870967742,0,1.0,1.0,0.9747983870967742,1.0,0.991179435483871,1,,3512
474833,processed\features\474833_features.csv,930,15,930,0.9747983870967742,0,1.0,1.0,0.9747983870967742,1.0,0.991179435483871,1,,3513
481168,processed\features\481168_features.csv,930,15,930,0.9747983870967742,0,1.0,1.0,0.9747983870967742,1.0,0.991179435483871,1,,3514
57081,processed\features\57081_features.csv,930,15,930,0.9747983870967742,0,1.0,1.0,0.9747983870967742,1.0,0.991179435483871,1,,3515
70837,processed\features\70837_features.csv,930,15,930,0.9747983870967742,0,1.0,1.0,0.9747983870967742,1.0,0.991179435483871,1,,3516
136394,processed\features\136394_features.csv,929,15,929,0.9747712594187298,0,1.0,1.0,0.9747712594187298,1.0,0.9911699407965554,1,,3517
156849,processed\features\156849_features.csv,929,15,929,0.9747712594187298,0,1.0,1.0,0.9747712594187298,1.0,0.9911699407965554,1,,3518
172010,processed\features\172010_features.csv,929,15,929,0.9747712594187298,0,1.0,1.0,0.9747712594187298,1.0,0.9911699407965554,1,,3519
175222,processed\features\175222_features.csv,929,15,929,0.9747712594187298,0,1.0,1.0,0.9747712594187298,1.0,0.9911699407965554,1,,3520
179953,processed\features\179953_features.csv,929,15,929,0.9747712594187298,0,1.0,1.0,0.9747712594187298,1.0,0.9911699407965554,1,,3521
183081,processed\features\183081_features.csv,929,15,929,0.9747712594187298,0,1.0,1.0,0.9747712594187298,1.0,0.9911699407965554,1,,3522
188519,processed\features\188519_features.csv,929,15,929,0.9747712594187298,0,1.0,1.0,0.9747712594187298,1.0,0.9911699407965554,1,,3523
190598,processed\features\190598_features.csv,929,15,929,0.9747712594187298,0,1.0,1.0,0.9747712594187298,1.0,0.9911699407965554,1,,3524
201792,processed\features\201792_features.csv,929,15,929,0.9747712594187298,0,1.0,1.0,0.9747712594187298,1.0,0.9911699407965554,1,,3525
203291,processed\features\203291_features.csv,929,15,929,0.9747712594187298,0,1.0,1.0,0.9747712594187298,1.0,0.9911699407965554,1,,3526
203626,processed\features\203626_features.csv,929,15,929,0.9747712594187298,0,1.0,1.0,0.9747712594187298,1.0,0.9911699407965554,1,,3527
210298,processed\features\210298_features.csv,929,15,929,0.9747712594187298,0,1.0,1.0,0.9747712594187298,1.0,0.9911699407965554,1,,3528
234626,processed\features\234626_features.csv,929,15,929,0.9747712594187298,0,1.0,1.0,0.9747712594187298,1.0,0.9911699407965554,1,,3529
247487,processed\features\247487_features.csv,929,15,929,0.9747712594187298,0,1.0,1.0,0.9747712594187298,1.0,0.9911699407965554,1,,3530
252474,processed\features\252474_features.csv,929,15,929,0.9747712594187298,0,1.0,1.0,0.9747712594187298,1.0,0.9911699407965554,1,,3531
254017,processed\features\254017_features.csv,929,15,929,0.9747712594187298,0,1.0,1.0,0.9747712594187298,1.0,0.9911699407965554,1,,3532
26034,processed\features\26034_features.csv,929,15,929,0.9747712594187298,0,1.0,1.0,0.9747712594187298,1.0,0.9911699407965554,1,,3533
265254,processed\features\265254_features.csv,929,15,929,0.9747712594187298,0,1.0,1.0,0.9747712594187298,1.0,0.9911699407965554,1,,3534
269128,processed\features\269128_features.csv,929,15,929,0.9747712594187298,0,1.0,1.0,0.9747712594187298,1.0,0.9911699407965554,1,,3535
271374,processed\features\271374_features.csv,929,15,929,0.9747712594187298,0,1.0,1.0,0.9747712594187298,1.0,0.9911699407965554,1,,3536
277684,processed\features\277684_features.csv,929,15,929,0.9747712594187298,0,1.0,1.0,0.9747712594187298,1.0,0.9911699407965554,1,,3537
284613,processed\features\284613_features.csv,929,15,929,0.9747712594187298,0,1.0,1.0,0.9747712594187298,1.0,0.9911699407965554,1,,3538
288028,processed\features\288028_features.csv,929,15,929,0.9747712594187298,0,1.0,1.0,0.9747712594187298,1.0,0.9911699407965554,1,,3539
290017,processed\features\290017_features.csv,929,15,929,0.9747712594187298,0,1.0,1.0,0.9747712594187298,1.0,0.9911699407965554,1,,3540
299628,processed\features\299628_features.csv,929,15,929,0.9747712594187298,0,1.0,1.0,0.9747712594187298,1.0,0.9911699407965554,1,,3541
300656,processed\features\300656_features.csv,929,15,929,0.9747712594187298,0,1.0,1.0,0.9747712594187298,1.0,0.9911699407965554,1,,3542
30270,processed\features\30270_features.csv,929,15,929,0.9747712594187298,0,1.0,1.0,0.9747712594187298,1.0,0.9911699407965554,1,,3543
311606,processed\features\311606_features.csv,929,15,929,0.9747712594187298,0,1.0,1.0,0.9747712594187298,1.0,0.9911699407965554,1,,3544
313459,processed\features\313459_features.csv,929,15,929,0.9747712594187298,0,1.0,1.0,0.9747712594187298,1.0,0.9911699407965554,1,,3545
315635,processed\features\315635_features.csv,929,15,929,0.9747712594187298,0,1.0,1.0,0.9747712594187298,1.0,0.9911699407965554,1,,3546
323338,processed\features\323338_features.csv,929,15,929,0.9747712594187298,0,1.0,1.0,0.9747712594187298,1.0,0.9911699407965554,1,,3547
324056,processed\features\324056_features.csv,929,15,929,0.9747712594187298,0,1.0,1.0,0.9747712594187298,1.0,0.9911699407965554,1,,3548
337406,processed\features\337406_features.csv,929,15,929,0.9747712594187298,0,1.0,1.0,0.9747712594187298,1.0,0.9911699407965554,1,,3549
343274,processed\features\343274_features.csv,929,15,929,0.9747712594187298,0,1.0,1.0,0.9747712594187298,1.0,0.9911699407965554,1,,3550
344112,processed\features\344112_features.csv,929,15,929,0.9747712594187298,0,1.0,1.0,0.9747712594187298,1.0,0.9911699407965554,1,,3551
345351,processed\features\345351_features.csv,929,15,929,0.9747712594187298,0,1.0,1.0,0.9747712594187298,1.0,0.9911699407965554,1,,3552
345979,processed\features\345979_features.csv,929,15,929,0.9747712594187298,0,1.0,1.0,0.9747712594187298,1.0,0.9911699407965554,1,,3553
35593,processed\features\35593_features.csv,929,15,929,0.9747712594187298,0,1.0,1.0,0.9747712594187298,1.0,0.9911699407965554,1,,3554
363639,processed\features\363639_features.csv,929,15,929,0.9747712594187298,0,1.0,1.0,0.9747712594187298,1.0,0.9911699407965554,1,,3555
372315,processed\features\372315_features.csv,929,15,929,0.9747712594187298,0,1.0,1.0,0.9747712594187298,1.0,0.9911699407965554,1,,3556
380564,processed\features\380564_features.csv,929,15,929,0.9747712594187298,0,1.0,1.0,0.9747712594187298,1.0,0.9911699407965554,1,,3557
38633,processed\features\38633_features.csv,929,15,929,0.9747712594187298,0,1.0,1.0,0.9747712594187298,1.0,0.9911699407965554,1,,3558
397456,processed\features\397456_features.csv,929,15,929,0.9747712594187298,0,1.0,1.0,0.9747712594187298,1.0,0.9911699407965554,1,,3559
400295,processed\features\400295_features.csv,929,15,929,0.9747712594187298,0,1.0,1.0,0.9747712594187298,1.0,0.9911699407965554,1,,3560
406476,processed\features\406476_features.csv,929,15,929,0.9747712594187298,0,1.0,1.0,0.9747712594187298,1.0,0.9911699407965554,1,,3561
416845,processed\features\416845_features.csv,929,15,929,0.9747712594187298,0,1.0,1.0,0.9747712594187298,1.0,0.9911699407965554,1,,3562
417123,processed\features\417123_features.csv,929,15,929,0.9747712594187298,0,1.0,1.0,0.9747712594187298,1.0,0.9911699407965554,1,,3563
422441,processed\features\422441_features.csv,929,15,929,0.9747712594187298,0,1.0,1.0,0.9747712594187298,1.0,0.9911699407965554,1,,3564
422601,processed\features\422601_features.csv,929,15,929,0.9747712594187298,0,1.0,1.0,0.9747712594187298,1.0,0.9911699407965554,1,,3565
428786,processed\features\428786_features.csv,929,15,929,0.9747712594187298,0,1.0,1.0,0.9747712594187298,1.0,0.9911699407965554,1,,3566
448302,processed\features\448302_features.csv,929,15,929,0.9747712594187298,0,1.0,1.0,0.9747712594187298,1.0,0.9911699407965554,1,,3567
458452,processed\features\458452_features.csv,929,15,929,0.9747712594187298,0,1.0,1.0,0.9747712594187298,1.0,0.9911699407965554,1,,3568
483502,processed\features\483502_features.csv,929,15,929,0.9747712594187298,0,1.0,1.0,0.9747712594187298,1.0,0.9911699407965554,1,,3569
485959,processed\features\485959_features.csv,929,15,929,0.9747712594187298,0,1.0,1.0,0.9747712594187298,1.0,0.9911699407965554,1,,3570
486645,processed\features\486645_features.csv,929,15,929,0.9747712594187298,0,1.0,1.0,0.9747712594187298,1.0,0.9911699407965554,1,,3571
487365,processed\features\487365_features.csv,929,15,929,0.9747712594187298,0,1.0,1.0,0.9747712594187298,1.0,0.9911699407965554,1,,3572
490718,processed\features\490718_features.csv,929,15,929,0.9747712594187298,0,1.0,1.0,0.9747712594187298,1.0,0.9911699407965554,1,,3573
491845,processed\features\491845_features.csv,929,15,929,0.9747712594187298,0,1.0,1.0,0.9747712594187298,1.0,0.9911699407965554,1,,3574
494211,processed\features\494211_features.csv,929,15,929,0.9747712594187298,0,1.0,1.0,0.9747712594187298,1.0,0.9911699407965554,1,,3575
499652,processed\features\499652_features.csv,929,15,929,0.9747712594187298,0,1.0,1.0,0.9747712594187298,1.0,0.9911699407965554,1,,3576
50817,processed\features\50817_features.csv,929,15,929,0.9747712594187298,0,1.0,1.0,0.9747712594187298,1.0,0.9911699407965554,1,,3577
74276,processed\features\74276_features.csv,929,15,929,0.9747712594187298,0,1.0,1.0,0.9747712594187298,1.0,0.9911699407965554,1,,3578
75380,processed\features\75380_features.csv,929,15,929,0.9747712594187298,0,1.0,1.0,0.9747712594187298,1.0,0.9911699407965554,1,,3579
79274,processed\features\79274_features.csv,929,15,929,0.9747712594187298,0,1.0,1.0,0.9747712594187298,1.0,0.9911699407965554,1,,3580
79517,processed\features\79517_features.csv,929,15,929,0.9747712594187298,0,1.0,1.0,0.9747712594187298,1.0,0.9911699407965554,1,,3581
79734,processed\features\79734_features.csv,929,15,929,0.9747712594187298,0,1.0,1.0,0.9747712594187298,1.0,0.9911699407965554,1,,3582
86140,processed\features\86140_features.csv,929,15,929,0.9747712594187298,0,1.0,1.0,0.9747712594187298,1.0,0.9911699407965554,1,,3583
8891,processed\features\8891_features.csv,929,15,929,0.9747712594187298,0,1.0,1.0,0.9747712594187298,1.0,0.9911699407965554,1,,3584
90357,processed\features\90357_features.csv,929,15,929,0.9747712594187298,0,1.0,1.0,0.9747712594187298,1.0,0.9911699407965554,1,,3585
95414,processed\features\95414_features.csv,929,15,929,0.9747712594187298,0,1.0,1.0,0.9747712594187298,1.0,0.9911699407965554,1,,3586
98657,processed\features\98657_features.csv,929,15,929,0.9747712594187298,0,1.0,1.0,0.9747712594187298,1.0,0.9911699407965554,1,,3587
100576,processed\features\100576_features.csv,928,15,928,0.9747440732758621,0,1.0,1.0,0.9747440732758621,1.0,0.9911604256465517,1,,3588
109179,processed\features\109179_features.csv,928,15,928,0.9747440732758621,0,1.0,1.0,0.9747440732758621,1.0,0.9911604256465517,1,,3589
115345,processed\features\115345_features.csv,928,15,928,0.9747440732758621,0,1.0,1.0,0.9747440732758621,1.0,0.9911604256465517,1,,3590
123493,processed\features\123493_features.csv,928,15,928,0.9747440732758621,0,1.0,1.0,0.9747440732758621,1.0,0.9911604256465517,1,,3591
138488,processed\features\138488_features.csv,928,15,928,0.9747440732758621,0,1.0,1.0,0.9747440732758621,1.0,0.9911604256465517,1,,3592
143420,processed\features\143420_features.csv,928,15,928,0.9747440732758621,0,1.0,1.0,0.9747440732758621,1.0,0.9911604256465517,1,,3593
150474,processed\features\150474_features.csv,928,15,928,0.9747440732758621,0,1.0,1.0,0.9747440732758621,1.0,0.9911604256465517,1,,3594
155652,processed\features\155652_features.csv,928,15,928,0.9747440732758621,0,1.0,1.0,0.9747440732758621,1.0,0.9911604256465517,1,,3595
159072,processed\features\159072_features.csv,928,15,928,0.9747440732758621,0,1.0,1.0,0.9747440732758621,1.0,0.9911604256465517,1,,3596
160440,processed\features\160440_features.csv,928,15,928,0.9747440732758621,0,1.0,1.0,0.9747440732758621,1.0,0.9911604256465517,1,,3597
169331,processed\features\169331_features.csv,928,15,928,0.9747440732758621,0,1.0,1.0,0.9747440732758621,1.0,0.9911604256465517,1,,3598
179795,processed\features\179795_features.csv,928,15,928,0.9747440732758621,0,1.0,1.0,0.9747440732758621,1.0,0.9911604256465517,1,,3599
180811,processed\features\180811_features.csv,928,15,928,0.9747440732758621,0,1.0,1.0,0.9747440732758621,1.0,0.9911604256465517,1,,3600
193849,processed\features\193849_features.csv,928,15,928,0.9747440732758621,0,1.0,1.0,0.9747440732758621,1.0,0.9911604256465517,1,,3601
201505,processed\features\201505_features.csv,928,15,928,0.9747440732758621,0,1.0,1.0,0.9747440732758621,1.0,0.9911604256465517,1,,3602
204970,processed\features\204970_features.csv,928,15,928,0.9747440732758621,0,1.0,1.0,0.9747440732758621,1.0,0.9911604256465517,1,,3603
206787,processed\features\206787_features.csv,928,15,928,0.9747440732758621,0,1.0,1.0,0.9747440732758621,1.0,0.9911604256465517,1,,3604
207268,processed\features\207268_features.csv,928,15,928,0.9747440732758621,0,1.0,1.0,0.9747440732758621,1.0,0.9911604256465517,1,,3605
207274,processed\features\207274_features.csv,928,15,928,0.9747440732758621,0,1.0,1.0,0.9747440732758621,1.0,0.9911604256465517,1,,3606
215494,processed\features\215494_features.csv,928,15,928,0.9747440732758621,0,1.0,1.0,0.9747440732758621,1.0,0.9911604256465517,1,,3607
22066,processed\features\22066_features.csv,928,15,928,0.9747440732758621,0,1.0,1.0,0.9747440732758621,1.0,0.9911604256465517,1,,3608
230155,processed\features\230155_features.csv,928,15,928,0.9747440732758621,0,1.0,1.0,0.9747440732758621,1.0,0.9911604256465517,1,,3609
235731,processed\features\235731_features.csv,928,15,928,0.9747440732758621,0,1.0,1.0,0.9747440732758621,1.0,0.9911604256465517,1,,3610
237608,processed\features\237608_features.csv,928,15,928,0.9747440732758621,0,1.0,1.0,0.9747440732758621,1.0,0.9911604256465517,1,,3611
250429,processed\features\250429_features.csv,928,15,928,0.9747440732758621,0,1.0,1.0,0.9747440732758621,1.0,0.9911604256465517,1,,3612
251516,processed\features\251516_features.csv,928,15,928,0.9747440732758621,0,1.0,1.0,0.9747440732758621,1.0,0.9911604256465517,1,,3613
258779,processed\features\258779_features.csv,928,15,928,0.9747440732758621,0,1.0,1.0,0.9747440732758621,1.0,0.9911604256465517,1,,3614
261585,processed\features\261585_features.csv,928,15,928,0.9747440732758621,0,1.0,1.0,0.9747440732758621,1.0,0.9911604256465517,1,,3615
267144,processed\features\267144_features.csv,928,15,928,0.9747440732758621,0,1.0,1.0,0.9747440732758621,1.0,0.9911604256465517,1,,3616
280648,processed\features\280648_features.csv,928,15,928,0.9747440732758621,0,1.0,1.0,0.9747440732758621,1.0,0.9911604256465517,1,,3617
282382,processed\features\282382_features.csv,928,15,928,0.9747440732758621,0,1.0,1.0,0.9747440732758621,1.0,0.9911604256465517,1,,3618
283757,processed\features\283757_features.csv,928,15,928,0.9747440732758621,0,1.0,1.0,0.9747440732758621,1.0,0.9911604256465517,1,,3619
287962,processed\features\287962_features.csv,928,15,928,0.9747440732758621,0,1.0,1.0,0.9747440732758621,1.0,0.9911604256465517,1,,3620
304659,processed\features\304659_features.csv,928,15,928,0.9747440732758621,0,1.0,1.0,0.9747440732758621,1.0,0.9911604256465517,1,,3621
325250,processed\features\325250_features.csv,928,15,928,0.9747440732758621,0,1.0,1.0,0.9747440732758621,1.0,0.9911604256465517,1,,3622
333964,processed\features\333964_features.csv,928,15,928,0.9747440732758621,0,1.0,1.0,0.9747440732758621,1.0,0.9911604256465517,1,,3623
335195,processed\features\335195_features.csv,928,15,928,0.9747440732758621,0,1.0,1.0,0.9747440732758621,1.0,0.9911604256465517,1,,3624
337181,processed\features\337181_features.csv,928,15,928,0.9747440732758621,0,1.0,1.0,0.9747440732758621,1.0,0.9911604256465517,1,,3625
347286,processed\features\347286_features.csv,928,15,928,0.9747440732758621,0,1.0,1.0,0.9747440732758621,1.0,0.9911604256465517,1,,3626
357202,processed\features\357202_features.csv,928,15,928,0.9747440732758621,0,1.0,1.0,0.9747440732758621,1.0,0.9911604256465517,1,,3627
358178,processed\features\358178_features.csv,928,15,928,0.9747440732758621,0,1.0,1.0,0.9747440732758621,1.0,0.9911604256465517,1,,3628
375849,processed\features\375849_features.csv,928,15,928,0.9747440732758621,0,1.0,1.0,0.9747440732758621,1.0,0.9911604256465517,1,,3629
38944,processed\features\38944_features.csv,928,15,928,0.9747440732758621,0,1.0,1.0,0.9747440732758621,1.0,0.9911604256465517,1,,3630
3910,processed\features\3910_features.csv,928,15,928,0.9747440732758621,0,1.0,1.0,0.9747440732758621,1.0,0.9911604256465517,1,,3631
397710,processed\features\397710_features.csv,928,15,928,0.9747440732758621,0,1.0,1.0,0.9747440732758621,1.0,0.9911604256465517,1,,3632
406258,processed\features\406258_features.csv,928,15,928,0.9747440732758621,0,1.0,1.0,0.9747440732758621,1.0,0.9911604256465517,1,,3633
410401,processed\features\410401_features.csv,928,15,928,0.9747440732758621,0,1.0,1.0,0.9747440732758621,1.0,0.9911604256465517,1,,3634
415083,processed\features\415083_features.csv,928,15,928,0.9747440732758621,0,1.0,1.0,0.9747440732758621,1.0,0.9911604256465517,1,,3635
418940,processed\features\418940_features.csv,928,15,928,0.9747440732758621,0,1.0,1.0,0.9747440732758621,1.0,0.9911604256465517,1,,3636
444660,processed\features\444660_features.csv,928,15,928,0.9747440732758621,0,1.0,1.0,0.9747440732758621,1.0,0.9911604256465517,1,,3637
445720,processed\features\445720_features.csv,928,15,928,0.9747440732758621,0,1.0,1.0,0.9747440732758621,1.0,0.9911604256465517,1,,3638
449272,processed\features\449272_features.csv,928,15,928,0.9747440732758621,0,1.0,1.0,0.9747440732758621,1.0,0.9911604256465517,1,,3639
487700,processed\features\487700_features.csv,928,15,928,0.9747440732758621,0,1.0,1.0,0.9747440732758621,1.0,0.9911604256465517,1,,3640
503970,processed\features\503970_features.csv,928,15,928,0.9747440732758621,0,1.0,1.0,0.9747440732758621,1.0,0.9911604256465517,1,,3641
504430,processed\features\504430_features.csv,928,15,928,0.9747440732758621,0,1.0,1.0,0.9747440732758621,1.0,0.9911604256465517,1,,3642
508957,processed\features\508957_features.csv,928,15,928,0.9747440732758621,0,1.0,1.0,0.9747440732758621,1.0,0.9911604256465517,1,,3643
513111,processed\features\513111_features.csv,928,15,928,0.9747440732758621,0,1.0,1.0,0.9747440732758621,1.0,0.9911604256465517,1,,3644
517287,processed\features\517287_features.csv,928,15,928,0.9747440732758621,0,1.0,1.0,0.9747440732758621,1.0,0.9911604256465517,1,,3645
5207,processed\features\5207_features.csv,928,15,928,0.9747440732758621,0,1.0,1.0,0.9747440732758621,1.0,0.9911604256465517,1,,3646
54005,processed\features\54005_features.csv,928,15,928,0.9747440732758621,0,1.0,1.0,0.9747440732758621,1.0,0.9911604256465517,1,,3647
58108,processed\features\58108_features.csv,928,15,928,0.9747440732758621,0,1.0,1.0,0.9747440732758621,1.0,0.9911604256465517,1,,3648
61245,processed\features\61245_features.csv,928,15,928,0.9747440732758621,0,1.0,1.0,0.9747440732758621,1.0,0.9911604256465517,1,,3649
63264,processed\features\63264_features.csv,928,15,928,0.9747440732758621,0,1.0,1.0,0.9747440732758621,1.0,0.9911604256465517,1,,3650
67884,processed\features\67884_features.csv,928,15,928,0.9747440732758621,0,1.0,1.0,0.9747440732758621,1.0,0.9911604256465517,1,,3651
69998,processed\features\69998_features.csv,928,15,928,0.9747440732758621,0,1.0,1.0,0.9747440732758621,1.0,0.9911604256465517,1,,3652
72892,processed\features\72892_features.csv,928,15,928,0.9747440732758621,0,1.0,1.0,0.9747440732758621,1.0,0.9911604256465517,1,,3653
73370,processed\features\73370_features.csv,928,15,928,0.9747440732758621,0,1.0,1.0,0.9747440732758621,1.0,0.9911604256465517,1,,3654
73382,processed\features\73382_features.csv,928,15,928,0.9747440732758621,0,1.0,1.0,0.9747440732758621,1.0,0.9911604256465517,1,,3655
75767,processed\features\75767_features.csv,928,15,928,0.9747440732758621,0,1.0,1.0,0.9747440732758621,1.0,0.9911604256465517,1,,3656
85505,processed\features\85505_features.csv,928,15,928,0.9747440732758621,0,1.0,1.0,0.9747440732758621,1.0,0.9911604256465517,1,,3657
90322,processed\features\90322_features.csv,928,15,928,0.9747440732758621,0,1.0,1.0,0.9747440732758621,1.0,0.9911604256465517,1,,3658
109123,processed\features\109123_features.csv,927,15,927,0.9747168284789643,0,1.0,1.0,0.9747168284789643,1.0,0.9911508899676374,1,,3659
125358,processed\features\125358_features.csv,927,15,927,0.9747168284789643,0,1.0,1.0,0.9747168284789643,1.0,0.9911508899676374,1,,3660
148368,processed\features\148368_features.csv,927,15,927,0.9747168284789643,0,1.0,1.0,0.9747168284789643,1.0,0.9911508899676374,1,,3661
152978,processed\features\152978_features.csv,927,15,927,0.9747168284789643,0,1.0,1.0,0.9747168284789643,1.0,0.9911508899676374,1,,3662
157266,processed\features\157266_features.csv,927,15,927,0.9747168284789643,0,1.0,1.0,0.9747168284789643,1.0,0.9911508899676374,1,,3663
157459,processed\features\157459_features.csv,927,15,927,0.9747168284789643,0,1.0,1.0,0.9747168284789643,1.0,0.9911508899676374,1,,3664
167268,processed\features\167268_features.csv,927,15,927,0.9747168284789643,0,1.0,1.0,0.9747168284789643,1.0,0.9911508899676374,1,,3665
170292,processed\features\170292_features.csv,927,15,927,0.9747168284789643,0,1.0,1.0,0.9747168284789643,1.0,0.9911508899676374,1,,3666
177557,processed\features\177557_features.csv,927,15,927,0.9747168284789643,0,1.0,1.0,0.9747168284789643,1.0,0.9911508899676374,1,,3667
182212,processed\features\182212_features.csv,927,15,927,0.9747168284789643,0,1.0,1.0,0.9747168284789643,1.0,0.9911508899676374,1,,3668
208673,processed\features\208673_features.csv,927,15,927,0.9747168284789643,0,1.0,1.0,0.9747168284789643,1.0,0.9911508899676374,1,,3669
21132,processed\features\21132_features.csv,927,15,927,0.9747168284789643,0,1.0,1.0,0.9747168284789643,1.0,0.9911508899676374,1,,3670
216499,processed\features\216499_features.csv,927,15,927,0.9747168284789643,0,1.0,1.0,0.9747168284789643,1.0,0.9911508899676374,1,,3671
226164,processed\features\226164_features.csv,927,15,927,0.9747168284789643,0,1.0,1.0,0.9747168284789643,1.0,0.9911508899676374,1,,3672
232081,processed\features\232081_features.csv,927,15,927,0.9747168284789643,0,1.0,1.0,0.9747168284789643,1.0,0.9911508899676374,1,,3673
250504,processed\features\250504_features.csv,927,15,927,0.9747168284789643,0,1.0,1.0,0.9747168284789643,1.0,0.9911508899676374,1,,3674
251306,processed\features\251306_features.csv,927,15,927,0.9747168284789643,0,1.0,1.0,0.9747168284789643,1.0,0.9911508899676374,1,,3675
262087,processed\features\262087_features.csv,927,15,927,0.9747168284789643,0,1.0,1.0,0.9747168284789643,1.0,0.9911508899676374,1,,3676
264621,processed\features\264621_features.csv,927,15,927,0.9747168284789643,0,1.0,1.0,0.9747168284789643,1.0,0.9911508899676374,1,,3677
266203,processed\features\266203_features.csv,927,15,927,0.9747168284789643,0,1.0,1.0,0.9747168284789643,1.0,0.9911508899676374,1,,3678
272886,processed\features\272886_features.csv,927,15,927,0.9747168284789643,0,1.0,1.0,0.9747168284789643,1.0,0.9911508899676374,1,,3679
275538,processed\features\275538_features.csv,927,15,927,0.9747168284789643,0,1.0,1.0,0.9747168284789643,1.0,0.9911508899676374,1,,3680
291783,processed\features\291783_features.csv,927,15,927,0.9747168284789643,0,1.0,1.0,0.9747168284789643,1.0,0.9911508899676374,1,,3681
291984,processed\features\291984_features.csv,927,15,927,0.9747168284789643,0,1.0,1.0,0.9747168284789643,1.0,0.9911508899676374,1,,3682
303205,processed\features\303205_features.csv,927,15,927,0.9747168284789643,0,1.0,1.0,0.9747168284789643,1.0,0.9911508899676374,1,,3683
3051,processed\features\3051_features.csv,927,15,927,0.9747168284789643,0,1.0,1.0,0.9747168284789643,1.0,0.9911508899676374,1,,3684
320352,processed\features\320352_features.csv,927,15,927,0.9747168284789643,0,1.0,1.0,0.9747168284789643,1.0,0.9911508899676374,1,,3685
327233,processed\features\327233_features.csv,927,15,927,0.9747168284789643,0,1.0,1.0,0.9747168284789643,1.0,0.9911508899676374,1,,3686
33372,processed\features\33372_features.csv,927,15,927,0.9747168284789643,0,1.0,1.0,0.9747168284789643,1.0,0.9911508899676374,1,,3687
335319,processed\features\335319_features.csv,927,15,927,0.9747168284789643,0,1.0,1.0,0.9747168284789643,1.0,0.9911508899676374,1,,3688
338999,processed\features\338999_features.csv,927,15,927,0.9747168284789643,0,1.0,1.0,0.9747168284789643,1.0,0.9911508899676374,1,,3689
340108,processed\features\340108_features.csv,927,15,927,0.9747168284789643,0,1.0,1.0,0.9747168284789643,1.0,0.9911508899676374,1,,3690
353572,processed\features\353572_features.csv,927,15,927,0.9747168284789643,0,1.0,1.0,0.9747168284789643,1.0,0.9911508899676374,1,,3691
358054,processed\features\358054_features.csv,927,15,927,0.9747168284789643,0,1.0,1.0,0.9747168284789643,1.0,0.9911508899676374,1,,3692
365110,processed\features\365110_features.csv,927,15,927,0.9747168284789643,0,1.0,1.0,0.9747168284789643,1.0,0.9911508899676374,1,,3693
369121,processed\features\369121_features.csv,927,15,927,0.9747168284789643,0,1.0,1.0,0.9747168284789643,1.0,0.9911508899676374,1,,3694
377787,processed\features\377787_features.csv,927,15,927,0.9747168284789643,0,1.0,1.0,0.9747168284789643,1.0,0.9911508899676374,1,,3695
380808,processed\features\380808_features.csv,927,15,927,0.9747168284789643,0,1.0,1.0,0.9747168284789643,1.0,0.9911508899676374,1,,3696
389944,processed\features\389944_features.csv,927,15,927,0.9747168284789643,0,1.0,1.0,0.9747168284789643,1.0,0.9911508899676374,1,,3697
400235,processed\features\400235_features.csv,927,15,927,0.9747168284789643,0,1.0,1.0,0.9747168284789643,1.0,0.9911508899676374,1,,3698
421499,processed\features\421499_features.csv,927,15,927,0.9747168284789643,0,1.0,1.0,0.9747168284789643,1.0,0.9911508899676374,1,,3699
428809,processed\features\428809_features.csv,927,15,927,0.9747168284789643,0,1.0,1.0,0.9747168284789643,1.0,0.9911508899676374,1,,3700
432940,processed\features\432940_features.csv,927,15,927,0.9747168284789643,0,1.0,1.0,0.9747168284789643,1.0,0.9911508899676374,1,,3701
436996,processed\features\436996_features.csv,927,15,927,0.9747168284789643,0,1.0,1.0,0.9747168284789643,1.0,0.9911508899676374,1,,3702
450108,processed\features\450108_features.csv,927,15,927,0.9747168284789643,0,1.0,1.0,0.9747168284789643,1.0,0.9911508899676374,1,,3703
452644,processed\features\452644_features.csv,927,15,927,0.9747168284789643,0,1.0,1.0,0.9747168284789643,1.0,0.9911508899676374,1,,3704
453395,processed\features\453395_features.csv,927,15,927,0.9747168284789643,0,1.0,1.0,0.9747168284789643,1.0,0.9911508899676374,1,,3705
455297,processed\features\455297_features.csv,927,15,927,0.9747168284789643,0,1.0,1.0,0.9747168284789643,1.0,0.9911508899676374,1,,3706
463649,processed\features\463649_features.csv,927,15,927,0.9747168284789643,0,1.0,1.0,0.9747168284789643,1.0,0.9911508899676374,1,,3707
464471,processed\features\464471_features.csv,927,15,927,0.9747168284789643,0,1.0,1.0,0.9747168284789643,1.0,0.9911508899676374,1,,3708
465051,processed\features\465051_features.csv,927,15,927,0.9747168284789643,0,1.0,1.0,0.9747168284789643,1.0,0.9911508899676374,1,,3709
465090,processed\features\465090_features.csv,927,15,927,0.9747168284789643,0,1.0,1.0,0.9747168284789643,1.0,0.9911508899676374,1,,3710
487326,processed\features\487326_features.csv,927,15,927,0.9747168284789643,0,1.0,1.0,0.9747168284789643,1.0,0.9911508899676374,1,,3711
495116,processed\features\495116_features.csv,927,15,927,0.9747168284789643,0,1.0,1.0,0.9747168284789643,1.0,0.9911508899676374,1,,3712
498552,processed\features\498552_features.csv,927,15,927,0.9747168284789643,0,1.0,1.0,0.9747168284789643,1.0,0.9911508899676374,1,,3713
499584,processed\features\499584_features.csv,927,15,927,0.9747168284789643,0,1.0,1.0,0.9747168284789643,1.0,0.9911508899676374,1,,3714
500470,processed\features\500470_features.csv,927,15,927,0.9747168284789643,0,1.0,1.0,0.9747168284789643,1.0,0.9911508899676374,1,,3715
500621,processed\features\500621_features.csv,927,15,927,0.9747168284789643,0,1.0,1.0,0.9747168284789643,1.0,0.9911508899676374,1,,3716
504028,processed\features\504028_features.csv,927,15,927,0.9747168284789643,0,1.0,1.0,0.9747168284789643,1.0,0.9911508899676374,1,,3717
53234,processed\features\53234_features.csv,927,15,927,0.9747168284789643,0,1.0,1.0,0.9747168284789643,1.0,0.9911508899676374,1,,3718
56287,processed\features\56287_features.csv,927,15,927,0.9747168284789643,0,1.0,1.0,0.9747168284789643,1.0,0.9911508899676374,1,,3719
65778,processed\features\65778_features.csv,927,15,927,0.9747168284789643,0,1.0,1.0,0.9747168284789643,1.0,0.9911508899676374,1,,3720
77241,processed\features\77241_features.csv,927,15,927,0.9747168284789643,0,1.0,1.0,0.9747168284789643,1.0,0.9911508899676374,1,,3721
77290,processed\features\77290_features.csv,927,15,927,0.9747168284789643,0,1.0,1.0,0.9747168284789643,1.0,0.9911508899676374,1,,3722
79430,processed\features\79430_features.csv,927,15,927,0.9747168284789643,0,1.0,1.0,0.9747168284789643,1.0,0.9911508899676374,1,,3723
84046,processed\features\84046_features.csv,927,15,927,0.9747168284789643,0,1.0,1.0,0.9747168284789643,1.0,0.9911508899676374,1,,3724
89937,processed\features\89937_features.csv,927,15,927,0.9747168284789643,0,1.0,1.0,0.9747168284789643,1.0,0.9911508899676374,1,,3725
97183,processed\features\97183_features.csv,927,15,927,0.9747168284789643,0,1.0,1.0,0.9747168284789643,1.0,0.9911508899676374,1,,3726
106056,processed\features\106056_features.csv,926,15,926,0.974689524838013,0,1.0,1.0,0.974689524838013,1.0,0.9911413336933045,1,,3727
119544,processed\features\119544_features.csv,926,15,926,0.974689524838013,0,1.0,1.0,0.974689524838013,1.0,0.9911413336933045,1,,3728
121452,processed\features\121452_features.csv,926,15,926,0.974689524838013,0,1.0,1.0,0.974689524838013,1.0,0.9911413336933045,1,,3729
132356,processed\features\132356_features.csv,926,15,926,0.974689524838013,0,1.0,1.0,0.974689524838013,1.0,0.9911413336933045,1,,3730
132884,processed\features\132884_features.csv,926,15,926,0.974689524838013,0,1.0,1.0,0.974689524838013,1.0,0.9911413336933045,1,,3731
140447,processed\features\140447_features.csv,926,15,926,0.974689524838013,0,1.0,1.0,0.974689524838013,1.0,0.9911413336933045,1,,3732
167825,processed\features\167825_features.csv,926,15,926,0.974689524838013,0,1.0,1.0,0.974689524838013,1.0,0.9911413336933045,1,,3733
175531,processed\features\175531_features.csv,926,15,926,0.974689524838013,0,1.0,1.0,0.974689524838013,1.0,0.9911413336933045,1,,3734
186190,processed\features\186190_features.csv,926,15,926,0.974689524838013,0,1.0,1.0,0.974689524838013,1.0,0.9911413336933045,1,,3735
187200,processed\features\187200_features.csv,926,15,926,0.974689524838013,0,1.0,1.0,0.974689524838013,1.0,0.9911413336933045,1,,3736
21355,processed\features\21355_features.csv,926,15,926,0.974689524838013,0,1.0,1.0,0.974689524838013,1.0,0.9911413336933045,1,,3737
221219,processed\features\221219_features.csv,926,15,926,0.974689524838013,0,1.0,1.0,0.974689524838013,1.0,0.9911413336933045,1,,3738
229100,processed\features\229100_features.csv,926,15,926,0.974689524838013,0,1.0,1.0,0.974689524838013,1.0,0.9911413336933045,1,,3739
237460,processed\features\237460_features.csv,926,15,926,0.974689524838013,0,1.0,1.0,0.974689524838013,1.0,0.9911413336933045,1,,3740
23876,processed\features\23876_features.csv,926,15,926,0.974689524838013,0,1.0,1.0,0.974689524838013,1.0,0.9911413336933045,1,,3741
243164,processed\features\243164_features.csv,926,15,926,0.974689524838013,0,1.0,1.0,0.974689524838013,1.0,0.9911413336933045,1,,3742
244190,processed\features\244190_features.csv,926,15,926,0.974689524838013,0,1.0,1.0,0.974689524838013,1.0,0.9911413336933045,1,,3743
245607,processed\features\245607_features.csv,926,15,926,0.974689524838013,0,1.0,1.0,0.974689524838013,1.0,0.9911413336933045,1,,3744
249458,processed\features\249458_features.csv,926,15,926,0.974689524838013,0,1.0,1.0,0.974689524838013,1.0,0.9911413336933045,1,,3745
256807,processed\features\256807_features.csv,926,15,926,0.974689524838013,0,1.0,1.0,0.974689524838013,1.0,0.9911413336933045,1,,3746
257248,processed\features\257248_features.csv,926,15,926,0.974689524838013,0,1.0,1.0,0.974689524838013,1.0,0.9911413336933045,1,,3747
261011,processed\features\261011_features.csv,926,15,926,0.974689524838013,0,1.0,1.0,0.974689524838013,1.0,0.9911413336933045,1,,3748
261605,processed\features\261605_features.csv,926,15,926,0.974689524838013,0,1.0,1.0,0.974689524838013,1.0,0.9911413336933045,1,,3749
26178,processed\features\26178_features.csv,926,15,926,0.974689524838013,0,1.0,1.0,0.974689524838013,1.0,0.9911413336933045,1,,3750
273329,processed\features\273329_features.csv,926,15,926,0.974689524838013,0,1.0,1.0,0.974689524838013,1.0,0.9911413336933045,1,,3751
277023,processed\features\277023_features.csv,926,15,926,0.974689524838013,0,1.0,1.0,0.974689524838013,1.0,0.9911413336933045,1,,3752
284971,processed\features\284971_features.csv,926,15,926,0.974689524838013,0,1.0,1.0,0.974689524838013,1.0,0.9911413336933045,1,,3753
287133,processed\features\287133_features.csv,926,15,926,0.974689524838013,0,1.0,1.0,0.974689524838013,1.0,0.9911413336933045,1,,3754
289919,processed\features\289919_features.csv,926,15,926,0.974689524838013,0,1.0,1.0,0.974689524838013,1.0,0.9911413336933045,1,,3755
291942,processed\features\291942_features.csv,926,15,926,0.974689524838013,0,1.0,1.0,0.974689524838013,1.0,0.9911413336933045,1,,3756
292627,processed\features\292627_features.csv,926,15,926,0.974689524838013,0,1.0,1.0,0.974689524838013,1.0,0.9911413336933045,1,,3757
293971,processed\features\293971_features.csv,926,15,926,0.974689524838013,0,1.0,1.0,0.974689524838013,1.0,0.9911413336933045,1,,3758
296143,processed\features\296143_features.csv,926,15,926,0.974689524838013,0,1.0,1.0,0.974689524838013,1.0,0.9911413336933045,1,,3759
303987,processed\features\303987_features.csv,926,15,926,0.974689524838013,0,1.0,1.0,0.974689524838013,1.0,0.9911413336933045,1,,3760
31501,processed\features\31501_features.csv,926,15,926,0.974689524838013,0,1.0,1.0,0.974689524838013,1.0,0.9911413336933045,1,,3761
325321,processed\features\325321_features.csv,926,15,926,0.974689524838013,0,1.0,1.0,0.974689524838013,1.0,0.9911413336933045,1,,3762
328696,processed\features\328696_features.csv,926,15,926,0.974689524838013,0,1.0,1.0,0.974689524838013,1.0,0.9911413336933045,1,,3763
32881,processed\features\32881_features.csv,926,15,926,0.974689524838013,0,1.0,1.0,0.974689524838013,1.0,0.9911413336933045,1,,3764
339904,processed\features\339904_features.csv,926,15,926,0.974689524838013,0,1.0,1.0,0.974689524838013,1.0,0.9911413336933045,1,,3765
34074,processed\features\34074_features.csv,926,15,926,0.974689524838013,0,1.0,1.0,0.974689524838013,1.0,0.9911413336933045,1,,3766
348058,processed\features\348058_features.csv,926,15,926,0.974689524838013,0,1.0,1.0,0.974689524838013,1.0,0.9911413336933045,1,,3767
35650,processed\features\35650_features.csv,926,15,926,0.974689524838013,0,1.0,1.0,0.974689524838013,1.0,0.9911413336933045,1,,3768
359162,processed\features\359162_features.csv,926,15,926,0.974689524838013,0,1.0,1.0,0.974689524838013,1.0,0.9911413336933045,1,,3769
366427,processed\features\366427_features.csv,926,15,926,0.974689524838013,0,1.0,1.0,0.974689524838013,1.0,0.9911413336933045,1,,3770
367538,processed\features\367538_features.csv,926,15,926,0.974689524838013,0,1.0,1.0,0.974689524838013,1.0,0.9911413336933045,1,,3771
373033,processed\features\373033_features.csv,926,15,926,0.974689524838013,0,1.0,1.0,0.974689524838013,1.0,0.9911413336933045,1,,3772
384207,processed\features\384207_features.csv,926,15,926,0.974689524838013,0,1.0,1.0,0.974689524838013,1.0,0.9911413336933045,1,,3773
387593,processed\features\387593_features.csv,926,15,926,0.974689524838013,0,1.0,1.0,0.974689524838013,1.0,0.9911413336933045,1,,3774
42975,processed\features\42975_features.csv,926,15,926,0.974689524838013,0,1.0,1.0,0.974689524838013,1.0,0.9911413336933045,1,,3775
430315,processed\features\430315_features.csv,926,15,926,0.974689524838013,0,1.0,1.0,0.974689524838013,1.0,0.9911413336933045,1,,3776
440272,processed\features\440272_features.csv,926,15,926,0.974689524838013,0,1.0,1.0,0.974689524838013,1.0,0.9911413336933045,1,,3777
441912,processed\features\441912_features.csv,926,15,926,0.974689524838013,0,1.0,1.0,0.974689524838013,1.0,0.9911413336933045,1,,3778
44339,processed\features\44339_features.csv,926,15,926,0.974689524838013,0,1.0,1.0,0.974689524838013,1.0,0.9911413336933045,1,,3779
44659,processed\features\44659_features.csv,926,15,926,0.974689524838013,0,1.0,1.0,0.974689524838013,1.0,0.9911413336933045,1,,3780
447119,processed\features\447119_features.csv,926,15,926,0.974689524838013,0,1.0,1.0,0.974689524838013,1.0,0.9911413336933045,1,,3781
450092,processed\features\450092_features.csv,926,15,926,0.974689524838013,0,1.0,1.0,0.974689524838013,1.0,0.9911413336933045,1,,3782
453872,processed\features\453872_features.csv,926,15,926,0.974689524838013,0,1.0,1.0,0.974689524838013,1.0,0.9911413336933045,1,,3783
463946,processed\features\463946_features.csv,926,15,926,0.974689524838013,0,1.0,1.0,0.974689524838013,1.0,0.9911413336933045,1,,3784
468503,processed\features\468503_features.csv,926,15,926,0.974689524838013,0,1.0,1.0,0.974689524838013,1.0,0.9911413336933045,1,,3785
473912,processed\features\473912_features.csv,926,15,926,0.974689524838013,0,1.0,1.0,0.974689524838013,1.0,0.9911413336933045,1,,3786
474512,processed\features\474512_features.csv,926,15,926,0.974689524838013,0,1.0,1.0,0.974689524838013,1.0,0.9911413336933045,1,,3787
476094,processed\features\476094_features.csv,926,15,926,0.974689524838013,0,1.0,1.0,0.974689524838013,1.0,0.9911413336933045,1,,3788
484170,processed\features\484170_features.csv,926,15,926,0.974689524838013,0,1.0,1.0,0.974689524838013,1.0,0.9911413336933045,1,,3789
492633,processed\features\492633_features.csv,926,15,926,0.974689524838013,0,1.0,1.0,0.974689524838013,1.0,0.9911413336933045,1,,3790
499585,processed\features\499585_features.csv,926,15,926,0.974689524838013,0,1.0,1.0,0.974689524838013,1.0,0.9911413336933045,1,,3791
504704,processed\features\504704_features.csv,926,15,926,0.974689524838013,0,1.0,1.0,0.974689524838013,1.0,0.9911413336933045,1,,3792
50510,processed\features\50510_features.csv,926,15,926,0.974689524838013,0,1.0,1.0,0.974689524838013,1.0,0.9911413336933045,1,,3793
505522,processed\features\505522_features.csv,926,15,926,0.974689524838013,0,1.0,1.0,0.974689524838013,1.0,0.9911413336933045,1,,3794
509138,processed\features\509138_features.csv,926,15,926,0.974689524838013,0,1.0,1.0,0.974689524838013,1.0,0.9911413336933045,1,,3795
512056,processed\features\512056_features.csv,926,15,926,0.974689524838013,0,1.0,1.0,0.974689524838013,1.0,0.9911413336933045,1,,3796
59868,processed\features\59868_features.csv,926,15,926,0.974689524838013,0,1.0,1.0,0.974689524838013,1.0,0.9911413336933045,1,,3797
61,processed\features\61_features.csv,926,15,926,0.974689524838013,0,1.0,1.0,0.974689524838013,1.0,0.9911413336933045,1,,3798
63260,processed\features\63260_features.csv,926,15,926,0.974689524838013,0,1.0,1.0,0.974689524838013,1.0,0.9911413336933045,1,,3799
67410,processed\features\67410_features.csv,926,15,926,0.974689524838013,0,1.0,1.0,0.974689524838013,1.0,0.9911413336933045,1,,3800
68026,processed\features\68026_features.csv,926,15,926,0.974689524838013,0,1.0,1.0,0.974689524838013,1.0,0.9911413336933045,1,,3801
73918,processed\features\73918_features.csv,926,15,926,0.974689524838013,0,1.0,1.0,0.974689524838013,1.0,0.9911413336933045,1,,3802
92216,processed\features\92216_features.csv,926,15,926,0.974689524838013,0,1.0,1.0,0.974689524838013,1.0,0.9911413336933045,1,,3803
97797,processed\features\97797_features.csv,926,15,926,0.974689524838013,0,1.0,1.0,0.974689524838013,1.0,0.9911413336933045,1,,3804
103187,processed\features\103187_features.csv,925,15,925,0.9746621621621622,0,1.0,1.0,0.9746621621621622,1.0,0.9911317567567567,1,,3805
105231,processed\features\105231_features.csv,925,15,925,0.9746621621621622,0,1.0,1.0,0.9746621621621622,1.0,0.9911317567567567,1,,3806
113861,processed\features\113861_features.csv,925,15,925,0.9746621621621622,0,1.0,1.0,0.9746621621621622,1.0,0.9911317567567567,1,,3807
11496,processed\features\11496_features.csv,925,15,925,0.9746621621621622,0,1.0,1.0,0.9746621621621622,1.0,0.9911317567567567,1,,3808
122747,processed\features\122747_features.csv,925,15,925,0.9746621621621622,0,1.0,1.0,0.9746621621621622,1.0,0.9911317567567567,1,,3809
129368,processed\features\129368_features.csv,925,15,925,0.9746621621621622,0,1.0,1.0,0.9746621621621622,1.0,0.9911317567567567,1,,3810
131973,processed\features\131973_features.csv,925,15,925,0.9746621621621622,0,1.0,1.0,0.9746621621621622,1.0,0.9911317567567567,1,,3811
138121,processed\features\138121_features.csv,925,15,925,0.9746621621621622,0,1.0,1.0,0.9746621621621622,1.0,0.9911317567567567,1,,3812
140381,processed\features\140381_features.csv,925,15,925,0.9746621621621622,0,1.0,1.0,0.9746621621621622,1.0,0.9911317567567567,1,,3813
141058,processed\features\141058_features.csv,925,15,925,0.9746621621621622,0,1.0,1.0,0.9746621621621622,1.0,0.9911317567567567,1,,3814
164811,processed\features\164811_features.csv,925,15,925,0.9746621621621622,0,1.0,1.0,0.9746621621621622,1.0,0.9911317567567567,1,,3815
17211,processed\features\17211_features.csv,925,15,925,0.9746621621621622,0,1.0,1.0,0.9746621621621622,1.0,0.9911317567567567,1,,3816
176995,processed\features\176995_features.csv,925,15,925,0.9746621621621622,0,1.0,1.0,0.9746621621621622,1.0,0.9911317567567567,1,,3817
180145,processed\features\180145_features.csv,925,15,925,0.9746621621621622,0,1.0,1.0,0.9746621621621622,1.0,0.9911317567567567,1,,3818
182962,processed\features\182962_features.csv,925,15,925,0.9746621621621622,0,1.0,1.0,0.9746621621621622,1.0,0.9911317567567567,1,,3819
189279,processed\features\189279_features.csv,925,15,925,0.9746621621621622,0,1.0,1.0,0.9746621621621622,1.0,0.9911317567567567,1,,3820
19238,processed\features\19238_features.csv,925,15,925,0.9746621621621622,0,1.0,1.0,0.9746621621621622,1.0,0.9911317567567567,1,,3821
201231,processed\features\201231_features.csv,925,15,925,0.9746621621621622,0,1.0,1.0,0.9746621621621622,1.0,0.9911317567567567,1,,3822
203012,processed\features\203012_features.csv,925,15,925,0.9746621621621622,0,1.0,1.0,0.9746621621621622,1.0,0.9911317567567567,1,,3823
212540,processed\features\212540_features.csv,925,15,925,0.9746621621621622,0,1.0,1.0,0.9746621621621622,1.0,0.9911317567567567,1,,3824
215696,processed\features\215696_features.csv,925,15,925,0.9746621621621622,0,1.0,1.0,0.9746621621621622,1.0,0.9911317567567567,1,,3825
221296,processed\features\221296_features.csv,925,15,925,0.9746621621621622,0,1.0,1.0,0.9746621621621622,1.0,0.9911317567567567,1,,3826
230631,processed\features\230631_features.csv,925,15,925,0.9746621621621622,0,1.0,1.0,0.9746621621621622,1.0,0.9911317567567567,1,,3827
239095,processed\features\239095_features.csv,925,15,925,0.9746621621621622,0,1.0,1.0,0.9746621621621622,1.0,0.9911317567567567,1,,3828
261089,processed\features\261089_features.csv,925,15,925,0.9746621621621622,0,1.0,1.0,0.9746621621621622,1.0,0.9911317567567567,1,,3829
27367,processed\features\27367_features.csv,925,15,925,0.9746621621621622,0,1.0,1.0,0.9746621621621622,1.0,0.9911317567567567,1,,3830
285994,processed\features\285994_features.csv,925,15,925,0.9746621621621622,0,1.0,1.0,0.9746621621621622,1.0,0.9911317567567567,1,,3831
289733,processed\features\289733_features.csv,925,15,925,0.9746621621621622,0,1.0,1.0,0.9746621621621622,1.0,0.9911317567567567,1,,3832
289906,processed\features\289906_features.csv,925,15,925,0.9746621621621622,0,1.0,1.0,0.9746621621621622,1.0,0.9911317567567567,1,,3833
294480,processed\features\294480_features.csv,925,15,925,0.9746621621621622,0,1.0,1.0,0.9746621621621622,1.0,0.9911317567567567,1,,3834
306262,processed\features\306262_features.csv,925,15,925,0.9746621621621622,0,1.0,1.0,0.9746621621621622,1.0,0.9911317567567567,1,,3835
331689,processed\features\331689_features.csv,925,15,925,0.9746621621621622,0,1.0,1.0,0.9746621621621622,1.0,0.9911317567567567,1,,3836
335160,processed\features\335160_features.csv,925,15,925,0.9746621621621622,0,1.0,1.0,0.9746621621621622,1.0,0.9911317567567567,1,,3837
336257,processed\features\336257_features.csv,925,15,925,0.9746621621621622,0,1.0,1.0,0.9746621621621622,1.0,0.9911317567567567,1,,3838
343695,processed\features\343695_features.csv,925,15,925,0.9746621621621622,0,1.0,1.0,0.9746621621621622,1.0,0.9911317567567567,1,,3839
378429,processed\features\378429_features.csv,925,15,925,0.9746621621621622,0,1.0,1.0,0.9746621621621622,1.0,0.9911317567567567,1,,3840
397924,processed\features\397924_features.csv,925,15,925,0.9746621621621622,0,1.0,1.0,0.9746621621621622,1.0,0.9911317567567567,1,,3841
399592,processed\features\399592_features.csv,925,15,925,0.9746621621621622,0,1.0,1.0,0.9746621621621622,1.0,0.9911317567567567,1,,3842
399672,processed\features\399672_features.csv,925,15,925,0.9746621621621622,0,1.0,1.0,0.9746621621621622,1.0,0.9911317567567567,1,,3843
400299,processed\features\400299_features.csv,925,15,925,0.9746621621621622,0,1.0,1.0,0.9746621621621622,1.0,0.9911317567567567,1,,3844
410911,processed\features\410911_features.csv,925,15,925,0.9746621621621622,0,1.0,1.0,0.9746621621621622,1.0,0.9911317567567567,1,,3845
430976,processed\features\430976_features.csv,925,15,925,0.9746621621621622,0,1.0,1.0,0.9746621621621622,1.0,0.9911317567567567,1,,3846
432920,processed\features\432920_features.csv,925,15,925,0.9746621621621622,0,1.0,1.0,0.9746621621621622,1.0,0.9911317567567567,1,,3847
439781,processed\features\439781_features.csv,925,15,925,0.9746621621621622,0,1.0,1.0,0.9746621621621622,1.0,0.9911317567567567,1,,3848
445685,processed\features\445685_features.csv,925,15,925,0.9746621621621622,0,1.0,1.0,0.9746621621621622,1.0,0.9911317567567567,1,,3849
463339,processed\features\463339_features.csv,925,15,925,0.9746621621621622,0,1.0,1.0,0.9746621621621622,1.0,0.9911317567567567,1,,3850
472352,processed\features\472352_features.csv,925,15,925,0.9746621621621622,0,1.0,1.0,0.9746621621621622,1.0,0.9911317567567567,1,,3851
476998,processed\features\476998_features.csv,925,15,925,0.9746621621621622,0,1.0,1.0,0.9746621621621622,1.0,0.9911317567567567,1,,3852
484938,processed\features\484938_features.csv,925,15,925,0.9746621621621622,0,1.0,1.0,0.9746621621621622,1.0,0.9911317567567567,1,,3853
492948,processed\features\492948_features.csv,925,15,925,0.9746621621621622,0,1.0,1.0,0.9746621621621622,1.0,0.9911317567567567,1,,3854
496913,processed\features\496913_features.csv,925,15,925,0.9746621621621622,0,1.0,1.0,0.9746621621621622,1.0,0.9911317567567567,1,,3855
49748,processed\features\49748_features.csv,925,15,925,0.9746621621621622,0,1.0,1.0,0.9746621621621622,1.0,0.9911317567567567,1,,3856
508725,processed\features\508725_features.csv,925,15,925,0.9746621621621622,0,1.0,1.0,0.9746621621621622,1.0,0.9911317567567567,1,,3857
510124,processed\features\510124_features.csv,925,15,925,0.9746621621621622,0,1.0,1.0,0.9746621621621622,1.0,0.9911317567567567,1,,3858
510605,processed\features\510605_features.csv,925,15,925,0.9746621621621622,0,1.0,1.0,0.9746621621621622,1.0,0.9911317567567567,1,,3859
54182,processed\features\54182_features.csv,925,15,925,0.9746621621621622,0,1.0,1.0,0.9746621621621622,1.0,0.9911317567567567,1,,3860
57219,processed\features\57219_features.csv,925,15,925,0.9746621621621622,0,1.0,1.0,0.9746621621621622,1.0,0.9911317567567567,1,,3861
60193,processed\features\60193_features.csv,925,15,925,0.9746621621621622,0,1.0,1.0,0.9746621621621622,1.0,0.9911317567567567,1,,3862
65719,processed\features\65719_features.csv,925,15,925,0.9746621621621622,0,1.0,1.0,0.9746621621621622,1.0,0.9911317567567567,1,,3863
67315,processed\features\67315_features.csv,925,15,925,0.9746621621621622,0,1.0,1.0,0.9746621621621622,1.0,0.9911317567567567,1,,3864
8438,processed\features\8438_features.csv,925,15,925,0.9746621621621622,0,1.0,1.0,0.9746621621621622,1.0,0.9911317567567567,1,,3865
100032,processed\features\100032_features.csv,924,15,924,0.9746347402597403,0,1.0,1.0,0.9746347402597403,1.0,0.9911221590909091,1,,3866
106722,processed\features\106722_features.csv,924,15,924,0.9746347402597403,0,1.0,1.0,0.9746347402597403,1.0,0.9911221590909091,1,,3867
110394,processed\features\110394_features.csv,924,15,924,0.9746347402597403,0,1.0,1.0,0.9746347402597403,1.0,0.9911221590909091,1,,3868
117386,processed\features\117386_features.csv,924,15,924,0.9746347402597403,0,1.0,1.0,0.9746347402597403,1.0,0.9911221590909091,1,,3869
119033,processed\features\119033_features.csv,924,15,924,0.9746347402597403,0,1.0,1.0,0.9746347402597403,1.0,0.9911221590909091,1,,3870
120331,processed\features\120331_features.csv,924,15,924,0.9746347402597403,0,1.0,1.0,0.9746347402597403,1.0,0.9911221590909091,1,,3871
121659,processed\features\121659_features.csv,924,15,924,0.9746347402597403,0,1.0,1.0,0.9746347402597403,1.0,0.9911221590909091,1,,3872
136317,processed\features\136317_features.csv,924,15,924,0.9746347402597403,0,1.0,1.0,0.9746347402597403,1.0,0.9911221590909091,1,,3873
13635,processed\features\13635_features.csv,924,15,924,0.9746347402597403,0,1.0,1.0,0.9746347402597403,1.0,0.9911221590909091,1,,3874
143668,processed\features\143668_features.csv,924,15,924,0.9746347402597403,0,1.0,1.0,0.9746347402597403,1.0,0.9911221590909091,1,,3875
149849,processed\features\149849_features.csv,924,15,924,0.9746347402597403,0,1.0,1.0,0.9746347402597403,1.0,0.9911221590909091,1,,3876
151366,processed\features\151366_features.csv,924,15,924,0.9746347402597403,0,1.0,1.0,0.9746347402597403,1.0,0.9911221590909091,1,,3877
158142,processed\features\158142_features.csv,924,15,924,0.9746347402597403,0,1.0,1.0,0.9746347402597403,1.0,0.9911221590909091,1,,3878
165271,processed\features\165271_features.csv,924,15,924,0.9746347402597403,0,1.0,1.0,0.9746347402597403,1.0,0.9911221590909091,1,,3879
17273,processed\features\17273_features.csv,924,15,924,0.9746347402597403,0,1.0,1.0,0.9746347402597403,1.0,0.9911221590909091,1,,3880
187356,processed\features\187356_features.csv,924,15,924,0.9746347402597403,0,1.0,1.0,0.9746347402597403,1.0,0.9911221590909091,1,,3881
191905,processed\features\191905_features.csv,924,15,924,0.9746347402597403,0,1.0,1.0,0.9746347402597403,1.0,0.9911221590909091,1,,3882
204482,processed\features\204482_features.csv,924,15,924,0.9746347402597403,0,1.0,1.0,0.9746347402597403,1.0,0.9911221590909091,1,,3883
210318,processed\features\210318_features.csv,924,15,924,0.9746347402597403,0,1.0,1.0,0.9746347402597403,1.0,0.9911221590909091,1,,3884
2147,processed\features\2147_features.csv,924,15,924,0.9746347402597403,0,1.0,1.0,0.9746347402597403,1.0,0.9911221590909091,1,,3885
224128,processed\features\224128_features.csv,924,15,924,0.9746347402597403,0,1.0,1.0,0.9746347402597403,1.0,0.9911221590909091,1,,3886
243184,processed\features\243184_features.csv,924,15,924,0.9746347402597403,0,1.0,1.0,0.9746347402597403,1.0,0.9911221590909091,1,,3887
25075,processed\features\25075_features.csv,924,15,924,0.9746347402597403,0,1.0,1.0,0.9746347402597403,1.0,0.9911221590909091,1,,3888
253485,processed\features\253485_features.csv,924,15,924,0.9746347402597403,0,1.0,1.0,0.9746347402597403,1.0,0.9911221590909091,1,,3889
254110,processed\features\254110_features.csv,924,15,924,0.9746347402597403,0,1.0,1.0,0.9746347402597403,1.0,0.9911221590909091,1,,3890
254694,processed\features\254694_features.csv,924,15,924,0.9746347402597403,0,1.0,1.0,0.9746347402597403,1.0,0.9911221590909091,1,,3891
265612,processed\features\265612_features.csv,924,15,924,0.9746347402597403,0,1.0,1.0,0.9746347402597403,1.0,0.9911221590909091,1,,3892
272227,processed\features\272227_features.csv,924,15,924,0.9746347402597403,0,1.0,1.0,0.9746347402597403,1.0,0.9911221590909091,1,,3893
275566,processed\features\275566_features.csv,924,15,924,0.9746347402597403,0,1.0,1.0,0.9746347402597403,1.0,0.9911221590909091,1,,3894
299548,processed\features\299548_features.csv,924,15,924,0.9746347402597403,0,1.0,1.0,0.9746347402597403,1.0,0.9911221590909091,1,,3895
300575,processed\features\300575_features.csv,924,15,924,0.9746347402597403,0,1.0,1.0,0.9746347402597403,1.0,0.9911221590909091,1,,3896
310587,processed\features\310587_features.csv,924,15,924,0.9746347402597403,0,1.0,1.0,0.9746347402597403,1.0,0.9911221590909091,1,,3897
314400,processed\features\314400_features.csv,924,15,924,0.9746347402597403,0,1.0,1.0,0.9746347402597403,1.0,0.9911221590909091,1,,3898
315284,processed\features\315284_features.csv,924,15,924,0.9746347402597403,0,1.0,1.0,0.9746347402597403,1.0,0.9911221590909091,1,,3899
315726,processed\features\315726_features.csv,924,15,924,0.9746347402597403,0,1.0,1.0,0.9746347402597403,1.0,0.9911221590909091,1,,3900
335806,processed\features\335806_features.csv,924,15,924,0.9746347402597403,0,1.0,1.0,0.9746347402597403,1.0,0.9911221590909091,1,,3901
338064,processed\features\338064_features.csv,924,15,924,0.9746347402597403,0,1.0,1.0,0.9746347402597403,1.0,0.9911221590909091,1,,3902
338318,processed\features\338318_features.csv,924,15,924,0.9746347402597403,0,1.0,1.0,0.9746347402597403,1.0,0.9911221590909091,1,,3903
35551,processed\features\35551_features.csv,924,15,924,0.9746347402597403,0,1.0,1.0,0.9746347402597403,1.0,0.9911221590909091,1,,3904
359106,processed\features\359106_features.csv,924,15,924,0.9746347402597403,0,1.0,1.0,0.9746347402597403,1.0,0.9911221590909091,1,,3905
364835,processed\features\364835_features.csv,924,15,924,0.9746347402597403,0,1.0,1.0,0.9746347402597403,1.0,0.9911221590909091,1,,3906
370890,processed\features\370890_features.csv,924,15,924,0.9746347402597403,0,1.0,1.0,0.9746347402597403,1.0,0.9911221590909091,1,,3907
382486,processed\features\382486_features.csv,924,15,924,0.9746347402597403,0,1.0,1.0,0.9746347402597403,1.0,0.9911221590909091,1,,3908
388659,processed\features\388659_features.csv,924,15,924,0.9746347402597403,0,1.0,1.0,0.9746347402597403,1.0,0.9911221590909091,1,,3909
389594,processed\features\389594_features.csv,924,15,924,0.9746347402597403,0,1.0,1.0,0.9746347402597403,1.0,0.9911221590909091,1,,3910
392172,processed\features\392172_features.csv,924,15,924,0.9746347402597403,0,1.0,1.0,0.9746347402597403,1.0,0.9911221590909091,1,,3911
40103,processed\features\40103_features.csv,924,15,924,0.9746347402597403,0,1.0,1.0,0.9746347402597403,1.0,0.9911221590909091,1,,3912
409159,processed\features\409159_features.csv,924,15,924,0.9746347402597403,0,1.0,1.0,0.9746347402597403,1.0,0.9911221590909091,1,,3913
409250,processed\features\409250_features.csv,924,15,924,0.9746347402597403,0,1.0,1.0,0.9746347402597403,1.0,0.9911221590909091,1,,3914
423485,processed\features\423485_features.csv,924,15,924,0.9746347402597403,0,1.0,1.0,0.9746347402597403,1.0,0.9911221590909091,1,,3915
440274,processed\features\440274_features.csv,924,15,924,0.9746347402597403,0,1.0,1.0,0.9746347402597403,1.0,0.9911221590909091,1,,3916
440577,processed\features\440577_features.csv,924,15,924,0.9746347402597403,0,1.0,1.0,0.9746347402597403,1.0,0.9911221590909091,1,,3917
460501,processed\features\460501_features.csv,924,15,924,0.9746347402597403,0,1.0,1.0,0.9746347402597403,1.0,0.9911221590909091,1,,3918
475067,processed\features\475067_features.csv,924,15,924,0.9746347402597403,0,1.0,1.0,0.9746347402597403,1.0,0.9911221590909091,1,,3919
477889,processed\features\477889_features.csv,924,15,924,0.9746347402597403,0,1.0,1.0,0.9746347402597403,1.0,0.9911221590909091,1,,3920
490682,processed\features\490682_features.csv,924,15,924,0.9746347402597403,0,1.0,1.0,0.9746347402597403,1.0,0.9911221590909091,1,,3921
507932,processed\features\507932_features.csv,924,15,924,0.9746347402597403,0,1.0,1.0,0.9746347402597403,1.0,0.9911221590909091,1,,3922
513398,processed\features\513398_features.csv,924,15,924,0.9746347402597403,0,1.0,1.0,0.9746347402597403,1.0,0.9911221590909091,1,,3923
56713,processed\features\56713_features.csv,924,15,924,0.9746347402597403,0,1.0,1.0,0.9746347402597403,1.0,0.9911221590909091,1,,3924
64320,processed\features\64320_features.csv,924,15,924,0.9746347402597403,0,1.0,1.0,0.9746347402597403,1.0,0.9911221590909091,1,,3925
78136,processed\features\78136_features.csv,924,15,924,0.9746347402597403,0,1.0,1.0,0.9746347402597403,1.0,0.9911221590909091,1,,3926
78532,processed\features\78532_features.csv,924,15,924,0.9746347402597403,0,1.0,1.0,0.9746347402597403,1.0,0.9911221590909091,1,,3927
81008,processed\features\81008_features.csv,924,15,924,0.9746347402597403,0,1.0,1.0,0.9746347402597403,1.0,0.9911221590909091,1,,3928
8534,processed\features\8534_features.csv,924,15,924,0.9746347402597403,0,1.0,1.0,0.9746347402597403,1.0,0.9911221590909091,1,,3929
86935,processed\features\86935_features.csv,924,15,924,0.9746347402597403,0,1.0,1.0,0.9746347402597403,1.0,0.9911221590909091,1,,3930
110830,processed\features\110830_features.csv,923,15,923,0.9746072589382448,0,1.0,1.0,0.9746072589382448,1.0,0.9911125406283857,1,,3931
121151,processed\features\121151_features.csv,923,15,923,0.9746072589382448,0,1.0,1.0,0.9746072589382448,1.0,0.9911125406283857,1,,3932
122211,processed\features\122211_features.csv,923,15,923,0.9746072589382448,0,1.0,1.0,0.9746072589382448,1.0,0.9911125406283857,1,,3933
123794,processed\features\123794_features.csv,923,15,923,0.9746072589382448,0,1.0,1.0,0.9746072589382448,1.0,0.9911125406283857,1,,3934
125095,processed\features\125095_features.csv,923,15,923,0.9746072589382448,0,1.0,1.0,0.9746072589382448,1.0,0.9911125406283857,1,,3935
125466,processed\features\125466_features.csv,923,15,923,0.9746072589382448,0,1.0,1.0,0.9746072589382448,1.0,0.9911125406283857,1,,3936
133367,processed\features\133367_features.csv,923,15,923,0.9746072589382448,0,1.0,1.0,0.9746072589382448,1.0,0.9911125406283857,1,,3937
134638,processed\features\134638_features.csv,923,15,923,0.9746072589382448,0,1.0,1.0,0.9746072589382448,1.0,0.9911125406283857,1,,3938
142720,processed\features\142720_features.csv,923,15,923,0.9746072589382448,0,1.0,1.0,0.9746072589382448,1.0,0.9911125406283857,1,,3939
14774,processed\features\14774_features.csv,923,15,923,0.9746072589382448,0,1.0,1.0,0.9746072589382448,1.0,0.9911125406283857,1,,3940
152916,processed\features\152916_features.csv,923,15,923,0.9746072589382448,0,1.0,1.0,0.9746072589382448,1.0,0.9911125406283857,1,,3941
156362,processed\features\156362_features.csv,923,15,923,0.9746072589382448,0,1.0,1.0,0.9746072589382448,1.0,0.9911125406283857,1,,3942
162251,processed\features\162251_features.csv,923,15,923,0.9746072589382448,0,1.0,1.0,0.9746072589382448,1.0,0.9911125406283857,1,,3943
164456,processed\features\164456_features.csv,923,15,923,0.9746072589382448,0,1.0,1.0,0.9746072589382448,1.0,0.9911125406283857,1,,3944
169992,processed\features\169992_features.csv,923,15,923,0.9746072589382448,0,1.0,1.0,0.9746072589382448,1.0,0.9911125406283857,1,,3945
171072,processed\features\171072_features.csv,923,15,923,0.9746072589382448,0,1.0,1.0,0.9746072589382448,1.0,0.9911125406283857,1,,3946
171251,processed\features\171251_features.csv,923,15,923,0.9746072589382448,0,1.0,1.0,0.9746072589382448,1.0,0.9911125406283857,1,,3947
183704,processed\features\183704_features.csv,923,15,923,0.9746072589382448,0,1.0,1.0,0.9746072589382448,1.0,0.9911125406283857,1,,3948
188763,processed\features\188763_features.csv,923,15,923,0.9746072589382448,0,1.0,1.0,0.9746072589382448,1.0,0.9911125406283857,1,,3949
196312,processed\features\196312_features.csv,923,15,923,0.9746072589382448,0,1.0,1.0,0.9746072589382448,1.0,0.9911125406283857,1,,3950
20484,processed\features\20484_features.csv,923,15,923,0.9746072589382448,0,1.0,1.0,0.9746072589382448,1.0,0.9911125406283857,1,,3951
205651,processed\features\205651_features.csv,923,15,923,0.9746072589382448,0,1.0,1.0,0.9746072589382448,1.0,0.9911125406283857,1,,3952
205852,processed\features\205852_features.csv,923,15,923,0.9746072589382448,0,1.0,1.0,0.9746072589382448,1.0,0.9911125406283857,1,,3953
210975,processed\features\210975_features.csv,923,15,923,0.9746072589382448,0,1.0,1.0,0.9746072589382448,1.0,0.9911125406283857,1,,3954
214534,processed\features\214534_features.csv,923,15,923,0.9746072589382448,0,1.0,1.0,0.9746072589382448,1.0,0.9911125406283857,1,,3955
21461,processed\features\21461_features.csv,923,15,923,0.9746072589382448,0,1.0,1.0,0.9746072589382448,1.0,0.9911125406283857,1,,3956
215713,processed\features\215713_features.csv,923,15,923,0.9746072589382448,0,1.0,1.0,0.9746072589382448,1.0,0.9911125406283857,1,,3957
223612,processed\features\223612_features.csv,923,15,923,0.9746072589382448,0,1.0,1.0,0.9746072589382448,1.0,0.9911125406283857,1,,3958
224488,processed\features\224488_features.csv,923,15,923,0.9746072589382448,0,1.0,1.0,0.9746072589382448,1.0,0.9911125406283857,1,,3959
238622,processed\features\238622_features.csv,923,15,923,0.9746072589382448,0,1.0,1.0,0.9746072589382448,1.0,0.9911125406283857,1,,3960
242751,processed\features\242751_features.csv,923,15,923,0.9746072589382448,0,1.0,1.0,0.9746072589382448,1.0,0.9911125406283857,1,,3961
246368,processed\features\246368_features.csv,923,15,923,0.9746072589382448,0,1.0,1.0,0.9746072589382448,1.0,0.9911125406283857,1,,3962
25006,processed\features\25006_features.csv,923,15,923,0.9746072589382448,0,1.0,1.0,0.9746072589382448,1.0,0.9911125406283857,1,,3963
264879,processed\features\264879_features.csv,923,15,923,0.9746072589382448,0,1.0,1.0,0.9746072589382448,1.0,0.9911125406283857,1,,3964
265370,processed\features\265370_features.csv,923,15,923,0.9746072589382448,0,1.0,1.0,0.9746072589382448,1.0,0.9911125406283857,1,,3965
268745,processed\features\268745_features.csv,923,15,923,0.9746072589382448,0,1.0,1.0,0.9746072589382448,1.0,0.9911125406283857,1,,3966
272700,processed\features\272700_features.csv,923,15,923,0.9746072589382448,0,1.0,1.0,0.9746072589382448,1.0,0.9911125406283857,1,,3967
285114,processed\features\285114_features.csv,923,15,923,0.9746072589382448,0,1.0,1.0,0.9746072589382448,1.0,0.9911125406283857,1,,3968
287197,processed\features\287197_features.csv,923,15,923,0.9746072589382448,0,1.0,1.0,0.9746072589382448,1.0,0.9911125406283857,1,,3969
28817,processed\features\28817_features.csv,923,15,923,0.9746072589382448,0,1.0,1.0,0.9746072589382448,1.0,0.9911125406283857,1,,3970
295644,processed\features\295644_features.csv,923,15,923,0.9746072589382448,0,1.0,1.0,0.9746072589382448,1.0,0.9911125406283857,1,,3971
300138,processed\features\300138_features.csv,923,15,923,0.9746072589382448,0,1.0,1.0,0.9746072589382448,1.0,0.9911125406283857,1,,3972
311291,processed\features\311291_features.csv,923,15,923,0.9746072589382448,0,1.0,1.0,0.9746072589382448,1.0,0.9911125406283857,1,,3973
317384,processed\features\317384_features.csv,923,15,923,0.9746072589382448,0,1.0,1.0,0.9746072589382448,1.0,0.9911125406283857,1,,3974
318928,processed\features\318928_features.csv,923,15,923,0.9746072589382448,0,1.0,1.0,0.9746072589382448,1.0,0.9911125406283857,1,,3975
321907,processed\features\321907_features.csv,923,15,923,0.9746072589382448,0,1.0,1.0,0.9746072589382448,1.0,0.9911125406283857,1,,3976
3263,processed\features\3263_features.csv,923,15,923,0.9746072589382448,0,1.0,1.0,0.9746072589382448,1.0,0.9911125406283857,1,,3977
326463,processed\features\326463_features.csv,923,15,923,0.9746072589382448,0,1.0,1.0,0.9746072589382448,1.0,0.9911125406283857,1,,3978
334191,processed\features\334191_features.csv,923,15,923,0.9746072589382448,0,1.0,1.0,0.9746072589382448,1.0,0.9911125406283857,1,,3979
348628,processed\features\348628_features.csv,923,15,923,0.9746072589382448,0,1.0,1.0,0.9746072589382448,1.0,0.9911125406283857,1,,3980
356652,processed\features\356652_features.csv,923,15,923,0.9746072589382448,0,1.0,1.0,0.9746072589382448,1.0,0.9911125406283857,1,,3981
360195,processed\features\360195_features.csv,923,15,923,0.9746072589382448,0,1.0,1.0,0.9746072589382448,1.0,0.9911125406283857,1,,3982
369288,processed\features\369288_features.csv,923,15,923,0.9746072589382448,0,1.0,1.0,0.9746072589382448,1.0,0.9911125406283857,1,,3983
393853,processed\features\393853_features.csv,923,15,923,0.9746072589382448,0,1.0,1.0,0.9746072589382448,1.0,0.9911125406283857,1,,3984
397412,processed\features\397412_features.csv,923,15,923,0.9746072589382448,0,1.0,1.0,0.9746072589382448,1.0,0.9911125406283857,1,,3985
398563,processed\features\398563_features.csv,923,15,923,0.9746072589382448,0,1.0,1.0,0.9746072589382448,1.0,0.9911125406283857,1,,3986
409089,processed\features\409089_features.csv,923,15,923,0.9746072589382448,0,1.0,1.0,0.9746072589382448,1.0,0.9911125406283857,1,,3987
415501,processed\features\415501_features.csv,923,15,923,0.9746072589382448,0,1.0,1.0,0.9746072589382448,1.0,0.9911125406283857,1,,3988
427074,processed\features\427074_features.csv,923,15,923,0.9746072589382448,0,1.0,1.0,0.9746072589382448,1.0,0.9911125406283857,1,,3989
431492,processed\features\431492_features.csv,923,15,923,0.9746072589382448,0,1.0,1.0,0.9746072589382448,1.0,0.9911125406283857,1,,3990
432652,processed\features\432652_features.csv,923,15,923,0.9746072589382448,0,1.0,1.0,0.9746072589382448,1.0,0.9911125406283857,1,,3991
433502,processed\features\433502_features.csv,923,15,923,0.9746072589382448,0,1.0,1.0,0.9746072589382448,1.0,0.9911125406283857,1,,3992
439805,processed\features\439805_features.csv,923,15,923,0.9746072589382448,0,1.0,1.0,0.9746072589382448,1.0,0.9911125406283857,1,,3993
449714,processed\features\449714_features.csv,923,15,923,0.9746072589382448,0,1.0,1.0,0.9746072589382448,1.0,0.9911125406283857,1,,3994
450951,processed\features\450951_features.csv,923,15,923,0.9746072589382448,0,1.0,1.0,0.9746072589382448,1.0,0.9911125406283857,1,,3995
456547,processed\features\456547_features.csv,923,15,923,0.9746072589382448,0,1.0,1.0,0.9746072589382448,1.0,0.9911125406283857,1,,3996
54265,processed\features\54265_features.csv,923,15,923,0.9746072589382448,0,1.0,1.0,0.9746072589382448,1.0,0.9911125406283857,1,,3997
57722,processed\features\57722_features.csv,923,15,923,0.9746072589382448,0,1.0,1.0,0.9746072589382448,1.0,0.9911125406283857,1,,3998
63729,processed\features\63729_features.csv,923,15,923,0.9746072589382448,0,1.0,1.0,0.9746072589382448,1.0,0.9911125406283857,1,,3999
66009,processed\features\66009_features.csv,923,15,923,0.9746072589382448,0,1.0,1.0,0.9746072589382448,1.0,0.9911125406283857,1,,4000
74281,processed\features\74281_features.csv,923,15,923,0.9746072589382448,0,1.0,1.0,0.9746072589382448,1.0,0.9911125406283857,1,,4001
8477,processed\features\8477_features.csv,923,15,923,0.9746072589382448,0,1.0,1.0,0.9746072589382448,1.0,0.9911125406283857,1,,4002
85872,processed\features\85872_features.csv,923,15,923,0.9746072589382448,0,1.0,1.0,0.9746072589382448,1.0,0.9911125406283857,1,,4003
94758,processed\features\94758_features.csv,923,15,923,0.9746072589382448,0,1.0,1.0,0.9746072589382448,1.0,0.9911125406283857,1,,4004
116391,processed\features\116391_features.csv,922,15,922,0.9745797180043384,0,1.0,1.0,0.9745797180043384,1.0,0.9911029013015185,1,,4005
119270,processed\features\119270_features.csv,922,15,922,0.9745797180043384,0,1.0,1.0,0.9745797180043384,1.0,0.9911029013015185,1,,4006
121266,processed\features\121266_features.csv,922,15,922,0.9745797180043384,0,1.0,1.0,0.9745797180043384,1.0,0.9911029013015185,1,,4007
134885,processed\features\134885_features.csv,922,15,922,0.9745797180043384,0,1.0,1.0,0.9745797180043384,1.0,0.9911029013015185,1,,4008
137607,processed\features\137607_features.csv,922,15,922,0.9745797180043384,0,1.0,1.0,0.9745797180043384,1.0,0.9911029013015185,1,,4009
147820,processed\features\147820_features.csv,922,15,922,0.9745797180043384,0,1.0,1.0,0.9745797180043384,1.0,0.9911029013015185,1,,4010
148008,processed\features\148008_features.csv,922,15,922,0.9745797180043384,0,1.0,1.0,0.9745797180043384,1.0,0.9911029013015185,1,,4011
150031,processed\features\150031_features.csv,922,15,922,0.9745797180043384,0,1.0,1.0,0.9745797180043384,1.0,0.9911029013015185,1,,4012
157079,processed\features\157079_features.csv,922,15,922,0.9745797180043384,0,1.0,1.0,0.9745797180043384,1.0,0.9911029013015185,1,,4013
162319,processed\features\162319_features.csv,922,15,922,0.9745797180043384,0,1.0,1.0,0.9745797180043384,1.0,0.9911029013015185,1,,4014
167826,processed\features\167826_features.csv,922,15,922,0.9745797180043384,0,1.0,1.0,0.9745797180043384,1.0,0.9911029013015185,1,,4015
176516,processed\features\176516_features.csv,922,15,922,0.9745797180043384,0,1.0,1.0,0.9745797180043384,1.0,0.9911029013015185,1,,4016
177693,processed\features\177693_features.csv,922,15,922,0.9745797180043384,0,1.0,1.0,0.9745797180043384,1.0,0.9911029013015185,1,,4017
178282,processed\features\178282_features.csv,922,15,922,0.9745797180043384,0,1.0,1.0,0.9745797180043384,1.0,0.9911029013015185,1,,4018
18058,processed\features\18058_features.csv,922,15,922,0.9745797180043384,0,1.0,1.0,0.9745797180043384,1.0,0.9911029013015185,1,,4019
198303,processed\features\198303_features.csv,922,15,922,0.9745797180043384,0,1.0,1.0,0.9745797180043384,1.0,0.9911029013015185,1,,4020
208024,processed\features\208024_features.csv,922,15,922,0.9745797180043384,0,1.0,1.0,0.9745797180043384,1.0,0.9911029013015185,1,,4021
21446,processed\features\21446_features.csv,922,15,922,0.9745797180043384,0,1.0,1.0,0.9745797180043384,1.0,0.9911029013015185,1,,4022
214489,processed\features\214489_features.csv,922,15,922,0.9745797180043384,0,1.0,1.0,0.9745797180043384,1.0,0.9911029013015185,1,,4023
227904,processed\features\227904_features.csv,922,15,922,0.9745797180043384,0,1.0,1.0,0.9745797180043384,1.0,0.9911029013015185,1,,4024
229833,processed\features\229833_features.csv,922,15,922,0.9745797180043384,0,1.0,1.0,0.9745797180043384,1.0,0.9911029013015185,1,,4025
238178,processed\features\238178_features.csv,922,15,922,0.9745797180043384,0,1.0,1.0,0.9745797180043384,1.0,0.9911029013015185,1,,4026
251918,processed\features\251918_features.csv,922,15,922,0.9745797180043384,0,1.0,1.0,0.9745797180043384,1.0,0.9911029013015185,1,,4027
253802,processed\features\253802_features.csv,922,15,922,0.9745797180043384,0,1.0,1.0,0.9745797180043384,1.0,0.9911029013015185,1,,4028
274622,processed\features\274622_features.csv,922,15,922,0.9745797180043384,0,1.0,1.0,0.9745797180043384,1.0,0.9911029013015185,1,,4029
284996,processed\features\284996_features.csv,922,15,922,0.9745797180043384,0,1.0,1.0,0.9745797180043384,1.0,0.9911029013015185,1,,4030
288524,processed\features\288524_features.csv,922,15,922,0.9745797180043384,0,1.0,1.0,0.9745797180043384,1.0,0.9911029013015185,1,,4031
294686,processed\features\294686_features.csv,922,15,922,0.9745797180043384,0,1.0,1.0,0.9745797180043384,1.0,0.9911029013015185,1,,4032
302405,processed\features\302405_features.csv,922,15,922,0.9745797180043384,0,1.0,1.0,0.9745797180043384,1.0,0.9911029013015185,1,,4033
303128,processed\features\303128_features.csv,922,15,922,0.9745797180043384,0,1.0,1.0,0.9745797180043384,1.0,0.9911029013015185,1,,4034
305820,processed\features\305820_features.csv,922,15,922,0.9745797180043384,0,1.0,1.0,0.9745797180043384,1.0,0.9911029013015185,1,,4035
310096,processed\features\310096_features.csv,922,15,922,0.9745797180043384,0,1.0,1.0,0.9745797180043384,1.0,0.9911029013015185,1,,4036
31205,processed\features\31205_features.csv,922,15,922,0.9745797180043384,0,1.0,1.0,0.9745797180043384,1.0,0.9911029013015185,1,,4037
326641,processed\features\326641_features.csv,922,15,922,0.9745797180043384,0,1.0,1.0,0.9745797180043384,1.0,0.9911029013015185,1,,4038
333755,processed\features\333755_features.csv,922,15,922,0.9745797180043384,0,1.0,1.0,0.9745797180043384,1.0,0.9911029013015185,1,,4039
337913,processed\features\337913_features.csv,922,15,922,0.9745797180043384,0,1.0,1.0,0.9745797180043384,1.0,0.9911029013015185,1,,4040
348457,processed\features\348457_features.csv,922,15,922,0.9745797180043384,0,1.0,1.0,0.9745797180043384,1.0,0.9911029013015185,1,,4041
350454,processed\features\350454_features.csv,922,15,922,0.9745797180043384,0,1.0,1.0,0.9745797180043384,1.0,0.9911029013015185,1,,4042
356963,processed\features\356963_features.csv,922,15,922,0.9745797180043384,0,1.0,1.0,0.9745797180043384,1.0,0.9911029013015185,1,,4043
370159,processed\features\370159_features.csv,922,15,922,0.9745797180043384,0,1.0,1.0,0.9745797180043384,1.0,0.9911029013015185,1,,4044
373545,processed\features\373545_features.csv,922,15,922,0.9745797180043384,0,1.0,1.0,0.9745797180043384,1.0,0.9911029013015185,1,,4045
375882,processed\features\375882_features.csv,922,15,922,0.9745797180043384,0,1.0,1.0,0.9745797180043384,1.0,0.9911029013015185,1,,4046
384840,processed\features\384840_features.csv,922,15,922,0.9745797180043384,0,1.0,1.0,0.9745797180043384,1.0,0.9911029013015185,1,,4047
389224,processed\features\389224_features.csv,922,15,922,0.9745797180043384,0,1.0,1.0,0.9745797180043384,1.0,0.9911029013015185,1,,4048
390994,processed\features\390994_features.csv,922,15,922,0.9745797180043384,0,1.0,1.0,0.9745797180043384,1.0,0.9911029013015185,1,,4049
392501,processed\features\392501_features.csv,922,15,922,0.9745797180043384,0,1.0,1.0,0.9745797180043384,1.0,0.9911029013015185,1,,4050
414926,processed\features\414926_features.csv,922,15,922,0.9745797180043384,0,1.0,1.0,0.9745797180043384,1.0,0.9911029013015185,1,,4051
438289,processed\features\438289_features.csv,922,15,922,0.9745797180043384,0,1.0,1.0,0.9745797180043384,1.0,0.9911029013015185,1,,4052
451959,processed\features\451959_features.csv,922,15,922,0.9745797180043384,0,1.0,1.0,0.9745797180043384,1.0,0.9911029013015185,1,,4053
453336,processed\features\453336_features.csv,922,15,922,0.9745797180043384,0,1.0,1.0,0.9745797180043384,1.0,0.9911029013015185,1,,4054
465300,processed\features\465300_features.csv,922,15,922,0.9745797180043384,0,1.0,1.0,0.9745797180043384,1.0,0.9911029013015185,1,,4055
469275,processed\features\469275_features.csv,922,15,922,0.9745797180043384,0,1.0,1.0,0.9745797180043384,1.0,0.9911029013015185,1,,4056
472249,processed\features\472249_features.csv,922,15,922,0.9745797180043384,0,1.0,1.0,0.9745797180043384,1.0,0.9911029013015185,1,,4057
487593,processed\features\487593_features.csv,922,15,922,0.9745797180043384,0,1.0,1.0,0.9745797180043384,1.0,0.9911029013015185,1,,4058
489240,processed\features\489240_features.csv,922,15,922,0.9745797180043384,0,1.0,1.0,0.9745797180043384,1.0,0.9911029013015185,1,,4059
501031,processed\features\501031_features.csv,922,15,922,0.9745797180043384,0,1.0,1.0,0.9745797180043384,1.0,0.9911029013015185,1,,4060
515796,processed\features\515796_features.csv,922,15,922,0.9745797180043384,0,1.0,1.0,0.9745797180043384,1.0,0.9911029013015185,1,,4061
516151,processed\features\516151_features.csv,922,15,922,0.9745797180043384,0,1.0,1.0,0.9745797180043384,1.0,0.9911029013015185,1,,4062
52603,processed\features\52603_features.csv,922,15,922,0.9745797180043384,0,1.0,1.0,0.9745797180043384,1.0,0.9911029013015185,1,,4063
5279,processed\features\5279_features.csv,922,15,922,0.9745797180043384,0,1.0,1.0,0.9745797180043384,1.0,0.9911029013015185,1,,4064
56864,processed\features\56864_features.csv,922,15,922,0.9745797180043384,0,1.0,1.0,0.9745797180043384,1.0,0.9911029013015185,1,,4065
57947,processed\features\57947_features.csv,922,15,922,0.9745797180043384,0,1.0,1.0,0.9745797180043384,1.0,0.9911029013015185,1,,4066
59222,processed\features\59222_features.csv,922,15,922,0.9745797180043384,0,1.0,1.0,0.9745797180043384,1.0,0.9911029013015185,1,,4067
64577,processed\features\64577_features.csv,922,15,922,0.9745797180043384,0,1.0,1.0,0.9745797180043384,1.0,0.9911029013015185,1,,4068
75912,processed\features\75912_features.csv,922,15,922,0.9745797180043384,0,1.0,1.0,0.9745797180043384,1.0,0.9911029013015185,1,,4069
79780,processed\features\79780_features.csv,922,15,922,0.9745797180043384,0,1.0,1.0,0.9745797180043384,1.0,0.9911029013015185,1,,4070
84613,processed\features\84613_features.csv,922,15,922,0.9745797180043384,0,1.0,1.0,0.9745797180043384,1.0,0.9911029013015185,1,,4071
88852,processed\features\88852_features.csv,922,15,922,0.9745797180043384,0,1.0,1.0,0.9745797180043384,1.0,0.9911029013015185,1,,4072
92065,processed\features\92065_features.csv,922,15,922,0.9745797180043384,0,1.0,1.0,0.9745797180043384,1.0,0.9911029013015185,1,,4073
93549,processed\features\93549_features.csv,922,15,922,0.9745797180043384,0,1.0,1.0,0.9745797180043384,1.0,0.9911029013015185,1,,4074
95986,processed\features\95986_features.csv,922,15,922,0.9745797180043384,0,1.0,1.0,0.9745797180043384,1.0,0.9911029013015185,1,,4075
104435,processed\features\104435_features.csv,921,15,921,0.9745521172638436,0,1.0,1.0,0.9745521172638436,1.0,0.9910932410423453,1,,4076
110548,processed\features\110548_features.csv,921,15,921,0.9745521172638436,0,1.0,1.0,0.9745521172638436,1.0,0.9910932410423453,1,,4077
124573,processed\features\124573_features.csv,921,15,921,0.9745521172638436,0,1.0,1.0,0.9745521172638436,1.0,0.9910932410423453,1,,4078
133770,processed\features\133770_features.csv,921,15,921,0.9745521172638436,0,1.0,1.0,0.9745521172638436,1.0,0.9910932410423453,1,,4079
1447,processed\features\1447_features.csv,921,15,921,0.9745521172638436,0,1.0,1.0,0.9745521172638436,1.0,0.9910932410423453,1,,4080
155727,processed\features\155727_features.csv,921,15,921,0.9745521172638436,0,1.0,1.0,0.9745521172638436,1.0,0.9910932410423453,1,,4081
161016,processed\features\161016_features.csv,921,15,921,0.9745521172638436,0,1.0,1.0,0.9745521172638436,1.0,0.9910932410423453,1,,4082
171020,processed\features\171020_features.csv,921,15,921,0.9745521172638436,0,1.0,1.0,0.9745521172638436,1.0,0.9910932410423453,1,,4083
180020,processed\features\180020_features.csv,921,15,921,0.9745521172638436,0,1.0,1.0,0.9745521172638436,1.0,0.9910932410423453,1,,4084
201960,processed\features\201960_features.csv,921,15,921,0.9745521172638436,0,1.0,1.0,0.9745521172638436,1.0,0.9910932410423453,1,,4085
219704,processed\features\219704_features.csv,921,15,921,0.9745521172638436,0,1.0,1.0,0.9745521172638436,1.0,0.9910932410423453,1,,4086
221686,processed\features\221686_features.csv,921,15,921,0.9745521172638436,0,1.0,1.0,0.9745521172638436,1.0,0.9910932410423453,1,,4087
222495,processed\features\222495_features.csv,921,15,921,0.9745521172638436,0,1.0,1.0,0.9745521172638436,1.0,0.9910932410423453,1,,4088
233572,processed\features\233572_features.csv,921,15,921,0.9745521172638436,0,1.0,1.0,0.9745521172638436,1.0,0.9910932410423453,1,,4089
245244,processed\features\245244_features.csv,921,15,921,0.9745521172638436,0,1.0,1.0,0.9745521172638436,1.0,0.9910932410423453,1,,4090
258791,processed\features\258791_features.csv,921,15,921,0.9745521172638436,0,1.0,1.0,0.9745521172638436,1.0,0.9910932410423453,1,,4091
261207,processed\features\261207_features.csv,921,15,921,0.9745521172638436,0,1.0,1.0,0.9745521172638436,1.0,0.9910932410423453,1,,4092
26819,processed\features\26819_features.csv,921,15,921,0.9745521172638436,0,1.0,1.0,0.9745521172638436,1.0,0.9910932410423453,1,,4093
278642,processed\features\278642_features.csv,921,15,921,0.9745521172638436,0,1.0,1.0,0.9745521172638436,1.0,0.9910932410423453,1,,4094
279847,processed\features\279847_features.csv,921,15,921,0.9745521172638436,0,1.0,1.0,0.9745521172638436,1.0,0.9910932410423453,1,,4095
284386,processed\features\284386_features.csv,921,15,921,0.9745521172638436,0,1.0,1.0,0.9745521172638436,1.0,0.9910932410423453,1,,4096
292263,processed\features\292263_features.csv,921,15,921,0.9745521172638436,0,1.0,1.0,0.9745521172638436,1.0,0.9910932410423453,1,,4097
294820,processed\features\294820_features.csv,921,15,921,0.9745521172638436,0,1.0,1.0,0.9745521172638436,1.0,0.9910932410423453,1,,4098
299973,processed\features\299973_features.csv,921,15,921,0.9745521172638436,0,1.0,1.0,0.9745521172638436,1.0,0.9910932410423453,1,,4099
301305,processed\features\301305_features.csv,921,15,921,0.9745521172638436,0,1.0,1.0,0.9745521172638436,1.0,0.9910932410423453,1,,4100
303676,processed\features\303676_features.csv,921,15,921,0.9745521172638436,0,1.0,1.0,0.9745521172638436,1.0,0.9910932410423453,1,,4101
305423,processed\features\305423_features.csv,921,15,921,0.9745521172638436,0,1.0,1.0,0.9745521172638436,1.0,0.9910932410423453,1,,4102
30756,processed\features\30756_features.csv,921,15,921,0.9745521172638436,0,1.0,1.0,0.9745521172638436,1.0,0.9910932410423453,1,,4103
309082,processed\features\309082_features.csv,921,15,921,0.9745521172638436,0,1.0,1.0,0.9745521172638436,1.0,0.9910932410423453,1,,4104
310352,processed\features\310352_features.csv,921,15,921,0.9745521172638436,0,1.0,1.0,0.9745521172638436,1.0,0.9910932410423453,1,,4105
320337,processed\features\320337_features.csv,921,15,921,0.9745521172638436,0,1.0,1.0,0.9745521172638436,1.0,0.9910932410423453,1,,4106
329619,processed\features\329619_features.csv,921,15,921,0.9745521172638436,0,1.0,1.0,0.9745521172638436,1.0,0.9910932410423453,1,,4107
330188,processed\features\330188_features.csv,921,15,921,0.9745521172638436,0,1.0,1.0,0.9745521172638436,1.0,0.9910932410423453,1,,4108
333730,processed\features\333730_features.csv,921,15,921,0.9745521172638436,0,1.0,1.0,0.9745521172638436,1.0,0.9910932410423453,1,,4109
342399,processed\features\342399_features.csv,921,15,921,0.9745521172638436,0,1.0,1.0,0.9745521172638436,1.0,0.9910932410423453,1,,4110
344144,processed\features\344144_features.csv,921,15,921,0.9745521172638436,0,1.0,1.0,0.9745521172638436,1.0,0.9910932410423453,1,,4111
351205,processed\features\351205_features.csv,921,15,921,0.9745521172638436,0,1.0,1.0,0.9745521172638436,1.0,0.9910932410423453,1,,4112
351885,processed\features\351885_features.csv,921,15,921,0.9745521172638436,0,1.0,1.0,0.9745521172638436,1.0,0.9910932410423453,1,,4113
359951,processed\features\359951_features.csv,921,15,921,0.9745521172638436,0,1.0,1.0,0.9745521172638436,1.0,0.9910932410423453,1,,4114
37366,processed\features\37366_features.csv,921,15,921,0.9745521172638436,0,1.0,1.0,0.9745521172638436,1.0,0.9910932410423453,1,,4115
381587,processed\features\381587_features.csv,921,15,921,0.9745521172638436,0,1.0,1.0,0.9745521172638436,1.0,0.9910932410423453,1,,4116
384723,processed\features\384723_features.csv,921,15,921,0.9745521172638436,0,1.0,1.0,0.9745521172638436,1.0,0.9910932410423453,1,,4117
392711,processed\features\392711_features.csv,921,15,921,0.9745521172638436,0,1.0,1.0,0.9745521172638436,1.0,0.9910932410423453,1,,4118
398374,processed\features\398374_features.csv,921,15,921,0.9745521172638436,0,1.0,1.0,0.9745521172638436,1.0,0.9910932410423453,1,,4119
400407,processed\features\400407_features.csv,921,15,921,0.9745521172638436,0,1.0,1.0,0.9745521172638436,1.0,0.9910932410423453,1,,4120
407960,processed\features\407960_features.csv,921,15,921,0.9745521172638436,0,1.0,1.0,0.9745521172638436,1.0,0.9910932410423453,1,,4121
408434,processed\features\408434_features.csv,921,15,921,0.9745521172638436,0,1.0,1.0,0.9745521172638436,1.0,0.9910932410423453,1,,4122
422160,processed\features\422160_features.csv,921,15,921,0.9745521172638436,0,1.0,1.0,0.9745521172638436,1.0,0.9910932410423453,1,,4123
426409,processed\features\426409_features.csv,921,15,921,0.9745521172638436,0,1.0,1.0,0.9745521172638436,1.0,0.9910932410423453,1,,4124
430475,processed\features\430475_features.csv,921,15,921,0.9745521172638436,0,1.0,1.0,0.9745521172638436,1.0,0.9910932410423453,1,,4125
43241,processed\features\43241_features.csv,921,15,921,0.9745521172638436,0,1.0,1.0,0.9745521172638436,1.0,0.9910932410423453,1,,4126
438342,processed\features\438342_features.csv,921,15,921,0.9745521172638436,0,1.0,1.0,0.9745521172638436,1.0,0.9910932410423453,1,,4127
445492,processed\features\445492_features.csv,921,15,921,0.9745521172638436,0,1.0,1.0,0.9745521172638436,1.0,0.9910932410423453,1,,4128
44881,processed\features\44881_features.csv,921,15,921,0.9745521172638436,0,1.0,1.0,0.9745521172638436,1.0,0.9910932410423453,1,,4129
449628,processed\features\449628_features.csv,921,15,921,0.9745521172638436,0,1.0,1.0,0.9745521172638436,1.0,0.9910932410423453,1,,4130
464330,processed\features\464330_features.csv,921,15,921,0.9745521172638436,0,1.0,1.0,0.9745521172638436,1.0,0.9910932410423453,1,,4131
473539,processed\features\473539_features.csv,921,15,921,0.9745521172638436,0,1.0,1.0,0.9745521172638436,1.0,0.9910932410423453,1,,4132
475641,processed\features\475641_features.csv,921,15,921,0.9745521172638436,0,1.0,1.0,0.9745521172638436,1.0,0.9910932410423453,1,,4133
476628,processed\features\476628_features.csv,921,15,921,0.9745521172638436,0,1.0,1.0,0.9745521172638436,1.0,0.9910932410423453,1,,4134
480755,processed\features\480755_features.csv,921,15,921,0.9745521172638436,0,1.0,1.0,0.9745521172638436,1.0,0.9910932410423453,1,,4135
482496,processed\features\482496_features.csv,921,15,921,0.9745521172638436,0,1.0,1.0,0.9745521172638436,1.0,0.9910932410423453,1,,4136
4915,processed\features\4915_features.csv,921,15,921,0.9745521172638436,0,1.0,1.0,0.9745521172638436,1.0,0.9910932410423453,1,,4137
499579,processed\features\499579_features.csv,921,15,921,0.9745521172638436,0,1.0,1.0,0.9745521172638436,1.0,0.9910932410423453,1,,4138
509146,processed\features\509146_features.csv,921,15,921,0.9745521172638436,0,1.0,1.0,0.9745521172638436,1.0,0.9910932410423453,1,,4139
514750,processed\features\514750_features.csv,921,15,921,0.9745521172638436,0,1.0,1.0,0.9745521172638436,1.0,0.9910932410423453,1,,4140
515162,processed\features\515162_features.csv,921,15,921,0.9745521172638436,0,1.0,1.0,0.9745521172638436,1.0,0.9910932410423453,1,,4141
57392,processed\features\57392_features.csv,921,15,921,0.9745521172638436,0,1.0,1.0,0.9745521172638436,1.0,0.9910932410423453,1,,4142
62505,processed\features\62505_features.csv,921,15,921,0.9745521172638436,0,1.0,1.0,0.9745521172638436,1.0,0.9910932410423453,1,,4143
73301,processed\features\73301_features.csv,921,15,921,0.9745521172638436,0,1.0,1.0,0.9745521172638436,1.0,0.9910932410423453,1,,4144
90613,processed\features\90613_features.csv,921,15,921,0.9745521172638436,0,1.0,1.0,0.9745521172638436,1.0,0.9910932410423453,1,,4145
92172,processed\features\92172_features.csv,921,15,921,0.9745521172638436,0,1.0,1.0,0.9745521172638436,1.0,0.9910932410423453,1,,4146
92548,processed\features\92548_features.csv,921,15,921,0.9745521172638436,0,1.0,1.0,0.9745521172638436,1.0,0.9910932410423453,1,,4147
94236,processed\features\94236_features.csv,921,15,921,0.9745521172638436,0,1.0,1.0,0.9745521172638436,1.0,0.9910932410423453,1,,4148
98287,processed\features\98287_features.csv,921,15,921,0.9745521172638436,0,1.0,1.0,0.9745521172638436,1.0,0.9910932410423453,1,,4149
110591,processed\features\110591_features.csv,920,15,920,0.9745244565217391,0,1.0,1.0,0.9745244565217391,1.0,0.9910835597826088,1,,4150
117849,processed\features\117849_features.csv,920,15,920,0.9745244565217391,0,1.0,1.0,0.9745244565217391,1.0,0.9910835597826088,1,,4151
129393,processed\features\129393_features.csv,920,15,920,0.9745244565217391,0,1.0,1.0,0.9745244565217391,1.0,0.9910835597826088,1,,4152
131574,processed\features\131574_features.csv,920,15,920,0.9745244565217391,0,1.0,1.0,0.9745244565217391,1.0,0.9910835597826088,1,,4153
144475,processed\features\144475_features.csv,920,15,920,0.9745244565217391,0,1.0,1.0,0.9745244565217391,1.0,0.9910835597826088,1,,4154
150025,processed\features\150025_features.csv,920,15,920,0.9745244565217391,0,1.0,1.0,0.9745244565217391,1.0,0.9910835597826088,1,,4155
164310,processed\features\164310_features.csv,920,15,920,0.9745244565217391,0,1.0,1.0,0.9745244565217391,1.0,0.9910835597826088,1,,4156
166804,processed\features\166804_features.csv,920,15,920,0.9745244565217391,0,1.0,1.0,0.9745244565217391,1.0,0.9910835597826088,1,,4157
186000,processed\features\186000_features.csv,920,15,920,0.9745244565217391,0,1.0,1.0,0.9745244565217391,1.0,0.9910835597826088,1,,4158
19314,processed\features\19314_features.csv,920,15,920,0.9745244565217391,0,1.0,1.0,0.9745244565217391,1.0,0.9910835597826088,1,,4159
197643,processed\features\197643_features.csv,920,15,920,0.9745244565217391,0,1.0,1.0,0.9745244565217391,1.0,0.9910835597826088,1,,4160
202159,processed\features\202159_features.csv,920,15,920,0.9745244565217391,0,1.0,1.0,0.9745244565217391,1.0,0.9910835597826088,1,,4161
20661,processed\features\20661_features.csv,920,15,920,0.9745244565217391,0,1.0,1.0,0.9745244565217391,1.0,0.9910835597826088,1,,4162
215747,processed\features\215747_features.csv,920,15,920,0.9745244565217391,0,1.0,1.0,0.9745244565217391,1.0,0.9910835597826088,1,,4163
229022,processed\features\229022_features.csv,920,15,920,0.9745244565217391,0,1.0,1.0,0.9745244565217391,1.0,0.9910835597826088,1,,4164
232861,processed\features\232861_features.csv,920,15,920,0.9745244565217391,0,1.0,1.0,0.9745244565217391,1.0,0.9910835597826088,1,,4165
235584,processed\features\235584_features.csv,920,15,920,0.9745244565217391,0,1.0,1.0,0.9745244565217391,1.0,0.9910835597826088,1,,4166
254448,processed\features\254448_features.csv,920,15,920,0.9745244565217391,0,1.0,1.0,0.9745244565217391,1.0,0.9910835597826088,1,,4167
262098,processed\features\262098_features.csv,920,15,920,0.9745244565217391,0,1.0,1.0,0.9745244565217391,1.0,0.9910835597826088,1,,4168
270934,processed\features\270934_features.csv,920,15,920,0.9745244565217391,0,1.0,1.0,0.9745244565217391,1.0,0.9910835597826088,1,,4169
278619,processed\features\278619_features.csv,920,15,920,0.9745244565217391,0,1.0,1.0,0.9745244565217391,1.0,0.9910835597826088,1,,4170
294941,processed\features\294941_features.csv,920,15,920,0.9745244565217391,0,1.0,1.0,0.9745244565217391,1.0,0.9910835597826088,1,,4171
306445,processed\features\306445_features.csv,920,15,920,0.9745244565217391,0,1.0,1.0,0.9745244565217391,1.0,0.9910835597826088,1,,4172
310810,processed\features\310810_features.csv,920,15,920,0.9745244565217391,0,1.0,1.0,0.9745244565217391,1.0,0.9910835597826088,1,,4173
330789,processed\features\330789_features.csv,920,15,920,0.9745244565217391,0,1.0,1.0,0.9745244565217391,1.0,0.9910835597826088,1,,4174
331296,processed\features\331296_features.csv,920,15,920,0.9745244565217391,0,1.0,1.0,0.9745244565217391,1.0,0.9910835597826088,1,,4175
331943,processed\features\331943_features.csv,920,15,920,0.9745244565217391,0,1.0,1.0,0.9745244565217391,1.0,0.9910835597826088,1,,4176
332789,processed\features\332789_features.csv,920,15,920,0.9745244565217391,0,1.0,1.0,0.9745244565217391,1.0,0.9910835597826088,1,,4177
333320,processed\features\333320_features.csv,920,15,920,0.9745244565217391,0,1.0,1.0,0.9745244565217391,1.0,0.9910835597826088,1,,4178
34705,processed\features\34705_features.csv,920,15,920,0.9745244565217391,0,1.0,1.0,0.9745244565217391,1.0,0.9910835597826088,1,,4179
353218,processed\features\353218_features.csv,920,15,920,0.9745244565217391,0,1.0,1.0,0.9745244565217391,1.0,0.9910835597826088,1,,4180
3623,processed\features\3623_features.csv,920,15,920,0.9745244565217391,0,1.0,1.0,0.9745244565217391,1.0,0.9910835597826088,1,,4181
376333,processed\features\376333_features.csv,920,15,920,0.9745244565217391,0,1.0,1.0,0.9745244565217391,1.0,0.9910835597826088,1,,4182
383414,processed\features\383414_features.csv,920,15,920,0.9745244565217391,0,1.0,1.0,0.9745244565217391,1.0,0.9910835597826088,1,,4183
386013,processed\features\386013_features.csv,920,15,920,0.9745244565217391,0,1.0,1.0,0.9745244565217391,1.0,0.9910835597826088,1,,4184
395657,processed\features\395657_features.csv,920,15,920,0.9745244565217391,0,1.0,1.0,0.9745244565217391,1.0,0.9910835597826088,1,,4185
404708,processed\features\404708_features.csv,920,15,920,0.9745244565217391,0,1.0,1.0,0.9745244565217391,1.0,0.9910835597826088,1,,4186
408291,processed\features\408291_features.csv,920,15,920,0.9745244565217391,0,1.0,1.0,0.9745244565217391,1.0,0.9910835597826088,1,,4187
416210,processed\features\416210_features.csv,920,15,920,0.9745244565217391,0,1.0,1.0,0.9745244565217391,1.0,0.9910835597826088,1,,4188
425043,processed\features\425043_features.csv,920,15,920,0.9745244565217391,0,1.0,1.0,0.9745244565217391,1.0,0.9910835597826088,1,,4189
42591,processed\features\42591_features.csv,920,15,920,0.9745244565217391,0,1.0,1.0,0.9745244565217391,1.0,0.9910835597826088,1,,4190
428295,processed\features\428295_features.csv,920,15,920,0.9745244565217391,0,1.0,1.0,0.9745244565217391,1.0,0.9910835597826088,1,,4191
436521,processed\features\436521_features.csv,920,15,920,0.9745244565217391,0,1.0,1.0,0.9745244565217391,1.0,0.9910835597826088,1,,4192
443089,processed\features\443089_features.csv,920,15,920,0.9745244565217391,0,1.0,1.0,0.9745244565217391,1.0,0.9910835597826088,1,,4193
468033,processed\features\468033_features.csv,920,15,920,0.9745244565217391,0,1.0,1.0,0.9745244565217391,1.0,0.9910835597826088,1,,4194
472292,processed\features\472292_features.csv,920,15,920,0.9745244565217391,0,1.0,1.0,0.9745244565217391,1.0,0.9910835597826088,1,,4195
474933,processed\features\474933_features.csv,920,15,920,0.9745244565217391,0,1.0,1.0,0.9745244565217391,1.0,0.9910835597826088,1,,4196
481581,processed\features\481581_features.csv,920,15,920,0.9745244565217391,0,1.0,1.0,0.9745244565217391,1.0,0.9910835597826088,1,,4197
501010,processed\features\501010_features.csv,920,15,920,0.9745244565217391,0,1.0,1.0,0.9745244565217391,1.0,0.9910835597826088,1,,4198
503648,processed\features\503648_features.csv,920,15,920,0.9745244565217391,0,1.0,1.0,0.9745244565217391,1.0,0.9910835597826088,1,,4199
511310,processed\features\511310_features.csv,920,15,920,0.9745244565217391,0,1.0,1.0,0.9745244565217391,1.0,0.9910835597826088,1,,4200
53927,processed\features\53927_features.csv,920,15,920,0.9745244565217391,0,1.0,1.0,0.9745244565217391,1.0,0.9910835597826088,1,,4201
8119,processed\features\8119_features.csv,920,15,920,0.9745244565217391,0,1.0,1.0,0.9745244565217391,1.0,0.9910835597826088,1,,4202
83983,processed\features\83983_features.csv,920,15,920,0.9745244565217391,0,1.0,1.0,0.9745244565217391,1.0,0.9910835597826088,1,,4203
90589,processed\features\90589_features.csv,920,15,920,0.9745244565217391,0,1.0,1.0,0.9745244565217391,1.0,0.9910835597826088,1,,4204
93603,processed\features\93603_features.csv,920,15,920,0.9745244565217391,0,1.0,1.0,0.9745244565217391,1.0,0.9910835597826088,1,,4205
101991,processed\features\101991_features.csv,919,15,919,0.9744967355821545,0,1.0,1.0,0.9744967355821545,1.0,0.9910738574537541,1,,4206
111000,processed\features\111000_features.csv,919,15,919,0.9744967355821545,0,1.0,1.0,0.9744967355821545,1.0,0.9910738574537541,1,,4207
11224,processed\features\11224_features.csv,919,15,919,0.9744967355821545,0,1.0,1.0,0.9744967355821545,1.0,0.9910738574537541,1,,4208
136756,processed\features\136756_features.csv,919,15,919,0.9744967355821545,0,1.0,1.0,0.9744967355821545,1.0,0.9910738574537541,1,,4209
14799,processed\features\14799_features.csv,919,15,919,0.9744967355821545,0,1.0,1.0,0.9744967355821545,1.0,0.9910738574537541,1,,4210
151568,processed\features\151568_features.csv,919,15,919,0.9744967355821545,0,1.0,1.0,0.9744967355821545,1.0,0.9910738574537541,1,,4211
159610,processed\features\159610_features.csv,919,15,919,0.9744967355821545,0,1.0,1.0,0.9744967355821545,1.0,0.9910738574537541,1,,4212
163774,processed\features\163774_features.csv,919,15,919,0.9744967355821545,0,1.0,1.0,0.9744967355821545,1.0,0.9910738574537541,1,,4213
170960,processed\features\170960_features.csv,919,15,919,0.9744967355821545,0,1.0,1.0,0.9744967355821545,1.0,0.9910738574537541,1,,4214
171535,processed\features\171535_features.csv,919,15,919,0.9744967355821545,0,1.0,1.0,0.9744967355821545,1.0,0.9910738574537541,1,,4215
176748,processed\features\176748_features.csv,919,15,919,0.9744967355821545,0,1.0,1.0,0.9744967355821545,1.0,0.9910738574537541,1,,4216
17934,processed\features\17934_features.csv,919,15,919,0.9744967355821545,0,1.0,1.0,0.9744967355821545,1.0,0.9910738574537541,1,,4217
183045,processed\features\183045_features.csv,919,15,919,0.9744967355821545,0,1.0,1.0,0.9744967355821545,1.0,0.9910738574537541,1,,4218
191903,processed\features\191903_features.csv,919,15,919,0.9744967355821545,0,1.0,1.0,0.9744967355821545,1.0,0.9910738574537541,1,,4219
196410,processed\features\196410_features.csv,919,15,919,0.9744967355821545,0,1.0,1.0,0.9744967355821545,1.0,0.9910738574537541,1,,4220
198479,processed\features\198479_features.csv,919,15,919,0.9744967355821545,0,1.0,1.0,0.9744967355821545,1.0,0.9910738574537541,1,,4221
209947,processed\features\209947_features.csv,919,15,919,0.9744967355821545,0,1.0,1.0,0.9744967355821545,1.0,0.9910738574537541,1,,4222
21090,processed\features\21090_features.csv,919,15,919,0.9744967355821545,0,1.0,1.0,0.9744967355821545,1.0,0.9910738574537541,1,,4223
213161,processed\features\213161_features.csv,919,15,919,0.9744967355821545,0,1.0,1.0,0.9744967355821545,1.0,0.9910738574537541,1,,4224
213381,processed\features\213381_features.csv,919,15,919,0.9744967355821545,0,1.0,1.0,0.9744967355821545,1.0,0.9910738574537541,1,,4225
22910,processed\features\22910_features.csv,919,15,919,0.9744967355821545,0,1.0,1.0,0.9744967355821545,1.0,0.9910738574537541,1,,4226
234279,processed\features\234279_features.csv,919,15,919,0.9744967355821545,0,1.0,1.0,0.9744967355821545,1.0,0.9910738574537541,1,,4227
24950,processed\features\24950_features.csv,919,15,919,0.9744967355821545,0,1.0,1.0,0.9744967355821545,1.0,0.9910738574537541,1,,4228
249699,processed\features\249699_features.csv,919,15,919,0.9744967355821545,0,1.0,1.0,0.9744967355821545,1.0,0.9910738574537541,1,,4229
25190,processed\features\25190_features.csv,919,15,919,0.9744967355821545,0,1.0,1.0,0.9744967355821545,1.0,0.9910738574537541,1,,4230
258557,processed\features\258557_features.csv,919,15,919,0.9744967355821545,0,1.0,1.0,0.9744967355821545,1.0,0.9910738574537541,1,,4231
26617,processed\features\26617_features.csv,919,15,919,0.9744967355821545,0,1.0,1.0,0.9744967355821545,1.0,0.9910738574537541,1,,4232
268392,processed\features\268392_features.csv,919,15,919,0.9744967355821545,0,1.0,1.0,0.9744967355821545,1.0,0.9910738574537541,1,,4233
270422,processed\features\270422_features.csv,919,15,919,0.9744967355821545,0,1.0,1.0,0.9744967355821545,1.0,0.9910738574537541,1,,4234
272085,processed\features\272085_features.csv,919,15,919,0.9744967355821545,0,1.0,1.0,0.9744967355821545,1.0,0.9910738574537541,1,,4235
27283,processed\features\27283_features.csv,919,15,919,0.9744967355821545,0,1.0,1.0,0.9744967355821545,1.0,0.9910738574537541,1,,4236
273776,processed\features\273776_features.csv,919,15,919,0.9744967355821545,0,1.0,1.0,0.9744967355821545,1.0,0.9910738574537541,1,,4237
284911,processed\features\284911_features.csv,919,15,919,0.9744967355821545,0,1.0,1.0,0.9744967355821545,1.0,0.9910738574537541,1,,4238
287232,processed\features\287232_features.csv,919,15,919,0.9744967355821545,0,1.0,1.0,0.9744967355821545,1.0,0.9910738574537541,1,,4239
291364,processed\features\291364_features.csv,919,15,919,0.9744967355821545,0,1.0,1.0,0.9744967355821545,1.0,0.9910738574537541,1,,4240
298812,processed\features\298812_features.csv,919,15,919,0.9744967355821545,0,1.0,1.0,0.9744967355821545,1.0,0.9910738574537541,1,,4241
304758,processed\features\304758_features.csv,919,15,919,0.9744967355821545,0,1.0,1.0,0.9744967355821545,1.0,0.9910738574537541,1,,4242
306772,processed\features\306772_features.csv,919,15,919,0.9744967355821545,0,1.0,1.0,0.9744967355821545,1.0,0.9910738574537541,1,,4243
307302,processed\features\307302_features.csv,919,15,919,0.9744967355821545,0,1.0,1.0,0.9744967355821545,1.0,0.9910738574537541,1,,4244
310207,processed\features\310207_features.csv,919,15,919,0.9744967355821545,0,1.0,1.0,0.9744967355821545,1.0,0.9910738574537541,1,,4245
313175,processed\features\313175_features.csv,919,15,919,0.9744967355821545,0,1.0,1.0,0.9744967355821545,1.0,0.9910738574537541,1,,4246
318502,processed\features\318502_features.csv,919,15,919,0.9744967355821545,0,1.0,1.0,0.9744967355821545,1.0,0.9910738574537541,1,,4247
318770,processed\features\318770_features.csv,919,15,919,0.9744967355821545,0,1.0,1.0,0.9744967355821545,1.0,0.9910738574537541,1,,4248
325240,processed\features\325240_features.csv,919,15,919,0.9744967355821545,0,1.0,1.0,0.9744967355821545,1.0,0.9910738574537541,1,,4249
351287,processed\features\351287_features.csv,919,15,919,0.9744967355821545,0,1.0,1.0,0.9744967355821545,1.0,0.9910738574537541,1,,4250
354762,processed\features\354762_features.csv,919,15,919,0.9744967355821545,0,1.0,1.0,0.9744967355821545,1.0,0.9910738574537541,1,,4251
38002,processed\features\38002_features.csv,919,15,919,0.9744967355821545,0,1.0,1.0,0.9744967355821545,1.0,0.9910738574537541,1,,4252
380111,processed\features\380111_features.csv,919,15,919,0.9744967355821545,0,1.0,1.0,0.9744967355821545,1.0,0.9910738574537541,1,,4253
393482,processed\features\393482_features.csv,919,15,919,0.9744967355821545,0,1.0,1.0,0.9744967355821545,1.0,0.9910738574537541,1,,4254
420162,processed\features\420162_features.csv,919,15,919,0.9744967355821545,0,1.0,1.0,0.9744967355821545,1.0,0.9910738574537541,1,,4255
425644,processed\features\425644_features.csv,919,15,919,0.9744967355821545,0,1.0,1.0,0.9744967355821545,1.0,0.9910738574537541,1,,4256
436089,processed\features\436089_features.csv,919,15,919,0.9744967355821545,0,1.0,1.0,0.9744967355821545,1.0,0.9910738574537541,1,,4257
43660,processed\features\43660_features.csv,919,15,919,0.9744967355821545,0,1.0,1.0,0.9744967355821545,1.0,0.9910738574537541,1,,4258
439419,processed\features\439419_features.csv,919,15,919,0.9744967355821545,0,1.0,1.0,0.9744967355821545,1.0,0.9910738574537541,1,,4259
450139,processed\features\450139_features.csv,919,15,919,0.9744967355821545,0,1.0,1.0,0.9744967355821545,1.0,0.9910738574537541,1,,4260
464172,processed\features\464172_features.csv,919,15,919,0.9744967355821545,0,1.0,1.0,0.9744967355821545,1.0,0.9910738574537541,1,,4261
472066,processed\features\472066_features.csv,919,15,919,0.9744967355821545,0,1.0,1.0,0.9744967355821545,1.0,0.9910738574537541,1,,4262
472560,processed\features\472560_features.csv,919,15,919,0.9744967355821545,0,1.0,1.0,0.9744967355821545,1.0,0.9910738574537541,1,,4263
473521,processed\features\473521_features.csv,919,15,919,0.9744967355821545,0,1.0,1.0,0.9744967355821545,1.0,0.9910738574537541,1,,4264
475757,processed\features\475757_features.csv,919,15,919,0.9744967355821545,0,1.0,1.0,0.9744967355821545,1.0,0.9910738574537541,1,,4265
485211,processed\features\485211_features.csv,919,15,919,0.9744967355821545,0,1.0,1.0,0.9744967355821545,1.0,0.9910738574537541,1,,4266
496106,processed\features\496106_features.csv,919,15,919,0.9744967355821545,0,1.0,1.0,0.9744967355821545,1.0,0.9910738574537541,1,,4267
512870,processed\features\512870_features.csv,919,15,919,0.9744967355821545,0,1.0,1.0,0.9744967355821545,1.0,0.9910738574537541,1,,4268
513233,processed\features\513233_features.csv,919,15,919,0.9744967355821545,0,1.0,1.0,0.9744967355821545,1.0,0.9910738574537541,1,,4269
53159,processed\features\53159_features.csv,919,15,919,0.9744967355821545,0,1.0,1.0,0.9744967355821545,1.0,0.9910738574537541,1,,4270
597,processed\features\597_features.csv,919,15,919,0.9744967355821545,0,1.0,1.0,0.9744967355821545,1.0,0.9910738574537541,1,,4271
60409,processed\features\60409_features.csv,919,15,919,0.9744967355821545,0,1.0,1.0,0.9744967355821545,1.0,0.9910738574537541,1,,4272
61469,processed\features\61469_features.csv,919,15,919,0.9744967355821545,0,1.0,1.0,0.9744967355821545,1.0,0.9910738574537541,1,,4273
7036,processed\features\7036_features.csv,919,15,919,0.9744967355821545,0,1.0,1.0,0.9744967355821545,1.0,0.9910738574537541,1,,4274
79466,processed\features\79466_features.csv,919,15,919,0.9744967355821545,0,1.0,1.0,0.9744967355821545,1.0,0.9910738574537541,1,,4275
83861,processed\features\83861_features.csv,919,15,919,0.9744967355821545,0,1.0,1.0,0.9744967355821545,1.0,0.9910738574537541,1,,4276
93439,processed\features\93439_features.csv,919,15,919,0.9744967355821545,0,1.0,1.0,0.9744967355821545,1.0,0.9910738574537541,1,,4277
94820,processed\features\94820_features.csv,919,15,919,0.9744967355821545,0,1.0,1.0,0.9744967355821545,1.0,0.9910738574537541,1,,4278
101146,processed\features\101146_features.csv,918,15,918,0.974468954248366,0,1.0,1.0,0.974468954248366,1.0,0.991064133986928,1,,4279
102797,processed\features\102797_features.csv,918,15,918,0.974468954248366,0,1.0,1.0,0.974468954248366,1.0,0.991064133986928,1,,4280
110439,processed\features\110439_features.csv,918,15,918,0.974468954248366,0,1.0,1.0,0.974468954248366,1.0,0.991064133986928,1,,4281
11254,processed\features\11254_features.csv,918,15,918,0.974468954248366,0,1.0,1.0,0.974468954248366,1.0,0.991064133986928,1,,4282
119448,processed\features\119448_features.csv,918,15,918,0.974468954248366,0,1.0,1.0,0.974468954248366,1.0,0.991064133986928,1,,4283
125459,processed\features\125459_features.csv,918,15,918,0.974468954248366,0,1.0,1.0,0.974468954248366,1.0,0.991064133986928,1,,4284
127750,processed\features\127750_features.csv,918,15,918,0.974468954248366,0,1.0,1.0,0.974468954248366,1.0,0.991064133986928,1,,4285
128497,processed\features\128497_features.csv,918,15,918,0.974468954248366,0,1.0,1.0,0.974468954248366,1.0,0.991064133986928,1,,4286
129933,processed\features\129933_features.csv,918,15,918,0.974468954248366,0,1.0,1.0,0.974468954248366,1.0,0.991064133986928,1,,4287
135742,processed\features\135742_features.csv,918,15,918,0.974468954248366,0,1.0,1.0,0.974468954248366,1.0,0.991064133986928,1,,4288
141184,processed\features\141184_features.csv,918,15,918,0.974468954248366,0,1.0,1.0,0.974468954248366,1.0,0.991064133986928,1,,4289
147552,processed\features\147552_features.csv,918,15,918,0.974468954248366,0,1.0,1.0,0.974468954248366,1.0,0.991064133986928,1,,4290
151346,processed\features\151346_features.csv,918,15,918,0.974468954248366,0,1.0,1.0,0.974468954248366,1.0,0.991064133986928,1,,4291
161864,processed\features\161864_features.csv,918,15,918,0.974468954248366,0,1.0,1.0,0.974468954248366,1.0,0.991064133986928,1,,4292
167158,processed\features\167158_features.csv,918,15,918,0.974468954248366,0,1.0,1.0,0.974468954248366,1.0,0.991064133986928,1,,4293
168,processed\features\168_features.csv,918,15,918,0.974468954248366,0,1.0,1.0,0.974468954248366,1.0,0.991064133986928,1,,4294
169342,processed\features\169342_features.csv,918,15,918,0.974468954248366,0,1.0,1.0,0.974468954248366,1.0,0.991064133986928,1,,4295
172190,processed\features\172190_features.csv,918,15,918,0.974468954248366,0,1.0,1.0,0.974468954248366,1.0,0.991064133986928,1,,4296
173507,processed\features\173507_features.csv,918,15,918,0.974468954248366,0,1.0,1.0,0.974468954248366,1.0,0.991064133986928,1,,4297
176895,processed\features\176895_features.csv,918,15,918,0.974468954248366,0,1.0,1.0,0.974468954248366,1.0,0.991064133986928,1,,4298
179347,processed\features\179347_features.csv,918,15,918,0.974468954248366,0,1.0,1.0,0.974468954248366,1.0,0.991064133986928,1,,4299
180101,processed\features\180101_features.csv,918,15,918,0.974468954248366,0,1.0,1.0,0.974468954248366,1.0,0.991064133986928,1,,4300
184625,processed\features\184625_features.csv,918,15,918,0.974468954248366,0,1.0,1.0,0.974468954248366,1.0,0.991064133986928,1,,4301
189972,processed\features\189972_features.csv,918,15,918,0.974468954248366,0,1.0,1.0,0.974468954248366,1.0,0.991064133986928,1,,4302
19041,processed\features\19041_features.csv,918,15,918,0.974468954248366,0,1.0,1.0,0.974468954248366,1.0,0.991064133986928,1,,4303
191757,processed\features\191757_features.csv,918,15,918,0.974468954248366,0,1.0,1.0,0.974468954248366,1.0,0.991064133986928,1,,4304
193243,processed\features\193243_features.csv,918,15,918,0.974468954248366,0,1.0,1.0,0.974468954248366,1.0,0.991064133986928,1,,4305
196136,processed\features\196136_features.csv,918,15,918,0.974468954248366,0,1.0,1.0,0.974468954248366,1.0,0.991064133986928,1,,4306
198541,processed\features\198541_features.csv,918,15,918,0.974468954248366,0,1.0,1.0,0.974468954248366,1.0,0.991064133986928,1,,4307
212267,processed\features\212267_features.csv,918,15,918,0.974468954248366,0,1.0,1.0,0.974468954248366,1.0,0.991064133986928,1,,4308
216634,processed\features\216634_features.csv,918,15,918,0.974468954248366,0,1.0,1.0,0.974468954248366,1.0,0.991064133986928,1,,4309
221453,processed\features\221453_features.csv,918,15,918,0.974468954248366,0,1.0,1.0,0.974468954248366,1.0,0.991064133986928,1,,4310
241670,processed\features\241670_features.csv,918,15,918,0.974468954248366,0,1.0,1.0,0.974468954248366,1.0,0.991064133986928,1,,4311
250250,processed\features\250250_features.csv,918,15,918,0.974468954248366,0,1.0,1.0,0.974468954248366,1.0,0.991064133986928,1,,4312
256895,processed\features\256895_features.csv,918,15,918,0.974468954248366,0,1.0,1.0,0.974468954248366,1.0,0.991064133986928,1,,4313
263824,processed\features\263824_features.csv,918,15,918,0.974468954248366,0,1.0,1.0,0.974468954248366,1.0,0.991064133986928,1,,4314
264901,processed\features\264901_features.csv,918,15,918,0.974468954248366,0,1.0,1.0,0.974468954248366,1.0,0.991064133986928,1,,4315
277377,processed\features\277377_features.csv,918,15,918,0.974468954248366,0,1.0,1.0,0.974468954248366,1.0,0.991064133986928,1,,4316
278647,processed\features\278647_features.csv,918,15,918,0.974468954248366,0,1.0,1.0,0.974468954248366,1.0,0.991064133986928,1,,4317
283207,processed\features\283207_features.csv,918,15,918,0.974468954248366,0,1.0,1.0,0.974468954248366,1.0,0.991064133986928,1,,4318
286062,processed\features\286062_features.csv,918,15,918,0.974468954248366,0,1.0,1.0,0.974468954248366,1.0,0.991064133986928,1,,4319
286222,processed\features\286222_features.csv,918,15,918,0.974468954248366,0,1.0,1.0,0.974468954248366,1.0,0.991064133986928,1,,4320
291992,processed\features\291992_features.csv,918,15,918,0.974468954248366,0,1.0,1.0,0.974468954248366,1.0,0.991064133986928,1,,4321
297482,processed\features\297482_features.csv,918,15,918,0.974468954248366,0,1.0,1.0,0.974468954248366,1.0,0.991064133986928,1,,4322
317552,processed\features\317552_features.csv,918,15,918,0.974468954248366,0,1.0,1.0,0.974468954248366,1.0,0.991064133986928,1,,4323
31861,processed\features\31861_features.csv,918,15,918,0.974468954248366,0,1.0,1.0,0.974468954248366,1.0,0.991064133986928,1,,4324
345779,processed\features\345779_features.csv,918,15,918,0.974468954248366,0,1.0,1.0,0.974468954248366,1.0,0.991064133986928,1,,4325
346234,processed\features\346234_features.csv,918,15,918,0.974468954248366,0,1.0,1.0,0.974468954248366,1.0,0.991064133986928,1,,4326
349086,processed\features\349086_features.csv,918,15,918,0.974468954248366,0,1.0,1.0,0.974468954248366,1.0,0.991064133986928,1,,4327
35275,processed\features\35275_features.csv,918,15,918,0.974468954248366,0,1.0,1.0,0.974468954248366,1.0,0.991064133986928,1,,4328
362681,processed\features\362681_features.csv,918,15,918,0.974468954248366,0,1.0,1.0,0.974468954248366,1.0,0.991064133986928,1,,4329
372587,processed\features\372587_features.csv,918,15,918,0.974468954248366,0,1.0,1.0,0.974468954248366,1.0,0.991064133986928,1,,4330
372851,processed\features\372851_features.csv,918,15,918,0.974468954248366,0,1.0,1.0,0.974468954248366,1.0,0.991064133986928,1,,4331
374307,processed\features\374307_features.csv,918,15,918,0.974468954248366,0,1.0,1.0,0.974468954248366,1.0,0.991064133986928,1,,4332
374929,processed\features\374929_features.csv,918,15,918,0.974468954248366,0,1.0,1.0,0.974468954248366,1.0,0.991064133986928,1,,4333
377262,processed\features\377262_features.csv,918,15,918,0.974468954248366,0,1.0,1.0,0.974468954248366,1.0,0.991064133986928,1,,4334
38174,processed\features\38174_features.csv,918,15,918,0.974468954248366,0,1.0,1.0,0.974468954248366,1.0,0.991064133986928,1,,4335
39111,processed\features\39111_features.csv,918,15,918,0.974468954248366,0,1.0,1.0,0.974468954248366,1.0,0.991064133986928,1,,4336
400002,processed\features\400002_features.csv,918,15,918,0.974468954248366,0,1.0,1.0,0.974468954248366,1.0,0.991064133986928,1,,4337
415222,processed\features\415222_features.csv,918,15,918,0.974468954248366,0,1.0,1.0,0.974468954248366,1.0,0.991064133986928,1,,4338
421673,processed\features\421673_features.csv,918,15,918,0.974468954248366,0,1.0,1.0,0.974468954248366,1.0,0.991064133986928,1,,4339
425945,processed\features\425945_features.csv,918,15,918,0.974468954248366,0,1.0,1.0,0.974468954248366,1.0,0.991064133986928,1,,4340
44639,processed\features\44639_features.csv,918,15,918,0.974468954248366,0,1.0,1.0,0.974468954248366,1.0,0.991064133986928,1,,4341
450683,processed\features\450683_features.csv,918,15,918,0.974468954248366,0,1.0,1.0,0.974468954248366,1.0,0.991064133986928,1,,4342
457986,processed\features\457986_features.csv,918,15,918,0.974468954248366,0,1.0,1.0,0.974468954248366,1.0,0.991064133986928,1,,4343
461011,processed\features\461011_features.csv,918,15,918,0.974468954248366,0,1.0,1.0,0.974468954248366,1.0,0.991064133986928,1,,4344
471388,processed\features\471388_features.csv,918,15,918,0.974468954248366,0,1.0,1.0,0.974468954248366,1.0,0.991064133986928,1,,4345
472706,processed\features\472706_features.csv,918,15,918,0.974468954248366,0,1.0,1.0,0.974468954248366,1.0,0.991064133986928,1,,4346
476138,processed\features\476138_features.csv,918,15,918,0.974468954248366,0,1.0,1.0,0.974468954248366,1.0,0.991064133986928,1,,4347
484552,processed\features\484552_features.csv,918,15,918,0.974468954248366,0,1.0,1.0,0.974468954248366,1.0,0.991064133986928,1,,4348
486666,processed\features\486666_features.csv,918,15,918,0.974468954248366,0,1.0,1.0,0.974468954248366,1.0,0.991064133986928,1,,4349
490345,processed\features\490345_features.csv,918,15,918,0.974468954248366,0,1.0,1.0,0.974468954248366,1.0,0.991064133986928,1,,4350
492343,processed\features\492343_features.csv,918,15,918,0.974468954248366,0,1.0,1.0,0.974468954248366,1.0,0.991064133986928,1,,4351
503230,processed\features\503230_features.csv,918,15,918,0.974468954248366,0,1.0,1.0,0.974468954248366,1.0,0.991064133986928,1,,4352
510001,processed\features\510001_features.csv,918,15,918,0.974468954248366,0,1.0,1.0,0.974468954248366,1.0,0.991064133986928,1,,4353
510889,processed\features\510889_features.csv,918,15,918,0.974468954248366,0,1.0,1.0,0.974468954248366,1.0,0.991064133986928,1,,4354
515008,processed\features\515008_features.csv,918,15,918,0.974468954248366,0,1.0,1.0,0.974468954248366,1.0,0.991064133986928,1,,4355
515873,processed\features\515873_features.csv,918,15,918,0.974468954248366,0,1.0,1.0,0.974468954248366,1.0,0.991064133986928,1,,4356
516265,processed\features\516265_features.csv,918,15,918,0.974468954248366,0,1.0,1.0,0.974468954248366,1.0,0.991064133986928,1,,4357
516280,processed\features\516280_features.csv,918,15,918,0.974468954248366,0,1.0,1.0,0.974468954248366,1.0,0.991064133986928,1,,4358
52504,processed\features\52504_features.csv,918,15,918,0.974468954248366,0,1.0,1.0,0.974468954248366,1.0,0.991064133986928,1,,4359
53057,processed\features\53057_features.csv,918,15,918,0.974468954248366,0,1.0,1.0,0.974468954248366,1.0,0.991064133986928,1,,4360
64052,processed\features\64052_features.csv,918,15,918,0.974468954248366,0,1.0,1.0,0.974468954248366,1.0,0.991064133986928,1,,4361
79102,processed\features\79102_features.csv,918,15,918,0.974468954248366,0,1.0,1.0,0.974468954248366,1.0,0.991064133986928,1,,4362
79160,processed\features\79160_features.csv,918,15,918,0.974468954248366,0,1.0,1.0,0.974468954248366,1.0,0.991064133986928,1,,4363
102802,processed\features\102802_features.csv,917,15,917,0.9744411123227917,0,1.0,1.0,0.9744411123227917,1.0,0.9910543893129772,1,,4364
112413,processed\features\112413_features.csv,917,15,917,0.9744411123227917,0,1.0,1.0,0.9744411123227917,1.0,0.9910543893129772,1,,4365
112587,processed\features\112587_features.csv,917,15,917,0.9744411123227917,0,1.0,1.0,0.9744411123227917,1.0,0.9910543893129772,1,,4366
113227,processed\features\113227_features.csv,917,15,917,0.9744411123227917,0,1.0,1.0,0.9744411123227917,1.0,0.9910543893129772,1,,4367
120715,processed\features\120715_features.csv,917,15,917,0.9744411123227917,0,1.0,1.0,0.9744411123227917,1.0,0.9910543893129772,1,,4368
124243,processed\features\124243_features.csv,917,15,917,0.9744411123227917,0,1.0,1.0,0.9744411123227917,1.0,0.9910543893129772,1,,4369
124399,processed\features\124399_features.csv,917,15,917,0.9744411123227917,0,1.0,1.0,0.9744411123227917,1.0,0.9910543893129772,1,,4370
128139,processed\features\128139_features.csv,917,15,917,0.9744411123227917,0,1.0,1.0,0.9744411123227917,1.0,0.9910543893129772,1,,4371
129132,processed\features\129132_features.csv,917,15,917,0.9744411123227917,0,1.0,1.0,0.9744411123227917,1.0,0.9910543893129772,1,,4372
130312,processed\features\130312_features.csv,917,15,917,0.9744411123227917,0,1.0,1.0,0.9744411123227917,1.0,0.9910543893129772,1,,4373
140478,processed\features\140478_features.csv,917,15,917,0.9744411123227917,0,1.0,1.0,0.9744411123227917,1.0,0.9910543893129772,1,,4374
141711,processed\features\141711_features.csv,917,15,917,0.9744411123227917,0,1.0,1.0,0.9744411123227917,1.0,0.9910543893129772,1,,4375
147877,processed\features\147877_features.csv,917,15,917,0.9744411123227917,0,1.0,1.0,0.9744411123227917,1.0,0.9910543893129772,1,,4376
151190,processed\features\151190_features.csv,917,15,917,0.9744411123227917,0,1.0,1.0,0.9744411123227917,1.0,0.9910543893129772,1,,4377
15860,processed\features\15860_features.csv,917,15,917,0.9744411123227917,0,1.0,1.0,0.9744411123227917,1.0,0.9910543893129772,1,,4378
180131,processed\features\180131_features.csv,917,15,917,0.9744411123227917,0,1.0,1.0,0.9744411123227917,1.0,0.9910543893129772,1,,4379
188070,processed\features\188070_features.csv,917,15,917,0.9744411123227917,0,1.0,1.0,0.9744411123227917,1.0,0.9910543893129772,1,,4380
193995,processed\features\193995_features.csv,917,15,917,0.9744411123227917,0,1.0,1.0,0.9744411123227917,1.0,0.9910543893129772,1,,4381
199467,processed\features\199467_features.csv,917,15,917,0.9744411123227917,0,1.0,1.0,0.9744411123227917,1.0,0.9910543893129772,1,,4382
199635,processed\features\199635_features.csv,917,15,917,0.9744411123227917,0,1.0,1.0,0.9744411123227917,1.0,0.9910543893129772,1,,4383
200581,processed\features\200581_features.csv,917,15,917,0.9744411123227917,0,1.0,1.0,0.9744411123227917,1.0,0.9910543893129772,1,,4384
212250,processed\features\212250_features.csv,917,15,917,0.9744411123227917,0,1.0,1.0,0.9744411123227917,1.0,0.9910543893129772,1,,4385
214211,processed\features\214211_features.csv,917,15,917,0.9744411123227917,0,1.0,1.0,0.9744411123227917,1.0,0.9910543893129772,1,,4386
214858,processed\features\214858_features.csv,917,15,917,0.9744411123227917,0,1.0,1.0,0.9744411123227917,1.0,0.9910543893129772,1,,4387
217768,processed\features\217768_features.csv,917,15,917,0.9744411123227917,0,1.0,1.0,0.9744411123227917,1.0,0.9910543893129772,1,,4388
222511,processed\features\222511_features.csv,917,15,917,0.9744411123227917,0,1.0,1.0,0.9744411123227917,1.0,0.9910543893129772,1,,4389
226910,processed\features\226910_features.csv,917,15,917,0.9744411123227917,0,1.0,1.0,0.9744411123227917,1.0,0.9910543893129772,1,,4390
228633,processed\features\228633_features.csv,917,15,917,0.9744411123227917,0,1.0,1.0,0.9744411123227917,1.0,0.9910543893129772,1,,4391
246784,processed\features\246784_features.csv,917,15,917,0.9744411123227917,0,1.0,1.0,0.9744411123227917,1.0,0.9910543893129772,1,,4392
246935,processed\features\246935_features.csv,917,15,917,0.9744411123227917,0,1.0,1.0,0.9744411123227917,1.0,0.9910543893129772,1,,4393
256035,processed\features\256035_features.csv,917,15,917,0.9744411123227917,0,1.0,1.0,0.9744411123227917,1.0,0.9910543893129772,1,,4394
259331,processed\features\259331_features.csv,917,15,917,0.9744411123227917,0,1.0,1.0,0.9744411123227917,1.0,0.9910543893129772,1,,4395
264940,processed\features\264940_features.csv,917,15,917,0.9744411123227917,0,1.0,1.0,0.9744411123227917,1.0,0.9910543893129772,1,,4396
27529,processed\features\27529_features.csv,917,15,917,0.9744411123227917,0,1.0,1.0,0.9744411123227917,1.0,0.9910543893129772,1,,4397
27918,processed\features\27918_features.csv,917,15,917,0.9744411123227917,0,1.0,1.0,0.9744411123227917,1.0,0.9910543893129772,1,,4398
279752,processed\features\279752_features.csv,917,15,917,0.9744411123227917,0,1.0,1.0,0.9744411123227917,1.0,0.9910543893129772,1,,4399
282568,processed\features\282568_features.csv,917,15,917,0.9744411123227917,0,1.0,1.0,0.9744411123227917,1.0,0.9910543893129772,1,,4400
28295,processed\features\28295_features.csv,917,15,917,0.9744411123227917,0,1.0,1.0,0.9744411123227917,1.0,0.9910543893129772,1,,4401
284827,processed\features\284827_features.csv,917,15,917,0.9744411123227917,0,1.0,1.0,0.9744411123227917,1.0,0.9910543893129772,1,,4402
286941,processed\features\286941_features.csv,917,15,917,0.9744411123227917,0,1.0,1.0,0.9744411123227917,1.0,0.9910543893129772,1,,4403
287323,processed\features\287323_features.csv,917,15,917,0.9744411123227917,0,1.0,1.0,0.9744411123227917,1.0,0.9910543893129772,1,,4404
300232,processed\features\300232_features.csv,917,15,917,0.9744411123227917,0,1.0,1.0,0.9744411123227917,1.0,0.9910543893129772,1,,4405
301292,processed\features\301292_features.csv,917,15,917,0.9744411123227917,0,1.0,1.0,0.9744411123227917,1.0,0.9910543893129772,1,,4406
310440,processed\features\310440_features.csv,917,15,917,0.9744411123227917,0,1.0,1.0,0.9744411123227917,1.0,0.9910543893129772,1,,4407
323582,processed\features\323582_features.csv,917,15,917,0.9744411123227917,0,1.0,1.0,0.9744411123227917,1.0,0.9910543893129772,1,,4408
331064,processed\features\331064_features.csv,917,15,917,0.9744411123227917,0,1.0,1.0,0.9744411123227917,1.0,0.9910543893129772,1,,4409
331404,processed\features\331404_features.csv,917,15,917,0.9744411123227917,0,1.0,1.0,0.9744411123227917,1.0,0.9910543893129772,1,,4410
334517,processed\features\334517_features.csv,917,15,917,0.9744411123227917,0,1.0,1.0,0.9744411123227917,1.0,0.9910543893129772,1,,4411
341421,processed\features\341421_features.csv,917,15,917,0.9744411123227917,0,1.0,1.0,0.9744411123227917,1.0,0.9910543893129772,1,,4412
342940,processed\features\342940_features.csv,917,15,917,0.9744411123227917,0,1.0,1.0,0.9744411123227917,1.0,0.9910543893129772,1,,4413
348974,processed\features\348974_features.csv,917,15,917,0.9744411123227917,0,1.0,1.0,0.9744411123227917,1.0,0.9910543893129772,1,,4414
349334,processed\features\349334_features.csv,917,15,917,0.9744411123227917,0,1.0,1.0,0.9744411123227917,1.0,0.9910543893129772,1,,4415
35110,processed\features\35110_features.csv,917,15,917,0.9744411123227917,0,1.0,1.0,0.9744411123227917,1.0,0.9910543893129772,1,,4416
35350,processed\features\35350_features.csv,917,15,917,0.9744411123227917,0,1.0,1.0,0.9744411123227917,1.0,0.9910543893129772,1,,4417
356429,processed\features\356429_features.csv,917,15,917,0.9744411123227917,0,1.0,1.0,0.9744411123227917,1.0,0.9910543893129772,1,,4418
363545,processed\features\363545_features.csv,917,15,917,0.9744411123227917,0,1.0,1.0,0.9744411123227917,1.0,0.9910543893129772,1,,4419
368322,processed\features\368322_features.csv,917,15,917,0.9744411123227917,0,1.0,1.0,0.9744411123227917,1.0,0.9910543893129772,1,,4420
369166,processed\features\369166_features.csv,917,15,917,0.9744411123227917,0,1.0,1.0,0.9744411123227917,1.0,0.9910543893129772,1,,4421
371085,processed\features\371085_features.csv,917,15,917,0.9744411123227917,0,1.0,1.0,0.9744411123227917,1.0,0.9910543893129772,1,,4422
377067,processed\features\377067_features.csv,917,15,917,0.9744411123227917,0,1.0,1.0,0.9744411123227917,1.0,0.9910543893129772,1,,4423
380883,processed\features\380883_features.csv,917,15,917,0.9744411123227917,0,1.0,1.0,0.9744411123227917,1.0,0.9910543893129772,1,,4424
382819,processed\features\382819_features.csv,917,15,917,0.9744411123227917,0,1.0,1.0,0.9744411123227917,1.0,0.9910543893129772,1,,4425
401101,processed\features\401101_features.csv,917,15,917,0.9744411123227917,0,1.0,1.0,0.9744411123227917,1.0,0.9910543893129772,1,,4426
405520,processed\features\405520_features.csv,917,15,917,0.9744411123227917,0,1.0,1.0,0.9744411123227917,1.0,0.9910543893129772,1,,4427
407954,processed\features\407954_features.csv,917,15,917,0.9744411123227917,0,1.0,1.0,0.9744411123227917,1.0,0.9910543893129772,1,,4428
408355,processed\features\408355_features.csv,917,15,917,0.9744411123227917,0,1.0,1.0,0.9744411123227917,1.0,0.9910543893129772,1,,4429
415201,processed\features\415201_features.csv,917,15,917,0.9744411123227917,0,1.0,1.0,0.9744411123227917,1.0,0.9910543893129772,1,,4430
41640,processed\features\41640_features.csv,917,15,917,0.9744411123227917,0,1.0,1.0,0.9744411123227917,1.0,0.9910543893129772,1,,4431
424433,processed\features\424433_features.csv,917,15,917,0.9744411123227917,0,1.0,1.0,0.9744411123227917,1.0,0.9910543893129772,1,,4432
424577,processed\features\424577_features.csv,917,15,917,0.9744411123227917,0,1.0,1.0,0.9744411123227917,1.0,0.9910543893129772,1,,4433
433942,processed\features\433942_features.csv,917,15,917,0.9744411123227917,0,1.0,1.0,0.9744411123227917,1.0,0.9910543893129772,1,,4434
447515,processed\features\447515_features.csv,917,15,917,0.9744411123227917,0,1.0,1.0,0.9744411123227917,1.0,0.9910543893129772,1,,4435
450983,processed\features\450983_features.csv,917,15,917,0.9744411123227917,0,1.0,1.0,0.9744411123227917,1.0,0.9910543893129772,1,,4436
456495,processed\features\456495_features.csv,917,15,917,0.9744411123227917,0,1.0,1.0,0.9744411123227917,1.0,0.9910543893129772,1,,4437
458741,processed\features\458741_features.csv,917,15,917,0.9744411123227917,0,1.0,1.0,0.9744411123227917,1.0,0.9910543893129772,1,,4438
460684,processed\features\460684_features.csv,917,15,917,0.9744411123227917,0,1.0,1.0,0.9744411123227917,1.0,0.9910543893129772,1,,4439
462152,processed\features\462152_features.csv,917,15,917,0.9744411123227917,0,1.0,1.0,0.9744411123227917,1.0,0.9910543893129772,1,,4440
468588,processed\features\468588_features.csv,917,15,917,0.9744411123227917,0,1.0,1.0,0.9744411123227917,1.0,0.9910543893129772,1,,4441
470290,processed\features\470290_features.csv,917,15,917,0.9744411123227917,0,1.0,1.0,0.9744411123227917,1.0,0.9910543893129772,1,,4442
471808,processed\features\471808_features.csv,917,15,917,0.9744411123227917,0,1.0,1.0,0.9744411123227917,1.0,0.9910543893129772,1,,4443
472570,processed\features\472570_features.csv,917,15,917,0.9744411123227917,0,1.0,1.0,0.9744411123227917,1.0,0.9910543893129772,1,,4444
477971,processed\features\477971_features.csv,917,15,917,0.9744411123227917,0,1.0,1.0,0.9744411123227917,1.0,0.9910543893129772,1,,4445
480998,processed\features\480998_features.csv,917,15,917,0.9744411123227917,0,1.0,1.0,0.9744411123227917,1.0,0.9910543893129772,1,,4446
485895,processed\features\485895_features.csv,917,15,917,0.9744411123227917,0,1.0,1.0,0.9744411123227917,1.0,0.9910543893129772,1,,4447
489547,processed\features\489547_features.csv,917,15,917,0.9744411123227917,0,1.0,1.0,0.9744411123227917,1.0,0.9910543893129772,1,,4448
496415,processed\features\496415_features.csv,917,15,917,0.9744411123227917,0,1.0,1.0,0.9744411123227917,1.0,0.9910543893129772,1,,4449
506327,processed\features\506327_features.csv,917,15,917,0.9744411123227917,0,1.0,1.0,0.9744411123227917,1.0,0.9910543893129772,1,,4450
506605,processed\features\506605_features.csv,917,15,917,0.9744411123227917,0,1.0,1.0,0.9744411123227917,1.0,0.9910543893129772,1,,4451
82994,processed\features\82994_features.csv,917,15,917,0.9744411123227917,0,1.0,1.0,0.9744411123227917,1.0,0.9910543893129772,1,,4452
105019,processed\features\105019_features.csv,916,15,916,0.9744132096069869,0,1.0,1.0,0.9744132096069869,1.0,0.9910446233624454,1,,4453
112810,processed\features\112810_features.csv,916,15,916,0.9744132096069869,0,1.0,1.0,0.9744132096069869,1.0,0.9910446233624454,1,,4454
121414,processed\features\121414_features.csv,916,15,916,0.9744132096069869,0,1.0,1.0,0.9744132096069869,1.0,0.9910446233624454,1,,4455
121554,processed\features\121554_features.csv,916,15,916,0.9744132096069869,0,1.0,1.0,0.9744132096069869,1.0,0.9910446233624454,1,,4456
124735,processed\features\124735_features.csv,916,15,916,0.9744132096069869,0,1.0,1.0,0.9744132096069869,1.0,0.9910446233624454,1,,4457
137894,processed\features\137894_features.csv,916,15,916,0.9744132096069869,0,1.0,1.0,0.9744132096069869,1.0,0.9910446233624454,1,,4458
144952,processed\features\144952_features.csv,916,15,916,0.9744132096069869,0,1.0,1.0,0.9744132096069869,1.0,0.9910446233624454,1,,4459
16541,processed\features\16541_features.csv,916,15,916,0.9744132096069869,0,1.0,1.0,0.9744132096069869,1.0,0.9910446233624454,1,,4460
167526,processed\features\167526_features.csv,916,15,916,0.9744132096069869,0,1.0,1.0,0.9744132096069869,1.0,0.9910446233624454,1,,4461
172945,processed\features\172945_features.csv,916,15,916,0.9744132096069869,0,1.0,1.0,0.9744132096069869,1.0,0.9910446233624454,1,,4462
173168,processed\features\173168_features.csv,916,15,916,0.9744132096069869,0,1.0,1.0,0.9744132096069869,1.0,0.9910446233624454,1,,4463
175606,processed\features\175606_features.csv,916,15,916,0.9744132096069869,0,1.0,1.0,0.9744132096069869,1.0,0.9910446233624454,1,,4464
179362,processed\features\179362_features.csv,916,15,916,0.9744132096069869,0,1.0,1.0,0.9744132096069869,1.0,0.9910446233624454,1,,4465
179850,processed\features\179850_features.csv,916,15,916,0.9744132096069869,0,1.0,1.0,0.9744132096069869,1.0,0.9910446233624454,1,,4466
18040,processed\features\18040_features.csv,916,15,916,0.9744132096069869,0,1.0,1.0,0.9744132096069869,1.0,0.9910446233624454,1,,4467
195073,processed\features\195073_features.csv,916,15,916,0.9744132096069869,0,1.0,1.0,0.9744132096069869,1.0,0.9910446233624454,1,,4468
199594,processed\features\199594_features.csv,916,15,916,0.9744132096069869,0,1.0,1.0,0.9744132096069869,1.0,0.9910446233624454,1,,4469
202571,processed\features\202571_features.csv,916,15,916,0.9744132096069869,0,1.0,1.0,0.9744132096069869,1.0,0.9910446233624454,1,,4470
216438,processed\features\216438_features.csv,916,15,916,0.9744132096069869,0,1.0,1.0,0.9744132096069869,1.0,0.9910446233624454,1,,4471
217450,processed\features\217450_features.csv,916,15,916,0.9744132096069869,0,1.0,1.0,0.9744132096069869,1.0,0.9910446233624454,1,,4472
224810,processed\features\224810_features.csv,916,15,916,0.9744132096069869,0,1.0,1.0,0.9744132096069869,1.0,0.9910446233624454,1,,4473
225100,processed\features\225100_features.csv,916,15,916,0.9744132096069869,0,1.0,1.0,0.9744132096069869,1.0,0.9910446233624454,1,,4474
240794,processed\features\240794_features.csv,916,15,916,0.9744132096069869,0,1.0,1.0,0.9744132096069869,1.0,0.9910446233624454,1,,4475
242419,processed\features\242419_features.csv,916,15,916,0.9744132096069869,0,1.0,1.0,0.9744132096069869,1.0,0.9910446233624454,1,,4476
243776,processed\features\243776_features.csv,916,15,916,0.9744132096069869,0,1.0,1.0,0.9744132096069869,1.0,0.9910446233624454,1,,4477
257454,processed\features\257454_features.csv,916,15,916,0.9744132096069869,0,1.0,1.0,0.9744132096069869,1.0,0.9910446233624454,1,,4478
258805,processed\features\258805_features.csv,916,15,916,0.9744132096069869,0,1.0,1.0,0.9744132096069869,1.0,0.9910446233624454,1,,4479
261477,processed\features\261477_features.csv,916,15,916,0.9744132096069869,0,1.0,1.0,0.9744132096069869,1.0,0.9910446233624454,1,,4480
262018,processed\features\262018_features.csv,916,15,916,0.9744132096069869,0,1.0,1.0,0.9744132096069869,1.0,0.9910446233624454,1,,4481
263495,processed\features\263495_features.csv,916,15,916,0.9744132096069869,0,1.0,1.0,0.9744132096069869,1.0,0.9910446233624454,1,,4482
268470,processed\features\268470_features.csv,916,15,916,0.9744132096069869,0,1.0,1.0,0.9744132096069869,1.0,0.9910446233624454,1,,4483
282337,processed\features\282337_features.csv,916,15,916,0.9744132096069869,0,1.0,1.0,0.9744132096069869,1.0,0.9910446233624454,1,,4484
284073,processed\features\284073_features.csv,916,15,916,0.9744132096069869,0,1.0,1.0,0.9744132096069869,1.0,0.9910446233624454,1,,4485
285736,processed\features\285736_features.csv,916,15,916,0.9744132096069869,0,1.0,1.0,0.9744132096069869,1.0,0.9910446233624454,1,,4486
294768,processed\features\294768_features.csv,916,15,916,0.9744132096069869,0,1.0,1.0,0.9744132096069869,1.0,0.9910446233624454,1,,4487
295058,processed\features\295058_features.csv,916,15,916,0.9744132096069869,0,1.0,1.0,0.9744132096069869,1.0,0.9910446233624454,1,,4488
298764,processed\features\298764_features.csv,916,15,916,0.9744132096069869,0,1.0,1.0,0.9744132096069869,1.0,0.9910446233624454,1,,4489
300876,processed\features\300876_features.csv,916,15,916,0.9744132096069869,0,1.0,1.0,0.9744132096069869,1.0,0.9910446233624454,1,,4490
309825,processed\features\309825_features.csv,916,15,916,0.9744132096069869,0,1.0,1.0,0.9744132096069869,1.0,0.9910446233624454,1,,4491
313821,processed\features\313821_features.csv,916,15,916,0.9744132096069869,0,1.0,1.0,0.9744132096069869,1.0,0.9910446233624454,1,,4492
320155,processed\features\320155_features.csv,916,15,916,0.9744132096069869,0,1.0,1.0,0.9744132096069869,1.0,0.9910446233624454,1,,4493
336516,processed\features\336516_features.csv,916,15,916,0.9744132096069869,0,1.0,1.0,0.9744132096069869,1.0,0.9910446233624454,1,,4494
343654,processed\features\343654_features.csv,916,15,916,0.9744132096069869,0,1.0,1.0,0.9744132096069869,1.0,0.9910446233624454,1,,4495
34903,processed\features\34903_features.csv,916,15,916,0.9744132096069869,0,1.0,1.0,0.9744132096069869,1.0,0.9910446233624454,1,,4496
350442,processed\features\350442_features.csv,916,15,916,0.9744132096069869,0,1.0,1.0,0.9744132096069869,1.0,0.9910446233624454,1,,4497
358384,processed\features\358384_features.csv,916,15,916,0.9744132096069869,0,1.0,1.0,0.9744132096069869,1.0,0.9910446233624454,1,,4498
358804,processed\features\358804_features.csv,916,15,916,0.9744132096069869,0,1.0,1.0,0.9744132096069869,1.0,0.9910446233624454,1,,4499
360239,processed\features\360239_features.csv,916,15,916,0.9744132096069869,0,1.0,1.0,0.9744132096069869,1.0,0.9910446233624454,1,,4500
36414,processed\features\36414_features.csv,916,15,916,0.9744132096069869,0,1.0,1.0,0.9744132096069869,1.0,0.9910446233624454,1,,4501
374344,processed\features\374344_features.csv,916,15,916,0.9744132096069869,0,1.0,1.0,0.9744132096069869,1.0,0.9910446233624454,1,,4502
376643,processed\features\376643_features.csv,916,15,916,0.9744132096069869,0,1.0,1.0,0.9744132096069869,1.0,0.9910446233624454,1,,4503
38107,processed\features\38107_features.csv,916,15,916,0.9744132096069869,0,1.0,1.0,0.9744132096069869,1.0,0.9910446233624454,1,,4504
38216,processed\features\38216_features.csv,916,15,916,0.9744132096069869,0,1.0,1.0,0.9744132096069869,1.0,0.9910446233624454,1,,4505
391243,processed\features\391243_features.csv,916,15,916,0.9744132096069869,0,1.0,1.0,0.9744132096069869,1.0,0.9910446233624454,1,,4506
393401,processed\features\393401_features.csv,916,15,916,0.9744132096069869,0,1.0,1.0,0.9744132096069869,1.0,0.9910446233624454,1,,4507
397291,processed\features\397291_features.csv,916,15,916,0.9744132096069869,0,1.0,1.0,0.9744132096069869,1.0,0.9910446233624454,1,,4508
398397,processed\features\398397_features.csv,916,15,916,0.9744132096069869,0,1.0,1.0,0.9744132096069869,1.0,0.9910446233624454,1,,4509
432676,processed\features\432676_features.csv,916,15,916,0.9744132096069869,0,1.0,1.0,0.9744132096069869,1.0,0.9910446233624454,1,,4510
447689,processed\features\447689_features.csv,916,15,916,0.9744132096069869,0,1.0,1.0,0.9744132096069869,1.0,0.9910446233624454,1,,4511
449479,processed\features\449479_features.csv,916,15,916,0.9744132096069869,0,1.0,1.0,0.9744132096069869,1.0,0.9910446233624454,1,,4512
453703,processed\features\453703_features.csv,916,15,916,0.9744132096069869,0,1.0,1.0,0.9744132096069869,1.0,0.9910446233624454,1,,4513
463487,processed\features\463487_features.csv,916,15,916,0.9744132096069869,0,1.0,1.0,0.9744132096069869,1.0,0.9910446233624454,1,,4514
464082,processed\features\464082_features.csv,916,15,916,0.9744132096069869,0,1.0,1.0,0.9744132096069869,1.0,0.9910446233624454,1,,4515
469055,processed\features\469055_features.csv,916,15,916,0.9744132096069869,0,1.0,1.0,0.9744132096069869,1.0,0.9910446233624454,1,,4516
470315,processed\features\470315_features.csv,916,15,916,0.9744132096069869,0,1.0,1.0,0.9744132096069869,1.0,0.9910446233624454,1,,4517
480012,processed\features\480012_features.csv,916,15,916,0.9744132096069869,0,1.0,1.0,0.9744132096069869,1.0,0.9910446233624454,1,,4518
488272,processed\features\488272_features.csv,916,15,916,0.9744132096069869,0,1.0,1.0,0.9744132096069869,1.0,0.9910446233624454,1,,4519
490624,processed\features\490624_features.csv,916,15,916,0.9744132096069869,0,1.0,1.0,0.9744132096069869,1.0,0.9910446233624454,1,,4520
491920,processed\features\491920_features.csv,916,15,916,0.9744132096069869,0,1.0,1.0,0.9744132096069869,1.0,0.9910446233624454,1,,4521
496471,processed\features\496471_features.csv,916,15,916,0.9744132096069869,0,1.0,1.0,0.9744132096069869,1.0,0.9910446233624454,1,,4522
500352,processed\features\500352_features.csv,916,15,916,0.9744132096069869,0,1.0,1.0,0.9744132096069869,1.0,0.9910446233624454,1,,4523
505871,processed\features\505871_features.csv,916,15,916,0.9744132096069869,0,1.0,1.0,0.9744132096069869,1.0,0.9910446233624454,1,,4524
507926,processed\features\507926_features.csv,916,15,916,0.9744132096069869,0,1.0,1.0,0.9744132096069869,1.0,0.9910446233624454,1,,4525
513814,processed\features\513814_features.csv,916,15,916,0.9744132096069869,0,1.0,1.0,0.9744132096069869,1.0,0.9910446233624454,1,,4526
52253,processed\features\52253_features.csv,916,15,916,0.9744132096069869,0,1.0,1.0,0.9744132096069869,1.0,0.9910446233624454,1,,4527
58131,processed\features\58131_features.csv,916,15,916,0.9744132096069869,0,1.0,1.0,0.9744132096069869,1.0,0.9910446233624454,1,,4528
74674,processed\features\74674_features.csv,916,15,916,0.9744132096069869,0,1.0,1.0,0.9744132096069869,1.0,0.9910446233624454,1,,4529
78701,processed\features\78701_features.csv,916,15,916,0.9744132096069869,0,1.0,1.0,0.9744132096069869,1.0,0.9910446233624454,1,,4530
83960,processed\features\83960_features.csv,916,15,916,0.9744132096069869,0,1.0,1.0,0.9744132096069869,1.0,0.9910446233624454,1,,4531
8472,processed\features\8472_features.csv,916,15,916,0.9744132096069869,0,1.0,1.0,0.9744132096069869,1.0,0.9910446233624454,1,,4532
87267,processed\features\87267_features.csv,916,15,916,0.9744132096069869,0,1.0,1.0,0.9744132096069869,1.0,0.9910446233624454,1,,4533
87591,processed\features\87591_features.csv,916,15,916,0.9744132096069869,0,1.0,1.0,0.9744132096069869,1.0,0.9910446233624454,1,,4534
97397,processed\features\97397_features.csv,916,15,916,0.9744132096069869,0,1.0,1.0,0.9744132096069869,1.0,0.9910446233624454,1,,4535
102573,processed\features\102573_features.csv,915,15,915,0.9743852459016393,0,1.0,1.0,0.9743852459016393,1.0,0.9910348360655737,1,,4536
104708,processed\features\104708_features.csv,915,15,915,0.9743852459016393,0,1.0,1.0,0.9743852459016393,1.0,0.9910348360655737,1,,4537
126800,processed\features\126800_features.csv,915,15,915,0.9743852459016393,0,1.0,1.0,0.9743852459016393,1.0,0.9910348360655737,1,,4538
138846,processed\features\138846_features.csv,915,15,915,0.9743852459016393,0,1.0,1.0,0.9743852459016393,1.0,0.9910348360655737,1,,4539
148227,processed\features\148227_features.csv,915,15,915,0.9743852459016393,0,1.0,1.0,0.9743852459016393,1.0,0.9910348360655737,1,,4540
152466,processed\features\152466_features.csv,915,15,915,0.9743852459016393,0,1.0,1.0,0.9743852459016393,1.0,0.9910348360655737,1,,4541
1548,processed\features\1548_features.csv,915,15,915,0.9743852459016393,0,1.0,1.0,0.9743852459016393,1.0,0.9910348360655737,1,,4542
155265,processed\features\155265_features.csv,915,15,915,0.9743852459016393,0,1.0,1.0,0.9743852459016393,1.0,0.9910348360655737,1,,4543
165222,processed\features\165222_features.csv,915,15,915,0.9743852459016393,0,1.0,1.0,0.9743852459016393,1.0,0.9910348360655737,1,,4544
168715,processed\features\168715_features.csv,915,15,915,0.9743852459016393,0,1.0,1.0,0.9743852459016393,1.0,0.9910348360655737,1,,4545
171442,processed\features\171442_features.csv,915,15,915,0.9743852459016393,0,1.0,1.0,0.9743852459016393,1.0,0.9910348360655737,1,,4546
172372,processed\features\172372_features.csv,915,15,915,0.9743852459016393,0,1.0,1.0,0.9743852459016393,1.0,0.9910348360655737,1,,4547
187284,processed\features\187284_features.csv,915,15,915,0.9743852459016393,0,1.0,1.0,0.9743852459016393,1.0,0.9910348360655737,1,,4548
200606,processed\features\200606_features.csv,915,15,915,0.9743852459016393,0,1.0,1.0,0.9743852459016393,1.0,0.9910348360655737,1,,4549
203594,processed\features\203594_features.csv,915,15,915,0.9743852459016393,0,1.0,1.0,0.9743852459016393,1.0,0.9910348360655737,1,,4550
204642,processed\features\204642_features.csv,915,15,915,0.9743852459016393,0,1.0,1.0,0.9743852459016393,1.0,0.9910348360655737,1,,4551
205420,processed\features\205420_features.csv,915,15,915,0.9743852459016393,0,1.0,1.0,0.9743852459016393,1.0,0.9910348360655737,1,,4552
222818,processed\features\222818_features.csv,915,15,915,0.9743852459016393,0,1.0,1.0,0.9743852459016393,1.0,0.9910348360655737,1,,4553
226492,processed\features\226492_features.csv,915,15,915,0.9743852459016393,0,1.0,1.0,0.9743852459016393,1.0,0.9910348360655737,1,,4554
234383,processed\features\234383_features.csv,915,15,915,0.9743852459016393,0,1.0,1.0,0.9743852459016393,1.0,0.9910348360655737,1,,4555
236101,processed\features\236101_features.csv,915,15,915,0.9743852459016393,0,1.0,1.0,0.9743852459016393,1.0,0.9910348360655737,1,,4556
242894,processed\features\242894_features.csv,915,15,915,0.9743852459016393,0,1.0,1.0,0.9743852459016393,1.0,0.9910348360655737,1,,4557
247850,processed\features\247850_features.csv,915,15,915,0.9743852459016393,0,1.0,1.0,0.9743852459016393,1.0,0.9910348360655737,1,,4558
250739,processed\features\250739_features.csv,915,15,915,0.9743852459016393,0,1.0,1.0,0.9743852459016393,1.0,0.9910348360655737,1,,4559
256565,processed\features\256565_features.csv,915,15,915,0.9743852459016393,0,1.0,1.0,0.9743852459016393,1.0,0.9910348360655737,1,,4560
258111,processed\features\258111_features.csv,915,15,915,0.9743852459016393,0,1.0,1.0,0.9743852459016393,1.0,0.9910348360655737,1,,4561
25911,processed\features\25911_features.csv,915,15,915,0.9743852459016393,0,1.0,1.0,0.9743852459016393,1.0,0.9910348360655737,1,,4562
260456,processed\features\260456_features.csv,915,15,915,0.9743852459016393,0,1.0,1.0,0.9743852459016393,1.0,0.9910348360655737,1,,4563
277725,processed\features\277725_features.csv,915,15,915,0.9743852459016393,0,1.0,1.0,0.9743852459016393,1.0,0.9910348360655737,1,,4564
280505,processed\features\280505_features.csv,915,15,915,0.9743852459016393,0,1.0,1.0,0.9743852459016393,1.0,0.9910348360655737,1,,4565
280822,processed\features\280822_features.csv,915,15,915,0.9743852459016393,0,1.0,1.0,0.9743852459016393,1.0,0.9910348360655737,1,,4566
289887,processed\features\289887_features.csv,915,15,915,0.9743852459016393,0,1.0,1.0,0.9743852459016393,1.0,0.9910348360655737,1,,4567
293128,processed\features\293128_features.csv,915,15,915,0.9743852459016393,0,1.0,1.0,0.9743852459016393,1.0,0.9910348360655737,1,,4568
311148,processed\features\311148_features.csv,915,15,915,0.9743852459016393,0,1.0,1.0,0.9743852459016393,1.0,0.9910348360655737,1,,4569
313912,processed\features\313912_features.csv,915,15,915,0.9743852459016393,0,1.0,1.0,0.9743852459016393,1.0,0.9910348360655737,1,,4570
315725,processed\features\315725_features.csv,915,15,915,0.9743852459016393,0,1.0,1.0,0.9743852459016393,1.0,0.9910348360655737,1,,4571
322011,processed\features\322011_features.csv,915,15,915,0.9743852459016393,0,1.0,1.0,0.9743852459016393,1.0,0.9910348360655737,1,,4572
323901,processed\features\323901_features.csv,915,15,915,0.9743852459016393,0,1.0,1.0,0.9743852459016393,1.0,0.9910348360655737,1,,4573
325716,processed\features\325716_features.csv,915,15,915,0.9743852459016393,0,1.0,1.0,0.9743852459016393,1.0,0.9910348360655737,1,,4574
32664,processed\features\32664_features.csv,915,15,915,0.9743852459016393,0,1.0,1.0,0.9743852459016393,1.0,0.9910348360655737,1,,4575
330687,processed\features\330687_features.csv,915,15,915,0.9743852459016393,0,1.0,1.0,0.9743852459016393,1.0,0.9910348360655737,1,,4576
331260,processed\features\331260_features.csv,915,15,915,0.9743852459016393,0,1.0,1.0,0.9743852459016393,1.0,0.9910348360655737,1,,4577
334172,processed\features\334172_features.csv,915,15,915,0.9743852459016393,0,1.0,1.0,0.9743852459016393,1.0,0.9910348360655737,1,,4578
344297,processed\features\344297_features.csv,915,15,915,0.9743852459016393,0,1.0,1.0,0.9743852459016393,1.0,0.9910348360655737,1,,4579
36221,processed\features\36221_features.csv,915,15,915,0.9743852459016393,0,1.0,1.0,0.9743852459016393,1.0,0.9910348360655737,1,,4580
364867,processed\features\364867_features.csv,915,15,915,0.9743852459016393,0,1.0,1.0,0.9743852459016393,1.0,0.9910348360655737,1,,4581
378858,processed\features\378858_features.csv,915,15,915,0.9743852459016393,0,1.0,1.0,0.9743852459016393,1.0,0.9910348360655737,1,,4582
383116,processed\features\383116_features.csv,915,15,915,0.9743852459016393,0,1.0,1.0,0.9743852459016393,1.0,0.9910348360655737,1,,4583
38721,processed\features\38721_features.csv,915,15,915,0.9743852459016393,0,1.0,1.0,0.9743852459016393,1.0,0.9910348360655737,1,,4584
407711,processed\features\407711_features.csv,915,15,915,0.9743852459016393,0,1.0,1.0,0.9743852459016393,1.0,0.9910348360655737,1,,4585
410316,processed\features\410316_features.csv,915,15,915,0.9743852459016393,0,1.0,1.0,0.9743852459016393,1.0,0.9910348360655737,1,,4586
421451,processed\features\421451_features.csv,915,15,915,0.9743852459016393,0,1.0,1.0,0.9743852459016393,1.0,0.9910348360655737,1,,4587
43551,processed\features\43551_features.csv,915,15,915,0.9743852459016393,0,1.0,1.0,0.9743852459016393,1.0,0.9910348360655737,1,,4588
437082,processed\features\437082_features.csv,915,15,915,0.9743852459016393,0,1.0,1.0,0.9743852459016393,1.0,0.9910348360655737,1,,4589
464367,processed\features\464367_features.csv,915,15,915,0.9743852459016393,0,1.0,1.0,0.9743852459016393,1.0,0.9910348360655737,1,,4590
467385,processed\features\467385_features.csv,915,15,915,0.9743852459016393,0,1.0,1.0,0.9743852459016393,1.0,0.9910348360655737,1,,4591
471447,processed\features\471447_features.csv,915,15,915,0.9743852459016393,0,1.0,1.0,0.9743852459016393,1.0,0.9910348360655737,1,,4592
476914,processed\features\476914_features.csv,915,15,915,0.9743852459016393,0,1.0,1.0,0.9743852459016393,1.0,0.9910348360655737,1,,4593
508359,processed\features\508359_features.csv,915,15,915,0.9743852459016393,0,1.0,1.0,0.9743852459016393,1.0,0.9910348360655737,1,,4594
51235,processed\features\51235_features.csv,915,15,915,0.9743852459016393,0,1.0,1.0,0.9743852459016393,1.0,0.9910348360655737,1,,4595
51499,processed\features\51499_features.csv,915,15,915,0.9743852459016393,0,1.0,1.0,0.9743852459016393,1.0,0.9910348360655737,1,,4596
515479,processed\features\515479_features.csv,915,15,915,0.9743852459016393,0,1.0,1.0,0.9743852459016393,1.0,0.9910348360655737,1,,4597
51845,processed\features\51845_features.csv,915,15,915,0.9743852459016393,0,1.0,1.0,0.9743852459016393,1.0,0.9910348360655737,1,,4598
52340,processed\features\52340_features.csv,915,15,915,0.9743852459016393,0,1.0,1.0,0.9743852459016393,1.0,0.9910348360655737,1,,4599
67916,processed\features\67916_features.csv,915,15,915,0.9743852459016393,0,1.0,1.0,0.9743852459016393,1.0,0.9910348360655737,1,,4600
68736,processed\features\68736_features.csv,915,15,915,0.9743852459016393,0,1.0,1.0,0.9743852459016393,1.0,0.9910348360655737,1,,4601
80263,processed\features\80263_features.csv,915,15,915,0.9743852459016393,0,1.0,1.0,0.9743852459016393,1.0,0.9910348360655737,1,,4602
80589,processed\features\80589_features.csv,915,15,915,0.9743852459016393,0,1.0,1.0,0.9743852459016393,1.0,0.9910348360655737,1,,4603
92346,processed\features\92346_features.csv,915,15,915,0.9743852459016393,0,1.0,1.0,0.9743852459016393,1.0,0.9910348360655737,1,,4604
94811,processed\features\94811_features.csv,915,15,915,0.9743852459016393,0,1.0,1.0,0.9743852459016393,1.0,0.9910348360655737,1,,4605
95479,processed\features\95479_features.csv,915,15,915,0.9743852459016393,0,1.0,1.0,0.9743852459016393,1.0,0.9910348360655737,1,,4606
104072,processed\features\104072_features.csv,914,15,914,0.9743572210065645,0,1.0,1.0,0.9743572210065645,1.0,0.9910250273522976,1,,4607
107383,processed\features\107383_features.csv,914,15,914,0.9743572210065645,0,1.0,1.0,0.9743572210065645,1.0,0.9910250273522976,1,,4608
110172,processed\features\110172_features.csv,914,15,914,0.9743572210065645,0,1.0,1.0,0.9743572210065645,1.0,0.9910250273522976,1,,4609
139597,processed\features\139597_features.csv,914,15,914,0.9743572210065645,0,1.0,1.0,0.9743572210065645,1.0,0.9910250273522976,1,,4610
146191,processed\features\146191_features.csv,914,15,914,0.9743572210065645,0,1.0,1.0,0.9743572210065645,1.0,0.9910250273522976,1,,4611
15689,processed\features\15689_features.csv,914,15,914,0.9743572210065645,0,1.0,1.0,0.9743572210065645,1.0,0.9910250273522976,1,,4612
157094,processed\features\157094_features.csv,914,15,914,0.9743572210065645,0,1.0,1.0,0.9743572210065645,1.0,0.9910250273522976,1,,4613
161686,processed\features\161686_features.csv,914,15,914,0.9743572210065645,0,1.0,1.0,0.9743572210065645,1.0,0.9910250273522976,1,,4614
163009,processed\features\163009_features.csv,914,15,914,0.9743572210065645,0,1.0,1.0,0.9743572210065645,1.0,0.9910250273522976,1,,4615
16638,processed\features\16638_features.csv,914,15,914,0.9743572210065645,0,1.0,1.0,0.9743572210065645,1.0,0.9910250273522976,1,,4616
167463,processed\features\167463_features.csv,914,15,914,0.9743572210065645,0,1.0,1.0,0.9743572210065645,1.0,0.9910250273522976,1,,4617
184095,processed\features\184095_features.csv,914,15,914,0.9743572210065645,0,1.0,1.0,0.9743572210065645,1.0,0.9910250273522976,1,,4618
185322,processed\features\185322_features.csv,914,15,914,0.9743572210065645,0,1.0,1.0,0.9743572210065645,1.0,0.9910250273522976,1,,4619
191568,processed\features\191568_features.csv,914,15,914,0.9743572210065645,0,1.0,1.0,0.9743572210065645,1.0,0.9910250273522976,1,,4620
196750,processed\features\196750_features.csv,914,15,914,0.9743572210065645,0,1.0,1.0,0.9743572210065645,1.0,0.9910250273522976,1,,4621
197027,processed\features\197027_features.csv,914,15,914,0.9743572210065645,0,1.0,1.0,0.9743572210065645,1.0,0.9910250273522976,1,,4622
197031,processed\features\197031_features.csv,914,15,914,0.9743572210065645,0,1.0,1.0,0.9743572210065645,1.0,0.9910250273522976,1,,4623
199223,processed\features\199223_features.csv,914,15,914,0.9743572210065645,0,1.0,1.0,0.9743572210065645,1.0,0.9910250273522976,1,,4624
211360,processed\features\211360_features.csv,914,15,914,0.9743572210065645,0,1.0,1.0,0.9743572210065645,1.0,0.9910250273522976,1,,4625
217733,processed\features\217733_features.csv,914,15,914,0.9743572210065645,0,1.0,1.0,0.9743572210065645,1.0,0.9910250273522976,1,,4626
222024,processed\features\222024_features.csv,914,15,914,0.9743572210065645,0,1.0,1.0,0.9743572210065645,1.0,0.9910250273522976,1,,4627
23361,processed\features\23361_features.csv,914,15,914,0.9743572210065645,0,1.0,1.0,0.9743572210065645,1.0,0.9910250273522976,1,,4628
245312,processed\features\245312_features.csv,914,15,914,0.9743572210065645,0,1.0,1.0,0.9743572210065645,1.0,0.9910250273522976,1,,4629
246943,processed\features\246943_features.csv,914,15,914,0.9743572210065645,0,1.0,1.0,0.9743572210065645,1.0,0.9910250273522976,1,,4630
257858,processed\features\257858_features.csv,914,15,914,0.9743572210065645,0,1.0,1.0,0.9743572210065645,1.0,0.9910250273522976,1,,4631
258700,processed\features\258700_features.csv,914,15,914,0.9743572210065645,0,1.0,1.0,0.9743572210065645,1.0,0.9910250273522976,1,,4632
265581,processed\features\265581_features.csv,914,15,914,0.9743572210065645,0,1.0,1.0,0.9743572210065645,1.0,0.9910250273522976,1,,4633
265669,processed\features\265669_features.csv,914,15,914,0.9743572210065645,0,1.0,1.0,0.9743572210065645,1.0,0.9910250273522976,1,,4634
273095,processed\features\273095_features.csv,914,15,914,0.9743572210065645,0,1.0,1.0,0.9743572210065645,1.0,0.9910250273522976,1,,4635
274856,processed\features\274856_features.csv,914,15,914,0.9743572210065645,0,1.0,1.0,0.9743572210065645,1.0,0.9910250273522976,1,,4636
281712,processed\features\281712_features.csv,914,15,914,0.9743572210065645,0,1.0,1.0,0.9743572210065645,1.0,0.9910250273522976,1,,4637
283484,processed\features\283484_features.csv,914,15,914,0.9743572210065645,0,1.0,1.0,0.9743572210065645,1.0,0.9910250273522976,1,,4638
283606,processed\features\283606_features.csv,914,15,914,0.9743572210065645,0,1.0,1.0,0.9743572210065645,1.0,0.9910250273522976,1,,4639
284046,processed\features\284046_features.csv,914,15,914,0.9743572210065645,0,1.0,1.0,0.9743572210065645,1.0,0.9910250273522976,1,,4640
291137,processed\features\291137_features.csv,914,15,914,0.9743572210065645,0,1.0,1.0,0.9743572210065645,1.0,0.9910250273522976,1,,4641
297326,processed\features\297326_features.csv,914,15,914,0.9743572210065645,0,1.0,1.0,0.9743572210065645,1.0,0.9910250273522976,1,,4642
314848,processed\features\314848_features.csv,914,15,914,0.9743572210065645,0,1.0,1.0,0.9743572210065645,1.0,0.9910250273522976,1,,4643
334708,processed\features\334708_features.csv,914,15,914,0.9743572210065645,0,1.0,1.0,0.9743572210065645,1.0,0.9910250273522976,1,,4644
35075,processed\features\35075_features.csv,914,15,914,0.9743572210065645,0,1.0,1.0,0.9743572210065645,1.0,0.9910250273522976,1,,4645
353763,processed\features\353763_features.csv,914,15,914,0.9743572210065645,0,1.0,1.0,0.9743572210065645,1.0,0.9910250273522976,1,,4646
364159,processed\features\364159_features.csv,914,15,914,0.9743572210065645,0,1.0,1.0,0.9743572210065645,1.0,0.9910250273522976,1,,4647
37948,processed\features\37948_features.csv,914,15,914,0.9743572210065645,0,1.0,1.0,0.9743572210065645,1.0,0.9910250273522976,1,,4648
380286,processed\features\380286_features.csv,914,15,914,0.9743572210065645,0,1.0,1.0,0.9743572210065645,1.0,0.9910250273522976,1,,4649
385947,processed\features\385947_features.csv,914,15,914,0.9743572210065645,0,1.0,1.0,0.9743572210065645,1.0,0.9910250273522976,1,,4650
387103,processed\features\387103_features.csv,914,15,914,0.9743572210065645,0,1.0,1.0,0.9743572210065645,1.0,0.9910250273522976,1,,4651
399669,processed\features\399669_features.csv,914,15,914,0.9743572210065645,0,1.0,1.0,0.9743572210065645,1.0,0.9910250273522976,1,,4652
400737,processed\features\400737_features.csv,914,15,914,0.9743572210065645,0,1.0,1.0,0.9743572210065645,1.0,0.9910250273522976,1,,4653
408242,processed\features\408242_features.csv,914,15,914,0.9743572210065645,0,1.0,1.0,0.9743572210065645,1.0,0.9910250273522976,1,,4654
412089,processed\features\412089_features.csv,914,15,914,0.9743572210065645,0,1.0,1.0,0.9743572210065645,1.0,0.9910250273522976,1,,4655
413882,processed\features\413882_features.csv,914,15,914,0.9743572210065645,0,1.0,1.0,0.9743572210065645,1.0,0.9910250273522976,1,,4656
435871,processed\features\435871_features.csv,914,15,914,0.9743572210065645,0,1.0,1.0,0.9743572210065645,1.0,0.9910250273522976,1,,4657
442649,processed\features\442649_features.csv,914,15,914,0.9743572210065645,0,1.0,1.0,0.9743572210065645,1.0,0.9910250273522976,1,,4658
449530,processed\features\449530_features.csv,914,15,914,0.9743572210065645,0,1.0,1.0,0.9743572210065645,1.0,0.9910250273522976,1,,4659
47259,processed\features\47259_features.csv,914,15,914,0.9743572210065645,0,1.0,1.0,0.9743572210065645,1.0,0.9910250273522976,1,,4660
476082,processed\features\476082_features.csv,914,15,914,0.9743572210065645,0,1.0,1.0,0.9743572210065645,1.0,0.9910250273522976,1,,4661
477909,processed\features\477909_features.csv,914,15,914,0.9743572210065645,0,1.0,1.0,0.9743572210065645,1.0,0.9910250273522976,1,,4662
490218,processed\features\490218_features.csv,914,15,914,0.9743572210065645,0,1.0,1.0,0.9743572210065645,1.0,0.9910250273522976,1,,4663
52036,processed\features\52036_features.csv,914,15,914,0.9743572210065645,0,1.0,1.0,0.9743572210065645,1.0,0.9910250273522976,1,,4664
52901,processed\features\52901_features.csv,914,15,914,0.9743572210065645,0,1.0,1.0,0.9743572210065645,1.0,0.9910250273522976,1,,4665
54734,processed\features\54734_features.csv,914,15,914,0.9743572210065645,0,1.0,1.0,0.9743572210065645,1.0,0.9910250273522976,1,,4666
56368,processed\features\56368_features.csv,914,15,914,0.9743572210065645,0,1.0,1.0,0.9743572210065645,1.0,0.9910250273522976,1,,4667
58778,processed\features\58778_features.csv,914,15,914,0.9743572210065645,0,1.0,1.0,0.9743572210065645,1.0,0.9910250273522976,1,,4668
6430,processed\features\6430_features.csv,914,15,914,0.9743572210065645,0,1.0,1.0,0.9743572210065645,1.0,0.9910250273522976,1,,4669
75932,processed\features\75932_features.csv,914,15,914,0.9743572210065645,0,1.0,1.0,0.9743572210065645,1.0,0.9910250273522976,1,,4670
85209,processed\features\85209_features.csv,914,15,914,0.9743572210065645,0,1.0,1.0,0.9743572210065645,1.0,0.9910250273522976,1,,4671
86812,processed\features\86812_features.csv,914,15,914,0.9743572210065645,0,1.0,1.0,0.9743572210065645,1.0,0.9910250273522976,1,,4672
87309,processed\features\87309_features.csv,914,15,914,0.9743572210065645,0,1.0,1.0,0.9743572210065645,1.0,0.9910250273522976,1,,4673
90362,processed\features\90362_features.csv,914,15,914,0.9743572210065645,0,1.0,1.0,0.9743572210065645,1.0,0.9910250273522976,1,,4674
91656,processed\features\91656_features.csv,914,15,914,0.9743572210065645,0,1.0,1.0,0.9743572210065645,1.0,0.9910250273522976,1,,4675
96208,processed\features\96208_features.csv,914,15,914,0.9743572210065645,0,1.0,1.0,0.9743572210065645,1.0,0.9910250273522976,1,,4676
103074,processed\features\103074_features.csv,913,15,913,0.974329134720701,0,1.0,1.0,0.974329134720701,1.0,0.9910151971522453,1,,4677
105723,processed\features\105723_features.csv,913,15,913,0.974329134720701,0,1.0,1.0,0.974329134720701,1.0,0.9910151971522453,1,,4678
106077,processed\features\106077_features.csv,913,15,913,0.974329134720701,0,1.0,1.0,0.974329134720701,1.0,0.9910151971522453,1,,4679
111737,processed\features\111737_features.csv,913,15,913,0.974329134720701,0,1.0,1.0,0.974329134720701,1.0,0.9910151971522453,1,,4680
112679,processed\features\112679_features.csv,913,15,913,0.974329134720701,0,1.0,1.0,0.974329134720701,1.0,0.9910151971522453,1,,4681
117543,processed\features\117543_features.csv,913,15,913,0.974329134720701,0,1.0,1.0,0.974329134720701,1.0,0.9910151971522453,1,,4682
119626,processed\features\119626_features.csv,913,15,913,0.974329134720701,0,1.0,1.0,0.974329134720701,1.0,0.9910151971522453,1,,4683
121840,processed\features\121840_features.csv,913,15,913,0.974329134720701,0,1.0,1.0,0.974329134720701,1.0,0.9910151971522453,1,,4684
124753,processed\features\124753_features.csv,913,15,913,0.974329134720701,0,1.0,1.0,0.974329134720701,1.0,0.9910151971522453,1,,4685
124838,processed\features\124838_features.csv,913,15,913,0.974329134720701,0,1.0,1.0,0.974329134720701,1.0,0.9910151971522453,1,,4686
130803,processed\features\130803_features.csv,913,15,913,0.974329134720701,0,1.0,1.0,0.974329134720701,1.0,0.9910151971522453,1,,4687
132284,processed\features\132284_features.csv,913,15,913,0.974329134720701,0,1.0,1.0,0.974329134720701,1.0,0.9910151971522453,1,,4688
135160,processed\features\135160_features.csv,913,15,913,0.974329134720701,0,1.0,1.0,0.974329134720701,1.0,0.9910151971522453,1,,4689
138456,processed\features\138456_features.csv,913,15,913,0.974329134720701,0,1.0,1.0,0.974329134720701,1.0,0.9910151971522453,1,,4690
145176,processed\features\145176_features.csv,913,15,913,0.974329134720701,0,1.0,1.0,0.974329134720701,1.0,0.9910151971522453,1,,4691
15068,processed\features\15068_features.csv,913,15,913,0.974329134720701,0,1.0,1.0,0.974329134720701,1.0,0.9910151971522453,1,,4692
156547,processed\features\156547_features.csv,913,15,913,0.974329134720701,0,1.0,1.0,0.974329134720701,1.0,0.9910151971522453,1,,4693
164674,processed\features\164674_features.csv,913,15,913,0.974329134720701,0,1.0,1.0,0.974329134720701,1.0,0.9910151971522453,1,,4694
167914,processed\features\167914_features.csv,913,15,913,0.974329134720701,0,1.0,1.0,0.974329134720701,1.0,0.9910151971522453,1,,4695
175331,processed\features\175331_features.csv,913,15,913,0.974329134720701,0,1.0,1.0,0.974329134720701,1.0,0.9910151971522453,1,,4696
18201,processed\features\18201_features.csv,913,15,913,0.974329134720701,0,1.0,1.0,0.974329134720701,1.0,0.9910151971522453,1,,4697
18237,processed\features\18237_features.csv,913,15,913,0.974329134720701,0,1.0,1.0,0.974329134720701,1.0,0.9910151971522453,1,,4698
182736,processed\features\182736_features.csv,913,15,913,0.974329134720701,0,1.0,1.0,0.974329134720701,1.0,0.9910151971522453,1,,4699
193832,processed\features\193832_features.csv,913,15,913,0.974329134720701,0,1.0,1.0,0.974329134720701,1.0,0.9910151971522453,1,,4700
195878,processed\features\195878_features.csv,913,15,913,0.974329134720701,0,1.0,1.0,0.974329134720701,1.0,0.9910151971522453,1,,4701
196696,processed\features\196696_features.csv,913,15,913,0.974329134720701,0,1.0,1.0,0.974329134720701,1.0,0.9910151971522453,1,,4702
20742,processed\features\20742_features.csv,913,15,913,0.974329134720701,0,1.0,1.0,0.974329134720701,1.0,0.9910151971522453,1,,4703
208648,processed\features\208648_features.csv,913,15,913,0.974329134720701,0,1.0,1.0,0.974329134720701,1.0,0.9910151971522453,1,,4704
210548,processed\features\210548_features.csv,913,15,913,0.974329134720701,0,1.0,1.0,0.974329134720701,1.0,0.9910151971522453,1,,4705
21935,processed\features\21935_features.csv,913,15,913,0.974329134720701,0,1.0,1.0,0.974329134720701,1.0,0.9910151971522453,1,,4706
22817,processed\features\22817_features.csv,913,15,913,0.974329134720701,0,1.0,1.0,0.974329134720701,1.0,0.9910151971522453,1,,4707
235389,processed\features\235389_features.csv,913,15,913,0.974329134720701,0,1.0,1.0,0.974329134720701,1.0,0.9910151971522453,1,,4708
235420,processed\features\235420_features.csv,913,15,913,0.974329134720701,0,1.0,1.0,0.974329134720701,1.0,0.9910151971522453,1,,4709
237358,processed\features\237358_features.csv,913,15,913,0.974329134720701,0,1.0,1.0,0.974329134720701,1.0,0.9910151971522453,1,,4710
245243,processed\features\245243_features.csv,913,15,913,0.974329134720701,0,1.0,1.0,0.974329134720701,1.0,0.9910151971522453,1,,4711
248013,processed\features\248013_features.csv,913,15,913,0.974329134720701,0,1.0,1.0,0.974329134720701,1.0,0.9910151971522453,1,,4712
258200,processed\features\258200_features.csv,913,15,913,0.974329134720701,0,1.0,1.0,0.974329134720701,1.0,0.9910151971522453,1,,4713
25840,processed\features\25840_features.csv,913,15,913,0.974329134720701,0,1.0,1.0,0.974329134720701,1.0,0.9910151971522453,1,,4714
262427,processed\features\262427_features.csv,913,15,913,0.974329134720701,0,1.0,1.0,0.974329134720701,1.0,0.9910151971522453,1,,4715
265307,processed\features\265307_features.csv,913,15,913,0.974329134720701,0,1.0,1.0,0.974329134720701,1.0,0.9910151971522453,1,,4716
268497,processed\features\268497_features.csv,913,15,913,0.974329134720701,0,1.0,1.0,0.974329134720701,1.0,0.9910151971522453,1,,4717
271290,processed\features\271290_features.csv,913,15,913,0.974329134720701,0,1.0,1.0,0.974329134720701,1.0,0.9910151971522453,1,,4718
272868,processed\features\272868_features.csv,913,15,913,0.974329134720701,0,1.0,1.0,0.974329134720701,1.0,0.9910151971522453,1,,4719
275864,processed\features\275864_features.csv,913,15,913,0.974329134720701,0,1.0,1.0,0.974329134720701,1.0,0.9910151971522453,1,,4720
279964,processed\features\279964_features.csv,913,15,913,0.974329134720701,0,1.0,1.0,0.974329134720701,1.0,0.9910151971522453,1,,4721
280931,processed\features\280931_features.csv,913,15,913,0.974329134720701,0,1.0,1.0,0.974329134720701,1.0,0.9910151971522453,1,,4722
284138,processed\features\284138_features.csv,913,15,913,0.974329134720701,0,1.0,1.0,0.974329134720701,1.0,0.9910151971522453,1,,4723
286381,processed\features\286381_features.csv,913,15,913,0.974329134720701,0,1.0,1.0,0.974329134720701,1.0,0.9910151971522453,1,,4724
286650,processed\features\286650_features.csv,913,15,913,0.974329134720701,0,1.0,1.0,0.974329134720701,1.0,0.9910151971522453,1,,4725
290601,processed\features\290601_features.csv,913,15,913,0.974329134720701,0,1.0,1.0,0.974329134720701,1.0,0.9910151971522453,1,,4726
300983,processed\features\300983_features.csv,913,15,913,0.974329134720701,0,1.0,1.0,0.974329134720701,1.0,0.9910151971522453,1,,4727
304183,processed\features\304183_features.csv,913,15,913,0.974329134720701,0,1.0,1.0,0.974329134720701,1.0,0.9910151971522453,1,,4728
305402,processed\features\305402_features.csv,913,15,913,0.974329134720701,0,1.0,1.0,0.974329134720701,1.0,0.9910151971522453,1,,4729
312852,processed\features\312852_features.csv,913,15,913,0.974329134720701,0,1.0,1.0,0.974329134720701,1.0,0.9910151971522453,1,,4730
323356,processed\features\323356_features.csv,913,15,913,0.974329134720701,0,1.0,1.0,0.974329134720701,1.0,0.9910151971522453,1,,4731
324971,processed\features\324971_features.csv,913,15,913,0.974329134720701,0,1.0,1.0,0.974329134720701,1.0,0.9910151971522453,1,,4732
325053,processed\features\325053_features.csv,913,15,913,0.974329134720701,0,1.0,1.0,0.974329134720701,1.0,0.9910151971522453,1,,4733
335999,processed\features\335999_features.csv,913,15,913,0.974329134720701,0,1.0,1.0,0.974329134720701,1.0,0.9910151971522453,1,,4734
340593,processed\features\340593_features.csv,913,15,913,0.974329134720701,0,1.0,1.0,0.974329134720701,1.0,0.9910151971522453,1,,4735
343201,processed\features\343201_features.csv,913,15,913,0.974329134720701,0,1.0,1.0,0.974329134720701,1.0,0.9910151971522453,1,,4736
34383,processed\features\34383_features.csv,913,15,913,0.974329134720701,0,1.0,1.0,0.974329134720701,1.0,0.9910151971522453,1,,4737
345448,processed\features\345448_features.csv,913,15,913,0.974329134720701,0,1.0,1.0,0.974329134720701,1.0,0.9910151971522453,1,,4738
353012,processed\features\353012_features.csv,913,15,913,0.974329134720701,0,1.0,1.0,0.974329134720701,1.0,0.9910151971522453,1,,4739
35832,processed\features\35832_features.csv,913,15,913,0.974329134720701,0,1.0,1.0,0.974329134720701,1.0,0.9910151971522453,1,,4740
36101,processed\features\36101_features.csv,913,15,913,0.974329134720701,0,1.0,1.0,0.974329134720701,1.0,0.9910151971522453,1,,4741
370750,processed\features\370750_features.csv,913,15,913,0.974329134720701,0,1.0,1.0,0.974329134720701,1.0,0.9910151971522453,1,,4742
373540,processed\features\373540_features.csv,913,15,913,0.974329134720701,0,1.0,1.0,0.974329134720701,1.0,0.9910151971522453,1,,4743
373598,processed\features\373598_features.csv,913,15,913,0.974329134720701,0,1.0,1.0,0.974329134720701,1.0,0.9910151971522453,1,,4744
380614,processed\features\380614_features.csv,913,15,913,0.974329134720701,0,1.0,1.0,0.974329134720701,1.0,0.9910151971522453,1,,4745
388045,processed\features\388045_features.csv,913,15,913,0.974329134720701,0,1.0,1.0,0.974329134720701,1.0,0.9910151971522453,1,,4746
390045,processed\features\390045_features.csv,913,15,913,0.974329134720701,0,1.0,1.0,0.974329134720701,1.0,0.9910151971522453,1,,4747
395585,processed\features\395585_features.csv,913,15,913,0.974329134720701,0,1.0,1.0,0.974329134720701,1.0,0.9910151971522453,1,,4748
397664,processed\features\397664_features.csv,913,15,913,0.974329134720701,0,1.0,1.0,0.974329134720701,1.0,0.9910151971522453,1,,4749
405850,processed\features\405850_features.csv,913,15,913,0.974329134720701,0,1.0,1.0,0.974329134720701,1.0,0.9910151971522453,1,,4750
40750,processed\features\40750_features.csv,913,15,913,0.974329134720701,0,1.0,1.0,0.974329134720701,1.0,0.9910151971522453,1,,4751
414107,processed\features\414107_features.csv,913,15,913,0.974329134720701,0,1.0,1.0,0.974329134720701,1.0,0.9910151971522453,1,,4752
41618,processed\features\41618_features.csv,913,15,913,0.974329134720701,0,1.0,1.0,0.974329134720701,1.0,0.9910151971522453,1,,4753
418794,processed\features\418794_features.csv,913,15,913,0.974329134720701,0,1.0,1.0,0.974329134720701,1.0,0.9910151971522453,1,,4754
42279,processed\features\42279_features.csv,913,15,913,0.974329134720701,0,1.0,1.0,0.974329134720701,1.0,0.9910151971522453,1,,4755
422804,processed\features\422804_features.csv,913,15,913,0.974329134720701,0,1.0,1.0,0.974329134720701,1.0,0.9910151971522453,1,,4756
423811,processed\features\423811_features.csv,913,15,913,0.974329134720701,0,1.0,1.0,0.974329134720701,1.0,0.9910151971522453,1,,4757
427464,processed\features\427464_features.csv,913,15,913,0.974329134720701,0,1.0,1.0,0.974329134720701,1.0,0.9910151971522453,1,,4758
429350,processed\features\429350_features.csv,913,15,913,0.974329134720701,0,1.0,1.0,0.974329134720701,1.0,0.9910151971522453,1,,4759
430370,processed\features\430370_features.csv,913,15,913,0.974329134720701,0,1.0,1.0,0.974329134720701,1.0,0.9910151971522453,1,,4760
431040,processed\features\431040_features.csv,913,15,913,0.974329134720701,0,1.0,1.0,0.974329134720701,1.0,0.9910151971522453,1,,4761
433731,processed\features\433731_features.csv,913,15,913,0.974329134720701,0,1.0,1.0,0.974329134720701,1.0,0.9910151971522453,1,,4762
435977,processed\features\435977_features.csv,913,15,913,0.974329134720701,0,1.0,1.0,0.974329134720701,1.0,0.9910151971522453,1,,4763
437965,processed\features\437965_features.csv,913,15,913,0.974329134720701,0,1.0,1.0,0.974329134720701,1.0,0.9910151971522453,1,,4764
442667,processed\features\442667_features.csv,913,15,913,0.974329134720701,0,1.0,1.0,0.974329134720701,1.0,0.9910151971522453,1,,4765
450169,processed\features\450169_features.csv,913,15,913,0.974329134720701,0,1.0,1.0,0.974329134720701,1.0,0.9910151971522453,1,,4766
453156,processed\features\453156_features.csv,913,15,913,0.974329134720701,0,1.0,1.0,0.974329134720701,1.0,0.9910151971522453,1,,4767
454090,processed\features\454090_features.csv,913,15,913,0.974329134720701,0,1.0,1.0,0.974329134720701,1.0,0.9910151971522453,1,,4768
460766,processed\features\460766_features.csv,913,15,913,0.974329134720701,0,1.0,1.0,0.974329134720701,1.0,0.9910151971522453,1,,4769
462147,processed\features\462147_features.csv,913,15,913,0.974329134720701,0,1.0,1.0,0.974329134720701,1.0,0.9910151971522453,1,,4770
464621,processed\features\464621_features.csv,913,15,913,0.974329134720701,0,1.0,1.0,0.974329134720701,1.0,0.9910151971522453,1,,4771
465826,processed\features\465826_features.csv,913,15,913,0.974329134720701,0,1.0,1.0,0.974329134720701,1.0,0.9910151971522453,1,,4772
484208,processed\features\484208_features.csv,913,15,913,0.974329134720701,0,1.0,1.0,0.974329134720701,1.0,0.9910151971522453,1,,4773
502105,processed\features\502105_features.csv,913,15,913,0.974329134720701,0,1.0,1.0,0.974329134720701,1.0,0.9910151971522453,1,,4774
50222,processed\features\50222_features.csv,913,15,913,0.974329134720701,0,1.0,1.0,0.974329134720701,1.0,0.9910151971522453,1,,4775
52268,processed\features\52268_features.csv,913,15,913,0.974329134720701,0,1.0,1.0,0.974329134720701,1.0,0.9910151971522453,1,,4776
5839,processed\features\5839_features.csv,913,15,913,0.974329134720701,0,1.0,1.0,0.974329134720701,1.0,0.9910151971522453,1,,4777
64446,processed\features\64446_features.csv,913,15,913,0.974329134720701,0,1.0,1.0,0.974329134720701,1.0,0.9910151971522453,1,,4778
72396,processed\features\72396_features.csv,913,15,913,0.974329134720701,0,1.0,1.0,0.974329134720701,1.0,0.9910151971522453,1,,4779
76275,processed\features\76275_features.csv,913,15,913,0.974329134720701,0,1.0,1.0,0.974329134720701,1.0,0.9910151971522453,1,,4780
79216,processed\features\79216_features.csv,913,15,913,0.974329134720701,0,1.0,1.0,0.974329134720701,1.0,0.9910151971522453,1,,4781
83758,processed\features\83758_features.csv,913,15,913,0.974329134720701,0,1.0,1.0,0.974329134720701,1.0,0.9910151971522453,1,,4782
90092,processed\features\90092_features.csv,913,15,913,0.974329134720701,0,1.0,1.0,0.974329134720701,1.0,0.9910151971522453,1,,4783
94964,processed\features\94964_features.csv,913,15,913,0.974329134720701,0,1.0,1.0,0.974329134720701,1.0,0.9910151971522453,1,,4784
121990,processed\features\121990_features.csv,912,15,912,0.9743009868421053,0,1.0,1.0,0.9743009868421053,1.0,0.9910053453947368,1,,4785
134115,processed\features\134115_features.csv,912,15,912,0.9743009868421053,0,1.0,1.0,0.9743009868421053,1.0,0.9910053453947368,1,,4786
14148,processed\features\14148_features.csv,912,15,912,0.9743009868421053,0,1.0,1.0,0.9743009868421053,1.0,0.9910053453947368,1,,4787
153438,processed\features\153438_features.csv,912,15,912,0.9743009868421053,0,1.0,1.0,0.9743009868421053,1.0,0.9910053453947368,1,,4788
166853,processed\features\166853_features.csv,912,15,912,0.9743009868421053,0,1.0,1.0,0.9743009868421053,1.0,0.9910053453947368,1,,4789
167869,processed\features\167869_features.csv,912,15,912,0.9743009868421053,0,1.0,1.0,0.9743009868421053,1.0,0.9910053453947368,1,,4790
168983,processed\features\168983_features.csv,912,15,912,0.9743009868421053,0,1.0,1.0,0.9743009868421053,1.0,0.9910053453947368,1,,4791
17098,processed\features\17098_features.csv,912,15,912,0.9743009868421053,0,1.0,1.0,0.9743009868421053,1.0,0.9910053453947368,1,,4792
176802,processed\features\176802_features.csv,912,15,912,0.9743009868421053,0,1.0,1.0,0.9743009868421053,1.0,0.9910053453947368,1,,4793
177642,processed\features\177642_features.csv,912,15,912,0.9743009868421053,0,1.0,1.0,0.9743009868421053,1.0,0.9910053453947368,1,,4794
181816,processed\features\181816_features.csv,912,15,912,0.9743009868421053,0,1.0,1.0,0.9743009868421053,1.0,0.9910053453947368,1,,4795
183974,processed\features\183974_features.csv,912,15,912,0.9743009868421053,0,1.0,1.0,0.9743009868421053,1.0,0.9910053453947368,1,,4796
189917,processed\features\189917_features.csv,912,15,912,0.9743009868421053,0,1.0,1.0,0.9743009868421053,1.0,0.9910053453947368,1,,4797
198525,processed\features\198525_features.csv,912,15,912,0.9743009868421053,0,1.0,1.0,0.9743009868421053,1.0,0.9910053453947368,1,,4798
220955,processed\features\220955_features.csv,912,15,912,0.9743009868421053,0,1.0,1.0,0.9743009868421053,1.0,0.9910053453947368,1,,4799
232917,processed\features\232917_features.csv,912,15,912,0.9743009868421053,0,1.0,1.0,0.9743009868421053,1.0,0.9910053453947368,1,,4800
233348,processed\features\233348_features.csv,912,15,912,0.9743009868421053,0,1.0,1.0,0.9743009868421053,1.0,0.9910053453947368,1,,4801
260076,processed\features\260076_features.csv,912,15,912,0.9743009868421053,0,1.0,1.0,0.9743009868421053,1.0,0.9910053453947368,1,,4802
26488,processed\features\26488_features.csv,912,15,912,0.9743009868421053,0,1.0,1.0,0.9743009868421053,1.0,0.9910053453947368,1,,4803
268942,processed\features\268942_features.csv,912,15,912,0.9743009868421053,0,1.0,1.0,0.9743009868421053,1.0,0.9910053453947368,1,,4804
271181,processed\features\271181_features.csv,912,15,912,0.9743009868421053,0,1.0,1.0,0.9743009868421053,1.0,0.9910053453947368,1,,4805
284689,processed\features\284689_features.csv,912,15,912,0.9743009868421053,0,1.0,1.0,0.9743009868421053,1.0,0.9910053453947368,1,,4806
294586,processed\features\294586_features.csv,912,15,912,0.9743009868421053,0,1.0,1.0,0.9743009868421053,1.0,0.9910053453947368,1,,4807
306855,processed\features\306855_features.csv,912,15,912,0.9743009868421053,0,1.0,1.0,0.9743009868421053,1.0,0.9910053453947368,1,,4808
308923,processed\features\308923_features.csv,912,15,912,0.9743009868421053,0,1.0,1.0,0.9743009868421053,1.0,0.9910053453947368,1,,4809
316437,processed\features\316437_features.csv,912,15,912,0.9743009868421053,0,1.0,1.0,0.9743009868421053,1.0,0.9910053453947368,1,,4810
321583,processed\features\321583_features.csv,912,15,912,0.9743009868421053,0,1.0,1.0,0.9743009868421053,1.0,0.9910053453947368,1,,4811
325786,processed\features\325786_features.csv,912,15,912,0.9743009868421053,0,1.0,1.0,0.9743009868421053,1.0,0.9910053453947368,1,,4812
333144,processed\features\333144_features.csv,912,15,912,0.9743009868421053,0,1.0,1.0,0.9743009868421053,1.0,0.9910053453947368,1,,4813
339537,processed\features\339537_features.csv,912,15,912,0.9743009868421053,0,1.0,1.0,0.9743009868421053,1.0,0.9910053453947368,1,,4814
340170,processed\features\340170_features.csv,912,15,912,0.9743009868421053,0,1.0,1.0,0.9743009868421053,1.0,0.9910053453947368,1,,4815
345278,processed\features\345278_features.csv,912,15,912,0.9743009868421053,0,1.0,1.0,0.9743009868421053,1.0,0.9910053453947368,1,,4816
348562,processed\features\348562_features.csv,912,15,912,0.9743009868421053,0,1.0,1.0,0.9743009868421053,1.0,0.9910053453947368,1,,4817
353923,processed\features\353923_features.csv,912,15,912,0.9743009868421053,0,1.0,1.0,0.9743009868421053,1.0,0.9910053453947368,1,,4818
375690,processed\features\375690_features.csv,912,15,912,0.9743009868421053,0,1.0,1.0,0.9743009868421053,1.0,0.9910053453947368,1,,4819
379584,processed\features\379584_features.csv,912,15,912,0.9743009868421053,0,1.0,1.0,0.9743009868421053,1.0,0.9910053453947368,1,,4820
393585,processed\features\393585_features.csv,912,15,912,0.9743009868421053,0,1.0,1.0,0.9743009868421053,1.0,0.9910053453947368,1,,4821
393877,processed\features\393877_features.csv,912,15,912,0.9743009868421053,0,1.0,1.0,0.9743009868421053,1.0,0.9910053453947368,1,,4822
399882,processed\features\399882_features.csv,912,15,912,0.9743009868421053,0,1.0,1.0,0.9743009868421053,1.0,0.9910053453947368,1,,4823
410299,processed\features\410299_features.csv,912,15,912,0.9743009868421053,0,1.0,1.0,0.9743009868421053,1.0,0.9910053453947368,1,,4824
416220,processed\features\416220_features.csv,912,15,912,0.9743009868421053,0,1.0,1.0,0.9743009868421053,1.0,0.9910053453947368,1,,4825
431860,processed\features\431860_features.csv,912,15,912,0.9743009868421053,0,1.0,1.0,0.9743009868421053,1.0,0.9910053453947368,1,,4826
434444,processed\features\434444_features.csv,912,15,912,0.9743009868421053,0,1.0,1.0,0.9743009868421053,1.0,0.9910053453947368,1,,4827
437474,processed\features\437474_features.csv,912,15,912,0.9743009868421053,0,1.0,1.0,0.9743009868421053,1.0,0.9910053453947368,1,,4828
437851,processed\features\437851_features.csv,912,15,912,0.9743009868421053,0,1.0,1.0,0.9743009868421053,1.0,0.9910053453947368,1,,4829
440545,processed\features\440545_features.csv,912,15,912,0.9743009868421053,0,1.0,1.0,0.9743009868421053,1.0,0.9910053453947368,1,,4830
442252,processed\features\442252_features.csv,912,15,912,0.9743009868421053,0,1.0,1.0,0.9743009868421053,1.0,0.9910053453947368,1,,4831
448399,processed\features\448399_features.csv,912,15,912,0.9743009868421053,0,1.0,1.0,0.9743009868421053,1.0,0.9910053453947368,1,,4832
449478,processed\features\449478_features.csv,912,15,912,0.9743009868421053,0,1.0,1.0,0.9743009868421053,1.0,0.9910053453947368,1,,4833
455139,processed\features\455139_features.csv,912,15,912,0.9743009868421053,0,1.0,1.0,0.9743009868421053,1.0,0.9910053453947368,1,,4834
46583,processed\features\46583_features.csv,912,15,912,0.9743009868421053,0,1.0,1.0,0.9743009868421053,1.0,0.9910053453947368,1,,4835
466229,processed\features\466229_features.csv,912,15,912,0.9743009868421053,0,1.0,1.0,0.9743009868421053,1.0,0.9910053453947368,1,,4836
468265,processed\features\468265_features.csv,912,15,912,0.9743009868421053,0,1.0,1.0,0.9743009868421053,1.0,0.9910053453947368,1,,4837
46941,processed\features\46941_features.csv,912,15,912,0.9743009868421053,0,1.0,1.0,0.9743009868421053,1.0,0.9910053453947368,1,,4838
469442,processed\features\469442_features.csv,912,15,912,0.9743009868421053,0,1.0,1.0,0.9743009868421053,1.0,0.9910053453947368,1,,4839
473436,processed\features\473436_features.csv,912,15,912,0.9743009868421053,0,1.0,1.0,0.9743009868421053,1.0,0.9910053453947368,1,,4840
475687,processed\features\475687_features.csv,912,15,912,0.9743009868421053,0,1.0,1.0,0.9743009868421053,1.0,0.9910053453947368,1,,4841
483674,processed\features\483674_features.csv,912,15,912,0.9743009868421053,0,1.0,1.0,0.9743009868421053,1.0,0.9910053453947368,1,,4842
500539,processed\features\500539_features.csv,912,15,912,0.9743009868421053,0,1.0,1.0,0.9743009868421053,1.0,0.9910053453947368,1,,4843
501185,processed\features\501185_features.csv,912,15,912,0.9743009868421053,0,1.0,1.0,0.9743009868421053,1.0,0.9910053453947368,1,,4844
503518,processed\features\503518_features.csv,912,15,912,0.9743009868421053,0,1.0,1.0,0.9743009868421053,1.0,0.9910053453947368,1,,4845
51266,processed\features\51266_features.csv,912,15,912,0.9743009868421053,0,1.0,1.0,0.9743009868421053,1.0,0.9910053453947368,1,,4846
64644,processed\features\64644_features.csv,912,15,912,0.9743009868421053,0,1.0,1.0,0.9743009868421053,1.0,0.9910053453947368,1,,4847
72383,processed\features\72383_features.csv,912,15,912,0.9743009868421053,0,1.0,1.0,0.9743009868421053,1.0,0.9910053453947368,1,,4848
72387,processed\features\72387_features.csv,912,15,912,0.9743009868421053,0,1.0,1.0,0.9743009868421053,1.0,0.9910053453947368,1,,4849
79729,processed\features\79729_features.csv,912,15,912,0.9743009868421053,0,1.0,1.0,0.9743009868421053,1.0,0.9910053453947368,1,,4850
82862,processed\features\82862_features.csv,912,15,912,0.9743009868421053,0,1.0,1.0,0.9743009868421053,1.0,0.9910053453947368,1,,4851
86721,processed\features\86721_features.csv,912,15,912,0.9743009868421053,0,1.0,1.0,0.9743009868421053,1.0,0.9910053453947368,1,,4852
103534,processed\features\103534_features.csv,911,15,911,0.9742727771679474,0,1.0,1.0,0.9742727771679474,1.0,0.9909954720087816,1,,4853
103818,processed\features\103818_features.csv,911,15,911,0.9742727771679474,0,1.0,1.0,0.9742727771679474,1.0,0.9909954720087816,1,,4854
105327,processed\features\105327_features.csv,911,15,911,0.9742727771679474,0,1.0,1.0,0.9742727771679474,1.0,0.9909954720087816,1,,4855
110695,processed\features\110695_features.csv,911,15,911,0.9742727771679474,0,1.0,1.0,0.9742727771679474,1.0,0.9909954720087816,1,,4856
111013,processed\features\111013_features.csv,911,15,911,0.9742727771679474,0,1.0,1.0,0.9742727771679474,1.0,0.9909954720087816,1,,4857
120357,processed\features\120357_features.csv,911,15,911,0.9742727771679474,0,1.0,1.0,0.9742727771679474,1.0,0.9909954720087816,1,,4858
122434,processed\features\122434_features.csv,911,15,911,0.9742727771679474,0,1.0,1.0,0.9742727771679474,1.0,0.9909954720087816,1,,4859
135550,processed\features\135550_features.csv,911,15,911,0.9742727771679474,0,1.0,1.0,0.9742727771679474,1.0,0.9909954720087816,1,,4860
1493,processed\features\1493_features.csv,911,15,911,0.9742727771679474,0,1.0,1.0,0.9742727771679474,1.0,0.9909954720087816,1,,4861
163278,processed\features\163278_features.csv,911,15,911,0.9742727771679474,0,1.0,1.0,0.9742727771679474,1.0,0.9909954720087816,1,,4862
165048,processed\features\165048_features.csv,911,15,911,0.9742727771679474,0,1.0,1.0,0.9742727771679474,1.0,0.9909954720087816,1,,4863
167873,processed\features\167873_features.csv,911,15,911,0.9742727771679474,0,1.0,1.0,0.9742727771679474,1.0,0.9909954720087816,1,,4864
174631,processed\features\174631_features.csv,911,15,911,0.9742727771679474,0,1.0,1.0,0.9742727771679474,1.0,0.9909954720087816,1,,4865
180970,processed\features\180970_features.csv,911,15,911,0.9742727771679474,0,1.0,1.0,0.9742727771679474,1.0,0.9909954720087816,1,,4866
187562,processed\features\187562_features.csv,911,15,911,0.9742727771679474,0,1.0,1.0,0.9742727771679474,1.0,0.9909954720087816,1,,4867
194303,processed\features\194303_features.csv,911,15,911,0.9742727771679474,0,1.0,1.0,0.9742727771679474,1.0,0.9909954720087816,1,,4868
195368,processed\features\195368_features.csv,911,15,911,0.9742727771679474,0,1.0,1.0,0.9742727771679474,1.0,0.9909954720087816,1,,4869
19624,processed\features\19624_features.csv,911,15,911,0.9742727771679474,0,1.0,1.0,0.9742727771679474,1.0,0.9909954720087816,1,,4870
199148,processed\features\199148_features.csv,911,15,911,0.9742727771679474,0,1.0,1.0,0.9742727771679474,1.0,0.9909954720087816,1,,4871
200811,processed\features\200811_features.csv,911,15,911,0.9742727771679474,0,1.0,1.0,0.9742727771679474,1.0,0.9909954720087816,1,,4872
203380,processed\features\203380_features.csv,911,15,911,0.9742727771679474,0,1.0,1.0,0.9742727771679474,1.0,0.9909954720087816,1,,4873
216990,processed\features\216990_features.csv,911,15,911,0.9742727771679474,0,1.0,1.0,0.9742727771679474,1.0,0.9909954720087816,1,,4874
217624,processed\features\217624_features.csv,911,15,911,0.9742727771679474,0,1.0,1.0,0.9742727771679474,1.0,0.9909954720087816,1,,4875
225518,processed\features\225518_features.csv,911,15,911,0.9742727771679474,0,1.0,1.0,0.9742727771679474,1.0,0.9909954720087816,1,,4876
226939,processed\features\226939_features.csv,911,15,911,0.9742727771679474,0,1.0,1.0,0.9742727771679474,1.0,0.9909954720087816,1,,4877
227057,processed\features\227057_features.csv,911,15,911,0.9742727771679474,0,1.0,1.0,0.9742727771679474,1.0,0.9909954720087816,1,,4878
235359,processed\features\235359_features.csv,911,15,911,0.9742727771679474,0,1.0,1.0,0.9742727771679474,1.0,0.9909954720087816,1,,4879
248485,processed\features\248485_features.csv,911,15,911,0.9742727771679474,0,1.0,1.0,0.9742727771679474,1.0,0.9909954720087816,1,,4880
249201,processed\features\249201_features.csv,911,15,911,0.9742727771679474,0,1.0,1.0,0.9742727771679474,1.0,0.9909954720087816,1,,4881
260773,processed\features\260773_features.csv,911,15,911,0.9742727771679474,0,1.0,1.0,0.9742727771679474,1.0,0.9909954720087816,1,,4882
274804,processed\features\274804_features.csv,911,15,911,0.9742727771679474,0,1.0,1.0,0.9742727771679474,1.0,0.9909954720087816,1,,4883
280349,processed\features\280349_features.csv,911,15,911,0.9742727771679474,0,1.0,1.0,0.9742727771679474,1.0,0.9909954720087816,1,,4884
289882,processed\features\289882_features.csv,911,15,911,0.9742727771679474,0,1.0,1.0,0.9742727771679474,1.0,0.9909954720087816,1,,4885
302867,processed\features\302867_features.csv,911,15,911,0.9742727771679474,0,1.0,1.0,0.9742727771679474,1.0,0.9909954720087816,1,,4886
310606,processed\features\310606_features.csv,911,15,911,0.9742727771679474,0,1.0,1.0,0.9742727771679474,1.0,0.9909954720087816,1,,4887
312540,processed\features\312540_features.csv,911,15,911,0.9742727771679474,0,1.0,1.0,0.9742727771679474,1.0,0.9909954720087816,1,,4888
323738,processed\features\323738_features.csv,911,15,911,0.9742727771679474,0,1.0,1.0,0.9742727771679474,1.0,0.9909954720087816,1,,4889
324789,processed\features\324789_features.csv,911,15,911,0.9742727771679474,0,1.0,1.0,0.9742727771679474,1.0,0.9909954720087816,1,,4890
326323,processed\features\326323_features.csv,911,15,911,0.9742727771679474,0,1.0,1.0,0.9742727771679474,1.0,0.9909954720087816,1,,4891
33220,processed\features\33220_features.csv,911,15,911,0.9742727771679474,0,1.0,1.0,0.9742727771679474,1.0,0.9909954720087816,1,,4892
334637,processed\features\334637_features.csv,911,15,911,0.9742727771679474,0,1.0,1.0,0.9742727771679474,1.0,0.9909954720087816,1,,4893
341327,processed\features\341327_features.csv,911,15,911,0.9742727771679474,0,1.0,1.0,0.9742727771679474,1.0,0.9909954720087816,1,,4894
341810,processed\features\341810_features.csv,911,15,911,0.9742727771679474,0,1.0,1.0,0.9742727771679474,1.0,0.9909954720087816,1,,4895
342092,processed\features\342092_features.csv,911,15,911,0.9742727771679474,0,1.0,1.0,0.9742727771679474,1.0,0.9909954720087816,1,,4896
351921,processed\features\351921_features.csv,911,15,911,0.9742727771679474,0,1.0,1.0,0.9742727771679474,1.0,0.9909954720087816,1,,4897
357910,processed\features\357910_features.csv,911,15,911,0.9742727771679474,0,1.0,1.0,0.9742727771679474,1.0,0.9909954720087816,1,,4898
366366,processed\features\366366_features.csv,911,15,911,0.9742727771679474,0,1.0,1.0,0.9742727771679474,1.0,0.9909954720087816,1,,4899
36837,processed\features\36837_features.csv,911,15,911,0.9742727771679474,0,1.0,1.0,0.9742727771679474,1.0,0.9909954720087816,1,,4900
371680,processed\features\371680_features.csv,911,15,911,0.9742727771679474,0,1.0,1.0,0.9742727771679474,1.0,0.9909954720087816,1,,4901
373826,processed\features\373826_features.csv,911,15,911,0.9742727771679474,0,1.0,1.0,0.9742727771679474,1.0,0.9909954720087816,1,,4902
384749,processed\features\384749_features.csv,911,15,911,0.9742727771679474,0,1.0,1.0,0.9742727771679474,1.0,0.9909954720087816,1,,4903
388046,processed\features\388046_features.csv,911,15,911,0.9742727771679474,0,1.0,1.0,0.9742727771679474,1.0,0.9909954720087816,1,,4904
391029,processed\features\391029_features.csv,911,15,911,0.9742727771679474,0,1.0,1.0,0.9742727771679474,1.0,0.9909954720087816,1,,4905
403133,processed\features\403133_features.csv,911,15,911,0.9742727771679474,0,1.0,1.0,0.9742727771679474,1.0,0.9909954720087816,1,,4906
406419,processed\features\406419_features.csv,911,15,911,0.9742727771679474,0,1.0,1.0,0.9742727771679474,1.0,0.9909954720087816,1,,4907
410328,processed\features\410328_features.csv,911,15,911,0.9742727771679474,0,1.0,1.0,0.9742727771679474,1.0,0.9909954720087816,1,,4908
410859,processed\features\410859_features.csv,911,15,911,0.9742727771679474,0,1.0,1.0,0.9742727771679474,1.0,0.9909954720087816,1,,4909
41170,processed\features\41170_features.csv,911,15,911,0.9742727771679474,0,1.0,1.0,0.9742727771679474,1.0,0.9909954720087816,1,,4910
41543,processed\features\41543_features.csv,911,15,911,0.9742727771679474,0,1.0,1.0,0.9742727771679474,1.0,0.9909954720087816,1,,4911
415915,processed\features\415915_features.csv,911,15,911,0.9742727771679474,0,1.0,1.0,0.9742727771679474,1.0,0.9909954720087816,1,,4912
438670,processed\features\438670_features.csv,911,15,911,0.9742727771679474,0,1.0,1.0,0.9742727771679474,1.0,0.9909954720087816,1,,4913
448091,processed\features\448091_features.csv,911,15,911,0.9742727771679474,0,1.0,1.0,0.9742727771679474,1.0,0.9909954720087816,1,,4914
450315,processed\features\450315_features.csv,911,15,911,0.9742727771679474,0,1.0,1.0,0.9742727771679474,1.0,0.9909954720087816,1,,4915
455485,processed\features\455485_features.csv,911,15,911,0.9742727771679474,0,1.0,1.0,0.9742727771679474,1.0,0.9909954720087816,1,,4916
457080,processed\features\457080_features.csv,911,15,911,0.9742727771679474,0,1.0,1.0,0.9742727771679474,1.0,0.9909954720087816,1,,4917
460269,processed\features\460269_features.csv,911,15,911,0.9742727771679474,0,1.0,1.0,0.9742727771679474,1.0,0.9909954720087816,1,,4918
463289,processed\features\463289_features.csv,911,15,911,0.9742727771679474,0,1.0,1.0,0.9742727771679474,1.0,0.9909954720087816,1,,4919
466051,processed\features\466051_features.csv,911,15,911,0.9742727771679474,0,1.0,1.0,0.9742727771679474,1.0,0.9909954720087816,1,,4920
469155,processed\features\469155_features.csv,911,15,911,0.9742727771679474,0,1.0,1.0,0.9742727771679474,1.0,0.9909954720087816,1,,4921
469293,processed\features\469293_features.csv,911,15,911,0.9742727771679474,0,1.0,1.0,0.9742727771679474,1.0,0.9909954720087816,1,,4922
470015,processed\features\470015_features.csv,911,15,911,0.9742727771679474,0,1.0,1.0,0.9742727771679474,1.0,0.9909954720087816,1,,4923
470781,processed\features\470781_features.csv,911,15,911,0.9742727771679474,0,1.0,1.0,0.9742727771679474,1.0,0.9909954720087816,1,,4924
473413,processed\features\473413_features.csv,911,15,911,0.9742727771679474,0,1.0,1.0,0.9742727771679474,1.0,0.9909954720087816,1,,4925
474667,processed\features\474667_features.csv,911,15,911,0.9742727771679474,0,1.0,1.0,0.9742727771679474,1.0,0.9909954720087816,1,,4926
475810,processed\features\475810_features.csv,911,15,911,0.9742727771679474,0,1.0,1.0,0.9742727771679474,1.0,0.9909954720087816,1,,4927
477346,processed\features\477346_features.csv,911,15,911,0.9742727771679474,0,1.0,1.0,0.9742727771679474,1.0,0.9909954720087816,1,,4928
479732,processed\features\479732_features.csv,911,15,911,0.9742727771679474,0,1.0,1.0,0.9742727771679474,1.0,0.9909954720087816,1,,4929
484613,processed\features\484613_features.csv,911,15,911,0.9742727771679474,0,1.0,1.0,0.9742727771679474,1.0,0.9909954720087816,1,,4930
492066,processed\features\492066_features.csv,911,15,911,0.9742727771679474,0,1.0,1.0,0.9742727771679474,1.0,0.9909954720087816,1,,4931
49819,processed\features\49819_features.csv,911,15,911,0.9742727771679474,0,1.0,1.0,0.9742727771679474,1.0,0.9909954720087816,1,,4932
501487,processed\features\501487_features.csv,911,15,911,0.9742727771679474,0,1.0,1.0,0.9742727771679474,1.0,0.9909954720087816,1,,4933
5088,processed\features\5088_features.csv,911,15,911,0.9742727771679474,0,1.0,1.0,0.9742727771679474,1.0,0.9909954720087816,1,,4934
511507,processed\features\511507_features.csv,911,15,911,0.9742727771679474,0,1.0,1.0,0.9742727771679474,1.0,0.9909954720087816,1,,4935
513006,processed\features\513006_features.csv,911,15,911,0.9742727771679474,0,1.0,1.0,0.9742727771679474,1.0,0.9909954720087816,1,,4936
54985,processed\features\54985_features.csv,911,15,911,0.9742727771679474,0,1.0,1.0,0.9742727771679474,1.0,0.9909954720087816,1,,4937
58629,processed\features\58629_features.csv,911,15,911,0.9742727771679474,0,1.0,1.0,0.9742727771679474,1.0,0.9909954720087816,1,,4938
63947,processed\features\63947_features.csv,911,15,911,0.9742727771679474,0,1.0,1.0,0.9742727771679474,1.0,0.9909954720087816,1,,4939
71871,processed\features\71871_features.csv,911,15,911,0.9742727771679474,0,1.0,1.0,0.9742727771679474,1.0,0.9909954720087816,1,,4940
76948,processed\features\76948_features.csv,911,15,911,0.9742727771679474,0,1.0,1.0,0.9742727771679474,1.0,0.9909954720087816,1,,4941
83950,processed\features\83950_features.csv,911,15,911,0.9742727771679474,0,1.0,1.0,0.9742727771679474,1.0,0.9909954720087816,1,,4942
89792,processed\features\89792_features.csv,911,15,911,0.9742727771679474,0,1.0,1.0,0.9742727771679474,1.0,0.9909954720087816,1,,4943
94455,processed\features\94455_features.csv,911,15,911,0.9742727771679474,0,1.0,1.0,0.9742727771679474,1.0,0.9909954720087816,1,,4944
103817,processed\features\103817_features.csv,910,15,910,0.9742445054945055,0,1.0,1.0,0.9742445054945055,1.0,0.990985576923077,1,,4945
114551,processed\features\114551_features.csv,910,15,910,0.9742445054945055,0,1.0,1.0,0.9742445054945055,1.0,0.990985576923077,1,,4946
115140,processed\features\115140_features.csv,910,15,910,0.9742445054945055,0,1.0,1.0,0.9742445054945055,1.0,0.990985576923077,1,,4947
129692,processed\features\129692_features.csv,910,15,910,0.9742445054945055,0,1.0,1.0,0.9742445054945055,1.0,0.990985576923077,1,,4948
13022,processed\features\13022_features.csv,910,15,910,0.9742445054945055,0,1.0,1.0,0.9742445054945055,1.0,0.990985576923077,1,,4949
133223,processed\features\133223_features.csv,910,15,910,0.9742445054945055,0,1.0,1.0,0.9742445054945055,1.0,0.990985576923077,1,,4950
133246,processed\features\133246_features.csv,910,15,910,0.9742445054945055,0,1.0,1.0,0.9742445054945055,1.0,0.990985576923077,1,,4951
135216,processed\features\135216_features.csv,910,15,910,0.9742445054945055,0,1.0,1.0,0.9742445054945055,1.0,0.990985576923077,1,,4952
149286,processed\features\149286_features.csv,910,15,910,0.9742445054945055,0,1.0,1.0,0.9742445054945055,1.0,0.990985576923077,1,,4953
153536,processed\features\153536_features.csv,910,15,910,0.9742445054945055,0,1.0,1.0,0.9742445054945055,1.0,0.990985576923077,1,,4954
153959,processed\features\153959_features.csv,910,15,910,0.9742445054945055,0,1.0,1.0,0.9742445054945055,1.0,0.990985576923077,1,,4955
155634,processed\features\155634_features.csv,910,15,910,0.9742445054945055,0,1.0,1.0,0.9742445054945055,1.0,0.990985576923077,1,,4956
164272,processed\features\164272_features.csv,910,15,910,0.9742445054945055,0,1.0,1.0,0.9742445054945055,1.0,0.990985576923077,1,,4957
176533,processed\features\176533_features.csv,910,15,910,0.9742445054945055,0,1.0,1.0,0.9742445054945055,1.0,0.990985576923077,1,,4958
177736,processed\features\177736_features.csv,910,15,910,0.9742445054945055,0,1.0,1.0,0.9742445054945055,1.0,0.990985576923077,1,,4959
1938,processed\features\1938_features.csv,910,15,910,0.9742445054945055,0,1.0,1.0,0.9742445054945055,1.0,0.990985576923077,1,,4960
203136,processed\features\203136_features.csv,910,15,910,0.9742445054945055,0,1.0,1.0,0.9742445054945055,1.0,0.990985576923077,1,,4961
224489,processed\features\224489_features.csv,910,15,910,0.9742445054945055,0,1.0,1.0,0.9742445054945055,1.0,0.990985576923077,1,,4962
236529,processed\features\236529_features.csv,910,15,910,0.9742445054945055,0,1.0,1.0,0.9742445054945055,1.0,0.990985576923077,1,,4963
238726,processed\features\238726_features.csv,910,15,910,0.9742445054945055,0,1.0,1.0,0.9742445054945055,1.0,0.990985576923077,1,,4964
245611,processed\features\245611_features.csv,910,15,910,0.9742445054945055,0,1.0,1.0,0.9742445054945055,1.0,0.990985576923077,1,,4965
246310,processed\features\246310_features.csv,910,15,910,0.9742445054945055,0,1.0,1.0,0.9742445054945055,1.0,0.990985576923077,1,,4966
247506,processed\features\247506_features.csv,910,15,910,0.9742445054945055,0,1.0,1.0,0.9742445054945055,1.0,0.990985576923077,1,,4967
256983,processed\features\256983_features.csv,910,15,910,0.9742445054945055,0,1.0,1.0,0.9742445054945055,1.0,0.990985576923077,1,,4968
265002,processed\features\265002_features.csv,910,15,910,0.9742445054945055,0,1.0,1.0,0.9742445054945055,1.0,0.990985576923077,1,,4969
280322,processed\features\280322_features.csv,910,15,910,0.9742445054945055,0,1.0,1.0,0.9742445054945055,1.0,0.990985576923077,1,,4970
283332,processed\features\283332_features.csv,910,15,910,0.9742445054945055,0,1.0,1.0,0.9742445054945055,1.0,0.990985576923077,1,,4971
299557,processed\features\299557_features.csv,910,15,910,0.9742445054945055,0,1.0,1.0,0.9742445054945055,1.0,0.990985576923077,1,,4972
304676,processed\features\304676_features.csv,910,15,910,0.9742445054945055,0,1.0,1.0,0.9742445054945055,1.0,0.990985576923077,1,,4973
309211,processed\features\309211_features.csv,910,15,910,0.9742445054945055,0,1.0,1.0,0.9742445054945055,1.0,0.990985576923077,1,,4974
312748,processed\features\312748_features.csv,910,15,910,0.9742445054945055,0,1.0,1.0,0.9742445054945055,1.0,0.990985576923077,1,,4975
314907,processed\features\314907_features.csv,910,15,910,0.9742445054945055,0,1.0,1.0,0.9742445054945055,1.0,0.990985576923077,1,,4976
337801,processed\features\337801_features.csv,910,15,910,0.9742445054945055,0,1.0,1.0,0.9742445054945055,1.0,0.990985576923077,1,,4977
338060,processed\features\338060_features.csv,910,15,910,0.9742445054945055,0,1.0,1.0,0.9742445054945055,1.0,0.990985576923077,1,,4978
33944,processed\features\33944_features.csv,910,15,910,0.9742445054945055,0,1.0,1.0,0.9742445054945055,1.0,0.990985576923077,1,,4979
342642,processed\features\342642_features.csv,910,15,910,0.9742445054945055,0,1.0,1.0,0.9742445054945055,1.0,0.990985576923077,1,,4980
346610,processed\features\346610_features.csv,910,15,910,0.9742445054945055,0,1.0,1.0,0.9742445054945055,1.0,0.990985576923077,1,,4981
349925,processed\features\349925_features.csv,910,15,910,0.9742445054945055,0,1.0,1.0,0.9742445054945055,1.0,0.990985576923077,1,,4982
355087,processed\features\355087_features.csv,910,15,910,0.9742445054945055,0,1.0,1.0,0.9742445054945055,1.0,0.990985576923077,1,,4983
361258,processed\features\361258_features.csv,910,15,910,0.9742445054945055,0,1.0,1.0,0.9742445054945055,1.0,0.990985576923077,1,,4984
375365,processed\features\375365_features.csv,910,15,910,0.9742445054945055,0,1.0,1.0,0.9742445054945055,1.0,0.990985576923077,1,,4985
377467,processed\features\377467_features.csv,910,15,910,0.9742445054945055,0,1.0,1.0,0.9742445054945055,1.0,0.990985576923077,1,,4986
380425,processed\features\380425_features.csv,910,15,910,0.9742445054945055,0,1.0,1.0,0.9742445054945055,1.0,0.990985576923077,1,,4987
380851,processed\features\380851_features.csv,910,15,910,0.9742445054945055,0,1.0,1.0,0.9742445054945055,1.0,0.990985576923077,1,,4988
382512,processed\features\382512_features.csv,910,15,910,0.9742445054945055,0,1.0,1.0,0.9742445054945055,1.0,0.990985576923077,1,,4989
383066,processed\features\383066_features.csv,910,15,910,0.9742445054945055,0,1.0,1.0,0.9742445054945055,1.0,0.990985576923077,1,,4990
401357,processed\features\401357_features.csv,910,15,910,0.9742445054945055,0,1.0,1.0,0.9742445054945055,1.0,0.990985576923077,1,,4991
426821,processed\features\426821_features.csv,910,15,910,0.9742445054945055,0,1.0,1.0,0.9742445054945055,1.0,0.990985576923077,1,,4992
428048,processed\features\428048_features.csv,910,15,910,0.9742445054945055,0,1.0,1.0,0.9742445054945055,1.0,0.990985576923077,1,,4993
428125,processed\features\428125_features.csv,910,15,910,0.9742445054945055,0,1.0,1.0,0.9742445054945055,1.0,0.990985576923077,1,,4994
433168,processed\features\433168_features.csv,910,15,910,0.9742445054945055,0,1.0,1.0,0.9742445054945055,1.0,0.990985576923077,1,,4995
434763,processed\features\434763_features.csv,910,15,910,0.9742445054945055,0,1.0,1.0,0.9742445054945055,1.0,0.990985576923077,1,,4996
439813,processed\features\439813_features.csv,910,15,910,0.9742445054945055,0,1.0,1.0,0.9742445054945055,1.0,0.990985576923077,1,,4997
444246,processed\features\444246_features.csv,910,15,910,0.9742445054945055,0,1.0,1.0,0.9742445054945055,1.0,0.990985576923077,1,,4998
457373,processed\features\457373_features.csv,910,15,910,0.9742445054945055,0,1.0,1.0,0.9742445054945055,1.0,0.990985576923077,1,,4999
458705,processed\features\458705_features.csv,910,15,910,0.9742445054945055,0,1.0,1.0,0.9742445054945055,1.0,0.990985576923077,1,,5000
