participant_id,file,file_exists,rows,sections,columns,numeric_features,nan_values,inf_values,finite_ratio,sections_checked,sections_valid,temporal_score,feature_variability_mean,feature_variability_median,constant_feature_count,constant_feature_ratio,extreme_value_count,feature_quality_score,row_quality_score,sequence_quality_score,overall_quality_score,eligible,failure_reason
190824,processed\features\190824_features.csv,1,1118,15,23,16,375,0,0.9790362254025045,15,15,1.0,150.39940123992824,32.51746096335912,0,0.0,3,1.0,1.0,1.0,1.0,1,PASS
191239,processed\features\191239_features.csv,1,1109,15,23,16,375,0,0.9788660955816051,15,15,1.0,96.85114128892675,28.703330842792152,0,0.0,0,1.0,1.0,1.0,1.0,1,PASS
107824,processed\features\107824_features.csv,1,1079,15,23,16,375,0,0.978278498609824,15,15,1.0,28856.878818662924,49.82857173770136,0,0.0,1,1.0,1.0,1.0,1.0,1,PASS
165036,processed\features\165036_features.csv,1,1073,15,23,16,375,0,0.9781570363466915,15,15,1.0,104.28461028443884,18.697496608940323,0,0.0,0,1.0,1.0,1.0,1.0,1,PASS
66301,processed\features\66301_features.csv,1,1036,15,23,16,375,0,0.9773769305019305,15,15,1.0,136931.25800476174,49.805495239816196,0,0.0,1,1.0,1.0,1.0,1.0,1,PASS
72011,processed\features\72011_features.csv,1,1033,15,23,16,375,0,0.977311229428848,15,15,1.0,175.13198000306818,126.31444244033074,0,0.0,2,1.0,1.0,1.0,1.0,1,PASS
284548,processed\features\284548_features.csv,1,1029,15,23,16,375,0,0.9772230320699709,15,15,1.0,87.89853859787387,25.159840439558117,0,0.0,0,1.0,1.0,1.0,1.0,1,PASS
321674,processed\features\321674_features.csv,1,1022,15,23,16,375,0,0.9770670254403131,15,15,1.0,77.47714358756046,30.90011798159407,0,0.0,0,1.0,1.0,1.0,1.0,1,PASS
34863,processed\features\34863_features.csv,1,1015,15,23,16,375,0,0.9769088669950738,15,15,1.0,168.42874914414077,28.468655773319284,0,0.0,8,1.0,1.0,1.0,1.0,1,PASS
169551,processed\features\169551_features.csv,1,1015,15,23,16,375,0,0.9769088669950738,15,15,1.0,161.83989636359203,25.483886330995357,0,0.0,6,1.0,1.0,1.0,1.0,1,PASS
177165,processed\features\177165_features.csv,1,1014,15,23,16,375,0,0.9768860946745562,15,15,1.0,93.3092614685678,18.97374442366852,0,0.0,0,1.0,1.0,1.0,1.0,1,PASS
81787,processed\features\81787_features.csv,1,1008,15,23,16,375,0,0.9767485119047619,15,15,1.0,329.6312334900682,144.83680696403712,0,0.0,35,1.0,1.0,1.0,1.0,1,PASS
55011,processed\features\55011_features.csv,1,999,15,23,16,375,0,0.976539039039039,15,15,1.0,126.25246058008882,24.313509204922294,0,0.0,1,1.0,1.0,1.0,1.0,1,PASS
327287,processed\features\327287_features.csv,1,998,15,23,16,375,0,0.9765155310621243,15,15,1.0,231.4149255998172,22.4347087827567,0,0.0,15,1.0,1.0,1.0,1.0,1,PASS
26717,processed\features\26717_features.csv,1,996,15,23,16,375,0,0.9764683734939759,15,15,1.0,81.62272331432803,12.992248242907188,0,0.0,0,1.0,1.0,1.0,1.0,1,PASS
375944,processed\features\375944_features.csv,1,994,15,23,16,375,0,0.9764210261569416,15,15,1.0,160.66659916453602,41.554898664436806,0,0.0,9,1.0,1.0,1.0,1.0,1,PASS
487671,processed\features\487671_features.csv,1,993,15,23,16,375,0,0.9763972809667674,15,15,1.0,180.02254724345119,21.859668818477555,0,0.0,15,1.0,1.0,1.0,1.0,1,PASS
52447,processed\features\52447_features.csv,1,992,15,23,16,375,0,0.9763734879032258,15,15,1.0,104.28701213247234,19.434889576777564,0,0.0,0,1.0,1.0,1.0,1.0,1,PASS
227483,processed\features\227483_features.csv,1,990,15,23,16,375,0,0.9763257575757576,15,15,1.0,92.7153013289969,26.16642911695883,0,0.0,4,1.0,1.0,1.0,1.0,1,PASS
9911,processed\features\9911_features.csv,1,988,15,23,16,375,0,0.9762778340080972,15,15,1.0,65.21373646752815,39.32883040817802,0,0.0,0,1.0,1.0,1.0,1.0,1,PASS
332544,processed\features\332544_features.csv,1,988,15,23,16,375,0,0.9762778340080972,15,15,1.0,95.6729420675585,24.09487210469443,0,0.0,2,1.0,1.0,1.0,1.0,1,PASS
37312,processed\features\37312_features.csv,1,988,15,23,16,375,0,0.9762778340080972,15,15,1.0,85.02790268765983,22.002347787652422,0,0.0,0,1.0,1.0,1.0,1.0,1,PASS
355621,processed\features\355621_features.csv,1,979,15,23,16,375,0,0.9760597548518897,15,15,1.0,186.30058133666637,13.552681516731855,0,0.0,7,1.0,1.0,1.0,1.0,1,PASS
225563,processed\features\225563_features.csv,1,978,15,23,16,375,0,0.9760352760736196,15,15,1.0,75.83824423988996,17.439273159936704,0,0.0,0,1.0,1.0,1.0,1.0,1,PASS
380944,processed\features\380944_features.csv,1,977,15,23,16,375,0,0.976010747185261,15,15,1.0,87.49030906517896,19.307463945742384,0,0.0,0,1.0,1.0,1.0,1.0,1,PASS
49315,processed\features\49315_features.csv,1,976,15,23,16,375,0,0.9759861680327869,15,15,1.0,167.68097044873087,22.866682594179185,0,0.0,5,1.0,1.0,1.0,1.0,1,PASS
151594,processed\features\151594_features.csv,1,974,15,23,16,375,0,0.9759368583162218,15,15,1.0,109.46022900398248,19.706955825383957,0,0.0,0,1.0,1.0,1.0,1.0,1,PASS
65143,processed\features\65143_features.csv,1,970,15,23,16,375,0,0.9758376288659794,15,15,1.0,68.52742886810172,31.944709068703933,0,0.0,0,1.0,1.0,1.0,1.0,1,PASS
315715,processed\features\315715_features.csv,1,967,15,23,16,375,0,0.9757626680455016,15,15,1.0,201.46463019271317,37.81672712868378,0,0.0,12,1.0,1.0,1.0,1.0,1,PASS
443840,processed\features\443840_features.csv,1,963,15,23,16,375,0,0.9756619937694704,15,15,1.0,82.61950641640566,29.842051321397534,0,0.0,0,1.0,1.0,1.0,1.0,1,PASS
419907,processed\features\419907_features.csv,1,962,15,23,16,375,0,0.9756366943866944,15,15,1.0,73.18718613808649,29.276332770720913,0,0.0,0,1.0,1.0,1.0,1.0,1,PASS
148521,processed\features\148521_features.csv,1,962,15,23,16,375,0,0.9756366943866944,15,15,1.0,203.34837546636393,16.531100631808613,0,0.0,9,1.0,1.0,1.0,1.0,1,PASS
245393,processed\features\245393_features.csv,1,959,15,23,16,375,0,0.9755604796663191,15,15,1.0,136292.89555618778,22.37366870570522,0,0.0,1,1.0,1.0,1.0,1.0,1,PASS
282003,processed\features\282003_features.csv,1,959,15,23,16,375,0,0.9755604796663191,15,15,1.0,59.627103894999635,21.536467320873342,0,0.0,0,1.0,1.0,1.0,1.0,1,PASS
493430,processed\features\493430_features.csv,1,958,15,23,16,375,0,0.9755349686847599,15,15,1.0,524.6914077516815,45.53350379223873,0,0.0,122,1.0,1.0,1.0,1.0,1,PASS
33986,processed\features\33986_features.csv,1,954,15,23,16,375,0,0.9754323899371069,15,15,1.0,112.52399067051408,39.04124541217118,0,0.0,0,1.0,1.0,1.0,1.0,1,PASS
168954,processed\features\168954_features.csv,1,954,15,23,16,375,0,0.9754323899371069,15,15,1.0,103.2021009993506,18.602450362778033,0,0.0,0,1.0,1.0,1.0,1.0,1,PASS
342577,processed\features\342577_features.csv,1,952,15,23,16,375,0,0.9753807773109243,15,15,1.0,216.0981089523642,38.11437721885548,0,0.0,21,1.0,1.0,1.0,1.0,1,PASS
287918,processed\features\287918_features.csv,1,951,15,23,16,375,0,0.9753548895899053,15,15,1.0,398.52504793375783,33.68618681014284,0,0.0,40,1.0,1.0,1.0,1.0,1,PASS
475939,processed\features\475939_features.csv,1,951,15,23,16,375,0,0.9753548895899053,15,15,1.0,64.65336546007674,25.721185324133334,0,0.0,0,1.0,1.0,1.0,1.0,1,PASS
396105,processed\features\396105_features.csv,1,950,15,23,16,375,0,0.975328947368421,15,15,1.0,99.27886879705545,26.00970934663365,0,0.0,0,1.0,1.0,1.0,1.0,1,PASS
259665,processed\features\259665_features.csv,1,950,15,23,16,375,0,0.975328947368421,15,15,1.0,96.08767205488529,10.972123758018633,0,0.0,0,1.0,1.0,1.0,1.0,1,PASS
260541,processed\features\260541_features.csv,1,949,15,23,16,375,0,0.9753029504741834,15,15,1.0,173.5921229419321,24.80308712619033,0,0.0,0,1.0,1.0,1.0,1.0,1,PASS
244964,processed\features\244964_features.csv,1,948,15,23,16,375,0,0.9752768987341772,15,15,1.0,252.9833900376959,65.89189833174672,0,0.0,20,1.0,1.0,1.0,1.0,1,PASS
339629,processed\features\339629_features.csv,1,947,15,23,16,375,0,0.9752507919746568,15,15,1.0,171.68111472698214,40.02548555712222,0,0.0,7,1.0,1.0,1.0,1.0,1,PASS
133013,processed\features\133013_features.csv,1,946,15,23,16,375,0,0.9752246300211417,15,15,1.0,367.81143915614194,32.528741299527134,0,0.0,33,1.0,1.0,1.0,1.0,1,PASS
117663,processed\features\117663_features.csv,1,944,15,23,16,375,0,0.9751721398305084,15,15,1.0,87.11125804133835,16.539946798026392,0,0.0,0,1.0,1.0,1.0,1.0,1,PASS
38781,processed\features\38781_features.csv,1,942,15,23,16,375,0,0.9751194267515924,15,15,1.0,189.05831556747896,25.83227040922351,0,0.0,5,1.0,1.0,1.0,1.0,1,PASS
293028,processed\features\293028_features.csv,1,941,15,23,16,375,0,0.9750929861849097,15,15,1.0,116.11976362903563,41.236891056671155,0,0.0,0,1.0,1.0,1.0,1.0,1,PASS
215078,processed\features\215078_features.csv,1,941,15,23,16,375,0,0.9750929861849097,15,15,1.0,32898.37094274014,29.146210431122313,0,0.0,1,1.0,1.0,1.0,1.0,1,PASS
464528,processed\features\464528_features.csv,1,940,15,23,16,375,0,0.9750664893617021,15,15,1.0,81.20327738426857,34.98822110204434,0,0.0,0,1.0,1.0,1.0,1.0,1,PASS
105471,processed\features\105471_features.csv,1,939,15,23,16,375,0,0.9750399361022364,15,15,1.0,182.1010008664819,43.67118670272038,0,0.0,2,1.0,1.0,1.0,1.0,1,PASS
10784,processed\features\10784_features.csv,1,938,15,23,16,375,0,0.9750133262260128,15,15,1.0,210.06369872325325,33.66266925677468,0,0.0,15,1.0,1.0,1.0,1.0,1,PASS
198220,processed\features\198220_features.csv,1,938,15,23,16,375,0,0.9750133262260128,15,15,1.0,69.72455923222549,20.0824001387793,0,0.0,0,1.0,1.0,1.0,1.0,1,PASS
368104,processed\features\368104_features.csv,1,937,15,23,16,375,0,0.9749866595517609,15,15,1.0,138.38982651044083,38.85975029191021,0,0.0,5,1.0,1.0,1.0,1.0,1,PASS
401824,processed\features\401824_features.csv,1,937,15,23,16,375,0,0.9749866595517609,15,15,1.0,154.6778396191816,28.327374793113588,0,0.0,5,1.0,1.0,1.0,1.0,1,PASS
489549,processed\features\489549_features.csv,1,937,15,23,16,375,0,0.9749866595517609,15,15,1.0,91.98878071936538,15.943667511337164,0,0.0,0,1.0,1.0,1.0,1.0,1,PASS
300648,processed\features\300648_features.csv,1,937,15,23,16,375,0,0.9749866595517609,15,15,1.0,72.59123312378848,13.505502935812785,0,0.0,0,1.0,1.0,1.0,1.0,1,PASS
478136,processed\features\478136_features.csv,1,934,15,23,16,375,0,0.9749063169164882,15,15,1.0,134.0561167472177,23.946485295073234,0,0.0,0,1.0,1.0,1.0,1.0,1,PASS
426232,processed\features\426232_features.csv,1,932,15,23,16,375,0,0.9748524678111588,15,15,1.0,105.94330535142748,22.040559092663546,0,0.0,0,1.0,1.0,1.0,1.0,1,PASS
296856,processed\features\296856_features.csv,1,932,15,23,16,375,0,0.9748524678111588,15,15,1.0,140.73259086004865,15.361093944414929,0,0.0,5,1.0,1.0,1.0,1.0,1,PASS
250276,processed\features\250276_features.csv,1,931,15,23,16,375,0,0.9748254564983888,15,15,1.0,113.73651397829975,65.0163967107951,0,0.0,1,1.0,1.0,1.0,1.0,1,PASS
231018,processed\features\231018_features.csv,1,931,15,23,16,375,0,0.9748254564983888,15,15,1.0,347.48150662461563,48.244465776084795,0,0.0,38,1.0,1.0,1.0,1.0,1,PASS
437300,processed\features\437300_features.csv,1,931,15,23,16,375,0,0.9748254564983888,15,15,1.0,204.91411478175004,30.71323594319344,0,0.0,13,1.0,1.0,1.0,1.0,1,PASS
104537,processed\features\104537_features.csv,1,931,15,23,16,375,0,0.9748254564983888,15,15,1.0,356.2313117311988,27.421502697732294,0,0.0,20,1.0,1.0,1.0,1.0,1,PASS
429345,processed\features\429345_features.csv,1,930,15,23,16,375,0,0.9747983870967742,15,15,1.0,432.58267713365973,38.81178574995894,0,0.0,52,1.0,1.0,1.0,1.0,1,PASS
8891,processed\features\8891_features.csv,1,929,15,23,16,375,0,0.9747712594187298,15,15,1.0,189.0530260938098,56.084993660137215,0,0.0,5,1.0,1.0,1.0,1.0,1,PASS
79734,processed\features\79734_features.csv,1,929,15,23,16,375,0,0.9747712594187298,15,15,1.0,156.5090462880947,23.390740951958314,0,0.0,6,1.0,1.0,1.0,1.0,1,PASS
283757,processed\features\283757_features.csv,1,928,15,23,16,375,0,0.9747440732758621,15,15,1.0,167539.48472330198,48.70444904309436,0,0.0,1,1.0,1.0,1.0,1.0,1,PASS
453872,processed\features\453872_features.csv,1,926,15,23,16,375,0,0.974689524838013,15,15,1.0,116.03288946673217,32.67421707803103,0,0.0,0,1.0,1.0,1.0,1.0,1,PASS
244190,processed\features\244190_features.csv,1,926,15,23,16,375,0,0.974689524838013,15,15,1.0,104.34210364247879,31.75374194931812,0,0.0,0,1.0,1.0,1.0,1.0,1,PASS
27367,processed\features\27367_features.csv,1,925,15,23,16,375,0,0.9746621621621622,15,15,1.0,203.03717243919758,21.52482893342087,0,0.0,6,1.0,1.0,1.0,1.0,1,PASS
317384,processed\features\317384_features.csv,1,923,15,23,16,375,0,0.9746072589382448,15,15,1.0,74.18563372041146,18.709024895820644,0,0.0,0,1.0,1.0,1.0,1.0,1,PASS
465300,processed\features\465300_features.csv,1,922,15,23,16,375,0,0.9745797180043384,15,15,1.0,291.00790574096294,35.04083603676483,0,0.0,32,1.0,1.0,1.0,1.0,1,PASS
229833,processed\features\229833_features.csv,1,922,15,23,16,375,0,0.9745797180043384,15,15,1.0,129.51762377637544,28.98906487170762,0,0.0,6,1.0,1.0,1.0,1.0,1,PASS
373545,processed\features\373545_features.csv,1,922,15,23,16,375,0,0.9745797180043384,15,15,1.0,76.56720037883197,19.348541475429933,0,0.0,0,1.0,1.0,1.0,1.0,1,PASS
171020,processed\features\171020_features.csv,1,921,15,23,16,375,0,0.9745521172638436,15,15,1.0,130.48042396240385,33.8547443021436,0,0.0,0,1.0,1.0,1.0,1.0,1,PASS
245244,processed\features\245244_features.csv,1,921,15,23,16,375,0,0.9745521172638436,15,15,1.0,100.42524928951524,28.884053907189838,0,0.0,0,1.0,1.0,1.0,1.0,1,PASS
330188,processed\features\330188_features.csv,1,921,15,23,16,375,0,0.9745521172638436,15,15,1.0,92.93568883176687,19.383019668790915,0,0.0,0,1.0,1.0,1.0,1.0,1,PASS
258791,processed\features\258791_features.csv,1,921,15,23,16,375,0,0.9745521172638436,15,15,1.0,59.43148307172885,17.10412951543161,0,0.0,0,1.0,1.0,1.0,1.0,1,PASS
503648,processed\features\503648_features.csv,1,920,15,23,16,375,0,0.9745244565217391,15,15,1.0,226.347406612656,24.198302015708876,0,0.0,9,1.0,1.0,1.0,1.0,1,PASS
64052,processed\features\64052_features.csv,1,918,15,23,16,375,0,0.974468954248366,15,15,1.0,91.20373334479677,29.871687051894895,0,0.0,0,1.0,1.0,1.0,1.0,1,PASS
298764,processed\features\298764_features.csv,1,916,15,23,16,375,0,0.9744132096069869,15,15,1.0,64.809768236985,19.680846987012558,0,0.0,0,1.0,1.0,1.0,1.0,1,PASS
250739,processed\features\250739_features.csv,1,915,15,23,16,375,0,0.9743852459016393,15,15,1.0,52.658596623147226,27.58956640579193,0,0.0,0,1.0,1.0,1.0,1.0,1,PASS
139597,processed\features\139597_features.csv,1,914,15,23,16,375,0,0.9743572210065645,15,15,1.0,62.41204733041485,52.94649634506679,0,0.0,0,1.0,1.0,1.0,1.0,1,PASS
90362,processed\features\90362_features.csv,1,914,15,23,16,375,0,0.9743572210065645,15,15,1.0,252222.7063359803,48.2138992209934,0,0.0,1,1.0,1.0,1.0,1.0,1,PASS
34383,processed\features\34383_features.csv,1,913,15,23,16,375,0,0.974329134720701,15,15,1.0,97.10622965117923,33.73438427288693,0,0.0,0,1.0,1.0,1.0,1.0,1,PASS
280931,processed\features\280931_features.csv,1,913,15,23,16,375,0,0.974329134720701,15,15,1.0,80.06604281553902,13.15068820366874,0,0.0,5,1.0,1.0,1.0,1.0,1,PASS
72387,processed\features\72387_features.csv,1,912,15,23,16,375,0,0.9743009868421053,15,15,1.0,143.144266911259,24.716155252370363,0,0.0,2,1.0,1.0,1.0,1.0,1,PASS
46941,processed\features\46941_features.csv,1,912,15,23,16,375,0,0.9743009868421053,15,15,1.0,58.31446795690231,17.356504329503153,0,0.0,0,1.0,1.0,1.0,1.0,1,PASS
403133,processed\features\403133_features.csv,1,911,15,23,16,375,0,0.9742727771679474,15,15,1.0,82.25750117644289,24.94195195152315,0,0.0,0,1.0,1.0,1.0,1.0,1,PASS
326323,processed\features\326323_features.csv,1,911,15,23,16,375,0,0.9742727771679474,15,15,1.0,136.91796008342598,22.92324371233829,0,0.0,0,1.0,1.0,1.0,1.0,1,PASS
256983,processed\features\256983_features.csv,1,910,15,23,16,375,0,0.9742445054945055,15,15,1.0,128.19279425807477,39.448865075463075,0,0.0,0,1.0,1.0,1.0,1.0,1,PASS
82853,processed\features\82853_features.csv,1,910,15,23,16,375,0,0.9742445054945055,15,15,1.0,89.98604061658085,32.10618743338359,0,0.0,0,1.0,1.0,1.0,1.0,1,PASS
101094,processed\features\101094_features.csv,1,908,15,23,16,375,0,0.9741877753303965,15,15,1.0,64.95983667514636,33.7740825557848,0,0.0,0,1.0,1.0,1.0,1.0,1,PASS
431897,processed\features\431897_features.csv,1,905,15,23,16,375,0,0.9741022099447514,15,15,1.0,173.305287455878,55.844504911378316,0,0.0,6,1.0,1.0,1.0,1.0,1,PASS
390791,processed\features\390791_features.csv,1,905,15,23,16,375,0,0.9741022099447514,15,15,1.0,112.09374931249351,24.578787037164453,0,0.0,5,1.0,1.0,1.0,1.0,1,PASS
425434,processed\features\425434_features.csv,1,904,15,23,16,375,0,0.9740735619469026,15,15,1.0,141.14409694614358,65.82791008405925,0,0.0,5,1.0,1.0,1.0,1.0,1,PASS
517836,processed\features\517836_features.csv,1,904,15,23,16,375,0,0.9740735619469026,15,15,1.0,184.76886261558502,34.75891910788823,0,0.0,5,1.0,1.0,1.0,1.0,1,PASS
3264,processed\features\3264_features.csv,1,904,15,23,16,375,0,0.9740735619469026,15,15,1.0,122.41845241819235,21.50781722997306,0,0.0,0,1.0,1.0,1.0,1.0,1,PASS
244917,processed\features\244917_features.csv,1,904,15,23,16,375,0,0.9740735619469026,15,15,1.0,50.31895910572672,13.619481968511696,0,0.0,0,1.0,1.0,1.0,1.0,1,PASS
392998,processed\features\392998_features.csv,1,903,15,23,16,375,0,0.9740448504983389,15,15,1.0,200.21159363595106,55.35708331700718,0,0.0,15,1.0,1.0,1.0,1.0,1,PASS
308368,processed\features\308368_features.csv,1,903,15,23,16,375,0,0.9740448504983389,15,15,1.0,68.49020365124656,37.55983106061467,0,0.0,0,1.0,1.0,1.0,1.0,1,PASS
57073,processed\features\57073_features.csv,1,903,15,23,16,375,0,0.9740448504983389,15,15,1.0,159.9209339767468,28.68712123731119,0,0.0,5,1.0,1.0,1.0,1.0,1,PASS
117482,processed\features\117482_features.csv,1,902,15,23,16,375,0,0.9740160753880266,15,15,1.0,157.8915520167837,28.17093364410456,0,0.0,10,1.0,1.0,1.0,1.0,1,PASS
70346,processed\features\70346_features.csv,1,902,15,23,16,375,0,0.9740160753880266,15,15,1.0,559.5747726882496,24.573650918306036,0,0.0,84,1.0,1.0,1.0,1.0,1,PASS
34580,processed\features\34580_features.csv,1,901,15,23,16,375,0,0.9739872364039955,15,15,1.0,62.10776876654396,27.266083622345953,0,0.0,0,1.0,1.0,1.0,1.0,1,PASS
442745,processed\features\442745_features.csv,1,901,15,23,16,375,0,0.9739872364039955,15,15,1.0,144.2174901190678,23.93856235647837,0,0.0,5,1.0,1.0,1.0,1.0,1,PASS
209045,processed\features\209045_features.csv,1,901,15,23,16,375,0,0.9739872364039955,15,15,1.0,79.7750971237197,20.94982233849098,0,0.0,0,1.0,1.0,1.0,1.0,1,PASS
114917,processed\features\114917_features.csv,1,900,15,23,16,375,0,0.9739583333333334,15,15,1.0,86.53805810420579,73.73955280949974,0,0.0,0,1.0,1.0,1.0,1.0,1,PASS
257462,processed\features\257462_features.csv,1,900,15,23,16,375,0,0.9739583333333334,15,15,1.0,75.45262937620204,15.8823736550735,0,0.0,0,1.0,1.0,1.0,1.0,1,PASS
418918,processed\features\418918_features.csv,1,899,15,23,16,375,0,0.9739293659621802,15,15,1.0,164.07973281341174,43.663310794840896,0,0.0,10,1.0,1.0,1.0,1.0,1,PASS
43696,processed\features\43696_features.csv,1,897,15,23,16,375,0,0.9738712374581939,15,15,1.0,433.9450081027104,49.62368293442459,0,0.0,134,1.0,1.0,1.0,1.0,1,PASS
136059,processed\features\136059_features.csv,1,897,15,23,16,375,0,0.9738712374581939,15,15,1.0,107.4373343455766,24.366832417002357,0,0.0,0,1.0,1.0,1.0,1.0,1,PASS
67064,processed\features\67064_features.csv,1,895,15,23,16,375,0,0.9738128491620112,15,15,1.0,60.35500716000869,51.759659490559216,0,0.0,0,1.0,1.0,1.0,1.0,1,PASS
335820,processed\features\335820_features.csv,1,895,15,23,16,375,0,0.9738128491620112,15,15,1.0,87.13687367863272,34.492865895752246,0,0.0,0,1.0,1.0,1.0,1.0,1,PASS
495247,processed\features\495247_features.csv,1,894,15,23,16,375,0,0.9737835570469798,15,15,1.0,1036227.107740115,41.23101352430296,0,0.0,24,1.0,1.0,1.0,1.0,1,PASS
484832,processed\features\484832_features.csv,1,894,15,23,16,375,0,0.9737835570469798,15,15,1.0,156.1951676468787,23.85537702154838,0,0.0,5,1.0,1.0,1.0,1.0,1,PASS
260269,processed\features\260269_features.csv,1,894,15,23,16,375,0,0.9737835570469798,15,15,1.0,55.15995876402934,18.705781937957873,0,0.0,0,1.0,1.0,1.0,1.0,1,PASS
277981,processed\features\277981_features.csv,1,893,15,23,16,375,0,0.9737541993281075,15,15,1.0,116.46053742211816,27.72264995544979,0,0.0,1,1.0,1.0,1.0,1.0,1,PASS
148236,processed\features\148236_features.csv,1,893,15,23,16,375,0,0.9737541993281075,15,15,1.0,56.00810846418145,22.188373847482303,0,0.0,0,1.0,1.0,1.0,1.0,1,PASS
109386,processed\features\109386_features.csv,1,892,15,23,16,375,0,0.9737247757847534,15,15,1.0,246917.0262091128,56.04436031941893,0,0.0,5,1.0,1.0,1.0,1.0,1,PASS
482521,processed\features\482521_features.csv,1,892,15,23,16,375,0,0.9737247757847534,15,15,1.0,80.31262911481959,16.262363392829876,0,0.0,0,1.0,1.0,1.0,1.0,1,PASS
60061,processed\features\60061_features.csv,1,891,15,23,16,375,0,0.9736952861952862,15,15,1.0,816899.5892784126,94.8220982376571,0,0.0,3,1.0,1.0,1.0,1.0,1,PASS
348653,processed\features\348653_features.csv,1,890,15,23,16,375,0,0.9736657303370787,15,15,1.0,183.25297735218493,38.08903541781931,0,0.0,10,1.0,1.0,1.0,1.0,1,PASS
76332,processed\features\76332_features.csv,1,888,15,23,16,375,0,0.973606418918919,15,15,1.0,175.75321870440814,14.897145046889868,0,0.0,10,1.0,1.0,1.0,1.0,1,PASS
93257,processed\features\93257_features.csv,1,888,15,23,16,375,0,0.973606418918919,15,15,1.0,84.5947924830087,11.59949496903673,0,0.0,0,1.0,1.0,1.0,1.0,1,PASS
418767,processed\features\418767_features.csv,1,887,15,23,16,375,0,0.973576662908681,15,15,1.0,151.1925034271641,90.12269407233683,0,0.0,4,1.0,1.0,1.0,1.0,1,PASS
7538,processed\features\7538_features.csv,1,887,15,23,16,375,0,0.973576662908681,15,15,1.0,51.52941036572795,27.931816181159157,0,0.0,0,1.0,1.0,1.0,1.0,1,PASS
432038,processed\features\432038_features.csv,1,886,15,23,16,375,0,0.9735468397291196,15,15,1.0,54.214419711562506,28.659729534219494,0,0.0,0,1.0,1.0,1.0,1.0,1,PASS
4138,processed\features\4138_features.csv,1,886,15,23,16,375,0,0.9735468397291196,15,15,1.0,65.47110262214099,13.38025996489195,0,0.0,0,1.0,1.0,1.0,1.0,1,PASS
114089,processed\features\114089_features.csv,1,885,15,23,16,375,0,0.9735169491525424,15,15,1.0,109.562735117194,20.94225717565222,0,0.0,0,1.0,1.0,1.0,1.0,1,PASS
67273,processed\features\67273_features.csv,1,884,15,23,16,375,0,0.9734869909502263,15,15,1.0,103.04983251788522,20.077152055907867,0,0.0,0,1.0,1.0,1.0,1.0,1,PASS
251443,processed\features\251443_features.csv,1,883,15,23,16,375,0,0.9734569648924122,15,15,1.0,199.82829119087137,34.65174802888082,0,0.0,7,1.0,1.0,1.0,1.0,1,PASS
149104,processed\features\149104_features.csv,1,883,15,23,16,375,0,0.9734569648924122,15,15,1.0,63.670235101862346,31.43427344312103,0,0.0,0,1.0,1.0,1.0,1.0,1,PASS
378786,processed\features\378786_features.csv,1,883,15,23,16,375,0,0.9734569648924122,15,15,1.0,663.4044588230754,26.09375197202272,0,0.0,66,1.0,1.0,1.0,1.0,1,PASS
61207,processed\features\61207_features.csv,1,883,15,23,16,375,0,0.9734569648924122,15,15,1.0,81.66681557596452,21.18504086427053,0,0.0,0,1.0,1.0,1.0,1.0,1,PASS
363935,processed\features\363935_features.csv,1,883,15,23,16,375,0,0.9734569648924122,15,15,1.0,210.5605299844313,17.587814346515184,0,0.0,16,1.0,1.0,1.0,1.0,1,PASS
288875,processed\features\288875_features.csv,1,882,15,23,16,375,0,0.9734268707482994,15,15,1.0,82.83619025880803,18.669376014703076,0,0.0,0,1.0,1.0,1.0,1.0,1,PASS
293712,processed\features\293712_features.csv,1,882,15,23,16,375,0,0.9734268707482994,15,15,1.0,159.8758862117655,14.949028461304952,0,0.0,0,1.0,1.0,1.0,1.0,1,PASS
18236,processed\features\18236_features.csv,1,881,15,23,16,375,0,0.9733967082860386,15,15,1.0,99.46004720287269,57.10564399709829,0,0.0,0,1.0,1.0,1.0,1.0,1,PASS
99636,processed\features\99636_features.csv,1,881,15,23,16,375,0,0.9733967082860386,15,15,1.0,167.8201394256708,30.076617641859762,0,0.0,15,1.0,1.0,1.0,1.0,1,PASS
268505,processed\features\268505_features.csv,1,881,15,23,16,375,0,0.9733967082860386,15,15,1.0,175.406603829576,23.463694607311364,0,0.0,6,1.0,1.0,1.0,1.0,1,PASS
163639,processed\features\163639_features.csv,1,881,15,23,16,375,0,0.9733967082860386,15,15,1.0,391.09207423368747,19.797650926642042,0,0.0,42,1.0,1.0,1.0,1.0,1,PASS
424557,processed\features\424557_features.csv,1,881,15,23,16,375,0,0.9733967082860386,15,15,1.0,92.69372450605842,18.02796565585236,0,0.0,0,1.0,1.0,1.0,1.0,1,PASS
507212,processed\features\507212_features.csv,1,880,15,23,16,375,0,0.9733664772727273,15,15,1.0,110.21332527778334,20.125734581035797,0,0.0,6,1.0,1.0,1.0,1.0,1,PASS
293466,processed\features\293466_features.csv,1,880,15,23,16,375,0,0.9733664772727273,15,15,1.0,59.42103333171632,14.975555780195398,0,0.0,0,1.0,1.0,1.0,1.0,1,PASS
134427,processed\features\134427_features.csv,1,879,15,23,16,375,0,0.9733361774744027,15,15,1.0,131.49653972390215,73.91627053374795,0,0.0,0,1.0,1.0,1.0,1.0,1,PASS
138964,processed\features\138964_features.csv,1,879,15,23,16,375,0,0.9733361774744027,15,15,1.0,137.3223532294478,51.58356782381446,0,0.0,0,1.0,1.0,1.0,1.0,1,PASS
122620,processed\features\122620_features.csv,1,879,15,23,16,375,0,0.9733361774744027,15,15,1.0,75.61984311475874,21.77372823063917,0,0.0,0,1.0,1.0,1.0,1.0,1,PASS
40080,processed\features\40080_features.csv,1,878,15,23,16,375,0,0.9733058086560364,15,15,1.0,161.7448679964366,21.845393588332918,0,0.0,11,1.0,1.0,1.0,1.0,1,PASS
65819,processed\features\65819_features.csv,1,878,15,23,16,375,0,0.9733058086560364,15,15,1.0,164.78755719803638,19.69571087924961,0,0.0,6,1.0,1.0,1.0,1.0,1,PASS
369361,processed\features\369361_features.csv,1,876,15,23,16,375,0,0.9732448630136986,15,15,1.0,79.33984487297546,61.53136443773154,0,0.0,0,1.0,1.0,1.0,1.0,1,PASS
392970,processed\features\392970_features.csv,1,876,15,23,16,375,0,0.9732448630136986,15,15,1.0,303.94265133515097,28.427439863788717,0,0.0,26,1.0,1.0,1.0,1.0,1,PASS
395788,processed\features\395788_features.csv,1,876,15,23,16,375,0,0.9732448630136986,15,15,1.0,74.53914200346632,27.87444993071022,0,0.0,0,1.0,1.0,1.0,1.0,1,PASS
447422,processed\features\447422_features.csv,1,876,15,23,16,375,0,0.9732448630136986,15,15,1.0,103.22266908746599,16.085623296532788,0,0.0,0,1.0,1.0,1.0,1.0,1,PASS
65843,processed\features\65843_features.csv,1,875,15,23,16,375,0,0.9732142857142857,15,15,1.0,122.78677058005914,22.287748247322888,0,0.0,0,1.0,1.0,1.0,1.0,1,PASS
280898,processed\features\280898_features.csv,1,875,15,23,16,375,0,0.9732142857142857,15,15,1.0,83.98758665304159,13.924484456618519,0,0.0,1,1.0,1.0,1.0,1.0,1,PASS
108724,processed\features\108724_features.csv,1,874,15,23,16,375,0,0.973183638443936,15,15,1.0,268.06347292019694,211.08065459962407,0,0.0,14,1.0,1.0,1.0,1.0,1,PASS
189065,processed\features\189065_features.csv,1,874,15,23,16,375,0,0.973183638443936,15,15,1.0,68.47324689439556,40.87828173336726,0,0.0,0,1.0,1.0,1.0,1.0,1,PASS
247999,processed\features\247999_features.csv,1,874,15,23,16,375,0,0.973183638443936,15,15,1.0,80.31023955080525,18.874551691314288,0,0.0,0,1.0,1.0,1.0,1.0,1,PASS
63569,processed\features\63569_features.csv,1,873,15,23,16,375,0,0.9731529209621993,15,15,1.0,63.063829438711004,30.780160554836918,0,0.0,0,1.0,1.0,1.0,1.0,1,PASS
515839,processed\features\515839_features.csv,1,873,15,23,16,375,0,0.9731529209621993,15,15,1.0,79.1025200509626,29.557559334718782,0,0.0,0,1.0,1.0,1.0,1.0,1,PASS
31912,processed\features\31912_features.csv,1,873,15,23,16,375,0,0.9731529209621993,15,15,1.0,148.77896633563455,22.324983714428356,0,0.0,0,1.0,1.0,1.0,1.0,1,PASS
390539,processed\features\390539_features.csv,1,873,15,23,16,375,0,0.9731529209621993,15,15,1.0,88.80918793049075,21.044338148815378,0,0.0,0,1.0,1.0,1.0,1.0,1,PASS
346280,processed\features\346280_features.csv,1,872,15,23,16,375,0,0.9731221330275229,15,15,1.0,158.59634822387298,40.24151827733876,0,0.0,2,1.0,1.0,1.0,1.0,1,PASS
114607,processed\features\114607_features.csv,1,872,15,23,16,375,0,0.9731221330275229,15,15,1.0,168.18825799830034,33.0063667040661,0,0.0,5,1.0,1.0,1.0,1.0,1,PASS
149665,processed\features\149665_features.csv,1,872,15,23,16,375,0,0.9731221330275229,15,15,1.0,72.33201712006101,16.527733709289457,0,0.0,0,1.0,1.0,1.0,1.0,1,PASS
415216,processed\features\415216_features.csv,1,870,15,23,16,375,0,0.9730603448275862,15,15,1.0,102.1529907912325,82.56337044260619,0,0.0,0,1.0,1.0,1.0,1.0,1,PASS
56816,processed\features\56816_features.csv,1,870,15,23,16,375,0,0.9730603448275862,15,15,1.0,139.87870593241738,55.76830389360102,0,0.0,0,1.0,1.0,1.0,1.0,1,PASS
373447,processed\features\373447_features.csv,1,870,15,23,16,375,0,0.9730603448275862,15,15,1.0,62.712883498826265,9.70732621699325,0,0.0,0,1.0,1.0,1.0,1.0,1,PASS
32709,processed\features\32709_features.csv,1,869,15,23,16,375,0,0.9730293440736478,15,15,1.0,227.8980228130829,103.31549457000091,0,0.0,10,1.0,1.0,1.0,1.0,1,PASS
255986,processed\features\255986_features.csv,1,869,15,23,16,375,0,0.9730293440736478,15,15,1.0,271.29733222470793,42.86803547327541,0,0.0,20,1.0,1.0,1.0,1.0,1,PASS
180696,processed\features\180696_features.csv,1,869,15,23,16,375,0,0.9730293440736478,15,15,1.0,72.49202793540039,23.304292209095966,0,0.0,0,1.0,1.0,1.0,1.0,1,PASS
317519,processed\features\317519_features.csv,1,868,15,23,16,375,0,0.9729982718894009,15,15,1.0,80.55369320218082,52.24555829875377,0,0.0,0,1.0,1.0,1.0,1.0,1,PASS
160214,processed\features\160214_features.csv,1,868,15,23,16,375,0,0.9729982718894009,15,15,1.0,179.23553336476468,38.01573489780032,0,0.0,5,1.0,1.0,1.0,1.0,1,PASS
135601,processed\features\135601_features.csv,1,868,15,23,16,375,0,0.9729982718894009,15,15,1.0,81.78965504413412,35.36735641226369,0,0.0,0,1.0,1.0,1.0,1.0,1,PASS
443465,processed\features\443465_features.csv,1,868,15,23,16,375,0,0.9729982718894009,15,15,1.0,64.08378724624176,26.522408423500018,0,0.0,0,1.0,1.0,1.0,1.0,1,PASS
242954,processed\features\242954_features.csv,1,868,15,23,16,375,0,0.9729982718894009,15,15,1.0,99.62509539246126,26.49197660285488,0,0.0,0,1.0,1.0,1.0,1.0,1,PASS
357545,processed\features\357545_features.csv,1,868,15,23,16,375,0,0.9729982718894009,15,15,1.0,128.8893456532662,19.253956967264998,0,0.0,0,1.0,1.0,1.0,1.0,1,PASS
204528,processed\features\204528_features.csv,1,868,15,23,16,375,0,0.9729982718894009,15,15,1.0,96.13856683125363,16.689446749392047,0,0.0,0,1.0,1.0,1.0,1.0,1,PASS
388266,processed\features\388266_features.csv,1,867,15,23,16,375,0,0.9729671280276817,15,15,1.0,93.86997524074012,56.81274815146591,0,0.0,0,1.0,1.0,1.0,1.0,1,PASS
424127,processed\features\424127_features.csv,1,867,15,23,16,375,0,0.9729671280276817,15,15,1.0,116.92337634475558,30.986547627362775,0,0.0,2,1.0,1.0,1.0,1.0,1,PASS
261698,processed\features\261698_features.csv,1,867,15,23,16,375,0,0.9729671280276817,15,15,1.0,93.22334196364096,26.436422210216115,0,0.0,0,1.0,1.0,1.0,1.0,1,PASS
371791,processed\features\371791_features.csv,1,867,15,23,16,375,0,0.9729671280276817,15,15,1.0,85.7976825999279,22.453330852108763,0,0.0,0,1.0,1.0,1.0,1.0,1,PASS
125292,processed\features\125292_features.csv,1,867,15,23,16,375,0,0.9729671280276817,15,15,1.0,57.44308930326152,15.85175784231392,0,0.0,0,1.0,1.0,1.0,1.0,1,PASS
458107,processed\features\458107_features.csv,1,866,15,23,16,375,0,0.9729359122401847,15,15,1.0,221.33984167387882,60.196254945920465,0,0.0,13,1.0,1.0,1.0,1.0,1,PASS
92173,processed\features\92173_features.csv,1,866,15,23,16,375,0,0.9729359122401847,15,15,1.0,57.23902879110732,45.97152588468384,0,0.0,0,1.0,1.0,1.0,1.0,1,PASS
514266,processed\features\514266_features.csv,1,866,15,23,16,375,0,0.9729359122401847,15,15,1.0,152.3401966889386,40.259547934273975,0,0.0,4,1.0,1.0,1.0,1.0,1,PASS
325834,processed\features\325834_features.csv,1,866,15,23,16,375,0,0.9729359122401847,15,15,1.0,125.92779736701995,34.5724585658551,0,0.0,5,1.0,1.0,1.0,1.0,1,PASS
362290,processed\features\362290_features.csv,1,865,15,23,16,375,0,0.9729046242774566,15,15,1.0,133.70414049667136,30.03963310456792,0,0.0,0,1.0,1.0,1.0,1.0,1,PASS
321394,processed\features\321394_features.csv,1,865,15,23,16,375,0,0.9729046242774566,15,15,1.0,151.03444785917276,16.99465220882019,0,0.0,0,1.0,1.0,1.0,1.0,1,PASS
414096,processed\features\414096_features.csv,1,864,15,23,16,375,0,0.9728732638888888,15,15,1.0,168.44115750065254,62.8368136857564,0,0.0,0,1.0,1.0,1.0,1.0,1,PASS
419886,processed\features\419886_features.csv,1,864,15,23,16,375,0,0.9728732638888888,15,15,1.0,145.06933838709168,24.661694363512467,0,0.0,0,1.0,1.0,1.0,1.0,1,PASS
441939,processed\features\441939_features.csv,1,864,15,23,16,375,0,0.9728732638888888,15,15,1.0,167.20060091351175,17.212994945632055,0,0.0,9,1.0,1.0,1.0,1.0,1,PASS
510206,processed\features\510206_features.csv,1,864,15,23,16,375,0,0.9728732638888888,15,15,1.0,72.73165353847308,15.814953793205074,0,0.0,0,1.0,1.0,1.0,1.0,1,PASS
241594,processed\features\241594_features.csv,1,864,15,23,16,375,0,0.9728732638888888,15,15,1.0,48.13551180490769,13.603349679470288,0,0.0,0,1.0,1.0,1.0,1.0,1,PASS
158970,processed\features\158970_features.csv,1,863,15,23,16,375,0,0.9728418308227115,15,15,1.0,143.51599301828003,95.07437595654233,0,0.0,0,1.0,1.0,1.0,1.0,1,PASS
223297,processed\features\223297_features.csv,1,863,15,23,16,375,0,0.9728418308227115,15,15,1.0,50.13751591517662,33.1200537609638,0,0.0,0,1.0,1.0,1.0,1.0,1,PASS
394597,processed\features\394597_features.csv,1,863,15,23,16,375,0,0.9728418308227115,15,15,1.0,213.74042935691097,24.393768836336587,0,0.0,18,1.0,1.0,1.0,1.0,1,PASS
195640,processed\features\195640_features.csv,1,863,15,23,16,375,0,0.9728418308227115,15,15,1.0,81.16828066672446,14.784648704353998,0,0.0,0,1.0,1.0,1.0,1.0,1,PASS
69297,processed\features\69297_features.csv,1,862,15,23,16,375,0,0.9728103248259861,15,15,1.0,173.03136903040874,21.798531869946245,0,0.0,7,1.0,1.0,1.0,1.0,1,PASS
318688,processed\features\318688_features.csv,1,862,15,23,16,375,0,0.9728103248259861,15,15,1.0,202.05892808070902,20.986795110388353,0,0.0,10,1.0,1.0,1.0,1.0,1,PASS
109088,processed\features\109088_features.csv,1,861,15,23,16,375,0,0.9727787456445993,15,15,1.0,83.99158399639612,92.66480265608341,0,0.0,0,1.0,1.0,1.0,1.0,1,PASS
384335,processed\features\384335_features.csv,1,861,15,23,16,375,0,0.9727787456445993,15,15,1.0,83.8416123239945,25.48711677124859,0,0.0,0,1.0,1.0,1.0,1.0,1,PASS
335874,processed\features\335874_features.csv,1,860,15,23,16,375,0,0.9727470930232558,15,15,1.0,133.1288786375937,67.06575001149702,0,0.0,0,1.0,1.0,1.0,1.0,1,PASS
12722,processed\features\12722_features.csv,1,860,15,23,16,375,0,0.9727470930232558,15,15,1.0,182.5834520748441,54.51784892130935,0,0.0,5,1.0,1.0,1.0,1.0,1,PASS
394382,processed\features\394382_features.csv,1,860,15,23,16,375,0,0.9727470930232558,15,15,1.0,108.6730236041382,46.15028020195231,0,0.0,0,1.0,1.0,1.0,1.0,1,PASS
424653,processed\features\424653_features.csv,1,860,15,23,16,375,0,0.9727470930232558,15,15,1.0,201.37944711645238,41.18622951246627,0,0.0,6,1.0,1.0,1.0,1.0,1,PASS
189107,processed\features\189107_features.csv,1,860,15,23,16,375,0,0.9727470930232558,15,15,1.0,118.16828018294285,30.46749392125472,0,0.0,1,1.0,1.0,1.0,1.0,1,PASS
467743,processed\features\467743_features.csv,1,860,15,23,16,375,0,0.9727470930232558,15,15,1.0,53.56709663903862,25.977390122724145,0,0.0,0,1.0,1.0,1.0,1.0,1,PASS
503251,processed\features\503251_features.csv,1,860,15,23,16,375,0,0.9727470930232558,15,15,1.0,77.25075991384793,15.50648740294792,0,0.0,0,1.0,1.0,1.0,1.0,1,PASS
487178,processed\features\487178_features.csv,1,859,15,23,16,375,0,0.9727153667054714,15,15,1.0,43.11336894720088,30.812807320544678,0,0.0,0,1.0,1.0,1.0,1.0,1,PASS
457724,processed\features\457724_features.csv,1,859,15,23,16,375,0,0.9727153667054714,15,15,1.0,174.7574796151614,26.368045614377863,0,0.0,15,1.0,1.0,1.0,1.0,1,PASS
433472,processed\features\433472_features.csv,1,859,15,23,16,375,0,0.9727153667054714,15,15,1.0,118.02337655249363,25.5874997852502,0,0.0,1,1.0,1.0,1.0,1.0,1,PASS
390256,processed\features\390256_features.csv,1,859,15,23,16,375,0,0.9727153667054714,15,15,1.0,67.6767127566771,25.521894481335693,0,0.0,0,1.0,1.0,1.0,1.0,1,PASS
281759,processed\features\281759_features.csv,1,859,15,23,16,375,0,0.9727153667054714,15,15,1.0,138.83909120456366,23.674451526189316,0,0.0,5,1.0,1.0,1.0,1.0,1,PASS
197545,processed\features\197545_features.csv,1,859,15,23,16,375,0,0.9727153667054714,15,15,1.0,83.65380002135771,18.17173811708816,0,0.0,0,1.0,1.0,1.0,1.0,1,PASS
99743,processed\features\99743_features.csv,1,858,15,23,16,375,0,0.9726835664335665,15,15,1.0,90.873745811017,33.7255861595049,0,0.0,0,1.0,1.0,1.0,1.0,1,PASS
459873,processed\features\459873_features.csv,1,857,15,23,16,375,0,0.9726516919486581,15,15,1.0,141.87639296645784,83.07864160788552,0,0.0,5,1.0,1.0,1.0,1.0,1,PASS
168902,processed\features\168902_features.csv,1,857,15,23,16,375,0,0.9726516919486581,15,15,1.0,160.82579313891372,66.82558730421891,0,0.0,6,1.0,1.0,1.0,1.0,1,PASS
191470,processed\features\191470_features.csv,1,857,15,23,16,375,0,0.9726516919486581,15,15,1.0,194.9707916901168,55.66490988038781,0,0.0,10,1.0,1.0,1.0,1.0,1,PASS
151222,processed\features\151222_features.csv,1,857,15,23,16,375,0,0.9726516919486581,15,15,1.0,173.52638315450235,32.01469599621803,0,0.0,10,1.0,1.0,1.0,1.0,1,PASS
882,processed\features\882_features.csv,1,857,15,23,16,375,0,0.9726516919486581,15,15,1.0,245.41758638726944,29.69647424167939,0,0.0,16,1.0,1.0,1.0,1.0,1,PASS
55742,processed\features\55742_features.csv,1,857,15,23,16,375,0,0.9726516919486581,15,15,1.0,62.56156012191037,24.021581689769366,0,0.0,0,1.0,1.0,1.0,1.0,1,PASS
357030,processed\features\357030_features.csv,1,857,15,23,16,375,0,0.9726516919486581,15,15,1.0,61.42344699421637,21.859873137758093,0,0.0,0,1.0,1.0,1.0,1.0,1,PASS
3988,processed\features\3988_features.csv,1,857,15,23,16,375,0,0.9726516919486581,15,15,1.0,102.79347014783505,19.3059035659303,0,0.0,0,1.0,1.0,1.0,1.0,1,PASS
64935,processed\features\64935_features.csv,1,856,15,23,16,375,0,0.9726197429906542,15,15,1.0,170.0767953403864,24.635341984955204,0,0.0,7,1.0,1.0,1.0,1.0,1,PASS
367108,processed\features\367108_features.csv,1,856,15,23,16,375,0,0.9726197429906542,15,15,1.0,66.17609390347874,22.58563124160491,0,0.0,0,1.0,1.0,1.0,1.0,1,PASS
184559,processed\features\184559_features.csv,1,855,15,23,16,375,0,0.9725877192982456,15,15,1.0,144.6536973099555,52.556703684637824,0,0.0,5,1.0,1.0,1.0,1.0,1,PASS
276023,processed\features\276023_features.csv,1,855,15,23,16,375,0,0.9725877192982456,15,15,1.0,80.64794402097381,31.369825846517685,0,0.0,0,1.0,1.0,1.0,1.0,1,PASS
65096,processed\features\65096_features.csv,1,855,15,23,16,375,0,0.9725877192982456,15,15,1.0,54.229270317058436,22.169837895611288,0,0.0,0,1.0,1.0,1.0,1.0,1,PASS
205524,processed\features\205524_features.csv,1,855,15,23,16,375,0,0.9725877192982456,15,15,1.0,79.13042096509352,19.36399642635448,0,0.0,0,1.0,1.0,1.0,1.0,1,PASS
193417,processed\features\193417_features.csv,1,855,15,23,16,375,0,0.9725877192982456,15,15,1.0,106.32044123715208,18.27781707656173,0,0.0,0,1.0,1.0,1.0,1.0,1,PASS
341679,processed\features\341679_features.csv,1,855,15,23,16,375,0,0.9725877192982456,15,15,1.0,57.31724437890361,15.762804599506444,0,0.0,0,1.0,1.0,1.0,1.0,1,PASS
103581,processed\features\103581_features.csv,1,854,15,23,16,375,0,0.9725556206088993,15,15,1.0,97.47132209931418,28.2997500135909,0,0.0,0,1.0,1.0,1.0,1.0,1,PASS
305979,processed\features\305979_features.csv,1,854,15,23,16,375,0,0.9725556206088993,15,15,1.0,130.19963376177733,26.774871827239608,0,0.0,4,1.0,1.0,1.0,1.0,1,PASS
484394,processed\features\484394_features.csv,1,854,15,23,16,375,0,0.9725556206088993,15,15,1.0,71.71130338672775,22.059599312959108,0,0.0,0,1.0,1.0,1.0,1.0,1,PASS
17224,processed\features\17224_features.csv,1,854,15,23,16,375,0,0.9725556206088993,15,15,1.0,148.22987578785344,21.65315112736942,0,0.0,0,1.0,1.0,1.0,1.0,1,PASS
141048,processed\features\141048_features.csv,1,854,15,23,16,375,0,0.9725556206088993,15,15,1.0,270.88847566207846,20.87139620454772,0,0.0,24,1.0,1.0,1.0,1.0,1,PASS
145812,processed\features\145812_features.csv,1,853,15,23,16,375,0,0.9725234466588512,15,15,1.0,77.86867654583503,28.488016154415412,0,0.0,0,1.0,1.0,1.0,1.0,1,PASS
8825,processed\features\8825_features.csv,1,853,15,23,16,375,0,0.9725234466588512,15,15,1.0,89.96211649516827,28.086885777124255,0,0.0,0,1.0,1.0,1.0,1.0,1,PASS
129013,processed\features\129013_features.csv,1,853,15,23,16,375,0,0.9725234466588512,15,15,1.0,79.86898137932377,24.92569692937943,0,0.0,1,1.0,1.0,1.0,1.0,1,PASS
333363,processed\features\333363_features.csv,1,853,15,23,16,375,0,0.9725234466588512,15,15,1.0,57.69059114252379,23.60061645789151,0,0.0,0,1.0,1.0,1.0,1.0,1,PASS
201949,processed\features\201949_features.csv,1,853,15,23,16,375,0,0.9725234466588512,15,15,1.0,80.97321181436057,22.192489460455818,0,0.0,0,1.0,1.0,1.0,1.0,1,PASS
76304,processed\features\76304_features.csv,1,852,15,23,16,375,0,0.9724911971830986,15,15,1.0,238.07423995237525,95.53677446296345,0,0.0,12,1.0,1.0,1.0,1.0,1,PASS
470198,processed\features\470198_features.csv,1,852,15,23,16,375,0,0.9724911971830986,15,15,1.0,123.70734262516382,48.32163246518734,0,0.0,0,1.0,1.0,1.0,1.0,1,PASS
237558,processed\features\237558_features.csv,1,852,15,23,16,375,0,0.9724911971830986,15,15,1.0,158.63728164989416,30.10601373530233,0,0.0,4,1.0,1.0,1.0,1.0,1,PASS
156921,processed\features\156921_features.csv,1,852,15,23,16,375,0,0.9724911971830986,15,15,1.0,103.58591386844124,21.306486411607857,0,0.0,0,1.0,1.0,1.0,1.0,1,PASS
257346,processed\features\257346_features.csv,1,852,15,23,16,375,0,0.9724911971830986,15,15,1.0,64.43151532546152,20.21122059606041,0,0.0,0,1.0,1.0,1.0,1.0,1,PASS
139602,processed\features\139602_features.csv,1,851,15,23,16,375,0,0.9724588719153937,15,15,1.0,116.4961824969628,61.8721127700294,0,0.0,2,1.0,1.0,1.0,1.0,1,PASS
487231,processed\features\487231_features.csv,1,851,15,23,16,375,0,0.9724588719153937,15,15,1.0,90.58746923158627,37.14065776189936,0,0.0,0,1.0,1.0,1.0,1.0,1,PASS
444985,processed\features\444985_features.csv,1,850,15,23,16,375,0,0.9724264705882353,15,15,1.0,75.54301327897879,66.99276770881443,0,0.0,0,1.0,1.0,1.0,1.0,1,PASS
427377,processed\features\427377_features.csv,1,850,15,23,16,375,0,0.9724264705882353,15,15,1.0,163.4832474262226,24.37691549353888,0,0.0,14,1.0,1.0,1.0,1.0,1,PASS
393654,processed\features\393654_features.csv,1,850,15,23,16,375,0,0.9724264705882353,15,15,1.0,54.46654592845883,23.57664104461512,0,0.0,0,1.0,1.0,1.0,1.0,1,PASS
232411,processed\features\232411_features.csv,1,850,15,23,16,375,0,0.9724264705882353,15,15,1.0,81.61818207952564,21.76247446744197,0,0.0,0,1.0,1.0,1.0,1.0,1,PASS
39798,processed\features\39798_features.csv,1,850,15,23,16,375,0,0.9724264705882353,15,15,1.0,61.35848497095678,19.61657480791372,0,0.0,0,1.0,1.0,1.0,1.0,1,PASS
197996,processed\features\197996_features.csv,1,849,15,23,16,375,0,0.9723939929328622,15,15,1.0,329.7492683173345,72.2365312862567,0,0.0,38,1.0,1.0,1.0,1.0,1,PASS
106933,processed\features\106933_features.csv,1,849,15,23,16,375,0,0.9723939929328622,15,15,1.0,90.20080304840977,57.267145259169354,0,0.0,0,1.0,1.0,1.0,1.0,1,PASS
198124,processed\features\198124_features.csv,1,849,15,23,16,375,0,0.9723939929328622,15,15,1.0,93.99678216695355,38.235514658666105,0,0.0,0,1.0,1.0,1.0,1.0,1,PASS
355826,processed\features\355826_features.csv,1,849,15,23,16,375,0,0.9723939929328622,15,15,1.0,196354.70813968751,31.288051860282955,0,0.0,2,1.0,1.0,1.0,1.0,1,PASS
192568,processed\features\192568_features.csv,1,849,15,23,16,375,0,0.9723939929328622,15,15,1.0,86.03040090874417,21.12142189091121,0,0.0,1,1.0,1.0,1.0,1.0,1,PASS
383508,processed\features\383508_features.csv,1,849,15,23,16,375,0,0.9723939929328622,15,15,1.0,39.54783211372034,15.22629392948631,0,0.0,0,1.0,1.0,1.0,1.0,1,PASS
108989,processed\features\108989_features.csv,1,849,15,23,16,375,0,0.9723939929328622,15,15,1.0,33.43612531820417,11.769205476073447,0,0.0,0,1.0,1.0,1.0,1.0,1,PASS
15884,processed\features\15884_features.csv,1,848,15,23,16,375,0,0.9723614386792453,15,15,1.0,129.8020802991924,74.40481142407316,0,0.0,0,1.0,1.0,1.0,1.0,1,PASS
255403,processed\features\255403_features.csv,1,848,15,23,16,375,0,0.9723614386792453,15,15,1.0,58.00055445410477,19.886913847443697,0,0.0,0,1.0,1.0,1.0,1.0,1,PASS
194231,processed\features\194231_features.csv,1,848,15,23,16,375,0,0.9723614386792453,15,15,1.0,108.22074336340019,18.115951717901517,0,0.0,0,1.0,1.0,1.0,1.0,1,PASS
403577,processed\features\403577_features.csv,1,848,15,23,16,375,0,0.9723614386792453,15,15,1.0,93.2069388343822,16.170494283242054,0,0.0,0,1.0,1.0,1.0,1.0,1,PASS
354957,processed\features\354957_features.csv,1,847,15,23,16,375,0,0.9723288075560803,15,15,1.0,278.5837302561348,61.73622980088767,0,0.0,15,1.0,1.0,1.0,1.0,1,PASS
18446,processed\features\18446_features.csv,1,847,15,23,16,375,0,0.9723288075560803,15,15,1.0,361067.9121732132,51.817981867616076,0,0.0,4,1.0,1.0,1.0,1.0,1,PASS
102261,processed\features\102261_features.csv,1,847,15,23,16,375,0,0.9723288075560803,15,15,1.0,91.5860741082258,32.98364468872483,0,0.0,0,1.0,1.0,1.0,1.0,1,PASS
378414,processed\features\378414_features.csv,1,847,15,23,16,375,0,0.9723288075560803,15,15,1.0,113.87430934576466,25.92320141020619,0,0.0,0,1.0,1.0,1.0,1.0,1,PASS
327340,processed\features\327340_features.csv,1,847,15,23,16,375,0,0.9723288075560803,15,15,1.0,70.31796980866577,11.431428025278064,0,0.0,0,1.0,1.0,1.0,1.0,1,PASS
93774,processed\features\93774_features.csv,1,846,15,23,16,375,0,0.9722960992907801,15,15,1.0,111.38482976430677,37.93038849455981,0,0.0,0,1.0,1.0,1.0,1.0,1,PASS
236717,processed\features\236717_features.csv,1,846,15,23,16,375,0,0.9722960992907801,15,15,1.0,73.07136273922104,30.78041257555332,0,0.0,0,1.0,1.0,1.0,1.0,1,PASS
303094,processed\features\303094_features.csv,1,846,15,23,16,375,0,0.9722960992907801,15,15,1.0,51.91578406716437,26.512735930351667,0,0.0,0,1.0,1.0,1.0,1.0,1,PASS
48518,processed\features\48518_features.csv,1,846,15,23,16,375,0,0.9722960992907801,15,15,1.0,31.524670327053958,26.327569196417087,0,0.0,0,1.0,1.0,1.0,1.0,1,PASS
102341,processed\features\102341_features.csv,1,846,15,23,16,375,0,0.9722960992907801,15,15,1.0,202.98467941461107,18.29743256302588,0,0.0,16,1.0,1.0,1.0,1.0,1,PASS
63436,processed\features\63436_features.csv,1,845,15,23,16,375,0,0.9722633136094675,15,15,1.0,386.45673915061855,74.35078079835658,0,0.0,85,1.0,1.0,1.0,1.0,1,PASS
323478,processed\features\323478_features.csv,1,845,15,23,16,375,0,0.9722633136094675,15,15,1.0,236.2450017843156,46.9859445741034,0,0.0,15,1.0,1.0,1.0,1.0,1,PASS
498996,processed\features\498996_features.csv,1,845,15,23,16,375,0,0.9722633136094675,15,15,1.0,137.69667456076223,45.61361113193095,0,0.0,1,1.0,1.0,1.0,1.0,1,PASS
420882,processed\features\420882_features.csv,1,845,15,23,16,375,0,0.9722633136094675,15,15,1.0,171.21101115657652,33.44897040965505,0,0.0,6,1.0,1.0,1.0,1.0,1,PASS
479297,processed\features\479297_features.csv,1,845,15,23,16,375,0,0.9722633136094675,15,15,1.0,93.08169153328264,21.348784596412376,0,0.0,0,1.0,1.0,1.0,1.0,1,PASS
82887,processed\features\82887_features.csv,1,844,15,23,16,375,0,0.9722304502369669,15,15,1.0,66.70130401904932,50.77945195008644,0,0.0,0,1.0,1.0,1.0,1.0,1,PASS
127783,processed\features\127783_features.csv,1,844,15,23,16,375,0,0.9722304502369669,15,15,1.0,47.06525945788604,36.51159211276338,0,0.0,0,1.0,1.0,1.0,1.0,1,PASS
482719,processed\features\482719_features.csv,1,844,15,23,16,375,0,0.9722304502369669,15,15,1.0,201.65117711965402,33.93981886426419,0,0.0,10,1.0,1.0,1.0,1.0,1,PASS
165871,processed\features\165871_features.csv,1,844,15,23,16,375,0,0.9722304502369669,15,15,1.0,193.68310676278332,24.027360909701557,0,0.0,5,1.0,1.0,1.0,1.0,1,PASS
24107,processed\features\24107_features.csv,1,844,15,23,16,375,0,0.9722304502369669,15,15,1.0,99.32725302688772,20.544609275410927,0,0.0,0,1.0,1.0,1.0,1.0,1,PASS
474207,processed\features\474207_features.csv,1,844,15,23,16,375,0,0.9722304502369669,15,15,1.0,177.3520586400318,19.78206455041925,0,0.0,3,1.0,1.0,1.0,1.0,1,PASS
22610,processed\features\22610_features.csv,1,844,15,23,16,375,0,0.9722304502369669,15,15,1.0,61.11869454043174,19.03390850511892,0,0.0,0,1.0,1.0,1.0,1.0,1,PASS
196840,processed\features\196840_features.csv,1,844,15,23,16,375,0,0.9722304502369669,15,15,1.0,111.57708522883814,10.557342756145976,0,0.0,6,1.0,1.0,1.0,1.0,1,PASS
3779,processed\features\3779_features.csv,1,843,15,23,16,375,0,0.9721975088967971,15,15,1.0,86.92359823901052,49.94774699114557,0,0.0,0,1.0,1.0,1.0,1.0,1,PASS
161206,processed\features\161206_features.csv,1,843,15,23,16,375,0,0.9721975088967971,15,15,1.0,34991.551791584396,49.271825508716894,0,0.0,21,1.0,1.0,1.0,1.0,1,PASS
52410,processed\features\52410_features.csv,1,843,15,23,16,375,0,0.9721975088967971,15,15,1.0,72.23879282498271,29.534231918617554,0,0.0,0,1.0,1.0,1.0,1.0,1,PASS
16588,processed\features\16588_features.csv,1,843,15,23,16,375,0,0.9721975088967971,15,15,1.0,84.5310398551131,21.55984261489317,0,0.0,0,1.0,1.0,1.0,1.0,1,PASS
259904,processed\features\259904_features.csv,1,843,15,23,16,375,0,0.9721975088967971,15,15,1.0,75.49684212570462,20.186374495546595,0,0.0,0,1.0,1.0,1.0,1.0,1,PASS
41402,processed\features\41402_features.csv,1,843,15,23,16,375,0,0.9721975088967971,15,15,1.0,56.81362118493204,16.506702574718368,0,0.0,0,1.0,1.0,1.0,1.0,1,PASS
261550,processed\features\261550_features.csv,1,842,15,23,16,375,0,0.972164489311164,15,15,1.0,131.94020045288917,86.72986881761011,0,0.0,0,1.0,1.0,1.0,1.0,1,PASS
127337,processed\features\127337_features.csv,1,842,15,23,16,375,0,0.972164489311164,15,15,1.0,130.17035160002672,43.72798150472394,0,0.0,0,1.0,1.0,1.0,1.0,1,PASS
376730,processed\features\376730_features.csv,1,842,15,23,16,375,0,0.972164489311164,15,15,1.0,68.3850952208493,38.23730582624577,0,0.0,0,1.0,1.0,1.0,1.0,1,PASS
371061,processed\features\371061_features.csv,1,842,15,23,16,375,0,0.972164489311164,15,15,1.0,72.5283489777805,27.952807680047222,0,0.0,0,1.0,1.0,1.0,1.0,1,PASS
365097,processed\features\365097_features.csv,1,842,15,23,16,375,0,0.972164489311164,15,15,1.0,100.08526577370493,27.53121836788694,0,0.0,0,1.0,1.0,1.0,1.0,1,PASS
410126,processed\features\410126_features.csv,1,842,15,23,16,375,0,0.972164489311164,15,15,1.0,89.76633137679852,27.16868452405771,0,0.0,0,1.0,1.0,1.0,1.0,1,PASS
504311,processed\features\504311_features.csv,1,842,15,23,16,375,0,0.972164489311164,15,15,1.0,151.27130562466064,17.4704693102621,0,0.0,5,1.0,1.0,1.0,1.0,1,PASS
154354,processed\features\154354_features.csv,1,841,15,23,16,375,0,0.9721313912009513,15,15,1.0,94.03274874627814,31.133303533058836,0,0.0,0,1.0,1.0,1.0,1.0,1,PASS
348559,processed\features\348559_features.csv,1,841,15,23,16,375,0,0.9721313912009513,15,15,1.0,73.13721854268044,29.725616396609006,0,0.0,0,1.0,1.0,1.0,1.0,1,PASS
465616,processed\features\465616_features.csv,1,841,15,23,16,375,0,0.9721313912009513,15,15,1.0,77.11005520756268,29.51711178321954,0,0.0,0,1.0,1.0,1.0,1.0,1,PASS
422374,processed\features\422374_features.csv,1,841,15,23,16,375,0,0.9721313912009513,15,15,1.0,83.9313749982701,23.265528037839566,0,0.0,0,1.0,1.0,1.0,1.0,1,PASS
216745,processed\features\216745_features.csv,1,841,15,23,16,375,0,0.9721313912009513,15,15,1.0,64.67163697419386,21.29890028559673,0,0.0,0,1.0,1.0,1.0,1.0,1,PASS
308697,processed\features\308697_features.csv,1,841,15,23,16,375,0,0.9721313912009513,15,15,1.0,168.18741149635497,17.54994422967905,0,0.0,8,1.0,1.0,1.0,1.0,1,PASS
381363,processed\features\381363_features.csv,1,840,15,23,16,375,0,0.9720982142857143,15,15,1.0,106.73053615479351,42.632561511951195,0,0.0,0,1.0,1.0,1.0,1.0,1,PASS
347962,processed\features\347962_features.csv,1,840,15,23,16,375,0,0.9720982142857143,15,15,1.0,59.546175418145985,35.04002851652093,0,0.0,0,1.0,1.0,1.0,1.0,1,PASS
224149,processed\features\224149_features.csv,1,840,15,23,16,375,0,0.9720982142857143,15,15,1.0,194.2233569733253,34.58541510244605,0,0.0,10,1.0,1.0,1.0,1.0,1,PASS
10727,processed\features\10727_features.csv,1,840,15,23,16,375,0,0.9720982142857143,15,15,1.0,55.28530166876475,32.71227591164391,0,0.0,0,1.0,1.0,1.0,1.0,1,PASS
331724,processed\features\331724_features.csv,1,840,15,23,16,375,0,0.9720982142857143,15,15,1.0,98.7902372905267,21.370631941304524,0,0.0,0,1.0,1.0,1.0,1.0,1,PASS
381804,processed\features\381804_features.csv,1,840,15,23,16,375,0,0.9720982142857143,15,15,1.0,393.68594081338347,21.166562032506132,0,0.0,67,1.0,1.0,1.0,1.0,1,PASS
498894,processed\features\498894_features.csv,1,840,15,23,16,375,0,0.9720982142857143,15,15,1.0,103.6029897632319,19.89395977147326,0,0.0,0,1.0,1.0,1.0,1.0,1,PASS
463901,processed\features\463901_features.csv,1,840,15,23,16,375,0,0.9720982142857143,15,15,1.0,61.759019654984556,13.382381336291148,0,0.0,0,1.0,1.0,1.0,1.0,1,PASS
274609,processed\features\274609_features.csv,1,840,15,23,16,375,0,0.9720982142857143,15,15,1.0,56.12711603797783,11.035934276277304,0,0.0,0,1.0,1.0,1.0,1.0,1,PASS
440949,processed\features\440949_features.csv,1,839,15,23,16,375,0,0.972064958283671,15,15,1.0,83.54803062635715,56.62401468177785,0,0.0,0,1.0,1.0,1.0,1.0,1,PASS
340188,processed\features\340188_features.csv,1,839,15,23,16,375,0,0.972064958283671,15,15,1.0,266.176991860035,43.03113603005101,0,0.0,23,1.0,1.0,1.0,1.0,1,PASS
420030,processed\features\420030_features.csv,1,839,15,23,16,375,0,0.972064958283671,15,15,1.0,77.32020524531947,37.40352672906402,0,0.0,0,1.0,1.0,1.0,1.0,1,PASS
25420,processed\features\25420_features.csv,1,839,15,23,16,375,0,0.972064958283671,15,15,1.0,75.76252228955398,23.808797422937808,0,0.0,0,1.0,1.0,1.0,1.0,1,PASS
172389,processed\features\172389_features.csv,1,839,15,23,16,375,0,0.972064958283671,15,15,1.0,107.26560139760537,20.801085881185248,0,0.0,0,1.0,1.0,1.0,1.0,1,PASS
151997,processed\features\151997_features.csv,1,839,15,23,16,375,0,0.972064958283671,15,15,1.0,48.98430633995271,15.692408579277824,0,0.0,0,1.0,1.0,1.0,1.0,1,PASS
337308,processed\features\337308_features.csv,1,838,15,23,16,375,0,0.9720316229116945,15,15,1.0,221.21499527051023,123.36822687444501,0,0.0,6,1.0,1.0,1.0,1.0,1,PASS
88337,processed\features\88337_features.csv,1,838,15,23,16,375,0,0.9720316229116945,15,15,1.0,112.66670686670524,39.06786333250807,0,0.0,1,1.0,1.0,1.0,1.0,1,PASS
414614,processed\features\414614_features.csv,1,838,15,23,16,375,0,0.9720316229116945,15,15,1.0,130.02280056004173,26.8303243226901,0,0.0,6,1.0,1.0,1.0,1.0,1,PASS
267524,processed\features\267524_features.csv,1,838,15,23,16,375,0,0.9720316229116945,15,15,1.0,13136.086677565336,25.57006959886875,0,0.0,1,1.0,1.0,1.0,1.0,1,PASS
155454,processed\features\155454_features.csv,1,838,15,23,16,375,0,0.9720316229116945,15,15,1.0,64.20994353405891,21.477033177128774,0,0.0,0,1.0,1.0,1.0,1.0,1,PASS
80466,processed\features\80466_features.csv,1,837,15,23,16,375,0,0.9719982078853047,15,15,1.0,87.72206505800614,32.928370288932186,0,0.0,0,1.0,1.0,1.0,1.0,1,PASS
493196,processed\features\493196_features.csv,1,837,15,23,16,375,0,0.9719982078853047,15,15,1.0,63.257575609064794,32.77159654514296,0,0.0,0,1.0,1.0,1.0,1.0,1,PASS
77204,processed\features\77204_features.csv,1,837,15,23,16,375,0,0.9719982078853047,15,15,1.0,176.51456502066972,24.04517358563922,0,0.0,6,1.0,1.0,1.0,1.0,1,PASS
509203,processed\features\509203_features.csv,1,837,15,23,16,375,0,0.9719982078853047,15,15,1.0,116.0303469065802,21.190002390374183,0,0.0,0,1.0,1.0,1.0,1.0,1,PASS
257237,processed\features\257237_features.csv,1,837,15,23,16,375,0,0.9719982078853047,15,15,1.0,70.22282260791256,18.140439425364377,0,0.0,0,1.0,1.0,1.0,1.0,1,PASS
36931,processed\features\36931_features.csv,1,837,15,23,16,375,0,0.9719982078853047,15,15,1.0,50.47780475068926,11.664241858269719,0,0.0,0,1.0,1.0,1.0,1.0,1,PASS
213053,processed\features\213053_features.csv,1,837,15,23,16,375,0,0.9719982078853047,15,15,1.0,71.78222717981676,11.502310036500907,0,0.0,0,1.0,1.0,1.0,1.0,1,PASS
456074,processed\features\456074_features.csv,1,836,15,23,16,375,0,0.9719647129186603,15,15,1.0,122.17914499751026,60.409765398015125,0,0.0,5,1.0,1.0,1.0,1.0,1,PASS
71123,processed\features\71123_features.csv,1,836,15,23,16,375,0,0.9719647129186603,15,15,1.0,139763.48375866056,41.72602558116965,0,0.0,10,1.0,1.0,1.0,1.0,1,PASS
53988,processed\features\53988_features.csv,1,836,15,23,16,375,0,0.9719647129186603,15,15,1.0,132.00277422291003,41.511544578062306,0,0.0,5,1.0,1.0,1.0,1.0,1,PASS
317401,processed\features\317401_features.csv,1,836,15,23,16,375,0,0.9719647129186603,15,15,1.0,72.4261879056775,19.9451701789215,0,0.0,0,1.0,1.0,1.0,1.0,1,PASS
188213,processed\features\188213_features.csv,1,836,15,23,16,375,0,0.9719647129186603,15,15,1.0,72.5511203186859,18.84589585206073,0,0.0,0,1.0,1.0,1.0,1.0,1,PASS
223639,processed\features\223639_features.csv,1,836,15,23,16,375,0,0.9719647129186603,15,15,1.0,103.9182632045234,14.343021661830132,0,0.0,0,1.0,1.0,1.0,1.0,1,PASS
87555,processed\features\87555_features.csv,1,835,15,23,16,375,0,0.9719311377245509,15,15,1.0,137.0391666559864,95.63205732366707,0,0.0,0,1.0,1.0,1.0,1.0,1,PASS
146314,processed\features\146314_features.csv,1,835,15,23,16,375,0,0.9719311377245509,15,15,1.0,142.43155755312273,72.02556912481984,0,0.0,4,1.0,1.0,1.0,1.0,1,PASS
51901,processed\features\51901_features.csv,1,835,15,23,16,375,0,0.9719311377245509,15,15,1.0,181.2353524629298,41.60301211047972,0,0.0,15,1.0,1.0,1.0,1.0,1,PASS
201493,processed\features\201493_features.csv,1,835,15,23,16,375,0,0.9719311377245509,15,15,1.0,79.19200837591126,38.88336012838474,0,0.0,0,1.0,1.0,1.0,1.0,1,PASS
451027,processed\features\451027_features.csv,1,835,15,23,16,375,0,0.9719311377245509,15,15,1.0,54.14371511399064,26.927112715255248,0,0.0,0,1.0,1.0,1.0,1.0,1,PASS
296790,processed\features\296790_features.csv,1,834,15,23,16,375,0,0.9718974820143885,15,15,1.0,208.13386245755441,71.23239153481585,0,0.0,2,1.0,1.0,1.0,1.0,1,PASS
75806,processed\features\75806_features.csv,1,834,15,23,16,375,0,0.9718974820143885,15,15,1.0,172.84963341955012,47.29780644954988,0,0.0,7,1.0,1.0,1.0,1.0,1,PASS
164524,processed\features\164524_features.csv,1,834,15,23,16,375,0,0.9718974820143885,15,15,1.0,182.46623959096422,31.689499508849003,0,0.0,9,1.0,1.0,1.0,1.0,1,PASS
182588,processed\features\182588_features.csv,1,834,15,23,16,375,0,0.9718974820143885,15,15,1.0,118.5573102204198,28.940036979156677,0,0.0,0,1.0,1.0,1.0,1.0,1,PASS
418721,processed\features\418721_features.csv,1,834,15,23,16,375,0,0.9718974820143885,15,15,1.0,64.5036350141663,25.824385127596063,0,0.0,0,1.0,1.0,1.0,1.0,1,PASS
499934,processed\features\499934_features.csv,1,834,15,23,16,375,0,0.9718974820143885,15,15,1.0,111.74018394744942,19.635969142546482,0,0.0,0,1.0,1.0,1.0,1.0,1,PASS
93995,processed\features\93995_features.csv,1,834,15,23,16,375,0,0.9718974820143885,15,15,1.0,35.198305510828504,14.45978988971411,0,0.0,0,1.0,1.0,1.0,1.0,1,PASS
347345,processed\features\347345_features.csv,1,834,15,23,16,375,0,0.9718974820143885,15,15,1.0,151.38535836676235,9.490095111802567,0,0.0,5,1.0,1.0,1.0,1.0,1,PASS
1171,processed\features\1171_features.csv,1,833,15,23,16,375,0,0.9718637454981993,15,15,1.0,650.5595908073549,52.70189036707355,0,0.0,34,1.0,1.0,1.0,1.0,1,PASS
466731,processed\features\466731_features.csv,1,833,15,23,16,375,0,0.9718637454981993,15,15,1.0,151.2790346853091,44.38100023091862,0,0.0,5,1.0,1.0,1.0,1.0,1,PASS
188124,processed\features\188124_features.csv,1,833,15,23,16,375,0,0.9718637454981993,15,15,1.0,87.20238457862521,36.539705748552734,0,0.0,0,1.0,1.0,1.0,1.0,1,PASS
350577,processed\features\350577_features.csv,1,833,15,23,16,375,0,0.9718637454981993,15,15,1.0,128.19990569444778,33.18481759036979,0,0.0,5,1.0,1.0,1.0,1.0,1,PASS
497428,processed\features\497428_features.csv,1,833,15,23,16,375,0,0.9718637454981993,15,15,1.0,95.41987683170916,29.08865196292445,0,0.0,4,1.0,1.0,1.0,1.0,1,PASS
458472,processed\features\458472_features.csv,1,833,15,23,16,375,0,0.9718637454981993,15,15,1.0,89.84711739875377,24.651766043005487,0,0.0,0,1.0,1.0,1.0,1.0,1,PASS
224292,processed\features\224292_features.csv,1,833,15,23,16,375,0,0.9718637454981993,15,15,1.0,86.00632413955096,24.392930019011786,0,0.0,0,1.0,1.0,1.0,1.0,1,PASS
370617,processed\features\370617_features.csv,1,833,15,23,16,375,0,0.9718637454981993,15,15,1.0,89.45579875716703,19.316559830347714,0,0.0,0,1.0,1.0,1.0,1.0,1,PASS
203945,processed\features\203945_features.csv,1,833,15,23,16,375,0,0.9718637454981993,15,15,1.0,72.19068245198125,17.149856229052624,0,0.0,0,1.0,1.0,1.0,1.0,1,PASS
304425,processed\features\304425_features.csv,1,833,15,23,16,375,0,0.9718637454981993,15,15,1.0,248.5215194902299,16.041671677976996,0,0.0,17,1.0,1.0,1.0,1.0,1,PASS
331574,processed\features\331574_features.csv,1,833,15,23,16,375,0,0.9718637454981993,15,15,1.0,135.50099060946795,8.611403262640017,0,0.0,4,1.0,1.0,1.0,1.0,1,PASS
377110,processed\features\377110_features.csv,1,832,15,23,16,375,0,0.9718299278846154,15,15,1.0,208.67350240406162,86.19232138615158,0,0.0,7,1.0,1.0,1.0,1.0,1,PASS
104106,processed\features\104106_features.csv,1,832,15,23,16,375,0,0.9718299278846154,15,15,1.0,186.70878807156927,40.395732334894774,0,0.0,10,1.0,1.0,1.0,1.0,1,PASS
512049,processed\features\512049_features.csv,1,832,15,23,16,375,0,0.9718299278846154,15,15,1.0,249.0869143540184,30.2641940713928,0,0.0,25,1.0,1.0,1.0,1.0,1,PASS
8933,processed\features\8933_features.csv,1,832,15,23,16,375,0,0.9718299278846154,15,15,1.0,65.29685543569516,27.18742122519198,0,0.0,0,1.0,1.0,1.0,1.0,1,PASS
493397,processed\features\493397_features.csv,1,832,15,23,16,375,0,0.9718299278846154,15,15,1.0,77.16750399458199,22.545830295721977,0,0.0,0,1.0,1.0,1.0,1.0,1,PASS
214024,processed\features\214024_features.csv,1,832,15,23,16,375,0,0.9718299278846154,15,15,1.0,141.86039990296263,19.798240607572456,0,0.0,8,1.0,1.0,1.0,1.0,1,PASS
383640,processed\features\383640_features.csv,1,831,15,23,16,375,0,0.9717960288808665,15,15,1.0,125.56753238665895,69.55181105794439,0,0.0,0,1.0,1.0,1.0,1.0,1,PASS
158234,processed\features\158234_features.csv,1,831,15,23,16,375,0,0.9717960288808665,15,15,1.0,144.7004156201801,47.23059138049453,0,0.0,0,1.0,1.0,1.0,1.0,1,PASS
301964,processed\features\301964_features.csv,1,831,15,23,16,375,0,0.9717960288808665,15,15,1.0,108.16998605988867,43.43449233183557,0,0.0,4,1.0,1.0,1.0,1.0,1,PASS
125948,processed\features\125948_features.csv,1,830,15,23,16,375,0,0.9717620481927711,15,15,1.0,104.6497133780125,42.47148303173515,0,0.0,5,1.0,1.0,1.0,1.0,1,PASS
259393,processed\features\259393_features.csv,1,830,15,23,16,375,0,0.9717620481927711,15,15,1.0,123.4870851750295,17.92426548965291,0,0.0,4,1.0,1.0,1.0,1.0,1,PASS
458190,processed\features\458190_features.csv,1,830,15,23,16,375,0,0.9717620481927711,15,15,1.0,154.29287160274978,12.967299540188066,0,0.0,5,1.0,1.0,1.0,1.0,1,PASS
205152,processed\features\205152_features.csv,1,829,15,23,16,375,0,0.9717279855247286,15,15,1.0,128.95057390622907,30.914787633491542,0,0.0,0,1.0,1.0,1.0,1.0,1,PASS
390423,processed\features\390423_features.csv,1,829,15,23,16,375,0,0.9717279855247286,15,15,1.0,110.96446103102264,24.389263750012752,0,0.0,0,1.0,1.0,1.0,1.0,1,PASS
317597,processed\features\317597_features.csv,1,829,15,23,16,375,0,0.9717279855247286,15,15,1.0,53.651542296119025,21.72694640787581,0,0.0,0,1.0,1.0,1.0,1.0,1,PASS
53730,processed\features\53730_features.csv,1,829,15,23,16,375,0,0.9717279855247286,15,15,1.0,61.85720068003323,21.521718463407005,0,0.0,0,1.0,1.0,1.0,1.0,1,PASS
188060,processed\features\188060_features.csv,1,829,15,23,16,375,0,0.9717279855247286,15,15,1.0,102.81058990117008,12.967313591562617,0,0.0,0,1.0,1.0,1.0,1.0,1,PASS
466026,processed\features\466026_features.csv,1,829,15,23,16,375,0,0.9717279855247286,15,15,1.0,48.02644543470528,12.553073386663034,0,0.0,0,1.0,1.0,1.0,1.0,1,PASS
396268,processed\features\396268_features.csv,1,829,15,23,16,375,0,0.9717279855247286,15,15,1.0,65.87338428581405,11.394123879443224,0,0.0,0,1.0,1.0,1.0,1.0,1,PASS
280951,processed\features\280951_features.csv,1,828,15,23,16,375,0,0.9716938405797102,15,15,1.0,315603.7765933242,153.4811304889398,0,0.0,5,1.0,1.0,1.0,1.0,1,PASS
410410,processed\features\410410_features.csv,1,828,15,23,16,375,0,0.9716938405797102,15,15,1.0,42.72013737790192,29.739045321169783,0,0.0,0,1.0,1.0,1.0,1.0,1,PASS
33883,processed\features\33883_features.csv,1,828,15,23,16,375,0,0.9716938405797102,15,15,1.0,75.13280222640377,29.299311715223038,0,0.0,0,1.0,1.0,1.0,1.0,1,PASS
53047,processed\features\53047_features.csv,1,828,15,23,16,375,0,0.9716938405797102,15,15,1.0,205.74661877777692,27.249124814213374,0,0.0,13,1.0,1.0,1.0,1.0,1,PASS
370241,processed\features\370241_features.csv,1,828,15,23,16,375,0,0.9716938405797102,15,15,1.0,150.2529499612485,26.638981736260927,0,0.0,2,1.0,1.0,1.0,1.0,1,PASS
278743,processed\features\278743_features.csv,1,828,15,23,16,375,0,0.9716938405797102,15,15,1.0,123.23544037240082,26.61469862189501,0,0.0,0,1.0,1.0,1.0,1.0,1,PASS
442654,processed\features\442654_features.csv,1,828,15,23,16,375,0,0.9716938405797102,15,15,1.0,77.9840639144951,22.01430265114461,0,0.0,0,1.0,1.0,1.0,1.0,1,PASS
194741,processed\features\194741_features.csv,1,828,15,23,16,375,0,0.9716938405797102,15,15,1.0,114.27215016745645,21.768825284915604,0,0.0,0,1.0,1.0,1.0,1.0,1,PASS
173566,processed\features\173566_features.csv,1,828,15,23,16,375,0,0.9716938405797102,15,15,1.0,158.6245115348903,15.96317927810489,0,0.0,5,1.0,1.0,1.0,1.0,1,PASS
71512,processed\features\71512_features.csv,1,828,15,23,16,375,0,0.9716938405797102,15,15,1.0,291.97050720758887,15.924002279023519,0,0.0,18,1.0,1.0,1.0,1.0,1,PASS
59110,processed\features\59110_features.csv,1,827,15,23,16,375,0,0.9716596130592503,15,15,1.0,123.2030269674211,49.655855097141526,0,0.0,0,1.0,1.0,1.0,1.0,1,PASS
159980,processed\features\159980_features.csv,1,827,15,23,16,375,0,0.9716596130592503,15,15,1.0,113.91463460974592,48.606023763113306,0,0.0,0,1.0,1.0,1.0,1.0,1,PASS
16688,processed\features\16688_features.csv,1,827,15,23,16,375,0,0.9716596130592503,15,15,1.0,45.34376562212759,22.05540630373283,0,0.0,0,1.0,1.0,1.0,1.0,1,PASS
490964,processed\features\490964_features.csv,1,827,15,23,16,375,0,0.9716596130592503,15,15,1.0,141.26673260865778,21.0734091288866,0,0.0,5,1.0,1.0,1.0,1.0,1,PASS
221894,processed\features\221894_features.csv,1,826,15,23,16,375,0,0.9716253026634383,15,15,1.0,123.49776686721916,27.457665372309148,0,0.0,2,1.0,1.0,1.0,1.0,1,PASS
165809,processed\features\165809_features.csv,1,826,15,23,16,375,0,0.9716253026634383,15,15,1.0,113.51201819558732,22.47429808919178,0,0.0,5,1.0,1.0,1.0,1.0,1,PASS
23908,processed\features\23908_features.csv,1,826,15,23,16,375,0,0.9716253026634383,15,15,1.0,156.0168776631731,22.287373546594193,0,0.0,5,1.0,1.0,1.0,1.0,1,PASS
441456,processed\features\441456_features.csv,1,826,15,23,16,375,0,0.9716253026634383,15,15,1.0,65.16541506295427,18.765756580184537,0,0.0,0,1.0,1.0,1.0,1.0,1,PASS
499666,processed\features\499666_features.csv,1,826,15,23,16,375,0,0.9716253026634383,15,15,1.0,237.16679393395708,16.37545809412778,0,0.0,12,1.0,1.0,1.0,1.0,1,PASS
460670,processed\features\460670_features.csv,1,825,15,23,16,375,0,0.9715909090909091,15,15,1.0,2264.422465824847,58.61787017708325,0,0.0,1,1.0,1.0,1.0,1.0,1,PASS
104730,processed\features\104730_features.csv,1,825,15,23,16,375,0,0.9715909090909091,15,15,1.0,159.57032867901472,30.24593524578549,0,0.0,5,1.0,1.0,1.0,1.0,1,PASS
269345,processed\features\269345_features.csv,1,824,15,23,16,375,0,0.9715564320388349,15,15,1.0,376.87227671574317,78.57397798441994,0,0.0,77,1.0,1.0,1.0,1.0,1,PASS
433181,processed\features\433181_features.csv,1,824,15,23,16,375,0,0.9715564320388349,15,15,1.0,4485.813769339086,75.41161609464899,0,0.0,1,1.0,1.0,1.0,1.0,1,PASS
275948,processed\features\275948_features.csv,1,824,15,23,16,375,0,0.9715564320388349,15,15,1.0,142.03769762528725,46.69411576594058,0,0.0,5,1.0,1.0,1.0,1.0,1,PASS
292573,processed\features\292573_features.csv,1,824,15,23,16,375,0,0.9715564320388349,15,15,1.0,95.22329482273227,35.14248314046386,0,0.0,1,1.0,1.0,1.0,1.0,1,PASS
23574,processed\features\23574_features.csv,1,824,15,23,16,375,0,0.9715564320388349,15,15,1.0,88.4235837025071,33.50012900679372,0,0.0,0,1.0,1.0,1.0,1.0,1,PASS
52445,processed\features\52445_features.csv,1,824,15,23,16,375,0,0.9715564320388349,15,15,1.0,136.71846772859678,25.21021065074325,0,0.0,5,1.0,1.0,1.0,1.0,1,PASS
35893,processed\features\35893_features.csv,1,824,15,23,16,375,0,0.9715564320388349,15,15,1.0,60.32910488886162,22.463610710940525,0,0.0,0,1.0,1.0,1.0,1.0,1,PASS
164765,processed\features\164765_features.csv,1,824,15,23,16,375,0,0.9715564320388349,15,15,1.0,545.9132360299134,20.86390994749881,0,0.0,18,1.0,1.0,1.0,1.0,1,PASS
517832,processed\features\517832_features.csv,1,824,15,23,16,375,0,0.9715564320388349,15,15,1.0,90.70665682516483,20.789989267237978,0,0.0,0,1.0,1.0,1.0,1.0,1,PASS
77026,processed\features\77026_features.csv,1,823,15,23,16,375,0,0.9715218712029161,15,15,1.0,150.4085621507923,64.26760108783841,0,0.0,1,1.0,1.0,1.0,1.0,1,PASS
298226,processed\features\298226_features.csv,1,823,15,23,16,375,0,0.9715218712029161,15,15,1.0,54.93269634691412,21.220886219202306,0,0.0,0,1.0,1.0,1.0,1.0,1,PASS
298666,processed\features\298666_features.csv,1,823,15,23,16,375,0,0.9715218712029161,15,15,1.0,72.29235987644586,20.191511861096714,0,0.0,0,1.0,1.0,1.0,1.0,1,PASS
356967,processed\features\356967_features.csv,1,823,15,23,16,375,0,0.9715218712029161,15,15,1.0,110.17503678679081,17.71083695339302,0,0.0,0,1.0,1.0,1.0,1.0,1,PASS
109462,processed\features\109462_features.csv,1,823,15,23,16,375,0,0.9715218712029161,15,15,1.0,117.78794100561991,15.277376283270701,0,0.0,0,1.0,1.0,1.0,1.0,1,PASS
245193,processed\features\245193_features.csv,1,822,15,23,16,375,0,0.9714872262773723,15,15,1.0,98.81899137127841,37.20532696243219,0,0.0,0,1.0,1.0,1.0,1.0,1,PASS
457466,processed\features\457466_features.csv,1,822,15,23,16,375,0,0.9714872262773723,15,15,1.0,74.19720949435587,33.45222329912175,0,0.0,0,1.0,1.0,1.0,1.0,1,PASS
401578,processed\features\401578_features.csv,1,822,15,23,16,375,0,0.9714872262773723,15,15,1.0,112.19383951724032,22.52413194403009,0,0.0,0,1.0,1.0,1.0,1.0,1,PASS
188339,processed\features\188339_features.csv,1,822,15,23,16,375,0,0.9714872262773723,15,15,1.0,81.40031375343308,20.479095538779067,0,0.0,0,1.0,1.0,1.0,1.0,1,PASS
460175,processed\features\460175_features.csv,1,822,15,23,16,375,0,0.9714872262773723,15,15,1.0,124.16673813562971,17.58077705895945,0,0.0,0,1.0,1.0,1.0,1.0,1,PASS
460853,processed\features\460853_features.csv,1,822,15,23,16,375,0,0.9714872262773723,15,15,1.0,54.82622468559146,16.847608059292703,0,0.0,0,1.0,1.0,1.0,1.0,1,PASS
25562,processed\features\25562_features.csv,1,822,15,23,16,375,0,0.9714872262773723,15,15,1.0,72.12940043542403,15.51821870709952,0,0.0,0,1.0,1.0,1.0,1.0,1,PASS
435059,processed\features\435059_features.csv,1,821,15,23,16,375,0,0.971452496954933,15,15,1.0,75.92562149791462,68.64157294502925,0,0.0,0,1.0,1.0,1.0,1.0,1,PASS
38247,processed\features\38247_features.csv,1,821,15,23,16,375,0,0.971452496954933,15,15,1.0,124.52347866311149,45.74803658925147,0,0.0,5,1.0,1.0,1.0,1.0,1,PASS
80769,processed\features\80769_features.csv,1,821,15,23,16,375,0,0.971452496954933,15,15,1.0,111.88696309706606,33.81593543449281,0,0.0,5,1.0,1.0,1.0,1.0,1,PASS
12129,processed\features\12129_features.csv,1,821,15,23,16,375,0,0.971452496954933,15,15,1.0,92.10295942833898,33.77751854025914,0,0.0,0,1.0,1.0,1.0,1.0,1,PASS
473307,processed\features\473307_features.csv,1,821,15,23,16,375,0,0.971452496954933,15,15,1.0,53.242636593896556,27.444424242410335,0,0.0,0,1.0,1.0,1.0,1.0,1,PASS
300922,processed\features\300922_features.csv,1,821,15,23,16,375,0,0.971452496954933,15,15,1.0,82.68217297845274,27.419421114262,0,0.0,0,1.0,1.0,1.0,1.0,1,PASS
336105,processed\features\336105_features.csv,1,821,15,23,16,375,0,0.971452496954933,15,15,1.0,30.963815194558194,21.138637038695677,0,0.0,0,1.0,1.0,1.0,1.0,1,PASS
335619,processed\features\335619_features.csv,1,821,15,23,16,375,0,0.971452496954933,15,15,1.0,65.75313673437198,19.040929314161996,0,0.0,0,1.0,1.0,1.0,1.0,1,PASS
317190,processed\features\317190_features.csv,1,821,15,23,16,375,0,0.971452496954933,15,15,1.0,94.67945032673086,17.764531698024967,0,0.0,0,1.0,1.0,1.0,1.0,1,PASS
431163,processed\features\431163_features.csv,1,821,15,23,16,375,0,0.971452496954933,15,15,1.0,69.44598947443049,17.257444006993822,0,0.0,0,1.0,1.0,1.0,1.0,1,PASS
236820,processed\features\236820_features.csv,1,821,15,23,16,375,0,0.971452496954933,15,15,1.0,59.471661401810096,16.589081441532954,0,0.0,0,1.0,1.0,1.0,1.0,1,PASS
270886,processed\features\270886_features.csv,1,821,15,23,16,375,0,0.971452496954933,15,15,1.0,94.0281329039753,16.21030693341018,0,0.0,0,1.0,1.0,1.0,1.0,1,PASS
84926,processed\features\84926_features.csv,1,821,15,23,16,375,0,0.971452496954933,15,15,1.0,170.49857819635815,16.08810991992786,0,0.0,5,1.0,1.0,1.0,1.0,1,PASS
347104,processed\features\347104_features.csv,1,821,15,23,16,375,0,0.971452496954933,15,15,1.0,134.00334032097888,12.907595773096983,0,0.0,5,1.0,1.0,1.0,1.0,1,PASS
108751,processed\features\108751_features.csv,1,820,15,23,16,375,0,0.9714176829268293,15,15,1.0,216.90906299245228,76.31352760656796,0,0.0,16,1.0,1.0,1.0,1.0,1,PASS
400453,processed\features\400453_features.csv,1,820,15,23,16,375,0,0.9714176829268293,15,15,1.0,139.38162431466276,69.75511475948664,0,0.0,5,1.0,1.0,1.0,1.0,1,PASS
78272,processed\features\78272_features.csv,1,820,15,23,16,375,0,0.9714176829268293,15,15,1.0,98.34374042467685,27.977550791762063,0,0.0,0,1.0,1.0,1.0,1.0,1,PASS
13644,processed\features\13644_features.csv,1,820,15,23,16,375,0,0.9714176829268293,15,15,1.0,165.20879986719734,26.175916439309372,0,0.0,6,1.0,1.0,1.0,1.0,1,PASS
372405,processed\features\372405_features.csv,1,820,15,23,16,375,0,0.9714176829268293,15,15,1.0,70.65292376729232,24.870142772318324,0,0.0,0,1.0,1.0,1.0,1.0,1,PASS
399407,processed\features\399407_features.csv,1,820,15,23,16,375,0,0.9714176829268293,15,15,1.0,110.29371582539996,22.52346171779311,0,0.0,0,1.0,1.0,1.0,1.0,1,PASS
252979,processed\features\252979_features.csv,1,820,15,23,16,375,0,0.9714176829268293,15,15,1.0,67.68944362913314,16.89337176323194,0,0.0,0,1.0,1.0,1.0,1.0,1,PASS
492141,processed\features\492141_features.csv,1,820,15,23,16,375,0,0.9714176829268293,15,15,1.0,150.16310505867926,14.219328603196093,0,0.0,1,1.0,1.0,1.0,1.0,1,PASS
112579,processed\features\112579_features.csv,1,819,15,23,16,375,0,0.9713827838827839,15,15,1.0,112744.65552524968,70.2393965452436,0,0.0,133,1.0,1.0,1.0,1.0,1,PASS
40193,processed\features\40193_features.csv,1,819,15,23,16,375,0,0.9713827838827839,15,15,1.0,247.0311860560618,36.57041610212461,0,0.0,16,1.0,1.0,1.0,1.0,1,PASS
240158,processed\features\240158_features.csv,1,819,15,23,16,375,0,0.9713827838827839,15,15,1.0,97.60387533920728,30.122241859543312,0,0.0,0,1.0,1.0,1.0,1.0,1,PASS
78357,processed\features\78357_features.csv,1,819,15,23,16,375,0,0.9713827838827839,15,15,1.0,91.88683214082845,28.748370306318858,0,0.0,4,1.0,1.0,1.0,1.0,1,PASS
452721,processed\features\452721_features.csv,1,819,15,23,16,375,0,0.9713827838827839,15,15,1.0,120.78452085856219,25.70067347737495,0,0.0,0,1.0,1.0,1.0,1.0,1,PASS
444253,processed\features\444253_features.csv,1,819,15,23,16,375,0,0.9713827838827839,15,15,1.0,108.77560186856637,25.685013090950896,0,0.0,0,1.0,1.0,1.0,1.0,1,PASS
212806,processed\features\212806_features.csv,1,819,15,23,16,375,0,0.9713827838827839,15,15,1.0,47.428862926886595,20.141559876168152,0,0.0,0,1.0,1.0,1.0,1.0,1,PASS
107985,processed\features\107985_features.csv,1,819,15,23,16,375,0,0.9713827838827839,15,15,1.0,49.67715751503117,19.176066676818124,0,0.0,0,1.0,1.0,1.0,1.0,1,PASS
154607,processed\features\154607_features.csv,1,819,15,23,16,375,0,0.9713827838827839,15,15,1.0,212.55521252906607,18.87552240311318,0,0.0,12,1.0,1.0,1.0,1.0,1,PASS
294318,processed\features\294318_features.csv,1,819,15,23,16,375,0,0.9713827838827839,15,15,1.0,105.6871032086,17.74092805103841,0,0.0,0,1.0,1.0,1.0,1.0,1,PASS
366310,processed\features\366310_features.csv,1,818,15,23,16,375,0,0.9713477995110025,15,15,1.0,47.74524428307484,35.57408274363303,0,0.0,0,1.0,1.0,1.0,1.0,1,PASS
97280,processed\features\97280_features.csv,1,818,15,23,16,375,0,0.9713477995110025,15,15,1.0,52.685088949822486,30.984403588808462,0,0.0,0,1.0,1.0,1.0,1.0,1,PASS
97041,processed\features\97041_features.csv,1,818,15,23,16,375,0,0.9713477995110025,15,15,1.0,125.0800148721097,30.017927719788624,0,0.0,0,1.0,1.0,1.0,1.0,1,PASS
222422,processed\features\222422_features.csv,1,818,15,23,16,375,0,0.9713477995110025,15,15,1.0,75.36470824608332,28.38758097584817,0,0.0,0,1.0,1.0,1.0,1.0,1,PASS
111529,processed\features\111529_features.csv,1,818,15,23,16,375,0,0.9713477995110025,15,15,1.0,138.0763043379632,21.536089502478873,0,0.0,1,1.0,1.0,1.0,1.0,1,PASS
128732,processed\features\128732_features.csv,1,818,15,23,16,375,0,0.9713477995110025,15,15,1.0,119.33163482632648,20.251706386016277,0,0.0,1,1.0,1.0,1.0,1.0,1,PASS
201661,processed\features\201661_features.csv,1,818,15,23,16,375,0,0.9713477995110025,15,15,1.0,143.42211989924598,15.981413560158623,0,0.0,5,1.0,1.0,1.0,1.0,1,PASS
165245,processed\features\165245_features.csv,1,818,15,23,16,375,0,0.9713477995110025,15,15,1.0,98.23946734326347,15.452452009768407,0,0.0,0,1.0,1.0,1.0,1.0,1,PASS
190477,processed\features\190477_features.csv,1,817,15,23,16,375,0,0.971312729498164,15,15,1.0,116.22384436291495,70.35017644421109,0,0.0,0,1.0,1.0,1.0,1.0,1,PASS
487278,processed\features\487278_features.csv,1,817,15,23,16,375,0,0.971312729498164,15,15,1.0,121.69447804257962,27.849224246438148,0,0.0,4,1.0,1.0,1.0,1.0,1,PASS
486430,processed\features\486430_features.csv,1,817,15,23,16,375,0,0.971312729498164,15,15,1.0,91.15404153123355,23.05323937947429,0,0.0,0,1.0,1.0,1.0,1.0,1,PASS
240366,processed\features\240366_features.csv,1,817,15,23,16,375,0,0.971312729498164,15,15,1.0,55.638131085886386,21.153774127376906,0,0.0,0,1.0,1.0,1.0,1.0,1,PASS
512228,processed\features\512228_features.csv,1,817,15,23,16,375,0,0.971312729498164,15,15,1.0,136.99298573778088,19.943405399678078,0,0.0,4,1.0,1.0,1.0,1.0,1,PASS
89438,processed\features\89438_features.csv,1,817,15,23,16,375,0,0.971312729498164,15,15,1.0,137.87544503746386,19.066433435646648,0,0.0,5,1.0,1.0,1.0,1.0,1,PASS
335183,processed\features\335183_features.csv,1,817,15,23,16,375,0,0.971312729498164,15,15,1.0,62.76558122996914,16.83872315248406,0,0.0,0,1.0,1.0,1.0,1.0,1,PASS
118051,processed\features\118051_features.csv,1,817,15,23,16,375,0,0.971312729498164,15,15,1.0,181.71960056936547,14.87528187323312,0,0.0,10,1.0,1.0,1.0,1.0,1,PASS
420205,processed\features\420205_features.csv,1,817,15,23,16,375,0,0.971312729498164,15,15,1.0,251.44805783561412,13.123089774523272,0,0.0,15,1.0,1.0,1.0,1.0,1,PASS
282563,processed\features\282563_features.csv,1,816,15,23,16,375,0,0.9712775735294118,15,15,1.0,103.27137102784963,33.14988795305456,0,0.0,1,1.0,1.0,1.0,1.0,1,PASS
352686,processed\features\352686_features.csv,1,816,15,23,16,375,0,0.9712775735294118,15,15,1.0,55.65090348498906,32.427139973024126,0,0.0,0,1.0,1.0,1.0,1.0,1,PASS
331019,processed\features\331019_features.csv,1,816,15,23,16,375,0,0.9712775735294118,15,15,1.0,133.91512329893004,28.15030272082916,0,0.0,2,1.0,1.0,1.0,1.0,1,PASS
209822,processed\features\209822_features.csv,1,816,15,23,16,375,0,0.9712775735294118,15,15,1.0,547.7956875664834,24.345877890954583,0,0.0,105,1.0,1.0,1.0,1.0,1,PASS
74717,processed\features\74717_features.csv,1,816,15,23,16,375,0,0.9712775735294118,15,15,1.0,139.69980323880515,19.709325100532126,0,0.0,4,1.0,1.0,1.0,1.0,1,PASS
88000,processed\features\88000_features.csv,1,815,15,23,16,375,0,0.9712423312883436,15,15,1.0,132.21789324420368,91.8687569160148,0,0.0,0,1.0,1.0,1.0,1.0,1,PASS
490787,processed\features\490787_features.csv,1,815,15,23,16,375,0,0.9712423312883436,15,15,1.0,125.97902565960861,80.21721152252056,0,0.0,0,1.0,1.0,1.0,1.0,1,PASS
107543,processed\features\107543_features.csv,1,815,15,23,16,375,0,0.9712423312883436,15,15,1.0,82.34428365848456,45.34439130341866,0,0.0,0,1.0,1.0,1.0,1.0,1,PASS
347971,processed\features\347971_features.csv,1,815,15,23,16,375,0,0.9712423312883436,15,15,1.0,91.70264015676429,27.75635920620738,0,0.0,0,1.0,1.0,1.0,1.0,1,PASS
421234,processed\features\421234_features.csv,1,815,15,23,16,375,0,0.9712423312883436,15,15,1.0,118.38119157621087,24.40209330989746,0,0.0,0,1.0,1.0,1.0,1.0,1,PASS
335335,processed\features\335335_features.csv,1,815,15,23,16,375,0,0.9712423312883436,15,15,1.0,70.46358660320283,24.207871377490186,0,0.0,0,1.0,1.0,1.0,1.0,1,PASS
364321,processed\features\364321_features.csv,1,815,15,23,16,375,0,0.9712423312883436,15,15,1.0,2263.81559796433,22.53928500960258,0,0.0,1,1.0,1.0,1.0,1.0,1,PASS
418186,processed\features\418186_features.csv,1,815,15,23,16,375,0,0.9712423312883436,15,15,1.0,80.10762869274089,21.40473687268198,0,0.0,0,1.0,1.0,1.0,1.0,1,PASS
31516,processed\features\31516_features.csv,1,815,15,23,16,375,0,0.9712423312883436,15,15,1.0,83.66369499482137,17.641770213677823,0,0.0,0,1.0,1.0,1.0,1.0,1,PASS
189245,processed\features\189245_features.csv,1,815,15,23,16,375,0,0.9712423312883436,15,15,1.0,119.1878797818118,16.99975124820191,0,0.0,1,1.0,1.0,1.0,1.0,1,PASS
23346,processed\features\23346_features.csv,1,815,15,23,16,375,0,0.9712423312883436,15,15,1.0,99.38777557984984,14.912327341379303,0,0.0,0,1.0,1.0,1.0,1.0,1,PASS
282487,processed\features\282487_features.csv,1,815,15,23,16,375,0,0.9712423312883436,15,15,1.0,127.71823856199705,12.69742813894032,0,0.0,0,1.0,1.0,1.0,1.0,1,PASS
244174,processed\features\244174_features.csv,1,814,15,23,16,375,0,0.9712070024570024,15,15,1.0,108.05894065791243,43.30383241376144,0,0.0,0,1.0,1.0,1.0,1.0,1,PASS
366330,processed\features\366330_features.csv,1,814,15,23,16,375,0,0.9712070024570024,15,15,1.0,165777.3749220424,40.98886970228456,0,0.0,1,1.0,1.0,1.0,1.0,1,PASS
488561,processed\features\488561_features.csv,1,814,15,23,16,375,0,0.9712070024570024,15,15,1.0,116.39390567149492,33.17179895725329,0,0.0,0,1.0,1.0,1.0,1.0,1,PASS
416254,processed\features\416254_features.csv,1,814,15,23,16,375,0,0.9712070024570024,15,15,1.0,58.10820386567508,30.086869321517472,0,0.0,0,1.0,1.0,1.0,1.0,1,PASS
283466,processed\features\283466_features.csv,1,814,15,23,16,375,0,0.9712070024570024,15,15,1.0,211.3843417145734,22.89723448373364,0,0.0,15,1.0,1.0,1.0,1.0,1,PASS
57913,processed\features\57913_features.csv,1,814,15,23,16,375,0,0.9712070024570024,15,15,1.0,54.29635310948757,22.01385432660237,0,0.0,0,1.0,1.0,1.0,1.0,1,PASS
338193,processed\features\338193_features.csv,1,814,15,23,16,375,0,0.9712070024570024,15,15,1.0,120.67601341148134,21.069685763684767,0,0.0,0,1.0,1.0,1.0,1.0,1,PASS
434397,processed\features\434397_features.csv,1,814,15,23,16,375,0,0.9712070024570024,15,15,1.0,93.69655955255251,13.898614143417467,0,0.0,0,1.0,1.0,1.0,1.0,1,PASS
84361,processed\features\84361_features.csv,1,814,15,23,16,375,0,0.9712070024570024,15,15,1.0,123.11635492151377,11.186164181379167,0,0.0,0,1.0,1.0,1.0,1.0,1,PASS
385036,processed\features\385036_features.csv,1,813,15,23,16,375,0,0.9711715867158671,15,15,1.0,283.82145210446356,69.31861368512295,0,0.0,20,1.0,1.0,1.0,1.0,1,PASS
460119,processed\features\460119_features.csv,1,813,15,23,16,375,0,0.9711715867158671,15,15,1.0,155.8216714466688,53.098840195560584,0,0.0,1,1.0,1.0,1.0,1.0,1,PASS
399491,processed\features\399491_features.csv,1,813,15,23,16,375,0,0.9711715867158671,15,15,1.0,95.47434935241904,51.737865169310375,0,0.0,0,1.0,1.0,1.0,1.0,1,PASS
84976,processed\features\84976_features.csv,1,813,15,23,16,375,0,0.9711715867158671,15,15,1.0,81.07451362852925,41.852541395104765,0,0.0,0,1.0,1.0,1.0,1.0,1,PASS
83371,processed\features\83371_features.csv,1,813,15,23,16,375,0,0.9711715867158671,15,15,1.0,138.50494770032722,28.405382614729703,0,0.0,6,1.0,1.0,1.0,1.0,1,PASS
258144,processed\features\258144_features.csv,1,813,15,23,16,375,0,0.9711715867158671,15,15,1.0,73.27037682617753,24.350586606320142,0,0.0,0,1.0,1.0,1.0,1.0,1,PASS
484798,processed\features\484798_features.csv,1,813,15,23,16,375,0,0.9711715867158671,15,15,1.0,52.64290838251422,22.580340888498377,0,0.0,0,1.0,1.0,1.0,1.0,1,PASS
49518,processed\features\49518_features.csv,1,813,15,23,16,375,0,0.9711715867158671,15,15,1.0,116.96600579504675,19.339260844100025,0,0.0,0,1.0,1.0,1.0,1.0,1,PASS
451033,processed\features\451033_features.csv,1,812,15,23,16,375,0,0.9711360837438424,15,15,1.0,168.19550102320065,44.98522912827768,0,0.0,7,1.0,1.0,1.0,1.0,1,PASS
97753,processed\features\97753_features.csv,1,812,15,23,16,375,0,0.9711360837438424,15,15,1.0,79.43993485289249,44.80475626760638,0,0.0,0,1.0,1.0,1.0,1.0,1,PASS
173058,processed\features\173058_features.csv,1,812,15,23,16,375,0,0.9711360837438424,15,15,1.0,333.0767277396678,44.76420740099031,0,0.0,23,1.0,1.0,1.0,1.0,1,PASS
162863,processed\features\162863_features.csv,1,812,15,23,16,375,0,0.9711360837438424,15,15,1.0,95.08281848491626,26.05628719248231,0,0.0,0,1.0,1.0,1.0,1.0,1,PASS
326283,processed\features\326283_features.csv,1,812,15,23,16,375,0,0.9711360837438424,15,15,1.0,119.33407146231268,25.983898576334497,0,0.0,2,1.0,1.0,1.0,1.0,1,PASS
172593,processed\features\172593_features.csv,1,812,15,23,16,375,0,0.9711360837438424,15,15,1.0,67.37880900299086,19.892989174418926,0,0.0,0,1.0,1.0,1.0,1.0,1,PASS
144221,processed\features\144221_features.csv,1,812,15,23,16,375,0,0.9711360837438424,15,15,1.0,41.56401460184025,18.013089195143753,0,0.0,0,1.0,1.0,1.0,1.0,1,PASS
38462,processed\features\38462_features.csv,1,812,15,23,16,375,0,0.9711360837438424,15,15,1.0,157.53600951026766,12.671215723342513,0,0.0,10,1.0,1.0,1.0,1.0,1,PASS
415428,processed\features\415428_features.csv,1,812,15,23,16,375,0,0.9711360837438424,15,15,1.0,27.058808040283857,9.545839151704923,0,0.0,0,1.0,1.0,1.0,1.0,1,PASS
213397,processed\features\213397_features.csv,1,811,15,23,16,375,0,0.9711004932182491,15,15,1.0,105.21049111264155,74.59562946526214,0,0.0,0,1.0,1.0,1.0,1.0,1,PASS
50034,processed\features\50034_features.csv,1,811,15,23,16,375,0,0.9711004932182491,15,15,1.0,133.42068423609814,56.38612000449184,0,0.0,5,1.0,1.0,1.0,1.0,1,PASS
93948,processed\features\93948_features.csv,1,811,15,23,16,375,0,0.9711004932182491,15,15,1.0,128.79509068113188,52.95250139737075,0,0.0,1,1.0,1.0,1.0,1.0,1,PASS
216512,processed\features\216512_features.csv,1,811,15,23,16,375,0,0.9711004932182491,15,15,1.0,110.23793564461916,47.556711419680155,0,0.0,3,1.0,1.0,1.0,1.0,1,PASS
187012,processed\features\187012_features.csv,1,811,15,23,16,375,0,0.9711004932182491,15,15,1.0,213.111080712099,33.155396937027454,0,0.0,9,1.0,1.0,1.0,1.0,1,PASS
387129,processed\features\387129_features.csv,1,811,15,23,16,375,0,0.9711004932182491,15,15,1.0,97.2460955922519,31.294747015375613,0,0.0,0,1.0,1.0,1.0,1.0,1,PASS
173984,processed\features\173984_features.csv,1,811,15,23,16,375,0,0.9711004932182491,15,15,1.0,66.92171706528745,31.064626102516264,0,0.0,0,1.0,1.0,1.0,1.0,1,PASS
91414,processed\features\91414_features.csv,1,811,15,23,16,375,0,0.9711004932182491,15,15,1.0,366.789738628505,18.685429202851367,0,0.0,38,1.0,1.0,1.0,1.0,1,PASS
235133,processed\features\235133_features.csv,1,811,15,23,16,375,0,0.9711004932182491,15,15,1.0,108.22759601256006,18.115053455015847,0,0.0,1,1.0,1.0,1.0,1.0,1,PASS
236631,processed\features\236631_features.csv,1,811,15,23,16,375,0,0.9711004932182491,15,15,1.0,63.57693506594749,15.556154830449596,0,0.0,0,1.0,1.0,1.0,1.0,1,PASS
80211,processed\features\80211_features.csv,1,811,15,23,16,375,0,0.9711004932182491,15,15,1.0,83.58897979134989,15.445304308188845,0,0.0,0,1.0,1.0,1.0,1.0,1,PASS
144485,processed\features\144485_features.csv,1,810,15,23,16,375,0,0.9710648148148148,15,15,1.0,160.22468791984716,59.90231888896557,0,0.0,2,1.0,1.0,1.0,1.0,1,PASS
386724,processed\features\386724_features.csv,1,810,15,23,16,375,0,0.9710648148148148,15,15,1.0,209.4930141095496,55.70847583887587,0,0.0,9,1.0,1.0,1.0,1.0,1,PASS
132969,processed\features\132969_features.csv,1,810,15,23,16,375,0,0.9710648148148148,15,15,1.0,96.95419820894608,48.42641380526789,0,0.0,1,1.0,1.0,1.0,1.0,1,PASS
37669,processed\features\37669_features.csv,1,810,15,23,16,375,0,0.9710648148148148,15,15,1.0,81.54492707623906,45.89546608610418,0,0.0,0,1.0,1.0,1.0,1.0,1,PASS
214869,processed\features\214869_features.csv,1,810,15,23,16,375,0,0.9710648148148148,15,15,1.0,54.240375027876404,41.405284074277546,0,0.0,0,1.0,1.0,1.0,1.0,1,PASS
352946,processed\features\352946_features.csv,1,810,15,23,16,375,0,0.9710648148148148,15,15,1.0,44.97509136250383,27.29480450932575,0,0.0,0,1.0,1.0,1.0,1.0,1,PASS
127651,processed\features\127651_features.csv,1,810,15,23,16,375,0,0.9710648148148148,15,15,1.0,76.8391744348472,25.998322203667747,0,0.0,0,1.0,1.0,1.0,1.0,1,PASS
400147,processed\features\400147_features.csv,1,810,15,23,16,375,0,0.9710648148148148,15,15,1.0,50.493519683233565,25.842567476029267,0,0.0,0,1.0,1.0,1.0,1.0,1,PASS
346102,processed\features\346102_features.csv,1,810,15,23,16,375,0,0.9710648148148148,15,15,1.0,33.68486343399877,19.1525948270897,0,0.0,0,1.0,1.0,1.0,1.0,1,PASS
56580,processed\features\56580_features.csv,1,810,15,23,16,375,0,0.9710648148148148,15,15,1.0,140.08295351403117,17.5560995133755,0,0.0,0,1.0,1.0,1.0,1.0,1,PASS
435556,processed\features\435556_features.csv,1,810,15,23,16,375,0,0.9710648148148148,15,15,1.0,110.68627488101362,9.275402061593898,0,0.0,0,1.0,1.0,1.0,1.0,1,PASS
388220,processed\features\388220_features.csv,1,809,15,23,16,375,0,0.9710290482076638,15,15,1.0,167.80673639621898,141.9577264597397,0,0.0,1,1.0,1.0,1.0,1.0,1,PASS
200455,processed\features\200455_features.csv,1,809,15,23,16,375,0,0.9710290482076638,15,15,1.0,151.67662377788042,72.51726415301957,0,0.0,5,1.0,1.0,1.0,1.0,1,PASS
358977,processed\features\358977_features.csv,1,809,15,23,16,375,0,0.9710290482076638,15,15,1.0,90.47802116169956,53.586121748230866,0,0.0,0,1.0,1.0,1.0,1.0,1,PASS
223215,processed\features\223215_features.csv,1,809,15,23,16,375,0,0.9710290482076638,15,15,1.0,168.26266115767018,52.32234658047339,0,0.0,4,1.0,1.0,1.0,1.0,1,PASS
383646,processed\features\383646_features.csv,1,809,15,23,16,375,0,0.9710290482076638,15,15,1.0,139.05917602789728,44.58198915175106,0,0.0,0,1.0,1.0,1.0,1.0,1,PASS
212102,processed\features\212102_features.csv,1,809,15,23,16,375,0,0.9710290482076638,15,15,1.0,129.44481934124994,32.186999544799995,0,0.0,1,1.0,1.0,1.0,1.0,1,PASS
367600,processed\features\367600_features.csv,1,809,15,23,16,375,0,0.9710290482076638,15,15,1.0,72.47851969430204,31.433034639215144,0,0.0,0,1.0,1.0,1.0,1.0,1,PASS
469565,processed\features\469565_features.csv,1,809,15,23,16,375,0,0.9710290482076638,15,15,1.0,70.26432233874525,29.175944750447115,0,0.0,0,1.0,1.0,1.0,1.0,1,PASS
473156,processed\features\473156_features.csv,1,809,15,23,16,375,0,0.9710290482076638,15,15,1.0,67.85976169387179,28.533121326426915,0,0.0,0,1.0,1.0,1.0,1.0,1,PASS
85800,processed\features\85800_features.csv,1,809,15,23,16,375,0,0.9710290482076638,15,15,1.0,85.44677596789201,19.185472763207255,0,0.0,0,1.0,1.0,1.0,1.0,1,PASS
42351,processed\features\42351_features.csv,1,808,15,23,16,375,0,0.970993193069307,15,15,1.0,106.33618373871253,87.72238449687617,0,0.0,0,1.0,1.0,1.0,1.0,1,PASS
384070,processed\features\384070_features.csv,1,808,15,23,16,375,0,0.970993193069307,15,15,1.0,574.3648192955014,66.25364285170085,0,0.0,21,1.0,1.0,1.0,1.0,1,PASS
425089,processed\features\425089_features.csv,1,808,15,23,16,375,0,0.970993193069307,15,15,1.0,369.2698071013924,58.49708592557533,0,0.0,30,1.0,1.0,1.0,1.0,1,PASS
376897,processed\features\376897_features.csv,1,808,15,23,16,375,0,0.970993193069307,15,15,1.0,130.0171614640849,41.3776678359928,0,0.0,9,1.0,1.0,1.0,1.0,1,PASS
463244,processed\features\463244_features.csv,1,808,15,23,16,375,0,0.970993193069307,15,15,1.0,144.15788567001167,38.482869035552454,0,0.0,1,1.0,1.0,1.0,1.0,1,PASS
304256,processed\features\304256_features.csv,1,808,15,23,16,375,0,0.970993193069307,15,15,1.0,135.76169126267177,30.003709658717717,0,0.0,5,1.0,1.0,1.0,1.0,1,PASS
23884,processed\features\23884_features.csv,1,808,15,23,16,375,0,0.970993193069307,15,15,1.0,114.4802417909861,25.332403975137918,0,0.0,0,1.0,1.0,1.0,1.0,1,PASS
168064,processed\features\168064_features.csv,1,808,15,23,16,375,0,0.970993193069307,15,15,1.0,77.03374442023751,24.465812067789777,0,0.0,0,1.0,1.0,1.0,1.0,1,PASS
145136,processed\features\145136_features.csv,1,808,15,23,16,375,0,0.970993193069307,15,15,1.0,87.51126531759947,20.196017681076782,0,0.0,0,1.0,1.0,1.0,1.0,1,PASS
234590,processed\features\234590_features.csv,1,808,15,23,16,375,0,0.970993193069307,15,15,1.0,104.75921914878104,17.906471337381014,0,0.0,0,1.0,1.0,1.0,1.0,1,PASS
388360,processed\features\388360_features.csv,1,808,15,23,16,375,0,0.970993193069307,15,15,1.0,114.33128943592651,16.40753580064952,0,0.0,0,1.0,1.0,1.0,1.0,1,PASS
138767,processed\features\138767_features.csv,1,807,15,23,16,375,0,0.970957249070632,15,15,1.0,130.1984519499439,53.217210549919635,0,0.0,0,1.0,1.0,1.0,1.0,1,PASS
210930,processed\features\210930_features.csv,1,807,15,23,16,375,0,0.970957249070632,15,15,1.0,209.9202586608136,29.393373909906643,0,0.0,15,1.0,1.0,1.0,1.0,1,PASS
379934,processed\features\379934_features.csv,1,807,15,23,16,375,0,0.970957249070632,15,15,1.0,94.18312245325316,20.947348814707993,0,0.0,0,1.0,1.0,1.0,1.0,1,PASS
114899,processed\features\114899_features.csv,1,807,15,23,16,375,0,0.970957249070632,15,15,1.0,141.68697754996185,20.616425344309185,0,0.0,0,1.0,1.0,1.0,1.0,1,PASS
116304,processed\features\116304_features.csv,1,807,15,23,16,375,0,0.970957249070632,15,15,1.0,92.25451323010428,20.412081232901375,0,0.0,0,1.0,1.0,1.0,1.0,1,PASS
128694,processed\features\128694_features.csv,1,807,15,23,16,375,0,0.970957249070632,15,15,1.0,121.87250953879348,19.959103096926277,0,0.0,5,1.0,1.0,1.0,1.0,1,PASS
408487,processed\features\408487_features.csv,1,807,15,23,16,375,0,0.970957249070632,15,15,1.0,123.93616368963006,14.3877531332867,0,0.0,7,1.0,1.0,1.0,1.0,1,PASS
462856,processed\features\462856_features.csv,1,806,15,23,16,375,0,0.9709212158808933,15,15,1.0,85.07276715826794,63.62292593144319,0,0.0,0,1.0,1.0,1.0,1.0,1,PASS
46778,processed\features\46778_features.csv,1,806,15,23,16,375,0,0.9709212158808933,15,15,1.0,93.86137341775279,46.84515437306035,0,0.0,0,1.0,1.0,1.0,1.0,1,PASS
274463,processed\features\274463_features.csv,1,806,15,23,16,375,0,0.9709212158808933,15,15,1.0,109.29225112140035,29.134384115758017,0,0.0,0,1.0,1.0,1.0,1.0,1,PASS
451915,processed\features\451915_features.csv,1,806,15,23,16,375,0,0.9709212158808933,15,15,1.0,165.90367386333705,25.71822909562824,0,0.0,1,1.0,1.0,1.0,1.0,1,PASS
390313,processed\features\390313_features.csv,1,806,15,23,16,375,0,0.9709212158808933,15,15,1.0,368630.0375631841,19.832471673846776,0,0.0,3,1.0,1.0,1.0,1.0,1,PASS
236803,processed\features\236803_features.csv,1,806,15,23,16,375,0,0.9709212158808933,15,15,1.0,83.36468040037995,16.93837219121778,0,0.0,0,1.0,1.0,1.0,1.0,1,PASS
237074,processed\features\237074_features.csv,1,806,15,23,16,375,0,0.9709212158808933,15,15,1.0,33.81913290834056,16.15396748588503,0,0.0,0,1.0,1.0,1.0,1.0,1,PASS
101986,processed\features\101986_features.csv,1,805,15,23,16,375,0,0.9708850931677019,15,15,1.0,111.22145594402764,43.25872327479571,0,0.0,0,1.0,1.0,1.0,1.0,1,PASS
251385,processed\features\251385_features.csv,1,805,15,23,16,375,0,0.9708850931677019,15,15,1.0,119.64417951387989,34.97933633740234,0,0.0,0,1.0,1.0,1.0,1.0,1,PASS
103808,processed\features\103808_features.csv,1,805,15,23,16,375,0,0.9708850931677019,15,15,1.0,253.59912670030195,32.41473556391921,0,0.0,9,1.0,1.0,1.0,1.0,1,PASS
148735,processed\features\148735_features.csv,1,805,15,23,16,375,0,0.9708850931677019,15,15,1.0,80.58200924260481,29.66189321834672,0,0.0,0,1.0,1.0,1.0,1.0,1,PASS
182065,processed\features\182065_features.csv,1,805,15,23,16,375,0,0.9708850931677019,15,15,1.0,248.13293184548232,24.638851216282887,0,0.0,18,1.0,1.0,1.0,1.0,1,PASS
385093,processed\features\385093_features.csv,1,805,15,23,16,375,0,0.9708850931677019,15,15,1.0,165.48779302343922,21.520497957698186,0,0.0,5,1.0,1.0,1.0,1.0,1,PASS
54739,processed\features\54739_features.csv,1,805,15,23,16,375,0,0.9708850931677019,15,15,1.0,59.91384823341346,18.04444958706259,0,0.0,0,1.0,1.0,1.0,1.0,1,PASS
412926,processed\features\412926_features.csv,1,804,15,23,16,375,0,0.9708488805970149,15,15,1.0,200.3720019654588,54.08268731023422,0,0.0,12,1.0,1.0,1.0,1.0,1,PASS
248657,processed\features\248657_features.csv,1,804,15,23,16,375,0,0.9708488805970149,15,15,1.0,168.9361836447203,26.627549356509103,0,0.0,5,1.0,1.0,1.0,1.0,1,PASS
44870,processed\features\44870_features.csv,1,804,15,23,16,375,0,0.9708488805970149,15,15,1.0,96.69787299827333,24.892788657781715,0,0.0,0,1.0,1.0,1.0,1.0,1,PASS
73847,processed\features\73847_features.csv,1,804,15,23,16,375,0,0.9708488805970149,15,15,1.0,193.04924688725433,24.38303661991037,0,0.0,5,1.0,1.0,1.0,1.0,1,PASS
398509,processed\features\398509_features.csv,1,804,15,23,16,375,0,0.9708488805970149,15,15,1.0,107.02939503598351,21.646277539226766,0,0.0,0,1.0,1.0,1.0,1.0,1,PASS
424332,processed\features\424332_features.csv,1,804,15,23,16,375,0,0.9708488805970149,15,15,1.0,58.52926894890062,19.65683675612403,0,0.0,0,1.0,1.0,1.0,1.0,1,PASS
396805,processed\features\396805_features.csv,1,804,15,23,16,375,0,0.9708488805970149,15,15,1.0,62.32405476843134,19.31911156360001,0,0.0,0,1.0,1.0,1.0,1.0,1,PASS
333953,processed\features\333953_features.csv,1,804,15,23,16,375,0,0.9708488805970149,15,15,1.0,83.03388903596922,18.090764524906938,0,0.0,0,1.0,1.0,1.0,1.0,1,PASS
466876,processed\features\466876_features.csv,1,804,15,23,16,375,0,0.9708488805970149,15,15,1.0,85.92317298029889,12.047155302244585,0,0.0,0,1.0,1.0,1.0,1.0,1,PASS
459398,processed\features\459398_features.csv,1,803,15,23,16,375,0,0.9708125778331258,15,15,1.0,164.24349138940627,129.46917424928836,0,0.0,1,1.0,1.0,1.0,1.0,1,PASS
406495,processed\features\406495_features.csv,1,803,15,23,16,375,0,0.9708125778331258,15,15,1.0,87.66858790846355,52.43258115335914,0,0.0,0,1.0,1.0,1.0,1.0,1,PASS
190811,processed\features\190811_features.csv,1,803,15,23,16,375,0,0.9708125778331258,15,15,1.0,178.16571883220504,43.678573118039594,0,0.0,5,1.0,1.0,1.0,1.0,1,PASS
154992,processed\features\154992_features.csv,1,803,15,23,16,375,0,0.9708125778331258,15,15,1.0,40.3313266938314,31.35267183323062,0,0.0,0,1.0,1.0,1.0,1.0,1,PASS
312174,processed\features\312174_features.csv,1,803,15,23,16,375,0,0.9708125778331258,15,15,1.0,60.89070730195838,24.60935666149653,0,0.0,0,1.0,1.0,1.0,1.0,1,PASS
180707,processed\features\180707_features.csv,1,803,15,23,16,375,0,0.9708125778331258,15,15,1.0,67.77104650669463,24.218070021330036,0,0.0,0,1.0,1.0,1.0,1.0,1,PASS
24130,processed\features\24130_features.csv,1,803,15,23,16,375,0,0.9708125778331258,15,15,1.0,63.47223046646922,22.01276926345185,0,0.0,0,1.0,1.0,1.0,1.0,1,PASS
208861,processed\features\208861_features.csv,1,803,15,23,16,375,0,0.9708125778331258,15,15,1.0,91.49203443925212,15.55741942533735,0,0.0,1,1.0,1.0,1.0,1.0,1,PASS
221457,processed\features\221457_features.csv,1,803,15,23,16,375,0,0.9708125778331258,15,15,1.0,34.18484484992104,13.493591312777099,0,0.0,0,1.0,1.0,1.0,1.0,1,PASS
236995,processed\features\236995_features.csv,1,802,15,23,16,375,0,0.9707761845386533,15,15,1.0,93.97767317324008,82.57237810045379,0,0.0,0,1.0,1.0,1.0,1.0,1,PASS
94626,processed\features\94626_features.csv,1,802,15,23,16,375,0,0.9707761845386533,15,15,1.0,128.26992298623946,69.50830724205834,0,0.0,0,1.0,1.0,1.0,1.0,1,PASS
98309,processed\features\98309_features.csv,1,802,15,23,16,375,0,0.9707761845386533,15,15,1.0,143.5044301832964,39.81417618163268,0,0.0,4,1.0,1.0,1.0,1.0,1,PASS
503932,processed\features\503932_features.csv,1,802,15,23,16,375,0,0.9707761845386533,15,15,1.0,160.65713355431504,35.835145600887515,0,0.0,11,1.0,1.0,1.0,1.0,1,PASS
312359,processed\features\312359_features.csv,1,802,15,23,16,375,0,0.9707761845386533,15,15,1.0,122.72910701300333,35.13971656583353,0,0.0,0,1.0,1.0,1.0,1.0,1,PASS
397030,processed\features\397030_features.csv,1,802,15,23,16,375,0,0.9707761845386533,15,15,1.0,190.4762152230945,25.044196343742133,0,0.0,9,1.0,1.0,1.0,1.0,1,PASS
5055,processed\features\5055_features.csv,1,802,15,23,16,375,0,0.9707761845386533,15,15,1.0,100.56384760061243,24.04972072665866,0,0.0,6,1.0,1.0,1.0,1.0,1,PASS
317557,processed\features\317557_features.csv,1,802,15,23,16,375,0,0.9707761845386533,15,15,1.0,61.05879912519434,22.5253964829469,0,0.0,0,1.0,1.0,1.0,1.0,1,PASS
31310,processed\features\31310_features.csv,1,802,15,23,16,375,0,0.9707761845386533,15,15,1.0,65.53645105910408,21.977408429826728,0,0.0,0,1.0,1.0,1.0,1.0,1,PASS
516785,processed\features\516785_features.csv,1,802,15,23,16,375,0,0.9707761845386533,15,15,1.0,62.3451079498488,21.323346196234375,0,0.0,0,1.0,1.0,1.0,1.0,1,PASS
180069,processed\features\180069_features.csv,1,802,15,23,16,375,0,0.9707761845386533,15,15,1.0,84.83013839953796,11.246608558111955,0,0.0,0,1.0,1.0,1.0,1.0,1,PASS
30679,processed\features\30679_features.csv,1,801,15,23,16,375,0,0.9707397003745318,15,15,1.0,254.748794209866,50.652939204625646,0,0.0,19,1.0,1.0,1.0,1.0,1,PASS
35612,processed\features\35612_features.csv,1,801,15,23,16,375,0,0.9707397003745318,15,15,1.0,96.03266896007109,49.25489216091475,0,0.0,0,1.0,1.0,1.0,1.0,1,PASS
245743,processed\features\245743_features.csv,1,801,15,23,16,375,0,0.9707397003745318,15,15,1.0,58.82485622182641,34.39042971129446,0,0.0,0,1.0,1.0,1.0,1.0,1,PASS
143123,processed\features\143123_features.csv,1,801,15,23,16,375,0,0.9707397003745318,15,15,1.0,83.8080093001817,28.85044749346335,0,0.0,0,1.0,1.0,1.0,1.0,1,PASS
393083,processed\features\393083_features.csv,1,801,15,23,16,375,0,0.9707397003745318,15,15,1.0,142.34700708530855,21.335175810856487,0,0.0,0,1.0,1.0,1.0,1.0,1,PASS
423379,processed\features\423379_features.csv,1,801,15,23,16,375,0,0.9707397003745318,15,15,1.0,178.9385395877422,18.500409071830273,0,0.0,1,1.0,1.0,1.0,1.0,1,PASS
273859,processed\features\273859_features.csv,1,801,15,23,16,375,0,0.9707397003745318,15,15,1.0,109.38113633659931,16.961537058543982,0,0.0,0,1.0,1.0,1.0,1.0,1,PASS
42733,processed\features\42733_features.csv,1,801,15,23,16,375,0,0.9707397003745318,15,15,1.0,44.297749228030625,14.996367053757606,0,0.0,0,1.0,1.0,1.0,1.0,1,PASS
109124,processed\features\109124_features.csv,1,801,15,23,16,375,0,0.9707397003745318,15,15,1.0,63.47380121646612,14.437309572743917,0,0.0,0,1.0,1.0,1.0,1.0,1,PASS
280151,processed\features\280151_features.csv,1,801,15,23,16,375,0,0.9707397003745318,15,15,1.0,106.34740488789386,11.90003944255798,0,0.0,1,1.0,1.0,1.0,1.0,1,PASS
80409,processed\features\80409_features.csv,1,801,15,23,16,375,0,0.9707397003745318,15,15,1.0,32.92701175114705,10.801932370690562,0,0.0,0,1.0,1.0,1.0,1.0,1,PASS
140316,processed\features\140316_features.csv,1,800,15,23,16,375,0,0.970703125,15,15,1.0,249.0033218210324,81.32150356321333,0,0.0,25,1.0,1.0,1.0,1.0,1,PASS
223770,processed\features\223770_features.csv,1,800,15,23,16,375,0,0.970703125,15,15,1.0,166.3844874915999,62.87062877014005,0,0.0,3,1.0,1.0,1.0,1.0,1,PASS
60440,processed\features\60440_features.csv,1,800,15,23,16,375,0,0.970703125,15,15,1.0,65.46447664946152,47.55062990846551,0,0.0,0,1.0,1.0,1.0,1.0,1,PASS
74514,processed\features\74514_features.csv,1,800,15,23,16,375,0,0.970703125,15,15,1.0,105.27258912265893,37.56144124525337,0,0.0,1,1.0,1.0,1.0,1.0,1,PASS
204927,processed\features\204927_features.csv,1,800,15,23,16,375,0,0.970703125,15,15,1.0,53.459612837342846,31.723806966409626,0,0.0,0,1.0,1.0,1.0,1.0,1,PASS
163114,processed\features\163114_features.csv,1,800,15,23,16,375,0,0.970703125,15,15,1.0,148.31009281322648,31.06520216677039,0,0.0,1,1.0,1.0,1.0,1.0,1,PASS
14108,processed\features\14108_features.csv,1,800,15,23,16,375,0,0.970703125,15,15,1.0,82.113265356879,30.62998802448452,0,0.0,0,1.0,1.0,1.0,1.0,1,PASS
270060,processed\features\270060_features.csv,1,800,15,23,16,375,0,0.970703125,15,15,1.0,59.064538167334874,17.326690216115743,0,0.0,0,1.0,1.0,1.0,1.0,1,PASS
330881,processed\features\330881_features.csv,1,800,15,23,16,375,0,0.970703125,15,15,1.0,134.06549235831199,11.36673649117127,0,0.0,5,1.0,1.0,1.0,1.0,1,PASS
381821,processed\features\381821_features.csv,1,800,15,23,16,375,0,0.970703125,15,15,1.0,77.569186418486,9.111946360080967,0,0.0,0,1.0,1.0,1.0,1.0,1,PASS
434302,processed\features\434302_features.csv,1,799,15,23,16,375,0,0.9706664580725908,15,15,1.0,474.0112164789274,54.750824333324786,0,0.0,63,1.0,1.0,1.0,1.0,1,PASS
62716,processed\features\62716_features.csv,1,799,15,23,16,375,0,0.9706664580725908,15,15,1.0,76.01174278712845,54.54138748614761,0,0.0,0,1.0,1.0,1.0,1.0,1,PASS
46868,processed\features\46868_features.csv,1,799,15,23,16,375,0,0.9706664580725908,15,15,1.0,130.07962667852166,48.879321518175814,0,0.0,0,1.0,1.0,1.0,1.0,1,PASS
450702,processed\features\450702_features.csv,1,799,15,23,16,375,0,0.9706664580725908,15,15,1.0,72.02936645862945,19.957395591943666,0,0.0,0,1.0,1.0,1.0,1.0,1,PASS
76147,processed\features\76147_features.csv,1,799,15,23,16,375,0,0.9706664580725908,15,15,1.0,88.11043088924828,18.6343023932604,0,0.0,0,1.0,1.0,1.0,1.0,1,PASS
415853,processed\features\415853_features.csv,1,799,15,23,16,375,0,0.9706664580725908,15,15,1.0,120.60019194070361,17.673398754725728,0,0.0,0,1.0,1.0,1.0,1.0,1,PASS
150575,processed\features\150575_features.csv,1,799,15,23,16,375,0,0.9706664580725908,15,15,1.0,92.32728823447462,17.428499145095856,0,0.0,0,1.0,1.0,1.0,1.0,1,PASS
297565,processed\features\297565_features.csv,1,799,15,23,16,375,0,0.9706664580725908,15,15,1.0,50.12564776557964,16.48292025302782,0,0.0,0,1.0,1.0,1.0,1.0,1,PASS
134810,processed\features\134810_features.csv,1,799,15,23,16,375,0,0.9706664580725908,15,15,1.0,92.85309736259008,16.436152308731703,0,0.0,0,1.0,1.0,1.0,1.0,1,PASS
410049,processed\features\410049_features.csv,1,798,15,23,16,375,0,0.9706296992481203,15,15,1.0,83.37112542073258,68.85062608014402,0,0.0,0,1.0,1.0,1.0,1.0,1,PASS
401387,processed\features\401387_features.csv,1,798,15,23,16,375,0,0.9706296992481203,15,15,1.0,134159.09715124586,53.358950573491214,0,0.0,23,1.0,1.0,1.0,1.0,1,PASS
59233,processed\features\59233_features.csv,1,798,15,23,16,375,0,0.9706296992481203,15,15,1.0,125.46291353360965,44.70696404958676,0,0.0,4,1.0,1.0,1.0,1.0,1,PASS
147460,processed\features\147460_features.csv,1,798,15,23,16,375,0,0.9706296992481203,15,15,1.0,107.67663479332342,32.087058664170215,0,0.0,0,1.0,1.0,1.0,1.0,1,PASS
6724,processed\features\6724_features.csv,1,798,15,23,16,375,0,0.9706296992481203,15,15,1.0,43.74178958156802,30.16796916554824,0,0.0,0,1.0,1.0,1.0,1.0,1,PASS
120315,processed\features\120315_features.csv,1,798,15,23,16,375,0,0.9706296992481203,15,15,1.0,90.54932820161812,27.054883474002573,0,0.0,0,1.0,1.0,1.0,1.0,1,PASS
413837,processed\features\413837_features.csv,1,798,15,23,16,375,0,0.9706296992481203,15,15,1.0,87.72618964343145,25.886373759006137,0,0.0,1,1.0,1.0,1.0,1.0,1,PASS
299180,processed\features\299180_features.csv,1,798,15,23,16,375,0,0.9706296992481203,15,15,1.0,112.99545284385408,24.924663867510283,0,0.0,0,1.0,1.0,1.0,1.0,1,PASS
150724,processed\features\150724_features.csv,1,798,15,23,16,375,0,0.9706296992481203,15,15,1.0,138.8097911724455,22.565262978354273,0,0.0,0,1.0,1.0,1.0,1.0,1,PASS
342710,processed\features\342710_features.csv,1,798,15,23,16,375,0,0.9706296992481203,15,15,1.0,276.4129410134639,18.80912992408955,0,0.0,30,1.0,1.0,1.0,1.0,1,PASS
161961,processed\features\161961_features.csv,1,798,15,23,16,375,0,0.9706296992481203,15,15,1.0,74.2767930571039,16.2517998167789,0,0.0,0,1.0,1.0,1.0,1.0,1,PASS
374135,processed\features\374135_features.csv,1,797,15,23,16,375,0,0.9705928481806776,15,15,1.0,128.76857060225487,76.50818134458865,0,0.0,4,1.0,1.0,1.0,1.0,1,PASS
14925,processed\features\14925_features.csv,1,797,15,23,16,375,0,0.9705928481806776,15,15,1.0,126.50217962937532,71.66700211994868,0,0.0,3,1.0,1.0,1.0,1.0,1,PASS
428258,processed\features\428258_features.csv,1,797,15,23,16,375,0,0.9705928481806776,15,15,1.0,122.09314125003579,35.74515347627607,0,0.0,5,1.0,1.0,1.0,1.0,1,PASS
381985,processed\features\381985_features.csv,1,797,15,23,16,375,0,0.9705928481806776,15,15,1.0,72.24767516585622,28.28857130882249,0,0.0,0,1.0,1.0,1.0,1.0,1,PASS
223491,processed\features\223491_features.csv,1,797,15,23,16,375,0,0.9705928481806776,15,15,1.0,156.84053543134812,19.228317377796433,0,0.0,5,1.0,1.0,1.0,1.0,1,PASS
29153,processed\features\29153_features.csv,1,797,15,23,16,375,0,0.9705928481806776,15,15,1.0,51.10402187808195,17.473019562597905,0,0.0,0,1.0,1.0,1.0,1.0,1,PASS
38760,processed\features\38760_features.csv,1,796,15,23,16,375,0,0.9705559045226131,15,15,1.0,484.9070731087195,514.437904687642,0,0.0,29,1.0,1.0,1.0,1.0,1,PASS
197499,processed\features\197499_features.csv,1,796,15,23,16,375,0,0.9705559045226131,15,15,1.0,344.80099984023207,87.83322217418268,0,0.0,31,1.0,1.0,1.0,1.0,1,PASS
383020,processed\features\383020_features.csv,1,796,15,23,16,375,0,0.9705559045226131,15,15,1.0,205.33524888849809,75.75930760727852,0,0.0,8,1.0,1.0,1.0,1.0,1,PASS
101825,processed\features\101825_features.csv,1,796,15,23,16,375,0,0.9705559045226131,15,15,1.0,183.61805961177745,68.4979479782745,0,0.0,9,1.0,1.0,1.0,1.0,1,PASS
92743,processed\features\92743_features.csv,1,796,15,23,16,375,0,0.9705559045226131,15,15,1.0,118.54914221809113,31.076717861011126,0,0.0,0,1.0,1.0,1.0,1.0,1,PASS
40500,processed\features\40500_features.csv,1,796,15,23,16,375,0,0.9705559045226131,15,15,1.0,96.35036734469625,26.02202972915638,0,0.0,0,1.0,1.0,1.0,1.0,1,PASS
229367,processed\features\229367_features.csv,1,796,15,23,16,375,0,0.9705559045226131,15,15,1.0,135.67370993087678,22.57790902543327,0,0.0,0,1.0,1.0,1.0,1.0,1,PASS
168048,processed\features\168048_features.csv,1,796,15,23,16,375,0,0.9705559045226131,15,15,1.0,100.88120449874863,18.160924284019174,0,0.0,1,1.0,1.0,1.0,1.0,1,PASS
473592,processed\features\473592_features.csv,1,796,15,23,16,375,0,0.9705559045226131,15,15,1.0,77.03088524811515,18.137817348386378,0,0.0,0,1.0,1.0,1.0,1.0,1,PASS
228038,processed\features\228038_features.csv,1,796,15,23,16,375,0,0.9705559045226131,15,15,1.0,59.06335861586692,16.46638735968932,0,0.0,0,1.0,1.0,1.0,1.0,1,PASS
169021,processed\features\169021_features.csv,1,796,15,23,16,375,0,0.9705559045226131,15,15,1.0,40.148633758015094,13.65477615331386,0,0.0,0,1.0,1.0,1.0,1.0,1,PASS
471907,processed\features\471907_features.csv,1,795,15,23,16,375,0,0.9705188679245284,15,15,1.0,82.56750976100021,42.71891423060322,0,0.0,1,1.0,1.0,1.0,1.0,1,PASS
28738,processed\features\28738_features.csv,1,795,15,23,16,375,0,0.9705188679245284,15,15,1.0,110.5616861609802,40.5435394383739,0,0.0,0,1.0,1.0,1.0,1.0,1,PASS
221769,processed\features\221769_features.csv,1,795,15,23,16,375,0,0.9705188679245284,15,15,1.0,123.40221764362681,33.74813304412857,0,0.0,0,1.0,1.0,1.0,1.0,1,PASS
301763,processed\features\301763_features.csv,1,795,15,23,16,375,0,0.9705188679245284,15,15,1.0,78.30030895445675,27.734971545550803,0,0.0,0,1.0,1.0,1.0,1.0,1,PASS
296888,processed\features\296888_features.csv,1,795,15,23,16,375,0,0.9705188679245284,15,15,1.0,85.41443557717093,23.94985187598858,0,0.0,0,1.0,1.0,1.0,1.0,1,PASS
342442,processed\features\342442_features.csv,1,795,15,23,16,375,0,0.9705188679245284,15,15,1.0,88.54799396161107,22.99036133645432,0,0.0,0,1.0,1.0,1.0,1.0,1,PASS
53632,processed\features\53632_features.csv,1,795,15,23,16,375,0,0.9705188679245284,15,15,1.0,102.75545440812601,22.37480188644806,0,0.0,0,1.0,1.0,1.0,1.0,1,PASS
315428,processed\features\315428_features.csv,1,795,15,23,16,375,0,0.9705188679245284,15,15,1.0,87.38010851589662,21.008473304459407,0,0.0,0,1.0,1.0,1.0,1.0,1,PASS
212011,processed\features\212011_features.csv,1,795,15,23,16,375,0,0.9705188679245284,15,15,1.0,112.63812631394872,20.97350717545003,0,0.0,5,1.0,1.0,1.0,1.0,1,PASS
480218,processed\features\480218_features.csv,1,795,15,23,16,375,0,0.9705188679245284,15,15,1.0,165.63981737828857,14.69409290018181,0,0.0,7,1.0,1.0,1.0,1.0,1,PASS
483531,processed\features\483531_features.csv,1,794,15,23,16,375,0,0.9704817380352645,15,15,1.0,62.662385423414676,63.730083367278255,0,0.0,0,1.0,1.0,1.0,1.0,1,PASS
165447,processed\features\165447_features.csv,1,794,15,23,16,375,0,0.9704817380352645,15,15,1.0,96.43208536078836,49.309442088707414,0,0.0,0,1.0,1.0,1.0,1.0,1,PASS
444002,processed\features\444002_features.csv,1,794,15,23,16,375,0,0.9704817380352645,15,15,1.0,74.91048552979743,39.366902561097675,0,0.0,0,1.0,1.0,1.0,1.0,1,PASS
305085,processed\features\305085_features.csv,1,794,15,23,16,375,0,0.9704817380352645,15,15,1.0,143.40457906344935,35.2937577728435,0,0.0,0,1.0,1.0,1.0,1.0,1,PASS
202161,processed\features\202161_features.csv,1,794,15,23,16,375,0,0.9704817380352645,15,15,1.0,60.54599017436439,31.140712148913305,0,0.0,0,1.0,1.0,1.0,1.0,1,PASS
204110,processed\features\204110_features.csv,1,794,15,23,16,375,0,0.9704817380352645,15,15,1.0,99.44640030341307,19.90748761598843,0,0.0,1,1.0,1.0,1.0,1.0,1,PASS
150695,processed\features\150695_features.csv,1,794,15,23,16,375,0,0.9704817380352645,15,15,1.0,95.58756947809155,14.777040323302526,0,0.0,1,1.0,1.0,1.0,1.0,1,PASS
462996,processed\features\462996_features.csv,1,794,15,23,16,375,0,0.9704817380352645,15,15,1.0,125.6044889500183,10.430711782799484,0,0.0,1,1.0,1.0,1.0,1.0,1,PASS
387201,processed\features\387201_features.csv,1,793,15,23,16,375,0,0.9704445145018915,15,15,1.0,121.27172014601621,92.44980124660023,0,0.0,0,1.0,1.0,1.0,1.0,1,PASS
502724,processed\features\502724_features.csv,1,793,15,23,16,375,0,0.9704445145018915,15,15,1.0,138927.0534635344,54.63230270054419,0,0.0,1,1.0,1.0,1.0,1.0,1,PASS
340792,processed\features\340792_features.csv,1,793,15,23,16,375,0,0.9704445145018915,15,15,1.0,73.5314298138391,34.82769242349576,0,0.0,0,1.0,1.0,1.0,1.0,1,PASS
434235,processed\features\434235_features.csv,1,793,15,23,16,375,0,0.9704445145018915,15,15,1.0,439.4660362903945,33.35085052178418,0,0.0,18,1.0,1.0,1.0,1.0,1,PASS
134609,processed\features\134609_features.csv,1,793,15,23,16,375,0,0.9704445145018915,15,15,1.0,68.39699410885004,26.442443225739638,0,0.0,0,1.0,1.0,1.0,1.0,1,PASS
435339,processed\features\435339_features.csv,1,793,15,23,16,375,0,0.9704445145018915,15,15,1.0,76.70046723907397,25.911465272504405,0,0.0,0,1.0,1.0,1.0,1.0,1,PASS
429954,processed\features\429954_features.csv,1,793,15,23,16,375,0,0.9704445145018915,15,15,1.0,217.54784105204948,25.398028398795674,0,0.0,5,1.0,1.0,1.0,1.0,1,PASS
182661,processed\features\182661_features.csv,1,793,15,23,16,375,0,0.9704445145018915,15,15,1.0,66.46286072893821,25.109597678435726,0,0.0,0,1.0,1.0,1.0,1.0,1,PASS
116148,processed\features\116148_features.csv,1,793,15,23,16,375,0,0.9704445145018915,15,15,1.0,116.23493508037964,20.98471751829883,0,0.0,1,1.0,1.0,1.0,1.0,1,PASS
492528,processed\features\492528_features.csv,1,793,15,23,16,375,0,0.9704445145018915,15,15,1.0,85.91761563460626,17.3946646667891,0,0.0,0,1.0,1.0,1.0,1.0,1,PASS
127447,processed\features\127447_features.csv,1,792,15,23,16,375,0,0.970407196969697,15,15,1.0,116.8400030879674,39.111767817298706,0,0.0,0,1.0,1.0,1.0,1.0,1,PASS
260829,processed\features\260829_features.csv,1,792,15,23,16,375,0,0.970407196969697,15,15,1.0,111.7034744525112,37.47946987561166,0,0.0,0,1.0,1.0,1.0,1.0,1,PASS
268494,processed\features\268494_features.csv,1,792,15,23,16,375,0,0.970407196969697,15,15,1.0,122.96688202561072,34.419645989201754,0,0.0,5,1.0,1.0,1.0,1.0,1,PASS
77193,processed\features\77193_features.csv,1,792,15,23,16,375,0,0.970407196969697,15,15,1.0,97.266974847941,32.49959103163593,0,0.0,0,1.0,1.0,1.0,1.0,1,PASS
114561,processed\features\114561_features.csv,1,792,15,23,16,375,0,0.970407196969697,15,15,1.0,130.91714476878616,29.44427124136476,0,0.0,1,1.0,1.0,1.0,1.0,1,PASS
210281,processed\features\210281_features.csv,1,792,15,23,16,375,0,0.970407196969697,15,15,1.0,107.62633029745089,26.705543482295113,0,0.0,2,1.0,1.0,1.0,1.0,1,PASS
266463,processed\features\266463_features.csv,1,792,15,23,16,375,0,0.970407196969697,15,15,1.0,114.94974621764501,26.017661068990563,0,0.0,0,1.0,1.0,1.0,1.0,1,PASS
151712,processed\features\151712_features.csv,1,792,15,23,16,375,0,0.970407196969697,15,15,1.0,45.30160137967592,25.77259114264139,0,0.0,0,1.0,1.0,1.0,1.0,1,PASS
421077,processed\features\421077_features.csv,1,792,15,23,16,375,0,0.970407196969697,15,15,1.0,289.818611571142,24.423162682427154,0,0.0,32,1.0,1.0,1.0,1.0,1,PASS
136460,processed\features\136460_features.csv,1,792,15,23,16,375,0,0.970407196969697,15,15,1.0,56.966500033863824,23.770358776780583,0,0.0,0,1.0,1.0,1.0,1.0,1,PASS
135758,processed\features\135758_features.csv,1,792,15,23,16,375,0,0.970407196969697,15,15,1.0,132.09965740837117,23.118738709470573,0,0.0,0,1.0,1.0,1.0,1.0,1,PASS
27197,processed\features\27197_features.csv,1,792,15,23,16,375,0,0.970407196969697,15,15,1.0,156.88409346039379,22.546771670683768,0,0.0,9,1.0,1.0,1.0,1.0,1,PASS
147279,processed\features\147279_features.csv,1,792,15,23,16,375,0,0.970407196969697,15,15,1.0,59.6701645223288,22.17159419386467,0,0.0,0,1.0,1.0,1.0,1.0,1,PASS
338362,processed\features\338362_features.csv,1,792,15,23,16,375,0,0.970407196969697,15,15,1.0,112.17302106041984,20.184826858764925,0,0.0,0,1.0,1.0,1.0,1.0,1,PASS
155052,processed\features\155052_features.csv,1,792,15,23,16,375,0,0.970407196969697,15,15,1.0,94.048902691043,17.095494572606597,0,0.0,0,1.0,1.0,1.0,1.0,1,PASS
414491,processed\features\414491_features.csv,1,792,15,23,16,375,0,0.970407196969697,15,15,1.0,80.51204095857237,11.13016614103783,0,0.0,0,1.0,1.0,1.0,1.0,1,PASS
386520,processed\features\386520_features.csv,1,792,15,23,16,375,0,0.970407196969697,15,15,1.0,57.088008234384134,10.470073694847638,0,0.0,0,1.0,1.0,1.0,1.0,1,PASS
353752,processed\features\353752_features.csv,1,792,15,23,16,375,0,0.970407196969697,15,15,1.0,237.66116956599302,10.232542974744437,0,0.0,12,1.0,1.0,1.0,1.0,1,PASS
121311,processed\features\121311_features.csv,1,791,15,23,16,375,0,0.9703697850821744,15,15,1.0,197.9846262557308,88.79633918295914,0,0.0,5,1.0,1.0,1.0,1.0,1,PASS
434968,processed\features\434968_features.csv,1,791,15,23,16,375,0,0.9703697850821744,15,15,1.0,458.42143259717665,62.96490335792055,0,0.0,17,1.0,1.0,1.0,1.0,1,PASS
195319,processed\features\195319_features.csv,1,791,15,23,16,375,0,0.9703697850821744,15,15,1.0,108.62243789189304,51.60128380760892,0,0.0,2,1.0,1.0,1.0,1.0,1,PASS
59080,processed\features\59080_features.csv,1,791,15,23,16,375,0,0.9703697850821744,15,15,1.0,89.52336632762174,45.146143575984404,0,0.0,0,1.0,1.0,1.0,1.0,1,PASS
132426,processed\features\132426_features.csv,1,791,15,23,16,375,0,0.9703697850821744,15,15,1.0,75.39518523628826,39.52867332601363,0,0.0,0,1.0,1.0,1.0,1.0,1,PASS
391624,processed\features\391624_features.csv,1,791,15,23,16,375,0,0.9703697850821744,15,15,1.0,224.2913552846495,34.721267212770435,0,0.0,19,1.0,1.0,1.0,1.0,1,PASS
60609,processed\features\60609_features.csv,1,791,15,23,16,375,0,0.9703697850821744,15,15,1.0,117.51009015517961,33.153185647302884,0,0.0,0,1.0,1.0,1.0,1.0,1,PASS
248912,processed\features\248912_features.csv,1,791,15,23,16,375,0,0.9703697850821744,15,15,1.0,119.67625348141434,26.753784173963716,0,0.0,0,1.0,1.0,1.0,1.0,1,PASS
395801,processed\features\395801_features.csv,1,791,15,23,16,375,0,0.9703697850821744,15,15,1.0,72.00682718724354,21.138173564394855,0,0.0,0,1.0,1.0,1.0,1.0,1,PASS
369755,processed\features\369755_features.csv,1,791,15,23,16,375,0,0.9703697850821744,15,15,1.0,53.428746848486256,19.334591374801676,0,0.0,0,1.0,1.0,1.0,1.0,1,PASS
274906,processed\features\274906_features.csv,1,791,15,23,16,375,0,0.9703697850821744,15,15,1.0,76.76179698303969,18.905525943766435,0,0.0,0,1.0,1.0,1.0,1.0,1,PASS
441523,processed\features\441523_features.csv,1,791,15,23,16,375,0,0.9703697850821744,15,15,1.0,49.59193882122699,18.577807175678913,0,0.0,0,1.0,1.0,1.0,1.0,1,PASS
31422,processed\features\31422_features.csv,1,791,15,23,16,375,0,0.9703697850821744,15,15,1.0,156.61059739498575,11.98529945454972,0,0.0,8,1.0,1.0,1.0,1.0,1,PASS
113746,processed\features\113746_features.csv,1,790,15,23,16,375,0,0.9703322784810127,15,15,1.0,315108.9117683126,81.67534284066052,0,0.0,10,1.0,1.0,1.0,1.0,1,PASS
44693,processed\features\44693_features.csv,1,790,15,23,16,375,0,0.9703322784810127,15,15,1.0,378.6505196569029,73.17357516270457,0,0.0,15,1.0,1.0,1.0,1.0,1,PASS
196387,processed\features\196387_features.csv,1,790,15,23,16,375,0,0.9703322784810127,15,15,1.0,236.09529358734025,49.47567886273583,0,0.0,10,1.0,1.0,1.0,1.0,1,PASS
175481,processed\features\175481_features.csv,1,790,15,23,16,375,0,0.9703322784810127,15,15,1.0,104.15168052072603,39.32850144851464,0,0.0,0,1.0,1.0,1.0,1.0,1,PASS
285197,processed\features\285197_features.csv,1,790,15,23,16,375,0,0.9703322784810127,15,15,1.0,152.26318492746617,30.98471565274471,0,0.0,7,1.0,1.0,1.0,1.0,1,PASS
76497,processed\features\76497_features.csv,1,790,15,23,16,375,0,0.9703322784810127,15,15,1.0,2315.4659919315172,30.544493140758163,0,0.0,1,1.0,1.0,1.0,1.0,1,PASS
45155,processed\features\45155_features.csv,1,790,15,23,16,375,0,0.9703322784810127,15,15,1.0,159.48319578179022,27.732779194117565,0,0.0,1,1.0,1.0,1.0,1.0,1,PASS
499512,processed\features\499512_features.csv,1,790,15,23,16,375,0,0.9703322784810127,15,15,1.0,227.7477756195289,25.946287717852933,0,0.0,15,1.0,1.0,1.0,1.0,1,PASS
142958,processed\features\142958_features.csv,1,790,15,23,16,375,0,0.9703322784810127,15,15,1.0,147.20257931181717,25.860198719861735,0,0.0,2,1.0,1.0,1.0,1.0,1,PASS
245291,processed\features\245291_features.csv,1,790,15,23,16,375,0,0.9703322784810127,15,15,1.0,126.00568696139891,23.520121331039586,0,0.0,0,1.0,1.0,1.0,1.0,1,PASS
273280,processed\features\273280_features.csv,1,790,15,23,16,375,0,0.9703322784810127,15,15,1.0,164.18241134861057,23.27348352111652,0,0.0,4,1.0,1.0,1.0,1.0,1,PASS
349811,processed\features\349811_features.csv,1,790,15,23,16,375,0,0.9703322784810127,15,15,1.0,82.2365355650193,8.915311978433023,0,0.0,0,1.0,1.0,1.0,1.0,1,PASS
277327,processed\features\277327_features.csv,1,789,15,23,16,375,0,0.9702946768060836,15,15,1.0,287.7353042588585,89.93745827601754,0,0.0,18,1.0,1.0,1.0,1.0,1,PASS
21351,processed\features\21351_features.csv,1,789,15,23,16,375,0,0.9702946768060836,15,15,1.0,85.75558822657953,60.26797528959616,0,0.0,0,1.0,1.0,1.0,1.0,1,PASS
461453,processed\features\461453_features.csv,1,789,15,23,16,375,0,0.9702946768060836,15,15,1.0,94.58041637302537,43.825226205719055,0,0.0,0,1.0,1.0,1.0,1.0,1,PASS
144682,processed\features\144682_features.csv,1,789,15,23,16,375,0,0.9702946768060836,15,15,1.0,99.53226020257196,35.16697336510512,0,0.0,0,1.0,1.0,1.0,1.0,1,PASS
5974,processed\features\5974_features.csv,1,789,15,23,16,375,0,0.9702946768060836,15,15,1.0,71.51664843123022,34.2419595094573,0,0.0,0,1.0,1.0,1.0,1.0,1,PASS
83352,processed\features\83352_features.csv,1,789,15,23,16,375,0,0.9702946768060836,15,15,1.0,69.19790512604008,32.88991344483208,0,0.0,0,1.0,1.0,1.0,1.0,1,PASS
322700,processed\features\322700_features.csv,1,789,15,23,16,375,0,0.9702946768060836,15,15,1.0,64.50719168035391,32.247053916108335,0,0.0,0,1.0,1.0,1.0,1.0,1,PASS
18501,processed\features\18501_features.csv,1,789,15,23,16,375,0,0.9702946768060836,15,15,1.0,80.39053830785815,31.256966711496865,0,0.0,0,1.0,1.0,1.0,1.0,1,PASS
3460,processed\features\3460_features.csv,1,789,15,23,16,375,0,0.9702946768060836,15,15,1.0,86.22854889420535,29.027821863176115,0,0.0,0,1.0,1.0,1.0,1.0,1,PASS
256714,processed\features\256714_features.csv,1,789,15,23,16,375,0,0.9702946768060836,15,15,1.0,134.7467873503863,27.178383473224415,0,0.0,3,1.0,1.0,1.0,1.0,1,PASS
495890,processed\features\495890_features.csv,1,789,15,23,16,375,0,0.9702946768060836,15,15,1.0,102.3992755115591,26.81789288264485,0,0.0,0,1.0,1.0,1.0,1.0,1,PASS
135583,processed\features\135583_features.csv,1,789,15,23,16,375,0,0.9702946768060836,15,15,1.0,169.3145980491441,26.402420102269375,0,0.0,9,1.0,1.0,1.0,1.0,1,PASS
238434,processed\features\238434_features.csv,1,789,15,23,16,375,0,0.9702946768060836,15,15,1.0,111.2942117859186,23.19600531810306,0,0.0,0,1.0,1.0,1.0,1.0,1,PASS
259721,processed\features\259721_features.csv,1,789,15,23,16,375,0,0.9702946768060836,15,15,1.0,150.96910729603968,22.78603188044914,0,0.0,6,1.0,1.0,1.0,1.0,1,PASS
72827,processed\features\72827_features.csv,1,789,15,23,16,375,0,0.9702946768060836,15,15,1.0,78.67205988282248,22.186747190309568,0,0.0,0,1.0,1.0,1.0,1.0,1,PASS
126707,processed\features\126707_features.csv,1,789,15,23,16,375,0,0.9702946768060836,15,15,1.0,119.87422681699454,22.147278721713555,0,0.0,2,1.0,1.0,1.0,1.0,1,PASS
210021,processed\features\210021_features.csv,1,789,15,23,16,375,0,0.9702946768060836,15,15,1.0,105.78496323555574,21.787133359447886,0,0.0,0,1.0,1.0,1.0,1.0,1,PASS
473845,processed\features\473845_features.csv,1,789,15,23,16,375,0,0.9702946768060836,15,15,1.0,65.07347809030797,21.761871766074144,0,0.0,0,1.0,1.0,1.0,1.0,1,PASS
110341,processed\features\110341_features.csv,1,789,15,23,16,375,0,0.9702946768060836,15,15,1.0,91.33338652471849,15.396984942810999,0,0.0,0,1.0,1.0,1.0,1.0,1,PASS
313604,processed\features\313604_features.csv,1,789,15,23,16,375,0,0.9702946768060836,15,15,1.0,92.9391526920757,14.516440119167397,0,0.0,0,1.0,1.0,1.0,1.0,1,PASS
198839,processed\features\198839_features.csv,1,788,15,23,16,375,0,0.9702569796954315,15,15,1.0,240.15099083882794,117.38216280132472,0,0.0,13,1.0,1.0,1.0,1.0,1,PASS
277372,processed\features\277372_features.csv,1,788,15,23,16,375,0,0.9702569796954315,15,15,1.0,228.24286712376633,43.60150979785214,0,0.0,10,1.0,1.0,1.0,1.0,1,PASS
313375,processed\features\313375_features.csv,1,788,15,23,16,375,0,0.9702569796954315,15,15,1.0,71.49126196872913,37.371065566989365,0,0.0,0,1.0,1.0,1.0,1.0,1,PASS
33994,processed\features\33994_features.csv,1,788,15,23,16,375,0,0.9702569796954315,15,15,1.0,129.95766436233674,30.31214624929425,0,0.0,0,1.0,1.0,1.0,1.0,1,PASS
414959,processed\features\414959_features.csv,1,788,15,23,16,375,0,0.9702569796954315,15,15,1.0,37.28145917896191,27.76858453486576,0,0.0,0,1.0,1.0,1.0,1.0,1,PASS
259491,processed\features\259491_features.csv,1,788,15,23,16,375,0,0.9702569796954315,15,15,1.0,219.57912224654171,24.547530976443213,0,0.0,10,1.0,1.0,1.0,1.0,1,PASS
139364,processed\features\139364_features.csv,1,788,15,23,16,375,0,0.9702569796954315,15,15,1.0,137.54384166184184,23.08189167797504,0,0.0,4,1.0,1.0,1.0,1.0,1,PASS
419247,processed\features\419247_features.csv,1,788,15,23,16,375,0,0.9702569796954315,15,15,1.0,62.35641420791917,22.974529243002078,0,0.0,0,1.0,1.0,1.0,1.0,1,PASS
265009,processed\features\265009_features.csv,1,788,15,23,16,375,0,0.9702569796954315,15,15,1.0,97.73341708021232,21.997039227743755,0,0.0,1,1.0,1.0,1.0,1.0,1,PASS
290120,processed\features\290120_features.csv,1,788,15,23,16,375,0,0.9702569796954315,15,15,1.0,65.79842140382534,19.679338354340388,0,0.0,0,1.0,1.0,1.0,1.0,1,PASS
251484,processed\features\251484_features.csv,1,788,15,23,16,375,0,0.9702569796954315,15,15,1.0,82.04624951411108,19.239800420889022,0,0.0,0,1.0,1.0,1.0,1.0,1,PASS
111479,processed\features\111479_features.csv,1,788,15,23,16,375,0,0.9702569796954315,15,15,1.0,169.89475116647498,18.84764877965694,0,0.0,0,1.0,1.0,1.0,1.0,1,PASS
317293,processed\features\317293_features.csv,1,788,15,23,16,375,0,0.9702569796954315,15,15,1.0,83.67991642477088,18.630601557836215,0,0.0,0,1.0,1.0,1.0,1.0,1,PASS
130871,processed\features\130871_features.csv,1,788,15,23,16,375,0,0.9702569796954315,15,15,1.0,126.31710976131723,17.997546857157666,0,0.0,1,1.0,1.0,1.0,1.0,1,PASS
496462,processed\features\496462_features.csv,1,788,15,23,16,375,0,0.9702569796954315,15,15,1.0,128.10366687647303,17.708958680708623,0,0.0,0,1.0,1.0,1.0,1.0,1,PASS
425592,processed\features\425592_features.csv,1,788,15,23,16,375,0,0.9702569796954315,15,15,1.0,137.27948221266098,17.11282280835109,0,0.0,5,1.0,1.0,1.0,1.0,1,PASS
2744,processed\features\2744_features.csv,1,788,15,23,16,375,0,0.9702569796954315,15,15,1.0,98.59727795757875,14.243344621078684,0,0.0,0,1.0,1.0,1.0,1.0,1,PASS
264198,processed\features\264198_features.csv,1,787,15,23,16,375,0,0.9702191867852605,15,15,1.0,159678.8899779851,50.92764914687433,0,0.0,1,1.0,1.0,1.0,1.0,1,PASS
331457,processed\features\331457_features.csv,1,787,15,23,16,375,0,0.9702191867852605,15,15,1.0,133.91026777848515,41.96296300473266,0,0.0,5,1.0,1.0,1.0,1.0,1,PASS
85336,processed\features\85336_features.csv,1,787,15,23,16,375,0,0.9702191867852605,15,15,1.0,203.09112707133278,38.27610240544381,0,0.0,8,1.0,1.0,1.0,1.0,1,PASS
168425,processed\features\168425_features.csv,1,787,15,23,16,375,0,0.9702191867852605,15,15,1.0,204.86161987782395,36.81205534686996,0,0.0,10,1.0,1.0,1.0,1.0,1,PASS
419530,processed\features\419530_features.csv,1,787,15,23,16,375,0,0.9702191867852605,15,15,1.0,88.6616891399007,35.11342762469613,0,0.0,0,1.0,1.0,1.0,1.0,1,PASS
127632,processed\features\127632_features.csv,1,787,15,23,16,375,0,0.9702191867852605,15,15,1.0,53.44311515113067,29.44666962420488,0,0.0,0,1.0,1.0,1.0,1.0,1,PASS
278828,processed\features\278828_features.csv,1,787,15,23,16,375,0,0.9702191867852605,15,15,1.0,77.29997911744326,19.246860487744577,0,0.0,0,1.0,1.0,1.0,1.0,1,PASS
445886,processed\features\445886_features.csv,1,787,15,23,16,375,0,0.9702191867852605,15,15,1.0,97.20604140111197,15.63921456325796,0,0.0,0,1.0,1.0,1.0,1.0,1,PASS
78521,processed\features\78521_features.csv,1,787,15,23,16,375,0,0.9702191867852605,15,15,1.0,43.550849016766755,14.965027524792013,0,0.0,0,1.0,1.0,1.0,1.0,1,PASS
442652,processed\features\442652_features.csv,1,787,15,23,16,375,0,0.9702191867852605,15,15,1.0,75.59049821883693,10.790559434357917,0,0.0,0,1.0,1.0,1.0,1.0,1,PASS
266351,processed\features\266351_features.csv,1,786,15,23,16,375,0,0.9701812977099237,15,15,1.0,293713.51500853815,64.28184847179101,0,0.0,2,1.0,1.0,1.0,1.0,1,PASS
89841,processed\features\89841_features.csv,1,786,15,23,16,375,0,0.9701812977099237,15,15,1.0,82.10732823521998,37.43484588748157,0,0.0,0,1.0,1.0,1.0,1.0,1,PASS
364832,processed\features\364832_features.csv,1,786,15,23,16,375,0,0.9701812977099237,15,15,1.0,84.81854116060597,33.75778904576642,0,0.0,1,1.0,1.0,1.0,1.0,1,PASS
289834,processed\features\289834_features.csv,1,786,15,23,16,375,0,0.9701812977099237,15,15,1.0,119.05708212401461,31.242160782934384,0,0.0,2,1.0,1.0,1.0,1.0,1,PASS
74209,processed\features\74209_features.csv,1,786,15,23,16,375,0,0.9701812977099237,15,15,1.0,80.04647028579876,29.74689854052125,0,0.0,0,1.0,1.0,1.0,1.0,1,PASS
297174,processed\features\297174_features.csv,1,786,15,23,16,375,0,0.9701812977099237,15,15,1.0,56.671652286862624,29.076718746111382,0,0.0,0,1.0,1.0,1.0,1.0,1,PASS
257508,processed\features\257508_features.csv,1,786,15,23,16,375,0,0.9701812977099237,15,15,1.0,88.1140978200967,24.22784386931435,0,0.0,0,1.0,1.0,1.0,1.0,1,PASS
389723,processed\features\389723_features.csv,1,786,15,23,16,375,0,0.9701812977099237,15,15,1.0,131.18158561964006,18.320190840829767,0,0.0,4,1.0,1.0,1.0,1.0,1,PASS
505683,processed\features\505683_features.csv,1,786,15,23,16,375,0,0.9701812977099237,15,15,1.0,116.59605242499677,10.635010749655084,0,0.0,0,1.0,1.0,1.0,1.0,1,PASS
109119,processed\features\109119_features.csv,1,785,15,23,16,375,0,0.9701433121019108,15,15,1.0,205.41100238682895,87.56068005671605,0,0.0,12,1.0,1.0,1.0,1.0,1,PASS
65755,processed\features\65755_features.csv,1,785,15,23,16,375,0,0.9701433121019108,15,15,1.0,94.44359543113094,48.61121931991065,0,0.0,0,1.0,1.0,1.0,1.0,1,PASS
193159,processed\features\193159_features.csv,1,785,15,23,16,375,0,0.9701433121019108,15,15,1.0,186.47736262269683,43.52002622508937,0,0.0,2,1.0,1.0,1.0,1.0,1,PASS
408459,processed\features\408459_features.csv,1,785,15,23,16,375,0,0.9701433121019108,15,15,1.0,52.03257112800546,34.507541213982336,0,0.0,0,1.0,1.0,1.0,1.0,1,PASS
489636,processed\features\489636_features.csv,1,785,15,23,16,375,0,0.9701433121019108,15,15,1.0,77.317056353664,34.34182314284868,0,0.0,0,1.0,1.0,1.0,1.0,1,PASS
189645,processed\features\189645_features.csv,1,785,15,23,16,375,0,0.9701433121019108,15,15,1.0,52.91089943853987,28.81719752475834,0,0.0,0,1.0,1.0,1.0,1.0,1,PASS
464842,processed\features\464842_features.csv,1,785,15,23,16,375,0,0.9701433121019108,15,15,1.0,65.29297952743795,27.85036612710854,0,0.0,0,1.0,1.0,1.0,1.0,1,PASS
140193,processed\features\140193_features.csv,1,785,15,23,16,375,0,0.9701433121019108,15,15,1.0,87.53944497457685,26.200118134316455,0,0.0,0,1.0,1.0,1.0,1.0,1,PASS
259350,processed\features\259350_features.csv,1,785,15,23,16,375,0,0.9701433121019108,15,15,1.0,44.06780861836139,19.390988320017932,0,0.0,0,1.0,1.0,1.0,1.0,1,PASS
223665,processed\features\223665_features.csv,1,785,15,23,16,375,0,0.9701433121019108,15,15,1.0,47.35840638377809,17.651464765458865,0,0.0,0,1.0,1.0,1.0,1.0,1,PASS
189851,processed\features\189851_features.csv,1,785,15,23,16,375,0,0.9701433121019108,15,15,1.0,127.28018492265608,15.995671313943376,0,0.0,0,1.0,1.0,1.0,1.0,1,PASS
465884,processed\features\465884_features.csv,1,785,15,23,16,375,0,0.9701433121019108,15,15,1.0,71.65726485975458,14.940824869101341,0,0.0,0,1.0,1.0,1.0,1.0,1,PASS
158587,processed\features\158587_features.csv,1,785,15,23,16,375,0,0.9701433121019108,15,15,1.0,32.22425035841294,14.792193617502399,0,0.0,0,1.0,1.0,1.0,1.0,1,PASS
223790,processed\features\223790_features.csv,1,784,15,23,16,375,0,0.9701052295918368,15,15,1.0,137.7921747070764,25.801716128792926,0,0.0,0,1.0,1.0,1.0,1.0,1,PASS
212622,processed\features\212622_features.csv,1,784,15,23,16,375,0,0.9701052295918368,15,15,1.0,93.40061288033925,24.55348889208311,0,0.0,0,1.0,1.0,1.0,1.0,1,PASS
84420,processed\features\84420_features.csv,1,784,15,23,16,375,0,0.9701052295918368,15,15,1.0,48.387817092123946,22.631342998993915,0,0.0,0,1.0,1.0,1.0,1.0,1,PASS
110224,processed\features\110224_features.csv,1,784,15,23,16,375,0,0.9701052295918368,15,15,1.0,46.02317188686312,20.482100897933705,0,0.0,0,1.0,1.0,1.0,1.0,1,PASS
50118,processed\features\50118_features.csv,1,784,15,23,16,375,0,0.9701052295918368,15,15,1.0,60.28689113525629,20.248077257738824,0,0.0,0,1.0,1.0,1.0,1.0,1,PASS
229455,processed\features\229455_features.csv,1,784,15,23,16,375,0,0.9701052295918368,15,15,1.0,106.38580147061278,19.61890952595609,0,0.0,5,1.0,1.0,1.0,1.0,1,PASS
52772,processed\features\52772_features.csv,1,784,15,23,16,375,0,0.9701052295918368,15,15,1.0,70.69233585474457,15.407058327116864,0,0.0,0,1.0,1.0,1.0,1.0,1,PASS
148947,processed\features\148947_features.csv,1,783,15,23,16,375,0,0.9700670498084292,15,15,1.0,101.0694056369922,120.40905195906615,0,0.0,0,1.0,1.0,1.0,1.0,1,PASS
45429,processed\features\45429_features.csv,1,783,15,23,16,375,0,0.9700670498084292,15,15,1.0,154.09606726923002,74.84817085961869,0,0.0,5,1.0,1.0,1.0,1.0,1,PASS
369850,processed\features\369850_features.csv,1,783,15,23,16,375,0,0.9700670498084292,15,15,1.0,88.96000067805707,32.91044195352725,0,0.0,0,1.0,1.0,1.0,1.0,1,PASS
230347,processed\features\230347_features.csv,1,783,15,23,16,375,0,0.9700670498084292,15,15,1.0,101.56499395216966,30.54170595560347,0,0.0,0,1.0,1.0,1.0,1.0,1,PASS
128118,processed\features\128118_features.csv,1,783,15,23,16,375,0,0.9700670498084292,15,15,1.0,85.19153583493284,30.248111764555137,0,0.0,0,1.0,1.0,1.0,1.0,1,PASS
126772,processed\features\126772_features.csv,1,783,15,23,16,375,0,0.9700670498084292,15,15,1.0,112.37247932060046,27.81344491391752,0,0.0,5,1.0,1.0,1.0,1.0,1,PASS
243333,processed\features\243333_features.csv,1,783,15,23,16,375,0,0.9700670498084292,15,15,1.0,128.24189389410748,19.457789126960463,0,0.0,0,1.0,1.0,1.0,1.0,1,PASS
298546,processed\features\298546_features.csv,1,783,15,23,16,375,0,0.9700670498084292,15,15,1.0,112.66403470713715,18.026133586168562,0,0.0,1,1.0,1.0,1.0,1.0,1,PASS
161553,processed\features\161553_features.csv,1,783,15,23,16,375,0,0.9700670498084292,15,15,1.0,98.54556067632792,17.87523084588803,0,0.0,0,1.0,1.0,1.0,1.0,1,PASS
232242,processed\features\232242_features.csv,1,783,15,23,16,375,0,0.9700670498084292,15,15,1.0,143.80090103196412,15.64951405576358,0,0.0,6,1.0,1.0,1.0,1.0,1,PASS
66161,processed\features\66161_features.csv,1,783,15,23,16,375,0,0.9700670498084292,15,15,1.0,89.6104167204689,11.084004864555043,0,0.0,0,1.0,1.0,1.0,1.0,1,PASS
309848,processed\features\309848_features.csv,1,782,15,23,16,375,0,0.9700287723785166,15,15,1.0,92.27055780701086,46.06267891748189,0,0.0,0,1.0,1.0,1.0,1.0,1,PASS
250805,processed\features\250805_features.csv,1,782,15,23,16,375,0,0.9700287723785166,15,15,1.0,186.35575489776537,44.35568292649283,0,0.0,13,1.0,1.0,1.0,1.0,1,PASS
69198,processed\features\69198_features.csv,1,782,15,23,16,375,0,0.9700287723785166,15,15,1.0,112.91264663091727,39.78042499267178,0,0.0,5,1.0,1.0,1.0,1.0,1,PASS
263633,processed\features\263633_features.csv,1,782,15,23,16,375,0,0.9700287723785166,15,15,1.0,94.66751709079531,31.023276882658575,0,0.0,0,1.0,1.0,1.0,1.0,1,PASS
80234,processed\features\80234_features.csv,1,782,15,23,16,375,0,0.9700287723785166,15,15,1.0,66.26541598797624,26.422660044353016,0,0.0,0,1.0,1.0,1.0,1.0,1,PASS
53346,processed\features\53346_features.csv,1,782,15,23,16,375,0,0.9700287723785166,15,15,1.0,49.59215864798577,23.91703370668219,0,0.0,0,1.0,1.0,1.0,1.0,1,PASS
289155,processed\features\289155_features.csv,1,782,15,23,16,375,0,0.9700287723785166,15,15,1.0,73.76072296779697,23.670711038535273,0,0.0,0,1.0,1.0,1.0,1.0,1,PASS
400804,processed\features\400804_features.csv,1,782,15,23,16,375,0,0.9700287723785166,15,15,1.0,136.12832354400445,20.573152177545893,0,0.0,0,1.0,1.0,1.0,1.0,1,PASS
49443,processed\features\49443_features.csv,1,782,15,23,16,375,0,0.9700287723785166,15,15,1.0,50.89927425334463,19.032401117422815,0,0.0,0,1.0,1.0,1.0,1.0,1,PASS
295583,processed\features\295583_features.csv,1,782,15,23,16,375,0,0.9700287723785166,15,15,1.0,95.81748006525902,16.488626651033186,0,0.0,4,1.0,1.0,1.0,1.0,1,PASS
122919,processed\features\122919_features.csv,1,782,15,23,16,375,0,0.9700287723785166,15,15,1.0,155.11928419497127,14.092656983500056,0,0.0,7,1.0,1.0,1.0,1.0,1,PASS
149932,processed\features\149932_features.csv,1,782,15,23,16,375,0,0.9700287723785166,15,15,1.0,48.34559494007092,11.254760620289002,0,0.0,0,1.0,1.0,1.0,1.0,1,PASS
183970,processed\features\183970_features.csv,1,781,15,23,16,375,0,0.9699903969270166,15,15,1.0,90.09265530109204,65.10549549664985,0,0.0,0,1.0,1.0,1.0,1.0,1,PASS
372565,processed\features\372565_features.csv,1,781,15,23,16,375,0,0.9699903969270166,15,15,1.0,124.62647399061538,54.341748548335815,0,0.0,0,1.0,1.0,1.0,1.0,1,PASS
135267,processed\features\135267_features.csv,1,781,15,23,16,375,0,0.9699903969270166,15,15,1.0,142280.49638334961,46.02481388653226,0,0.0,1,1.0,1.0,1.0,1.0,1,PASS
119837,processed\features\119837_features.csv,1,781,15,23,16,375,0,0.9699903969270166,15,15,1.0,100.71939489303657,43.51053752803189,0,0.0,0,1.0,1.0,1.0,1.0,1,PASS
149162,processed\features\149162_features.csv,1,781,15,23,16,375,0,0.9699903969270166,15,15,1.0,125.33926862507057,43.08847633390276,0,0.0,0,1.0,1.0,1.0,1.0,1,PASS
348129,processed\features\348129_features.csv,1,781,15,23,16,375,0,0.9699903969270166,15,15,1.0,173.53760413621586,35.01272536319407,0,0.0,6,1.0,1.0,1.0,1.0,1,PASS
325068,processed\features\325068_features.csv,1,781,15,23,16,375,0,0.9699903969270166,15,15,1.0,473619.7953248507,32.29868186642654,0,0.0,18,1.0,1.0,1.0,1.0,1,PASS
469073,processed\features\469073_features.csv,1,781,15,23,16,375,0,0.9699903969270166,15,15,1.0,49.33438833440938,24.840167403825262,0,0.0,0,1.0,1.0,1.0,1.0,1,PASS
369216,processed\features\369216_features.csv,1,781,15,23,16,375,0,0.9699903969270166,15,15,1.0,107.953102656579,22.842454282059045,0,0.0,0,1.0,1.0,1.0,1.0,1,PASS
170186,processed\features\170186_features.csv,1,781,15,23,16,375,0,0.9699903969270166,15,15,1.0,90.10489136141,19.993983871776642,0,0.0,5,1.0,1.0,1.0,1.0,1,PASS
5463,processed\features\5463_features.csv,1,781,15,23,16,375,0,0.9699903969270166,15,15,1.0,85.33842681769045,19.04442596691092,0,0.0,0,1.0,1.0,1.0,1.0,1,PASS
112254,processed\features\112254_features.csv,1,781,15,23,16,375,0,0.9699903969270166,15,15,1.0,176166.3281836915,18.111170615520805,0,0.0,8,1.0,1.0,1.0,1.0,1,PASS
132559,processed\features\132559_features.csv,1,780,15,23,16,375,0,0.9699519230769231,15,15,1.0,152.37753090777474,57.40133398438529,0,0.0,0,1.0,1.0,1.0,1.0,1,PASS
296988,processed\features\296988_features.csv,1,780,15,23,16,375,0,0.9699519230769231,15,15,1.0,91.8367739352992,48.60904764561827,0,0.0,0,1.0,1.0,1.0,1.0,1,PASS
451805,processed\features\451805_features.csv,1,780,15,23,16,375,0,0.9699519230769231,15,15,1.0,99.83749967059887,48.25053632264368,0,0.0,0,1.0,1.0,1.0,1.0,1,PASS
111431,processed\features\111431_features.csv,1,780,15,23,16,375,0,0.9699519230769231,15,15,1.0,175.78279147995653,41.6991082491713,0,0.0,5,1.0,1.0,1.0,1.0,1,PASS
445591,processed\features\445591_features.csv,1,780,15,23,16,375,0,0.9699519230769231,15,15,1.0,325.9642029330029,39.79950466675295,0,0.0,17,1.0,1.0,1.0,1.0,1,PASS
160159,processed\features\160159_features.csv,1,780,15,23,16,375,0,0.9699519230769231,15,15,1.0,54.848899220573884,38.93490283832465,0,0.0,0,1.0,1.0,1.0,1.0,1,PASS
433821,processed\features\433821_features.csv,1,780,15,23,16,375,0,0.9699519230769231,15,15,1.0,143.48434607973104,32.75639814908929,0,0.0,2,1.0,1.0,1.0,1.0,1,PASS
113333,processed\features\113333_features.csv,1,780,15,23,16,375,0,0.9699519230769231,15,15,1.0,114.54601004725657,32.12931290760032,0,0.0,0,1.0,1.0,1.0,1.0,1,PASS
286320,processed\features\286320_features.csv,1,780,15,23,16,375,0,0.9699519230769231,15,15,1.0,237.10980984241735,31.048462846558262,0,0.0,13,1.0,1.0,1.0,1.0,1,PASS
151329,processed\features\151329_features.csv,1,780,15,23,16,375,0,0.9699519230769231,15,15,1.0,61.29757591482676,24.000012173472545,0,0.0,0,1.0,1.0,1.0,1.0,1,PASS
46622,processed\features\46622_features.csv,1,780,15,23,16,375,0,0.9699519230769231,15,15,1.0,80.05176046650945,22.36253448274815,0,0.0,0,1.0,1.0,1.0,1.0,1,PASS
503665,processed\features\503665_features.csv,1,780,15,23,16,375,0,0.9699519230769231,15,15,1.0,50.12790072236502,19.899372795111695,0,0.0,0,1.0,1.0,1.0,1.0,1,PASS
452062,processed\features\452062_features.csv,1,780,15,23,16,375,0,0.9699519230769231,15,15,1.0,65.77177512022325,18.698443207625385,0,0.0,0,1.0,1.0,1.0,1.0,1,PASS
258737,processed\features\258737_features.csv,1,780,15,23,16,375,0,0.9699519230769231,15,15,1.0,74.40885700067182,17.028138944963963,0,0.0,0,1.0,1.0,1.0,1.0,1,PASS
2487,processed\features\2487_features.csv,1,780,15,23,16,375,0,0.9699519230769231,15,15,1.0,68.68507917361833,16.84228205273282,0,0.0,0,1.0,1.0,1.0,1.0,1,PASS
100891,processed\features\100891_features.csv,1,780,15,23,16,375,0,0.9699519230769231,15,15,1.0,46.261287557492885,15.424497459509038,0,0.0,0,1.0,1.0,1.0,1.0,1,PASS
123944,processed\features\123944_features.csv,1,780,15,23,16,375,0,0.9699519230769231,15,15,1.0,243.22168020335639,14.834113067169717,0,0.0,22,1.0,1.0,1.0,1.0,1,PASS
312381,processed\features\312381_features.csv,1,780,15,23,16,375,0,0.9699519230769231,15,15,1.0,31.462439951521034,13.502509523151897,0,0.0,0,1.0,1.0,1.0,1.0,1,PASS
327282,processed\features\327282_features.csv,1,780,15,23,16,375,0,0.9699519230769231,15,15,1.0,131.682076682165,8.945221383533484,0,0.0,5,1.0,1.0,1.0,1.0,1,PASS
447037,processed\features\447037_features.csv,1,779,15,23,16,375,0,0.9699133504492939,15,15,1.0,335.2666575574852,45.38076329324983,0,0.0,20,1.0,1.0,1.0,1.0,1,PASS
253718,processed\features\253718_features.csv,1,779,15,23,16,375,0,0.9699133504492939,15,15,1.0,119.77652175605918,36.8814227035801,0,0.0,0,1.0,1.0,1.0,1.0,1,PASS
323014,processed\features\323014_features.csv,1,779,15,23,16,375,0,0.9699133504492939,15,15,1.0,87.16581959821609,35.03334552945149,0,0.0,0,1.0,1.0,1.0,1.0,1,PASS
258184,processed\features\258184_features.csv,1,779,15,23,16,375,0,0.9699133504492939,15,15,1.0,65.49867342635115,31.1413971997272,0,0.0,0,1.0,1.0,1.0,1.0,1,PASS
253642,processed\features\253642_features.csv,1,779,15,23,16,375,0,0.9699133504492939,15,15,1.0,121.38242759369044,26.21863839166818,0,0.0,0,1.0,1.0,1.0,1.0,1,PASS
458682,processed\features\458682_features.csv,1,779,15,23,16,375,0,0.9699133504492939,15,15,1.0,123.80591749313244,24.697686316942168,0,0.0,0,1.0,1.0,1.0,1.0,1,PASS
244337,processed\features\244337_features.csv,1,779,15,23,16,375,0,0.9699133504492939,15,15,1.0,93.63575908269972,24.6465185064271,0,0.0,0,1.0,1.0,1.0,1.0,1,PASS
443017,processed\features\443017_features.csv,1,779,15,23,16,375,0,0.9699133504492939,15,15,1.0,725613.7447527513,23.127059151798225,0,0.0,24,1.0,1.0,1.0,1.0,1,PASS
149272,processed\features\149272_features.csv,1,779,15,23,16,375,0,0.9699133504492939,15,15,1.0,106.83418155764859,19.787404095590837,0,0.0,0,1.0,1.0,1.0,1.0,1,PASS
390743,processed\features\390743_features.csv,1,779,15,23,16,375,0,0.9699133504492939,15,15,1.0,63.24704795044015,19.267983563841,0,0.0,0,1.0,1.0,1.0,1.0,1,PASS
89776,processed\features\89776_features.csv,1,779,15,23,16,375,0,0.9699133504492939,15,15,1.0,47.03814703128488,15.760921324691612,0,0.0,0,1.0,1.0,1.0,1.0,1,PASS
193258,processed\features\193258_features.csv,1,779,15,23,16,375,0,0.9699133504492939,15,15,1.0,101.99634469349415,9.751975804439942,0,0.0,0,1.0,1.0,1.0,1.0,1,PASS
239323,processed\features\239323_features.csv,1,778,15,23,16,375,0,0.9698746786632391,15,15,1.0,334849.7916819655,258.84340673895343,0,0.0,5,1.0,1.0,1.0,1.0,1,PASS
487421,processed\features\487421_features.csv,1,778,15,23,16,375,0,0.9698746786632391,15,15,1.0,149.66312229492505,64.99348544128071,0,0.0,0,1.0,1.0,1.0,1.0,1,PASS
119949,processed\features\119949_features.csv,1,778,15,23,16,375,0,0.9698746786632391,15,15,1.0,248897.41168936313,64.57386760076521,0,0.0,11,1.0,1.0,1.0,1.0,1,PASS
434270,processed\features\434270_features.csv,1,778,15,23,16,375,0,0.9698746786632391,15,15,1.0,117.8717149515813,59.5977255491956,0,0.0,0,1.0,1.0,1.0,1.0,1,PASS
127116,processed\features\127116_features.csv,1,778,15,23,16,375,0,0.9698746786632391,15,15,1.0,99.20473138429053,50.92443374009869,0,0.0,0,1.0,1.0,1.0,1.0,1,PASS
247810,processed\features\247810_features.csv,1,778,15,23,16,375,0,0.9698746786632391,15,15,1.0,119.41005405755399,39.74677942901295,0,0.0,1,1.0,1.0,1.0,1.0,1,PASS
183711,processed\features\183711_features.csv,1,778,15,23,16,375,0,0.9698746786632391,15,15,1.0,120.15706951869099,38.25136356374208,0,0.0,0,1.0,1.0,1.0,1.0,1,PASS
60453,processed\features\60453_features.csv,1,778,15,23,16,375,0,0.9698746786632391,15,15,1.0,67.65339564564576,33.48108652915768,0,0.0,0,1.0,1.0,1.0,1.0,1,PASS
475179,processed\features\475179_features.csv,1,778,15,23,16,375,0,0.9698746786632391,15,15,1.0,132.362256418741,29.472162109848142,0,0.0,6,1.0,1.0,1.0,1.0,1,PASS
413880,processed\features\413880_features.csv,1,778,15,23,16,375,0,0.9698746786632391,15,15,1.0,62.38619904389061,27.264488030476848,0,0.0,0,1.0,1.0,1.0,1.0,1,PASS
298549,processed\features\298549_features.csv,1,778,15,23,16,375,0,0.9698746786632391,15,15,1.0,303.5763668185156,26.37206426930702,0,0.0,20,1.0,1.0,1.0,1.0,1,PASS
292653,processed\features\292653_features.csv,1,778,15,23,16,375,0,0.9698746786632391,15,15,1.0,43.94512367772863,25.394483816872757,0,0.0,0,1.0,1.0,1.0,1.0,1,PASS
71800,processed\features\71800_features.csv,1,778,15,23,16,375,0,0.9698746786632391,15,15,1.0,62.73514604966316,25.07724851658687,0,0.0,0,1.0,1.0,1.0,1.0,1,PASS
47618,processed\features\47618_features.csv,1,778,15,23,16,375,0,0.9698746786632391,15,15,1.0,61.50948491503153,20.451380195254416,0,0.0,0,1.0,1.0,1.0,1.0,1,PASS
113108,processed\features\113108_features.csv,1,778,15,23,16,375,0,0.9698746786632391,15,15,1.0,82.22343021627694,14.67410115288624,0,0.0,0,1.0,1.0,1.0,1.0,1,PASS
250160,processed\features\250160_features.csv,1,778,15,23,16,375,0,0.9698746786632391,15,15,1.0,43.040331808974265,12.41823507152756,0,0.0,0,1.0,1.0,1.0,1.0,1,PASS
331763,processed\features\331763_features.csv,1,777,15,23,16,375,0,0.9698359073359073,15,15,1.0,107.06440081392869,101.45700375113151,0,0.0,0,1.0,1.0,1.0,1.0,1,PASS
403284,processed\features\403284_features.csv,1,777,15,23,16,375,0,0.9698359073359073,15,15,1.0,129.83094400279396,76.19062349577186,0,0.0,2,1.0,1.0,1.0,1.0,1,PASS
195684,processed\features\195684_features.csv,1,777,15,23,16,375,0,0.9698359073359073,15,15,1.0,164.1425758952649,46.23060475072444,0,0.0,6,1.0,1.0,1.0,1.0,1,PASS
161824,processed\features\161824_features.csv,1,777,15,23,16,375,0,0.9698359073359073,15,15,1.0,113.12217841916896,39.14984986079235,0,0.0,4,1.0,1.0,1.0,1.0,1,PASS
308885,processed\features\308885_features.csv,1,777,15,23,16,375,0,0.9698359073359073,15,15,1.0,104.09581910963627,27.16931974223923,0,0.0,0,1.0,1.0,1.0,1.0,1,PASS
412199,processed\features\412199_features.csv,1,777,15,23,16,375,0,0.9698359073359073,15,15,1.0,87.58011450245128,26.61941066300576,0,0.0,0,1.0,1.0,1.0,1.0,1,PASS
504009,processed\features\504009_features.csv,1,777,15,23,16,375,0,0.9698359073359073,15,15,1.0,57.26185640681126,20.77832492057536,0,0.0,0,1.0,1.0,1.0,1.0,1,PASS
231511,processed\features\231511_features.csv,1,777,15,23,16,375,0,0.9698359073359073,15,15,1.0,86.54760763382238,18.46651073975727,0,0.0,0,1.0,1.0,1.0,1.0,1,PASS
152712,processed\features\152712_features.csv,1,777,15,23,16,375,0,0.9698359073359073,15,15,1.0,608.7897151349443,17.649867391428536,0,0.0,26,1.0,1.0,1.0,1.0,1,PASS
391229,processed\features\391229_features.csv,1,777,15,23,16,375,0,0.9698359073359073,15,15,1.0,122.85447965951035,17.12456475074285,0,0.0,2,1.0,1.0,1.0,1.0,1,PASS
498366,processed\features\498366_features.csv,1,777,15,23,16,375,0,0.9698359073359073,15,15,1.0,139.2127010423461,16.805556188817533,0,0.0,5,1.0,1.0,1.0,1.0,1,PASS
61042,processed\features\61042_features.csv,1,777,15,23,16,375,0,0.9698359073359073,15,15,1.0,89.61720043477705,11.725018692407984,0,0.0,0,1.0,1.0,1.0,1.0,1,PASS
38735,processed\features\38735_features.csv,1,776,15,23,16,375,0,0.9697970360824743,15,15,1.0,112529.68775215728,52.056729772815345,0,0.0,6,1.0,1.0,1.0,1.0,1,PASS
357742,processed\features\357742_features.csv,1,776,15,23,16,375,0,0.9697970360824743,15,15,1.0,64.98275994413362,46.75295470198461,0,0.0,0,1.0,1.0,1.0,1.0,1,PASS
75656,processed\features\75656_features.csv,1,776,15,23,16,375,0,0.9697970360824743,15,15,1.0,180367.4714428107,43.028032697869264,0,0.0,3,1.0,1.0,1.0,1.0,1,PASS
383660,processed\features\383660_features.csv,1,776,15,23,16,375,0,0.9697970360824743,15,15,1.0,92.06296658622803,40.63597959684486,0,0.0,0,1.0,1.0,1.0,1.0,1,PASS
54020,processed\features\54020_features.csv,1,776,15,23,16,375,0,0.9697970360824743,15,15,1.0,96.65905175520726,39.04304953935957,0,0.0,0,1.0,1.0,1.0,1.0,1,PASS
324593,processed\features\324593_features.csv,1,776,15,23,16,375,0,0.9697970360824743,15,15,1.0,80.83270622216781,31.475867794349327,0,0.0,0,1.0,1.0,1.0,1.0,1,PASS
280292,processed\features\280292_features.csv,1,776,15,23,16,375,0,0.9697970360824743,15,15,1.0,254.30308285372016,30.77927908863062,0,0.0,35,1.0,1.0,1.0,1.0,1,PASS
53054,processed\features\53054_features.csv,1,776,15,23,16,375,0,0.9697970360824743,15,15,1.0,75.8453051161623,28.856070727149422,0,0.0,0,1.0,1.0,1.0,1.0,1,PASS
458568,processed\features\458568_features.csv,1,776,15,23,16,375,0,0.9697970360824743,15,15,1.0,92.19115517346893,28.097043271565234,0,0.0,0,1.0,1.0,1.0,1.0,1,PASS
465052,processed\features\465052_features.csv,1,776,15,23,16,375,0,0.9697970360824743,15,15,1.0,108.65565803151773,25.309829708926532,0,0.0,0,1.0,1.0,1.0,1.0,1,PASS
463714,processed\features\463714_features.csv,1,776,15,23,16,375,0,0.9697970360824743,15,15,1.0,57.521221436994566,22.80185326435083,0,0.0,0,1.0,1.0,1.0,1.0,1,PASS
4452,processed\features\4452_features.csv,1,776,15,23,16,375,0,0.9697970360824743,15,15,1.0,74.62553941374028,22.6416745474655,0,0.0,0,1.0,1.0,1.0,1.0,1,PASS
151467,processed\features\151467_features.csv,1,776,15,23,16,375,0,0.9697970360824743,15,15,1.0,54.21630317877188,21.895421489608523,0,0.0,0,1.0,1.0,1.0,1.0,1,PASS
47752,processed\features\47752_features.csv,1,776,15,23,16,375,0,0.9697970360824743,15,15,1.0,146.28550802420105,21.406956370411088,0,0.0,0,1.0,1.0,1.0,1.0,1,PASS
186254,processed\features\186254_features.csv,1,776,15,23,16,375,0,0.9697970360824743,15,15,1.0,127.19352917010576,21.229350821886584,0,0.0,0,1.0,1.0,1.0,1.0,1,PASS
20397,processed\features\20397_features.csv,1,776,15,23,16,375,0,0.9697970360824743,15,15,1.0,54.37307551965748,21.184869609180957,0,0.0,0,1.0,1.0,1.0,1.0,1,PASS
438837,processed\features\438837_features.csv,1,776,15,23,16,375,0,0.9697970360824743,15,15,1.0,49.21523586041611,19.01179480251517,0,0.0,0,1.0,1.0,1.0,1.0,1,PASS
499459,processed\features\499459_features.csv,1,776,15,23,16,375,0,0.9697970360824743,15,15,1.0,75.93219246579017,16.313550830101796,0,0.0,0,1.0,1.0,1.0,1.0,1,PASS
111805,processed\features\111805_features.csv,1,776,15,23,16,375,0,0.9697970360824743,15,15,1.0,90.75734511683243,16.06842278354841,0,0.0,0,1.0,1.0,1.0,1.0,1,PASS
222873,processed\features\222873_features.csv,1,776,15,23,16,375,0,0.9697970360824743,15,15,1.0,156.26271176531466,15.887752890935971,0,0.0,0,1.0,1.0,1.0,1.0,1,PASS
338988,processed\features\338988_features.csv,1,776,15,23,16,375,0,0.9697970360824743,15,15,1.0,50.31215816738158,15.639332736311097,0,0.0,0,1.0,1.0,1.0,1.0,1,PASS
486320,processed\features\486320_features.csv,1,776,15,23,16,375,0,0.9697970360824743,15,15,1.0,75.85311452574436,11.947597533450566,0,0.0,0,1.0,1.0,1.0,1.0,1,PASS
134945,processed\features\134945_features.csv,1,776,15,23,16,375,0,0.9697970360824743,15,15,1.0,48.98531706044267,10.355312396626722,0,0.0,0,1.0,1.0,1.0,1.0,1,PASS
15082,processed\features\15082_features.csv,1,775,15,23,16,375,0,0.969758064516129,15,15,1.0,140.27286602258653,72.87745712374243,0,0.0,0,1.0,1.0,1.0,1.0,1,PASS
428753,processed\features\428753_features.csv,1,775,15,23,16,375,0,0.969758064516129,15,15,1.0,57.376144124985714,33.2817664242576,0,0.0,0,1.0,1.0,1.0,1.0,1,PASS
35484,processed\features\35484_features.csv,1,775,15,23,16,375,0,0.969758064516129,15,15,1.0,135.13073008609314,26.23289406691244,0,0.0,5,1.0,1.0,1.0,1.0,1,PASS
146671,processed\features\146671_features.csv,1,775,15,23,16,375,0,0.969758064516129,15,15,1.0,160.97420100146763,23.20458680982001,0,0.0,5,1.0,1.0,1.0,1.0,1,PASS
67505,processed\features\67505_features.csv,1,775,15,23,16,375,0,0.969758064516129,15,15,1.0,96.10536355073597,22.620172230827144,0,0.0,0,1.0,1.0,1.0,1.0,1,PASS
355641,processed\features\355641_features.csv,1,775,15,23,16,375,0,0.969758064516129,15,15,1.0,56.27750428049971,22.501564026521642,0,0.0,0,1.0,1.0,1.0,1.0,1,PASS
93342,processed\features\93342_features.csv,1,775,15,23,16,375,0,0.969758064516129,15,15,1.0,155.88820695001573,22.1874673882654,0,0.0,7,1.0,1.0,1.0,1.0,1,PASS
342728,processed\features\342728_features.csv,1,775,15,23,16,375,0,0.969758064516129,15,15,1.0,220.54393246467123,19.309827345471362,0,0.0,5,1.0,1.0,1.0,1.0,1,PASS
458206,processed\features\458206_features.csv,1,775,15,23,16,375,0,0.969758064516129,15,15,1.0,109.49413951987592,13.685267348138453,0,0.0,0,1.0,1.0,1.0,1.0,1,PASS
463206,processed\features\463206_features.csv,1,774,15,23,16,375,0,0.969718992248062,15,15,1.0,76.35127230106846,34.71757576319735,0,0.0,0,1.0,1.0,1.0,1.0,1,PASS
493007,processed\features\493007_features.csv,1,774,15,23,16,375,0,0.969718992248062,15,15,1.0,207.24168147627367,34.697535989723214,0,0.0,11,1.0,1.0,1.0,1.0,1,PASS
216627,processed\features\216627_features.csv,1,774,15,23,16,375,0,0.969718992248062,15,15,1.0,53.898322268709414,30.601753462879618,0,0.0,0,1.0,1.0,1.0,1.0,1,PASS
35601,processed\features\35601_features.csv,1,774,15,23,16,375,0,0.969718992248062,15,15,1.0,197.02896190026954,29.189471392085956,0,0.0,13,1.0,1.0,1.0,1.0,1,PASS
228648,processed\features\228648_features.csv,1,774,15,23,16,375,0,0.969718992248062,15,15,1.0,76.91699303243398,26.16452139290892,0,0.0,0,1.0,1.0,1.0,1.0,1,PASS
149719,processed\features\149719_features.csv,1,774,15,23,16,375,0,0.969718992248062,15,15,1.0,62.56719945243461,23.347290453094576,0,0.0,0,1.0,1.0,1.0,1.0,1,PASS
403765,processed\features\403765_features.csv,1,774,15,23,16,375,0,0.969718992248062,15,15,1.0,41.95566439941389,16.208963167328783,0,0.0,0,1.0,1.0,1.0,1.0,1,PASS
338397,processed\features\338397_features.csv,1,774,15,23,16,375,0,0.969718992248062,15,15,1.0,54.62859044649926,12.209802938233464,0,0.0,0,1.0,1.0,1.0,1.0,1,PASS
165830,processed\features\165830_features.csv,1,774,15,23,16,375,0,0.969718992248062,15,15,1.0,48.55300786609494,11.175933961881299,0,0.0,0,1.0,1.0,1.0,1.0,1,PASS
67610,processed\features\67610_features.csv,1,774,15,23,16,375,0,0.969718992248062,15,15,1.0,78.47147495591442,9.819066028758382,0,0.0,0,1.0,1.0,1.0,1.0,1,PASS
62801,processed\features\62801_features.csv,1,773,15,23,16,375,0,0.9696798188874515,15,15,1.0,150.63487048983447,84.26922286029733,0,0.0,5,1.0,1.0,1.0,1.0,1,PASS
495440,processed\features\495440_features.csv,1,773,15,23,16,375,0,0.9696798188874515,15,15,1.0,189.82073106089686,56.00638088709859,0,0.0,5,1.0,1.0,1.0,1.0,1,PASS
429644,processed\features\429644_features.csv,1,773,15,23,16,375,0,0.9696798188874515,15,15,1.0,155.64336643570283,49.67191034011956,0,0.0,0,1.0,1.0,1.0,1.0,1,PASS
373787,processed\features\373787_features.csv,1,773,15,23,16,375,0,0.9696798188874515,15,15,1.0,67.78634031318832,42.9388388308027,0,0.0,0,1.0,1.0,1.0,1.0,1,PASS
375067,processed\features\375067_features.csv,1,773,15,23,16,375,0,0.9696798188874515,15,15,1.0,68.9205319020593,42.24248581583072,0,0.0,0,1.0,1.0,1.0,1.0,1,PASS
266383,processed\features\266383_features.csv,1,773,15,23,16,375,0,0.9696798188874515,15,15,1.0,217.89476775324957,38.92987145061693,0,0.0,8,1.0,1.0,1.0,1.0,1,PASS
177232,processed\features\177232_features.csv,1,773,15,23,16,375,0,0.9696798188874515,15,15,1.0,209.08793666653563,27.465131843572905,0,0.0,16,1.0,1.0,1.0,1.0,1,PASS
167253,processed\features\167253_features.csv,1,773,15,23,16,375,0,0.9696798188874515,15,15,1.0,66.48071632495203,27.167521101681995,0,0.0,0,1.0,1.0,1.0,1.0,1,PASS
357035,processed\features\357035_features.csv,1,773,15,23,16,375,0,0.9696798188874515,15,15,1.0,98.25637185720743,26.875097664958098,0,0.0,0,1.0,1.0,1.0,1.0,1,PASS
334883,processed\features\334883_features.csv,1,773,15,23,16,375,0,0.9696798188874515,15,15,1.0,124.76157989612217,26.395172369159873,0,0.0,0,1.0,1.0,1.0,1.0,1,PASS
145821,processed\features\145821_features.csv,1,773,15,23,16,375,0,0.9696798188874515,15,15,1.0,134.263942602284,26.363414782697678,0,0.0,0,1.0,1.0,1.0,1.0,1,PASS
32647,processed\features\32647_features.csv,1,773,15,23,16,375,0,0.9696798188874515,15,15,1.0,445.4709174046524,26.358776466280524,0,0.0,54,1.0,1.0,1.0,1.0,1,PASS
305566,processed\features\305566_features.csv,1,773,15,23,16,375,0,0.9696798188874515,15,15,1.0,109.06097169240378,26.04098718576335,0,0.0,0,1.0,1.0,1.0,1.0,1,PASS
83380,processed\features\83380_features.csv,1,773,15,23,16,375,0,0.9696798188874515,15,15,1.0,69.02725261159985,25.25867989304908,0,0.0,0,1.0,1.0,1.0,1.0,1,PASS
120921,processed\features\120921_features.csv,1,773,15,23,16,375,0,0.9696798188874515,15,15,1.0,98.08871584488497,23.740069420327412,0,0.0,0,1.0,1.0,1.0,1.0,1,PASS
502503,processed\features\502503_features.csv,1,773,15,23,16,375,0,0.9696798188874515,15,15,1.0,69.37026279041571,16.128037623637308,0,0.0,0,1.0,1.0,1.0,1.0,1,PASS
47047,processed\features\47047_features.csv,1,773,15,23,16,375,0,0.9696798188874515,15,15,1.0,72.72062128865865,15.33911227735129,0,0.0,0,1.0,1.0,1.0,1.0,1,PASS
45060,processed\features\45060_features.csv,1,773,15,23,16,375,0,0.9696798188874515,15,15,1.0,71.14673186005385,13.713627739790677,0,0.0,0,1.0,1.0,1.0,1.0,1,PASS
461865,processed\features\461865_features.csv,1,772,15,23,16,375,0,0.9696405440414507,15,15,1.0,204.45440383472976,173.3261639306508,0,0.0,7,1.0,1.0,1.0,1.0,1,PASS
332458,processed\features\332458_features.csv,1,772,15,23,16,375,0,0.9696405440414507,15,15,1.0,138.41386561181145,65.45543215595556,0,0.0,0,1.0,1.0,1.0,1.0,1,PASS
180680,processed\features\180680_features.csv,1,772,15,23,16,375,0,0.9696405440414507,15,15,1.0,125.45264687012259,46.63512448332554,0,0.0,0,1.0,1.0,1.0,1.0,1,PASS
158498,processed\features\158498_features.csv,1,772,15,23,16,375,0,0.9696405440414507,15,15,1.0,125.91928973518236,43.16811248251611,0,0.0,0,1.0,1.0,1.0,1.0,1,PASS
209215,processed\features\209215_features.csv,1,772,15,23,16,375,0,0.9696405440414507,15,15,1.0,163.49316092558004,24.489403358032348,0,0.0,5,1.0,1.0,1.0,1.0,1,PASS
162545,processed\features\162545_features.csv,1,772,15,23,16,375,0,0.9696405440414507,15,15,1.0,73.15546044429439,22.180353350442857,0,0.0,0,1.0,1.0,1.0,1.0,1,PASS
229043,processed\features\229043_features.csv,1,772,15,23,16,375,0,0.9696405440414507,15,15,1.0,71.5742293583984,17.696785437193995,0,0.0,0,1.0,1.0,1.0,1.0,1,PASS
261280,processed\features\261280_features.csv,1,772,15,23,16,375,0,0.9696405440414507,15,15,1.0,123.12541377344948,14.854521364695138,0,0.0,0,1.0,1.0,1.0,1.0,1,PASS
40942,processed\features\40942_features.csv,1,771,15,23,16,375,0,0.9696011673151751,15,15,1.0,94.83096032804063,56.766724185502625,0,0.0,0,1.0,1.0,1.0,1.0,1,PASS
283887,processed\features\283887_features.csv,1,771,15,23,16,375,0,0.9696011673151751,15,15,1.0,345.5820430232541,52.11712139317159,0,0.0,30,1.0,1.0,1.0,1.0,1,PASS
314033,processed\features\314033_features.csv,1,771,15,23,16,375,0,0.9696011673151751,15,15,1.0,103.56289250042964,49.59703344461853,0,0.0,0,1.0,1.0,1.0,1.0,1,PASS
145240,processed\features\145240_features.csv,1,771,15,23,16,375,0,0.9696011673151751,15,15,1.0,82.83712498850458,48.06796817967102,0,0.0,0,1.0,1.0,1.0,1.0,1,PASS
392961,processed\features\392961_features.csv,1,771,15,23,16,375,0,0.9696011673151751,15,15,1.0,223.26953717069628,28.544444532550877,0,0.0,10,1.0,1.0,1.0,1.0,1,PASS
193384,processed\features\193384_features.csv,1,771,15,23,16,375,0,0.9696011673151751,15,15,1.0,66.86961120048427,27.60032209215325,0,0.0,0,1.0,1.0,1.0,1.0,1,PASS
264342,processed\features\264342_features.csv,1,771,15,23,16,375,0,0.9696011673151751,15,15,1.0,101.69607589653393,23.55937723635734,0,0.0,0,1.0,1.0,1.0,1.0,1,PASS
451825,processed\features\451825_features.csv,1,771,15,23,16,375,0,0.9696011673151751,15,15,1.0,61.318693797059375,21.272818888400565,0,0.0,0,1.0,1.0,1.0,1.0,1,PASS
83539,processed\features\83539_features.csv,1,771,15,23,16,375,0,0.9696011673151751,15,15,1.0,64.18286949611532,20.05633462117904,0,0.0,0,1.0,1.0,1.0,1.0,1,PASS
375837,processed\features\375837_features.csv,1,771,15,23,16,375,0,0.9696011673151751,15,15,1.0,185.31579870473396,18.473149430320518,0,0.0,5,1.0,1.0,1.0,1.0,1,PASS
11462,processed\features\11462_features.csv,1,771,15,23,16,375,0,0.9696011673151751,15,15,1.0,67.55558034561294,16.42829006790514,0,0.0,0,1.0,1.0,1.0,1.0,1,PASS
191330,processed\features\191330_features.csv,1,771,15,23,16,375,0,0.9696011673151751,15,15,1.0,73.39446545905935,16.003156289952464,0,0.0,0,1.0,1.0,1.0,1.0,1,PASS
409966,processed\features\409966_features.csv,1,771,15,23,16,375,0,0.9696011673151751,15,15,1.0,138.89006122115282,15.091998264889021,0,0.0,4,1.0,1.0,1.0,1.0,1,PASS
97443,processed\features\97443_features.csv,1,770,15,23,16,375,0,0.9695616883116883,15,15,1.0,153.36269152015635,112.26773278875719,0,0.0,7,1.0,1.0,1.0,1.0,1,PASS
296770,processed\features\296770_features.csv,1,770,15,23,16,375,0,0.9695616883116883,15,15,1.0,134.36864820843815,90.38523255960054,0,0.0,0,1.0,1.0,1.0,1.0,1,PASS
139085,processed\features\139085_features.csv,1,770,15,23,16,375,0,0.9695616883116883,15,15,1.0,114.52889564232906,44.66484848754601,0,0.0,5,1.0,1.0,1.0,1.0,1,PASS
394051,processed\features\394051_features.csv,1,770,15,23,16,375,0,0.9695616883116883,15,15,1.0,94.84245905003647,41.661285324258195,0,0.0,0,1.0,1.0,1.0,1.0,1,PASS
465576,processed\features\465576_features.csv,1,770,15,23,16,375,0,0.9695616883116883,15,15,1.0,250.19898084303577,39.092595009874586,0,0.0,23,1.0,1.0,1.0,1.0,1,PASS
53511,processed\features\53511_features.csv,1,770,15,23,16,375,0,0.9695616883116883,15,15,1.0,308.6443694231831,38.43003138318586,0,0.0,23,1.0,1.0,1.0,1.0,1,PASS
182744,processed\features\182744_features.csv,1,770,15,23,16,375,0,0.9695616883116883,15,15,1.0,89.03992786384393,34.622090468047006,0,0.0,0,1.0,1.0,1.0,1.0,1,PASS
79747,processed\features\79747_features.csv,1,770,15,23,16,375,0,0.9695616883116883,15,15,1.0,92.96955036098672,32.953063517633225,0,0.0,0,1.0,1.0,1.0,1.0,1,PASS
136609,processed\features\136609_features.csv,1,770,15,23,16,375,0,0.9695616883116883,15,15,1.0,210.1788137581121,31.074073269886803,0,0.0,15,1.0,1.0,1.0,1.0,1,PASS
129139,processed\features\129139_features.csv,1,770,15,23,16,375,0,0.9695616883116883,15,15,1.0,102.55090373095555,23.361530989029873,0,0.0,0,1.0,1.0,1.0,1.0,1,PASS
119953,processed\features\119953_features.csv,1,770,15,23,16,375,0,0.9695616883116883,15,15,1.0,138.0668177488151,21.65465388581659,0,0.0,5,1.0,1.0,1.0,1.0,1,PASS
35329,processed\features\35329_features.csv,1,770,15,23,16,375,0,0.9695616883116883,15,15,1.0,50.20775087137843,20.574026362529263,0,0.0,0,1.0,1.0,1.0,1.0,1,PASS
359657,processed\features\359657_features.csv,1,770,15,23,16,375,0,0.9695616883116883,15,15,1.0,100.1846465503207,17.827055095337002,0,0.0,0,1.0,1.0,1.0,1.0,1,PASS
135202,processed\features\135202_features.csv,1,770,15,23,16,375,0,0.9695616883116883,15,15,1.0,95.68476511408315,10.78592227191567,0,0.0,0,1.0,1.0,1.0,1.0,1,PASS
177313,processed\features\177313_features.csv,1,770,15,23,16,375,0,0.9695616883116883,15,15,1.0,112.92426020936084,10.134438152999623,0,0.0,0,1.0,1.0,1.0,1.0,1,PASS
99549,processed\features\99549_features.csv,1,769,15,23,16,375,0,0.9695221066319896,15,15,1.0,42.27584479284788,44.437942838132514,0,0.0,0,1.0,1.0,1.0,1.0,1,PASS
442732,processed\features\442732_features.csv,1,769,15,23,16,375,0,0.9695221066319896,15,15,1.0,120.64985350568166,38.24045004988731,0,0.0,0,1.0,1.0,1.0,1.0,1,PASS
27649,processed\features\27649_features.csv,1,769,15,23,16,375,0,0.9695221066319896,15,15,1.0,222737.27613278045,30.37194417318215,0,0.0,3,1.0,1.0,1.0,1.0,1,PASS
40020,processed\features\40020_features.csv,1,769,15,23,16,375,0,0.9695221066319896,15,15,1.0,120.53814558042187,29.666728812154723,0,0.0,0,1.0,1.0,1.0,1.0,1,PASS
40761,processed\features\40761_features.csv,1,769,15,23,16,375,0,0.9695221066319896,15,15,1.0,86.10830608316512,24.113556226191207,0,0.0,0,1.0,1.0,1.0,1.0,1,PASS
95012,processed\features\95012_features.csv,1,769,15,23,16,375,0,0.9695221066319896,15,15,1.0,81.22282236989423,22.236956173780577,0,0.0,0,1.0,1.0,1.0,1.0,1,PASS
294106,processed\features\294106_features.csv,1,769,15,23,16,375,0,0.9695221066319896,15,15,1.0,40.939607866206316,21.436566080176327,0,0.0,0,1.0,1.0,1.0,1.0,1,PASS
342497,processed\features\342497_features.csv,1,769,15,23,16,375,0,0.9695221066319896,15,15,1.0,72.64420202401085,20.9723899093163,0,0.0,0,1.0,1.0,1.0,1.0,1,PASS
289435,processed\features\289435_features.csv,1,769,15,23,16,375,0,0.9695221066319896,15,15,1.0,84.25402397263106,20.302783506633457,0,0.0,0,1.0,1.0,1.0,1.0,1,PASS
332301,processed\features\332301_features.csv,1,769,15,23,16,375,0,0.9695221066319896,15,15,1.0,148.06206799509775,19.478953183852244,0,0.0,6,1.0,1.0,1.0,1.0,1,PASS
329070,processed\features\329070_features.csv,1,769,15,23,16,375,0,0.9695221066319896,15,15,1.0,53.20253485289457,18.14712436898978,0,0.0,0,1.0,1.0,1.0,1.0,1,PASS
382885,processed\features\382885_features.csv,1,769,15,23,16,375,0,0.9695221066319896,15,15,1.0,30.82791420320629,18.087379326668753,0,0.0,0,1.0,1.0,1.0,1.0,1,PASS
199323,processed\features\199323_features.csv,1,769,15,23,16,375,0,0.9695221066319896,15,15,1.0,91.59753760530647,17.424049757890344,0,0.0,4,1.0,1.0,1.0,1.0,1,PASS
10458,processed\features\10458_features.csv,1,769,15,23,16,375,0,0.9695221066319896,15,15,1.0,73.51716039845131,10.177311407712892,0,0.0,0,1.0,1.0,1.0,1.0,1,PASS
94493,processed\features\94493_features.csv,1,768,15,23,16,375,0,0.969482421875,15,15,1.0,79.79012463043398,89.77806031714243,0,0.0,0,1.0,1.0,1.0,1.0,1,PASS
146539,processed\features\146539_features.csv,1,768,15,23,16,375,0,0.969482421875,15,15,1.0,96.23638350417636,40.62308173083525,0,0.0,0,1.0,1.0,1.0,1.0,1,PASS
135564,processed\features\135564_features.csv,1,768,15,23,16,375,0,0.969482421875,15,15,1.0,83.69211068781131,34.81498220481414,0,0.0,0,1.0,1.0,1.0,1.0,1,PASS
202246,processed\features\202246_features.csv,1,768,15,23,16,375,0,0.969482421875,15,15,1.0,110.38146309751673,31.26679214324052,0,0.0,0,1.0,1.0,1.0,1.0,1,PASS
517915,processed\features\517915_features.csv,1,768,15,23,16,375,0,0.969482421875,15,15,1.0,115.07353015445985,24.75945990105425,0,0.0,0,1.0,1.0,1.0,1.0,1,PASS
449154,processed\features\449154_features.csv,1,768,15,23,16,375,0,0.969482421875,15,15,1.0,77.34286071060892,23.243242123327764,0,0.0,0,1.0,1.0,1.0,1.0,1,PASS
113643,processed\features\113643_features.csv,1,768,15,23,16,375,0,0.969482421875,15,15,1.0,50.27173429239353,20.58505718731038,0,0.0,0,1.0,1.0,1.0,1.0,1,PASS
377647,processed\features\377647_features.csv,1,768,15,23,16,375,0,0.969482421875,15,15,1.0,73.9373911198266,18.023363834170706,0,0.0,0,1.0,1.0,1.0,1.0,1,PASS
171996,processed\features\171996_features.csv,1,768,15,23,16,375,0,0.969482421875,15,15,1.0,120.76757826714132,13.413458608498923,0,0.0,0,1.0,1.0,1.0,1.0,1,PASS
152799,processed\features\152799_features.csv,1,768,15,23,16,375,0,0.969482421875,15,15,1.0,150.11214315080238,11.959892532894981,0,0.0,5,1.0,1.0,1.0,1.0,1,PASS
124716,processed\features\124716_features.csv,1,767,15,23,16,375,0,0.9694426336375489,15,15,1.0,126.4187594402428,41.15785318796321,0,0.0,5,1.0,1.0,1.0,1.0,1,PASS
345479,processed\features\345479_features.csv,1,767,15,23,16,375,0,0.9694426336375489,15,15,1.0,127.93457434053593,40.624782286806436,0,0.0,5,1.0,1.0,1.0,1.0,1,PASS
282774,processed\features\282774_features.csv,1,767,15,23,16,375,0,0.9694426336375489,15,15,1.0,538.4450328323699,32.7823125142615,0,0.0,10,1.0,1.0,1.0,1.0,1,PASS
73354,processed\features\73354_features.csv,1,767,15,23,16,375,0,0.9694426336375489,15,15,1.0,68.03316962745599,27.62450186020854,0,0.0,0,1.0,1.0,1.0,1.0,1,PASS
400239,processed\features\400239_features.csv,1,767,15,23,16,375,0,0.9694426336375489,15,15,1.0,107.8751234121311,27.441112554306436,0,0.0,0,1.0,1.0,1.0,1.0,1,PASS
414235,processed\features\414235_features.csv,1,767,15,23,16,375,0,0.9694426336375489,15,15,1.0,183.54672005783505,25.846300952157303,0,0.0,2,1.0,1.0,1.0,1.0,1,PASS
475376,processed\features\475376_features.csv,1,767,15,23,16,375,0,0.9694426336375489,15,15,1.0,65.17875377501832,23.241312449645726,0,0.0,0,1.0,1.0,1.0,1.0,1,PASS
270786,processed\features\270786_features.csv,1,767,15,23,16,375,0,0.9694426336375489,15,15,1.0,73.59425210284039,21.347125960558955,0,0.0,0,1.0,1.0,1.0,1.0,1,PASS
125232,processed\features\125232_features.csv,1,767,15,23,16,375,0,0.9694426336375489,15,15,1.0,121.98544556860232,21.198166306795816,0,0.0,4,1.0,1.0,1.0,1.0,1,PASS
159128,processed\features\159128_features.csv,1,767,15,23,16,375,0,0.9694426336375489,15,15,1.0,53.36936405708512,20.326874480444527,0,0.0,0,1.0,1.0,1.0,1.0,1,PASS
314254,processed\features\314254_features.csv,1,767,15,23,16,375,0,0.9694426336375489,15,15,1.0,118.92009531008571,18.79797271568485,0,0.0,0,1.0,1.0,1.0,1.0,1,PASS
124266,processed\features\124266_features.csv,1,767,15,23,16,375,0,0.9694426336375489,15,15,1.0,89.69177023624773,14.568647109986003,0,0.0,0,1.0,1.0,1.0,1.0,1,PASS
123001,processed\features\123001_features.csv,1,767,15,23,16,375,0,0.9694426336375489,15,15,1.0,45.56226035027698,13.905994277601774,0,0.0,0,1.0,1.0,1.0,1.0,1,PASS
115061,processed\features\115061_features.csv,1,767,15,23,16,375,0,0.9694426336375489,15,15,1.0,99.0942190348774,12.423372225667991,0,0.0,0,1.0,1.0,1.0,1.0,1,PASS
500106,processed\features\500106_features.csv,1,766,15,23,16,375,0,0.9694027415143603,15,15,1.0,301.5339185081533,89.48103474797318,0,0.0,19,1.0,1.0,1.0,1.0,1,PASS
33077,processed\features\33077_features.csv,1,766,15,23,16,375,0,0.9694027415143603,15,15,1.0,105.78172022888367,54.25348823070114,0,0.0,0,1.0,1.0,1.0,1.0,1,PASS
79630,processed\features\79630_features.csv,1,766,15,23,16,375,0,0.9694027415143603,15,15,1.0,124.89375046498546,30.332531805306708,0,0.0,0,1.0,1.0,1.0,1.0,1,PASS
111380,processed\features\111380_features.csv,1,766,15,23,16,375,0,0.9694027415143603,15,15,1.0,116.6626865752979,24.028378819116273,0,0.0,0,1.0,1.0,1.0,1.0,1,PASS
236452,processed\features\236452_features.csv,1,766,15,23,16,375,0,0.9694027415143603,15,15,1.0,69.34461309835578,20.755058227377624,0,0.0,0,1.0,1.0,1.0,1.0,1,PASS
61128,processed\features\61128_features.csv,1,766,15,23,16,375,0,0.9694027415143603,15,15,1.0,83.67661420160461,20.44173420517382,0,0.0,0,1.0,1.0,1.0,1.0,1,PASS
464559,processed\features\464559_features.csv,1,766,15,23,16,375,0,0.9694027415143603,15,15,1.0,68.25307458997912,20.09347301675172,0,0.0,0,1.0,1.0,1.0,1.0,1,PASS
194776,processed\features\194776_features.csv,1,766,15,23,16,375,0,0.9694027415143603,15,15,1.0,129.6880009812448,19.2560661007957,0,0.0,5,1.0,1.0,1.0,1.0,1,PASS
439380,processed\features\439380_features.csv,1,765,15,23,16,375,0,0.9693627450980392,15,15,1.0,211350.27966381615,94.91827717648798,0,0.0,3,1.0,1.0,1.0,1.0,1,PASS
332648,processed\features\332648_features.csv,1,765,15,23,16,375,0,0.9693627450980392,15,15,1.0,123.80854813526115,90.82007814624168,0,0.0,0,1.0,1.0,1.0,1.0,1,PASS
215835,processed\features\215835_features.csv,1,765,15,23,16,375,0,0.9693627450980392,15,15,1.0,123.5337452093705,51.65533857414906,0,0.0,1,1.0,1.0,1.0,1.0,1,PASS
87396,processed\features\87396_features.csv,1,765,15,23,16,375,0,0.9693627450980392,15,15,1.0,76.28618600112287,44.487105572358445,0,0.0,0,1.0,1.0,1.0,1.0,1,PASS
423454,processed\features\423454_features.csv,1,765,15,23,16,375,0,0.9693627450980392,15,15,1.0,110.46584483255161,43.68039638250415,0,0.0,0,1.0,1.0,1.0,1.0,1,PASS
83764,processed\features\83764_features.csv,1,765,15,23,16,375,0,0.9693627450980392,15,15,1.0,134.04662804784533,43.27546131951223,0,0.0,5,1.0,1.0,1.0,1.0,1,PASS
326773,processed\features\326773_features.csv,1,765,15,23,16,375,0,0.9693627450980392,15,15,1.0,143.88448316661353,42.60979317680474,0,0.0,9,1.0,1.0,1.0,1.0,1,PASS
150286,processed\features\150286_features.csv,1,765,15,23,16,375,0,0.9693627450980392,15,15,1.0,337.8831677140736,25.378248957883645,0,0.0,28,1.0,1.0,1.0,1.0,1,PASS
221996,processed\features\221996_features.csv,1,765,15,23,16,375,0,0.9693627450980392,15,15,1.0,54.71005769718393,24.354711202731465,0,0.0,0,1.0,1.0,1.0,1.0,1,PASS
474584,processed\features\474584_features.csv,1,765,15,23,16,375,0,0.9693627450980392,15,15,1.0,74.10027002820263,23.714402762215492,0,0.0,0,1.0,1.0,1.0,1.0,1,PASS
478131,processed\features\478131_features.csv,1,765,15,23,16,375,0,0.9693627450980392,15,15,1.0,84.48262038998554,23.64209450635511,0,0.0,0,1.0,1.0,1.0,1.0,1,PASS
122107,processed\features\122107_features.csv,1,765,15,23,16,375,0,0.9693627450980392,15,15,1.0,78.33366514990233,22.322518798124605,0,0.0,0,1.0,1.0,1.0,1.0,1,PASS
6446,processed\features\6446_features.csv,1,764,15,23,16,375,0,0.9693226439790575,15,15,1.0,120.56407099770036,67.90857494015098,0,0.0,0,1.0,1.0,1.0,1.0,1,PASS
141716,processed\features\141716_features.csv,1,764,15,23,16,375,0,0.9693226439790575,15,15,1.0,90.16642203004454,48.19994336915303,0,0.0,0,1.0,1.0,1.0,1.0,1,PASS
38572,processed\features\38572_features.csv,1,764,15,23,16,375,0,0.9693226439790575,15,15,1.0,153.43634309684094,39.766538245653926,0,0.0,0,1.0,1.0,1.0,1.0,1,PASS
55768,processed\features\55768_features.csv,1,764,15,23,16,375,0,0.9693226439790575,15,15,1.0,71.82822109602697,38.92348324499612,0,0.0,0,1.0,1.0,1.0,1.0,1,PASS
67162,processed\features\67162_features.csv,1,764,15,23,16,375,0,0.9693226439790575,15,15,1.0,56.17298209638032,36.67701151160805,0,0.0,0,1.0,1.0,1.0,1.0,1,PASS
276776,processed\features\276776_features.csv,1,764,15,23,16,375,0,0.9693226439790575,15,15,1.0,76.54628903986776,34.76909364439374,0,0.0,0,1.0,1.0,1.0,1.0,1,PASS
133974,processed\features\133974_features.csv,1,764,15,23,16,375,0,0.9693226439790575,15,15,1.0,48.496923688767765,31.07476620138451,0,0.0,0,1.0,1.0,1.0,1.0,1,PASS
216585,processed\features\216585_features.csv,1,764,15,23,16,375,0,0.9693226439790575,15,15,1.0,52.341804478419185,30.54908205727704,0,0.0,0,1.0,1.0,1.0,1.0,1,PASS
146602,processed\features\146602_features.csv,1,764,15,23,16,375,0,0.9693226439790575,15,15,1.0,299.412624302742,25.66322167148934,0,0.0,25,1.0,1.0,1.0,1.0,1,PASS
376100,processed\features\376100_features.csv,1,764,15,23,16,375,0,0.9693226439790575,15,15,1.0,67.27237679933556,24.30299325751752,0,0.0,0,1.0,1.0,1.0,1.0,1,PASS
153296,processed\features\153296_features.csv,1,764,15,23,16,375,0,0.9693226439790575,15,15,1.0,103.40795029329935,24.07399898428239,0,0.0,0,1.0,1.0,1.0,1.0,1,PASS
151177,processed\features\151177_features.csv,1,764,15,23,16,375,0,0.9693226439790575,15,15,1.0,150.17770575143481,23.966362825342728,0,0.0,0,1.0,1.0,1.0,1.0,1,PASS
509234,processed\features\509234_features.csv,1,764,15,23,16,375,0,0.9693226439790575,15,15,1.0,198.2163505325249,23.814245749895015,0,0.0,5,1.0,1.0,1.0,1.0,1,PASS
34868,processed\features\34868_features.csv,1,764,15,23,16,375,0,0.9693226439790575,15,15,1.0,47.763695746026215,22.455824016572443,0,0.0,0,1.0,1.0,1.0,1.0,1,PASS
71128,processed\features\71128_features.csv,1,764,15,23,16,375,0,0.9693226439790575,15,15,1.0,129.08893338392338,18.990099717916397,0,0.0,1,1.0,1.0,1.0,1.0,1,PASS
251994,processed\features\251994_features.csv,1,764,15,23,16,375,0,0.9693226439790575,15,15,1.0,106.6579188970039,14.896857485421357,0,0.0,0,1.0,1.0,1.0,1.0,1,PASS
48229,processed\features\48229_features.csv,1,764,15,23,16,375,0,0.9693226439790575,15,15,1.0,86.17872331538848,8.26109061220949,0,0.0,0,1.0,1.0,1.0,1.0,1,PASS
406699,processed\features\406699_features.csv,1,763,15,23,16,375,0,0.9692824377457405,15,15,1.0,63.36393901176509,44.91583231044781,0,0.0,0,1.0,1.0,1.0,1.0,1,PASS
296161,processed\features\296161_features.csv,1,763,15,23,16,375,0,0.9692824377457405,15,15,1.0,63.97204918510647,39.034566321927066,0,0.0,0,1.0,1.0,1.0,1.0,1,PASS
255321,processed\features\255321_features.csv,1,763,15,23,16,375,0,0.9692824377457405,15,15,1.0,186.20960574677054,31.53601008370741,0,0.0,5,1.0,1.0,1.0,1.0,1,PASS
9339,processed\features\9339_features.csv,1,763,15,23,16,375,0,0.9692824377457405,15,15,1.0,120.06470101132766,29.4587920759542,0,0.0,0,1.0,1.0,1.0,1.0,1,PASS
156841,processed\features\156841_features.csv,1,763,15,23,16,375,0,0.9692824377457405,15,15,1.0,80.64976942260424,29.173622165907194,0,0.0,0,1.0,1.0,1.0,1.0,1,PASS
40905,processed\features\40905_features.csv,1,763,15,23,16,375,0,0.9692824377457405,15,15,1.0,69.61549595418641,28.223406142395955,0,0.0,0,1.0,1.0,1.0,1.0,1,PASS
121694,processed\features\121694_features.csv,1,763,15,23,16,375,0,0.9692824377457405,15,15,1.0,71.42299938061475,27.330991955691214,0,0.0,0,1.0,1.0,1.0,1.0,1,PASS
108373,processed\features\108373_features.csv,1,763,15,23,16,375,0,0.9692824377457405,15,15,1.0,88.61349372758289,26.69772377216314,0,0.0,0,1.0,1.0,1.0,1.0,1,PASS
307420,processed\features\307420_features.csv,1,763,15,23,16,375,0,0.9692824377457405,15,15,1.0,98.91803927490473,26.679994482406013,0,0.0,4,1.0,1.0,1.0,1.0,1,PASS
121782,processed\features\121782_features.csv,1,763,15,23,16,375,0,0.9692824377457405,15,15,1.0,82.26611191908869,21.956483422626174,0,0.0,0,1.0,1.0,1.0,1.0,1,PASS
202717,processed\features\202717_features.csv,1,763,15,23,16,375,0,0.9692824377457405,15,15,1.0,63.218363896110105,14.829063288844619,0,0.0,0,1.0,1.0,1.0,1.0,1,PASS
195940,processed\features\195940_features.csv,1,763,15,23,16,375,0,0.9692824377457405,15,15,1.0,56.0730028482324,8.884567632155159,0,0.0,0,1.0,1.0,1.0,1.0,1,PASS
231462,processed\features\231462_features.csv,1,762,15,23,16,375,0,0.969242125984252,15,15,1.0,186.44954615926287,117.7169847835055,0,0.0,0,1.0,1.0,1.0,1.0,1,PASS
128276,processed\features\128276_features.csv,1,762,15,23,16,375,0,0.969242125984252,15,15,1.0,5695.509618118869,114.78900973094565,0,0.0,3,1.0,1.0,1.0,1.0,1,PASS
222197,processed\features\222197_features.csv,1,762,15,23,16,375,0,0.969242125984252,15,15,1.0,47.791303081582484,37.051149481403876,0,0.0,0,1.0,1.0,1.0,1.0,1,PASS
32596,processed\features\32596_features.csv,1,762,15,23,16,375,0,0.969242125984252,15,15,1.0,76.10183572560251,34.1965932452015,0,0.0,0,1.0,1.0,1.0,1.0,1,PASS
37275,processed\features\37275_features.csv,1,762,15,23,16,375,0,0.969242125984252,15,15,1.0,85.19446537025942,27.50372482694784,0,0.0,0,1.0,1.0,1.0,1.0,1,PASS
84940,processed\features\84940_features.csv,1,762,15,23,16,375,0,0.969242125984252,15,15,1.0,48.561570963288425,24.52889597460038,0,0.0,0,1.0,1.0,1.0,1.0,1,PASS
19860,processed\features\19860_features.csv,1,762,15,23,16,375,0,0.969242125984252,15,15,1.0,82.64966799200982,20.561308202038497,0,0.0,0,1.0,1.0,1.0,1.0,1,PASS
250257,processed\features\250257_features.csv,1,762,15,23,16,375,0,0.969242125984252,15,15,1.0,82.88755112962731,19.917754427741713,0,0.0,0,1.0,1.0,1.0,1.0,1,PASS
61920,processed\features\61920_features.csv,1,762,15,23,16,375,0,0.969242125984252,15,15,1.0,152.44620152574882,17.395048586301773,0,0.0,0,1.0,1.0,1.0,1.0,1,PASS
204042,processed\features\204042_features.csv,1,762,15,23,16,375,0,0.969242125984252,15,15,1.0,61.357035750235895,12.798494537899078,0,0.0,0,1.0,1.0,1.0,1.0,1,PASS
252511,processed\features\252511_features.csv,1,761,15,23,16,375,0,0.9692017082785808,15,15,1.0,180.2887690655328,103.79325565492192,0,0.0,0,1.0,1.0,1.0,1.0,1,PASS
258285,processed\features\258285_features.csv,1,761,15,23,16,375,0,0.9692017082785808,15,15,1.0,2194883.549403084,64.43003692596673,0,0.0,16,1.0,1.0,1.0,1.0,1,PASS
309738,processed\features\309738_features.csv,1,761,15,23,16,375,0,0.9692017082785808,15,15,1.0,163.90672490396202,54.53030892925866,0,0.0,6,1.0,1.0,1.0,1.0,1,PASS
353276,processed\features\353276_features.csv,1,761,15,23,16,375,0,0.9692017082785808,15,15,1.0,69.42819078210175,44.41953570738927,0,0.0,0,1.0,1.0,1.0,1.0,1,PASS
348248,processed\features\348248_features.csv,1,761,15,23,16,375,0,0.9692017082785808,15,15,1.0,104.75807557023988,31.439032880408764,0,0.0,0,1.0,1.0,1.0,1.0,1,PASS
133338,processed\features\133338_features.csv,1,761,15,23,16,375,0,0.9692017082785808,15,15,1.0,57.50342418785884,29.85855707701107,0,0.0,0,1.0,1.0,1.0,1.0,1,PASS
44139,processed\features\44139_features.csv,1,761,15,23,16,375,0,0.9692017082785808,15,15,1.0,100.51273498383995,24.243748829069645,0,0.0,0,1.0,1.0,1.0,1.0,1,PASS
82505,processed\features\82505_features.csv,1,761,15,23,16,375,0,0.9692017082785808,15,15,1.0,70.78018584675573,22.67786599787717,0,0.0,0,1.0,1.0,1.0,1.0,1,PASS
61365,processed\features\61365_features.csv,1,761,15,23,16,375,0,0.9692017082785808,15,15,1.0,36.824235331375796,22.459060923143298,0,0.0,0,1.0,1.0,1.0,1.0,1,PASS
96078,processed\features\96078_features.csv,1,761,15,23,16,375,0,0.9692017082785808,15,15,1.0,118.61829536231181,18.597649568204112,0,0.0,0,1.0,1.0,1.0,1.0,1,PASS
372906,processed\features\372906_features.csv,1,761,15,23,16,375,0,0.9692017082785808,15,15,1.0,55.046686601084446,18.119974434412853,0,0.0,0,1.0,1.0,1.0,1.0,1,PASS
48932,processed\features\48932_features.csv,1,761,15,23,16,375,0,0.9692017082785808,15,15,1.0,47.11034715206029,18.11713020847171,0,0.0,0,1.0,1.0,1.0,1.0,1,PASS
460368,processed\features\460368_features.csv,1,761,15,23,16,375,0,0.9692017082785808,15,15,1.0,48.829496670751794,16.37839387282957,0,0.0,0,1.0,1.0,1.0,1.0,1,PASS
492304,processed\features\492304_features.csv,1,761,15,23,16,375,0,0.9692017082785808,15,15,1.0,131.79716810036857,13.920941960410662,0,0.0,0,1.0,1.0,1.0,1.0,1,PASS
135279,processed\features\135279_features.csv,1,761,15,23,16,375,0,0.9692017082785808,15,15,1.0,255.37078528653763,13.796863912204262,0,0.0,15,1.0,1.0,1.0,1.0,1,PASS
38160,processed\features\38160_features.csv,1,760,15,23,16,375,0,0.9691611842105263,15,15,1.0,264.13509604725954,33.29173138280969,0,0.0,13,1.0,1.0,1.0,1.0,1,PASS
69803,processed\features\69803_features.csv,1,760,15,23,16,375,0,0.9691611842105263,15,15,1.0,107.06586392997872,31.590252806183937,0,0.0,0,1.0,1.0,1.0,1.0,1,PASS
239968,processed\features\239968_features.csv,1,760,15,23,16,375,0,0.9691611842105263,15,15,1.0,75.25578647625431,26.614571586949438,0,0.0,0,1.0,1.0,1.0,1.0,1,PASS
286354,processed\features\286354_features.csv,1,760,15,23,16,375,0,0.9691611842105263,15,15,1.0,122.60198554285066,24.582710105992803,0,0.0,0,1.0,1.0,1.0,1.0,1,PASS
67444,processed\features\67444_features.csv,1,760,15,23,16,375,0,0.9691611842105263,15,15,1.0,52.27273487970566,22.055022391979413,0,0.0,0,1.0,1.0,1.0,1.0,1,PASS
169280,processed\features\169280_features.csv,1,760,15,23,16,375,0,0.9691611842105263,15,15,1.0,110.82888441836882,19.584427886981107,0,0.0,0,1.0,1.0,1.0,1.0,1,PASS
281808,processed\features\281808_features.csv,1,760,15,23,16,375,0,0.9691611842105263,15,15,1.0,58.676629896631894,18.628350734068693,0,0.0,0,1.0,1.0,1.0,1.0,1,PASS
199337,processed\features\199337_features.csv,1,760,15,23,16,375,0,0.9691611842105263,15,15,1.0,118.6112967080516,15.383306964565676,0,0.0,0,1.0,1.0,1.0,1.0,1,PASS
368204,processed\features\368204_features.csv,1,760,15,23,16,375,0,0.9691611842105263,15,15,1.0,114.00500350562328,11.408513804983581,0,0.0,5,1.0,1.0,1.0,1.0,1,PASS
104573,processed\features\104573_features.csv,1,760,15,23,16,375,0,0.9691611842105263,15,15,1.0,49.39888216075126,9.23109151438755,0,0.0,0,1.0,1.0,1.0,1.0,1,PASS
335359,processed\features\335359_features.csv,1,759,15,23,16,375,0,0.9691205533596838,15,15,1.0,140.23703379719078,78.47973650409097,0,0.0,0,1.0,1.0,1.0,1.0,1,PASS
442081,processed\features\442081_features.csv,1,759,15,23,16,375,0,0.9691205533596838,15,15,1.0,92.82188892260672,65.80664169940795,0,0.0,0,1.0,1.0,1.0,1.0,1,PASS
186594,processed\features\186594_features.csv,1,759,15,23,16,375,0,0.9691205533596838,15,15,1.0,352.4719564869034,57.1009391493811,0,0.0,30,1.0,1.0,1.0,1.0,1,PASS
356464,processed\features\356464_features.csv,1,759,15,23,16,375,0,0.9691205533596838,15,15,1.0,79.82399671634425,56.32976762304101,0,0.0,0,1.0,1.0,1.0,1.0,1,PASS
255293,processed\features\255293_features.csv,1,759,15,23,16,375,0,0.9691205533596838,15,15,1.0,113.35914093103241,55.94692819681616,0,0.0,0,1.0,1.0,1.0,1.0,1,PASS
475728,processed\features\475728_features.csv,1,759,15,23,16,375,0,0.9691205533596838,15,15,1.0,86.21641023591764,54.42245893381835,0,0.0,0,1.0,1.0,1.0,1.0,1,PASS
478101,processed\features\478101_features.csv,1,759,15,23,16,375,0,0.9691205533596838,15,15,1.0,139.71347149635113,44.47210976088742,0,0.0,1,1.0,1.0,1.0,1.0,1,PASS
489676,processed\features\489676_features.csv,1,759,15,23,16,375,0,0.9691205533596838,15,15,1.0,145.69791886266557,40.165994925482174,0,0.0,0,1.0,1.0,1.0,1.0,1,PASS
313073,processed\features\313073_features.csv,1,759,15,23,16,375,0,0.9691205533596838,15,15,1.0,56.89533273079143,37.82065371475689,0,0.0,0,1.0,1.0,1.0,1.0,1,PASS
135767,processed\features\135767_features.csv,1,759,15,23,16,375,0,0.9691205533596838,15,15,1.0,61.76958051279983,34.5401488583294,0,0.0,0,1.0,1.0,1.0,1.0,1,PASS
235661,processed\features\235661_features.csv,1,759,15,23,16,375,0,0.9691205533596838,15,15,1.0,71.78508643168018,28.135031121601216,0,0.0,0,1.0,1.0,1.0,1.0,1,PASS
122002,processed\features\122002_features.csv,1,759,15,23,16,375,0,0.9691205533596838,15,15,1.0,56.81021399474267,27.91180625602501,0,0.0,0,1.0,1.0,1.0,1.0,1,PASS
9095,processed\features\9095_features.csv,1,759,15,23,16,375,0,0.9691205533596838,15,15,1.0,123.95321951131486,26.044408404669028,0,0.0,0,1.0,1.0,1.0,1.0,1,PASS
308980,processed\features\308980_features.csv,1,759,15,23,16,375,0,0.9691205533596838,15,15,1.0,125.80420026968292,25.489357962351374,0,0.0,5,1.0,1.0,1.0,1.0,1,PASS
392251,processed\features\392251_features.csv,1,759,15,23,16,375,0,0.9691205533596838,15,15,1.0,139.9685244878434,22.882225035210013,0,0.0,1,1.0,1.0,1.0,1.0,1,PASS
296065,processed\features\296065_features.csv,1,759,15,23,16,375,0,0.9691205533596838,15,15,1.0,220.8220174596999,20.8151601315244,0,0.0,5,1.0,1.0,1.0,1.0,1,PASS
915,processed\features\915_features.csv,1,759,15,23,16,375,0,0.9691205533596838,15,15,1.0,79.48125723616864,19.38045560508462,0,0.0,0,1.0,1.0,1.0,1.0,1,PASS
238539,processed\features\238539_features.csv,1,759,15,23,16,375,0,0.9691205533596838,15,15,1.0,94.69841950995058,16.93794844099655,0,0.0,0,1.0,1.0,1.0,1.0,1,PASS
331372,processed\features\331372_features.csv,1,759,15,23,16,375,0,0.9691205533596838,15,15,1.0,269.032150221694,13.936617429608175,0,0.0,16,1.0,1.0,1.0,1.0,1,PASS
267369,processed\features\267369_features.csv,1,759,15,23,16,375,0,0.9691205533596838,15,15,1.0,50.171209728049796,13.246131675254926,0,0.0,0,1.0,1.0,1.0,1.0,1,PASS
14838,processed\features\14838_features.csv,1,758,15,23,16,375,0,0.9690798153034301,15,15,1.0,283.86513834241157,58.64734072794161,0,0.0,22,1.0,1.0,1.0,1.0,1,PASS
259621,processed\features\259621_features.csv,1,758,15,23,16,375,0,0.9690798153034301,15,15,1.0,131.4466771357985,40.810362029898,0,0.0,0,1.0,1.0,1.0,1.0,1,PASS
325684,processed\features\325684_features.csv,1,758,15,23,16,375,0,0.9690798153034301,15,15,1.0,137.21794651956432,31.560294969821392,0,0.0,4,1.0,1.0,1.0,1.0,1,PASS
509120,processed\features\509120_features.csv,1,758,15,23,16,375,0,0.9690798153034301,15,15,1.0,181.51366906640297,23.998080439290483,0,0.0,7,1.0,1.0,1.0,1.0,1,PASS
485060,processed\features\485060_features.csv,1,758,15,23,16,375,0,0.9690798153034301,15,15,1.0,156.8719307637511,19.889814100230595,0,0.0,0,1.0,1.0,1.0,1.0,1,PASS
79072,processed\features\79072_features.csv,1,758,15,23,16,375,0,0.9690798153034301,15,15,1.0,30.83261794162655,15.758269605397395,0,0.0,0,1.0,1.0,1.0,1.0,1,PASS
27452,processed\features\27452_features.csv,1,758,15,23,16,375,0,0.9690798153034301,15,15,1.0,94.72224465152637,15.237385653796101,0,0.0,1,1.0,1.0,1.0,1.0,1,PASS
142514,processed\features\142514_features.csv,1,758,15,23,16,375,0,0.9690798153034301,15,15,1.0,114.4115365688021,11.261073305074095,0,0.0,0,1.0,1.0,1.0,1.0,1,PASS
309241,processed\features\309241_features.csv,1,757,15,23,16,375,0,0.9690389696169088,15,15,1.0,124.67466539735591,90.52072958735556,0,0.0,0,1.0,1.0,1.0,1.0,1,PASS
243082,processed\features\243082_features.csv,1,757,15,23,16,375,0,0.9690389696169088,15,15,1.0,669548.5408031577,67.77298376040102,0,0.0,18,1.0,1.0,1.0,1.0,1,PASS
247701,processed\features\247701_features.csv,1,757,15,23,16,375,0,0.9690389696169088,15,15,1.0,112.8970600040087,67.33133209550041,0,0.0,2,1.0,1.0,1.0,1.0,1,PASS
128054,processed\features\128054_features.csv,1,757,15,23,16,375,0,0.9690389696169088,15,15,1.0,144.05154057831365,64.22089705511094,0,0.0,0,1.0,1.0,1.0,1.0,1,PASS
428740,processed\features\428740_features.csv,1,757,15,23,16,375,0,0.9690389696169088,15,15,1.0,114.37094102949719,50.11693303136731,0,0.0,0,1.0,1.0,1.0,1.0,1,PASS
283201,processed\features\283201_features.csv,1,757,15,23,16,375,0,0.9690389696169088,15,15,1.0,220.46030200897673,37.412363347491,0,0.0,5,1.0,1.0,1.0,1.0,1,PASS
438707,processed\features\438707_features.csv,1,757,15,23,16,375,0,0.9690389696169088,15,15,1.0,137.1114435611315,33.30459415549613,0,0.0,0,1.0,1.0,1.0,1.0,1,PASS
252636,processed\features\252636_features.csv,1,757,15,23,16,375,0,0.9690389696169088,15,15,1.0,140.76867265991476,33.22136081411162,0,0.0,0,1.0,1.0,1.0,1.0,1,PASS
169327,processed\features\169327_features.csv,1,757,15,23,16,375,0,0.9690389696169088,15,15,1.0,151.81651311502785,29.085840486281164,0,0.0,3,1.0,1.0,1.0,1.0,1,PASS
275518,processed\features\275518_features.csv,1,757,15,23,16,375,0,0.9690389696169088,15,15,1.0,252.65927535337897,25.4504058953217,0,0.0,20,1.0,1.0,1.0,1.0,1,PASS
18343,processed\features\18343_features.csv,1,757,15,23,16,375,0,0.9690389696169088,15,15,1.0,115.15608813762267,22.372750114944758,0,0.0,5,1.0,1.0,1.0,1.0,1,PASS
136421,processed\features\136421_features.csv,1,757,15,23,16,375,0,0.9690389696169088,15,15,1.0,87.80563220125713,19.963319285331643,0,0.0,0,1.0,1.0,1.0,1.0,1,PASS
145698,processed\features\145698_features.csv,1,757,15,23,16,375,0,0.9690389696169088,15,15,1.0,163.19006845021315,19.609448548229643,0,0.0,5,1.0,1.0,1.0,1.0,1,PASS
66047,processed\features\66047_features.csv,1,757,15,23,16,375,0,0.9690389696169088,15,15,1.0,54.14966389773636,19.060108496312736,0,0.0,0,1.0,1.0,1.0,1.0,1,PASS
128475,processed\features\128475_features.csv,1,757,15,23,16,375,0,0.9690389696169088,15,15,1.0,94.5519171843948,18.46920873969844,0,0.0,0,1.0,1.0,1.0,1.0,1,PASS
291869,processed\features\291869_features.csv,1,757,15,23,16,375,0,0.9690389696169088,15,15,1.0,189.0279250597112,18.128975412517406,0,0.0,11,1.0,1.0,1.0,1.0,1,PASS
167447,processed\features\167447_features.csv,1,757,15,23,16,375,0,0.9690389696169088,15,15,1.0,99.07759302332364,17.05445763067251,0,0.0,0,1.0,1.0,1.0,1.0,1,PASS
130788,processed\features\130788_features.csv,1,756,15,23,16,375,0,0.9689980158730159,15,15,1.0,186.68920125492673,201.68881286800385,0,0.0,9,1.0,1.0,1.0,1.0,1,PASS
490119,processed\features\490119_features.csv,1,756,15,23,16,375,0,0.9689980158730159,15,15,1.0,558.4944474264579,94.028269827674,0,0.0,18,1.0,1.0,1.0,1.0,1,PASS
171120,processed\features\171120_features.csv,1,756,15,23,16,375,0,0.9689980158730159,15,15,1.0,84.75586520674756,80.97069759968079,0,0.0,0,1.0,1.0,1.0,1.0,1,PASS
207055,processed\features\207055_features.csv,1,756,15,23,16,375,0,0.9689980158730159,15,15,1.0,138.1120987104678,78.23066005268963,0,0.0,0,1.0,1.0,1.0,1.0,1,PASS
507968,processed\features\507968_features.csv,1,756,15,23,16,375,0,0.9689980158730159,15,15,1.0,87.69229447418907,53.00511796494194,0,0.0,0,1.0,1.0,1.0,1.0,1,PASS
323880,processed\features\323880_features.csv,1,756,15,23,16,375,0,0.9689980158730159,15,15,1.0,242946.21618579252,42.40275997203182,0,0.0,7,1.0,1.0,1.0,1.0,1,PASS
473702,processed\features\473702_features.csv,1,756,15,23,16,375,0,0.9689980158730159,15,15,1.0,110.1083493922633,40.667032783499224,0,0.0,0,1.0,1.0,1.0,1.0,1,PASS
325362,processed\features\325362_features.csv,1,756,15,23,16,375,0,0.9689980158730159,15,15,1.0,183653.66728159378,35.07499753895232,0,0.0,1,1.0,1.0,1.0,1.0,1,PASS
232129,processed\features\232129_features.csv,1,756,15,23,16,375,0,0.9689980158730159,15,15,1.0,104.1568843043641,33.427738973115765,0,0.0,0,1.0,1.0,1.0,1.0,1,PASS
25265,processed\features\25265_features.csv,1,756,15,23,16,375,0,0.9689980158730159,15,15,1.0,56.06978259816971,33.322688648611624,0,0.0,0,1.0,1.0,1.0,1.0,1,PASS
496744,processed\features\496744_features.csv,1,756,15,23,16,375,0,0.9689980158730159,15,15,1.0,164.8781809897249,31.679345341356925,0,0.0,9,1.0,1.0,1.0,1.0,1,PASS
2705,processed\features\2705_features.csv,1,756,15,23,16,375,0,0.9689980158730159,15,15,1.0,86.06980509080876,29.73238787945654,0,0.0,0,1.0,1.0,1.0,1.0,1,PASS
300652,processed\features\300652_features.csv,1,756,15,23,16,375,0,0.9689980158730159,15,15,1.0,46.93671278075085,29.428084967536257,0,0.0,0,1.0,1.0,1.0,1.0,1,PASS
430514,processed\features\430514_features.csv,1,756,15,23,16,375,0,0.9689980158730159,15,15,1.0,59.026732211009545,28.875927679227637,0,0.0,0,1.0,1.0,1.0,1.0,1,PASS
26890,processed\features\26890_features.csv,1,756,15,23,16,375,0,0.9689980158730159,15,15,1.0,123.76488552190109,28.75553837055282,0,0.0,0,1.0,1.0,1.0,1.0,1,PASS
386796,processed\features\386796_features.csv,1,756,15,23,16,375,0,0.9689980158730159,15,15,1.0,322.974848857662,26.310374106150434,0,0.0,28,1.0,1.0,1.0,1.0,1,PASS
287083,processed\features\287083_features.csv,1,756,15,23,16,375,0,0.9689980158730159,15,15,1.0,90.71623613063879,25.730457344720072,0,0.0,0,1.0,1.0,1.0,1.0,1,PASS
350839,processed\features\350839_features.csv,1,756,15,23,16,375,0,0.9689980158730159,15,15,1.0,57.30340274589976,24.38205694564336,0,0.0,0,1.0,1.0,1.0,1.0,1,PASS
478296,processed\features\478296_features.csv,1,756,15,23,16,375,0,0.9689980158730159,15,15,1.0,127.69807708836102,23.12400383222767,0,0.0,0,1.0,1.0,1.0,1.0,1,PASS
137377,processed\features\137377_features.csv,1,756,15,23,16,375,0,0.9689980158730159,15,15,1.0,34.972367285285884,22.111079565708543,0,0.0,0,1.0,1.0,1.0,1.0,1,PASS
7695,processed\features\7695_features.csv,1,756,15,23,16,375,0,0.9689980158730159,15,15,1.0,71.73257942214069,21.835147304582016,0,0.0,0,1.0,1.0,1.0,1.0,1,PASS
180594,processed\features\180594_features.csv,1,756,15,23,16,375,0,0.9689980158730159,15,15,1.0,87.91499124460749,21.11275677988708,0,0.0,0,1.0,1.0,1.0,1.0,1,PASS
202811,processed\features\202811_features.csv,1,756,15,23,16,375,0,0.9689980158730159,15,15,1.0,36.88190881269607,21.051101524433058,0,0.0,0,1.0,1.0,1.0,1.0,1,PASS
271490,processed\features\271490_features.csv,1,756,15,23,16,375,0,0.9689980158730159,15,15,1.0,47.78707992416916,20.301882488931568,0,0.0,0,1.0,1.0,1.0,1.0,1,PASS
92217,processed\features\92217_features.csv,1,756,15,23,16,375,0,0.9689980158730159,15,15,1.0,110.64379191074802,14.817857855308818,0,0.0,0,1.0,1.0,1.0,1.0,1,PASS
269290,processed\features\269290_features.csv,1,756,15,23,16,375,0,0.9689980158730159,15,15,1.0,190.10350798307638,12.580153432616434,0,0.0,11,1.0,1.0,1.0,1.0,1,PASS
19956,processed\features\19956_features.csv,1,755,15,23,16,375,0,0.9689569536423841,15,15,1.0,605.3902849690024,62.26026859064085,0,0.0,61,1.0,1.0,1.0,1.0,1,PASS
143263,processed\features\143263_features.csv,1,755,15,23,16,375,0,0.9689569536423841,15,15,1.0,163143.37525026247,47.05041218256757,0,0.0,2,1.0,1.0,1.0,1.0,1,PASS
13892,processed\features\13892_features.csv,1,755,15,23,16,375,0,0.9689569536423841,15,15,1.0,147.24829416346148,43.660128018854195,0,0.0,0,1.0,1.0,1.0,1.0,1,PASS
196860,processed\features\196860_features.csv,1,755,15,23,16,375,0,0.9689569536423841,15,15,1.0,191.99052020611964,42.98162614889695,0,0.0,11,1.0,1.0,1.0,1.0,1,PASS
473052,processed\features\473052_features.csv,1,755,15,23,16,375,0,0.9689569536423841,15,15,1.0,72.61458953148806,39.55928064194619,0,0.0,0,1.0,1.0,1.0,1.0,1,PASS
117783,processed\features\117783_features.csv,1,755,15,23,16,375,0,0.9689569536423841,15,15,1.0,70.03233236893425,37.42657087703702,0,0.0,0,1.0,1.0,1.0,1.0,1,PASS
31,processed\features\31_features.csv,1,755,15,23,16,375,0,0.9689569536423841,15,15,1.0,53.107262950799864,35.14159224309528,0,0.0,0,1.0,1.0,1.0,1.0,1,PASS
477243,processed\features\477243_features.csv,1,755,15,23,16,375,0,0.9689569536423841,15,15,1.0,78.02502001698035,33.3840065382459,0,0.0,0,1.0,1.0,1.0,1.0,1,PASS
69408,processed\features\69408_features.csv,1,755,15,23,16,375,0,0.9689569536423841,15,15,1.0,66.61020651010881,29.2928714409921,0,0.0,0,1.0,1.0,1.0,1.0,1,PASS
483276,processed\features\483276_features.csv,1,755,15,23,16,375,0,0.9689569536423841,15,15,1.0,48.32192476154002,25.311992953251707,0,0.0,0,1.0,1.0,1.0,1.0,1,PASS
25125,processed\features\25125_features.csv,1,755,15,23,16,375,0,0.9689569536423841,15,15,1.0,129.13096923008754,23.861722451309515,0,0.0,6,1.0,1.0,1.0,1.0,1,PASS
173286,processed\features\173286_features.csv,1,755,15,23,16,375,0,0.9689569536423841,15,15,1.0,58.432007250263894,22.263938860023977,0,0.0,0,1.0,1.0,1.0,1.0,1,PASS
61110,processed\features\61110_features.csv,1,755,15,23,16,375,0,0.9689569536423841,15,15,1.0,96.13762942746047,21.70441028217289,0,0.0,0,1.0,1.0,1.0,1.0,1,PASS
246212,processed\features\246212_features.csv,1,755,15,23,16,375,0,0.9689569536423841,15,15,1.0,118.28929405736729,21.545619660486224,0,0.0,0,1.0,1.0,1.0,1.0,1,PASS
193190,processed\features\193190_features.csv,1,755,15,23,16,375,0,0.9689569536423841,15,15,1.0,34.38949700095494,20.662280761912683,0,0.0,0,1.0,1.0,1.0,1.0,1,PASS
198311,processed\features\198311_features.csv,1,755,15,23,16,375,0,0.9689569536423841,15,15,1.0,56.714371298941906,20.440066027768985,0,0.0,0,1.0,1.0,1.0,1.0,1,PASS
293673,processed\features\293673_features.csv,1,755,15,23,16,375,0,0.9689569536423841,15,15,1.0,101.19160359388404,18.762737372521322,0,0.0,0,1.0,1.0,1.0,1.0,1,PASS
427026,processed\features\427026_features.csv,1,755,15,23,16,375,0,0.9689569536423841,15,15,1.0,75.60726254948989,15.556911198726864,0,0.0,0,1.0,1.0,1.0,1.0,1,PASS
396468,processed\features\396468_features.csv,1,755,15,23,16,375,0,0.9689569536423841,15,15,1.0,92.87285056678853,14.28470167517671,0,0.0,0,1.0,1.0,1.0,1.0,1,PASS
335412,processed\features\335412_features.csv,1,754,15,23,16,375,0,0.9689157824933687,15,15,1.0,135.12683010396074,68.12439021900494,0,0.0,0,1.0,1.0,1.0,1.0,1,PASS
228526,processed\features\228526_features.csv,1,754,15,23,16,375,0,0.9689157824933687,15,15,1.0,169.0935046736749,59.61073319791848,0,0.0,1,1.0,1.0,1.0,1.0,1,PASS
289499,processed\features\289499_features.csv,1,754,15,23,16,375,0,0.9689157824933687,15,15,1.0,97.95641258741087,56.83328140454023,0,0.0,0,1.0,1.0,1.0,1.0,1,PASS
419760,processed\features\419760_features.csv,1,754,15,23,16,375,0,0.9689157824933687,15,15,1.0,162.94140498532173,54.637093612398154,0,0.0,0,1.0,1.0,1.0,1.0,1,PASS
289214,processed\features\289214_features.csv,1,754,15,23,16,375,0,0.9689157824933687,15,15,1.0,81.50463429544706,28.43294021999192,0,0.0,0,1.0,1.0,1.0,1.0,1,PASS
252650,processed\features\252650_features.csv,1,754,15,23,16,375,0,0.9689157824933687,15,15,1.0,255581.10297609342,26.477886215776877,0,0.0,2,1.0,1.0,1.0,1.0,1,PASS
250202,processed\features\250202_features.csv,1,754,15,23,16,375,0,0.9689157824933687,15,15,1.0,40.819656207809736,22.560784582170406,0,0.0,0,1.0,1.0,1.0,1.0,1,PASS
343271,processed\features\343271_features.csv,1,754,15,23,16,375,0,0.9689157824933687,15,15,1.0,51.80062555860528,22.421050711248782,0,0.0,0,1.0,1.0,1.0,1.0,1,PASS
514393,processed\features\514393_features.csv,1,754,15,23,16,375,0,0.9689157824933687,15,15,1.0,38.94454859453994,21.438330096506,0,0.0,0,1.0,1.0,1.0,1.0,1,PASS
406379,processed\features\406379_features.csv,1,754,15,23,16,375,0,0.9689157824933687,15,15,1.0,157.8446784529348,20.487335835816815,0,0.0,5,1.0,1.0,1.0,1.0,1,PASS
504141,processed\features\504141_features.csv,1,754,15,23,16,375,0,0.9689157824933687,15,15,1.0,81.67974027402714,19.9418659599119,0,0.0,0,1.0,1.0,1.0,1.0,1,PASS
465030,processed\features\465030_features.csv,1,753,15,23,16,375,0,0.9688745019920318,15,15,1.0,369.33292393210183,135.61707740378617,0,0.0,8,1.0,1.0,1.0,1.0,1,PASS
76149,processed\features\76149_features.csv,1,753,15,23,16,375,0,0.9688745019920318,15,15,1.0,524149.8860616644,42.921622008879126,0,0.0,11,1.0,1.0,1.0,1.0,1,PASS
369931,processed\features\369931_features.csv,1,753,15,23,16,375,0,0.9688745019920318,15,15,1.0,238.6839128827973,38.913927446735016,0,0.0,10,1.0,1.0,1.0,1.0,1,PASS
184773,processed\features\184773_features.csv,1,753,15,23,16,375,0,0.9688745019920318,15,15,1.0,128.10093770156945,32.19532886005593,0,0.0,0,1.0,1.0,1.0,1.0,1,PASS
196629,processed\features\196629_features.csv,1,753,15,23,16,375,0,0.9688745019920318,15,15,1.0,130.09854769184443,28.823576293309547,0,0.0,1,1.0,1.0,1.0,1.0,1,PASS
485402,processed\features\485402_features.csv,1,753,15,23,16,375,0,0.9688745019920318,15,15,1.0,62.28264123872046,24.429706157354225,0,0.0,0,1.0,1.0,1.0,1.0,1,PASS
508642,processed\features\508642_features.csv,1,753,15,23,16,375,0,0.9688745019920318,15,15,1.0,65.27089678374026,23.194148463238566,0,0.0,0,1.0,1.0,1.0,1.0,1,PASS
89208,processed\features\89208_features.csv,1,753,15,23,16,375,0,0.9688745019920318,15,15,1.0,67.51513776803769,22.317501198387603,0,0.0,0,1.0,1.0,1.0,1.0,1,PASS
481238,processed\features\481238_features.csv,1,753,15,23,16,375,0,0.9688745019920318,15,15,1.0,115.38560575622289,22.271598349513177,0,0.0,0,1.0,1.0,1.0,1.0,1,PASS
410034,processed\features\410034_features.csv,1,753,15,23,16,375,0,0.9688745019920318,15,15,1.0,68.8781753506299,22.077778582682548,0,0.0,0,1.0,1.0,1.0,1.0,1,PASS
112393,processed\features\112393_features.csv,1,753,15,23,16,375,0,0.9688745019920318,15,15,1.0,275.15185370739016,21.452213749178227,0,0.0,13,1.0,1.0,1.0,1.0,1,PASS
264421,processed\features\264421_features.csv,1,753,15,23,16,375,0,0.9688745019920318,15,15,1.0,107.97937695143,15.63304574241305,0,0.0,0,1.0,1.0,1.0,1.0,1,PASS
144100,processed\features\144100_features.csv,1,753,15,23,16,375,0,0.9688745019920318,15,15,1.0,86.79165852029055,15.578507880667729,0,0.0,0,1.0,1.0,1.0,1.0,1,PASS
447863,processed\features\447863_features.csv,1,753,15,23,16,375,0,0.9688745019920318,15,15,1.0,71.10231072567393,14.506092459573601,0,0.0,0,1.0,1.0,1.0,1.0,1,PASS
442574,processed\features\442574_features.csv,1,753,15,23,16,375,0,0.9688745019920318,15,15,1.0,58.21003674465462,11.764647633567801,0,0.0,0,1.0,1.0,1.0,1.0,1,PASS
189717,processed\features\189717_features.csv,1,752,15,23,16,375,0,0.9688331117021277,15,15,1.0,71.12013384912787,70.26630442309335,0,0.0,0,1.0,1.0,1.0,1.0,1,PASS
137456,processed\features\137456_features.csv,1,752,15,23,16,375,0,0.9688331117021277,15,15,1.0,151.94223026453022,31.926232676227926,0,0.0,5,1.0,1.0,1.0,1.0,1,PASS
46751,processed\features\46751_features.csv,1,752,15,23,16,375,0,0.9688331117021277,15,15,1.0,132.7889110757649,31.55208571071323,0,0.0,0,1.0,1.0,1.0,1.0,1,PASS
501883,processed\features\501883_features.csv,1,752,15,23,16,375,0,0.9688331117021277,15,15,1.0,45.88533944963889,28.694655616859848,0,0.0,0,1.0,1.0,1.0,1.0,1,PASS
321657,processed\features\321657_features.csv,1,752,15,23,16,375,0,0.9688331117021277,15,15,1.0,60.07104673286186,28.304562090705403,0,0.0,0,1.0,1.0,1.0,1.0,1,PASS
63445,processed\features\63445_features.csv,1,752,15,23,16,375,0,0.9688331117021277,15,15,1.0,150.85352173834534,24.816017305599964,0,0.0,1,1.0,1.0,1.0,1.0,1,PASS
214787,processed\features\214787_features.csv,1,752,15,23,16,375,0,0.9688331117021277,15,15,1.0,83.88763463026498,22.085748183996152,0,0.0,0,1.0,1.0,1.0,1.0,1,PASS
69259,processed\features\69259_features.csv,1,752,15,23,16,375,0,0.9688331117021277,15,15,1.0,65.5777020082765,21.685890470878697,0,0.0,0,1.0,1.0,1.0,1.0,1,PASS
61001,processed\features\61001_features.csv,1,752,15,23,16,375,0,0.9688331117021277,15,15,1.0,37.81320865435388,19.60577015881519,0,0.0,0,1.0,1.0,1.0,1.0,1,PASS
413893,processed\features\413893_features.csv,1,752,15,23,16,375,0,0.9688331117021277,15,15,1.0,58.61368699111665,18.42007221332902,0,0.0,0,1.0,1.0,1.0,1.0,1,PASS
227567,processed\features\227567_features.csv,1,752,15,23,16,375,0,0.9688331117021277,15,15,1.0,170.03824861425014,14.825104155779016,0,0.0,5,1.0,1.0,1.0,1.0,1,PASS
37561,processed\features\37561_features.csv,1,752,15,23,16,375,0,0.9688331117021277,15,15,1.0,100.78577186741833,14.606544786182054,0,0.0,0,1.0,1.0,1.0,1.0,1,PASS
120138,processed\features\120138_features.csv,1,752,15,23,16,375,0,0.9688331117021277,15,15,1.0,105.87520043166558,13.559726027456547,0,0.0,0,1.0,1.0,1.0,1.0,1,PASS
2408,processed\features\2408_features.csv,1,752,15,23,16,375,0,0.9688331117021277,15,15,1.0,80.0620617472239,11.833909703359799,0,0.0,0,1.0,1.0,1.0,1.0,1,PASS
428094,processed\features\428094_features.csv,1,752,15,23,16,375,0,0.9688331117021277,15,15,1.0,81.69258834495955,11.756564890003709,0,0.0,0,1.0,1.0,1.0,1.0,1,PASS
424960,processed\features\424960_features.csv,1,751,15,23,16,375,0,0.9687916111850865,15,15,1.0,132.6161501681582,64.79177424438717,0,0.0,2,1.0,1.0,1.0,1.0,1,PASS
253633,processed\features\253633_features.csv,1,751,15,23,16,375,0,0.9687916111850865,15,15,1.0,72.87512899659167,58.67661290876276,0,0.0,0,1.0,1.0,1.0,1.0,1,PASS
159323,processed\features\159323_features.csv,1,751,15,23,16,375,0,0.9687916111850865,15,15,1.0,148.08260284327704,33.445408958156456,0,0.0,2,1.0,1.0,1.0,1.0,1,PASS
426020,processed\features\426020_features.csv,1,751,15,23,16,375,0,0.9687916111850865,15,15,1.0,99.40124280548059,32.215838966284345,0,0.0,0,1.0,1.0,1.0,1.0,1,PASS
298517,processed\features\298517_features.csv,1,751,15,23,16,375,0,0.9687916111850865,15,15,1.0,157.11545310361763,31.89360116963186,0,0.0,4,1.0,1.0,1.0,1.0,1,PASS
481575,processed\features\481575_features.csv,1,751,15,23,16,375,0,0.9687916111850865,15,15,1.0,98.44919206372884,26.888356823312975,0,0.0,0,1.0,1.0,1.0,1.0,1,PASS
103238,processed\features\103238_features.csv,1,751,15,23,16,375,0,0.9687916111850865,15,15,1.0,131.33212609965076,25.74942142526693,0,0.0,0,1.0,1.0,1.0,1.0,1,PASS
232561,processed\features\232561_features.csv,1,751,15,23,16,375,0,0.9687916111850865,15,15,1.0,94.66624896846672,24.29285964826169,0,0.0,0,1.0,1.0,1.0,1.0,1,PASS
289479,processed\features\289479_features.csv,1,751,15,23,16,375,0,0.9687916111850865,15,15,1.0,84.41066195813441,23.76306683724626,0,0.0,0,1.0,1.0,1.0,1.0,1,PASS
12036,processed\features\12036_features.csv,1,751,15,23,16,375,0,0.9687916111850865,15,15,1.0,104.62647646541453,22.983002943433682,0,0.0,0,1.0,1.0,1.0,1.0,1,PASS
432056,processed\features\432056_features.csv,1,751,15,23,16,375,0,0.9687916111850865,15,15,1.0,52.08313611464486,20.87164657658509,0,0.0,0,1.0,1.0,1.0,1.0,1,PASS
48604,processed\features\48604_features.csv,1,751,15,23,16,375,0,0.9687916111850865,15,15,1.0,37.03591510577209,19.790477423694462,0,0.0,0,1.0,1.0,1.0,1.0,1,PASS
435109,processed\features\435109_features.csv,1,751,15,23,16,375,0,0.9687916111850865,15,15,1.0,38.75554469011588,18.957829196651854,0,0.0,0,1.0,1.0,1.0,1.0,1,PASS
186285,processed\features\186285_features.csv,1,751,15,23,16,375,0,0.9687916111850865,15,15,1.0,129.1908614212396,17.88089664411896,0,0.0,6,1.0,1.0,1.0,1.0,1,PASS
165389,processed\features\165389_features.csv,1,751,15,23,16,375,0,0.9687916111850865,15,15,1.0,115.3740312316255,15.60996027581722,0,0.0,1,1.0,1.0,1.0,1.0,1,PASS
282306,processed\features\282306_features.csv,1,751,15,23,16,375,0,0.9687916111850865,15,15,1.0,53.51493221807873,12.112980410562542,0,0.0,0,1.0,1.0,1.0,1.0,1,PASS
81025,processed\features\81025_features.csv,1,750,15,23,16,375,0,0.96875,15,15,1.0,805.9157249151846,711.675019986474,0,0.0,64,1.0,1.0,1.0,1.0,1,PASS
311863,processed\features\311863_features.csv,1,750,15,23,16,375,0,0.96875,15,15,1.0,76.43343310504916,60.812671508738106,0,0.0,0,1.0,1.0,1.0,1.0,1,PASS
318036,processed\features\318036_features.csv,1,750,15,23,16,375,0,0.96875,15,15,1.0,194.12876023044714,59.67575980444514,0,0.0,10,1.0,1.0,1.0,1.0,1,PASS
252748,processed\features\252748_features.csv,1,750,15,23,16,375,0,0.96875,15,15,1.0,63.33351116941519,44.52316674628397,0,0.0,0,1.0,1.0,1.0,1.0,1,PASS
324843,processed\features\324843_features.csv,1,750,15,23,16,375,0,0.96875,15,15,1.0,233.5865332566356,35.42356993783267,0,0.0,11,1.0,1.0,1.0,1.0,1,PASS
354388,processed\features\354388_features.csv,1,750,15,23,16,375,0,0.96875,15,15,1.0,594312.5520781246,34.38235553549843,0,0.0,14,1.0,1.0,1.0,1.0,1,PASS
393868,processed\features\393868_features.csv,1,750,15,23,16,375,0,0.96875,15,15,1.0,74.30128371036186,33.66830319387678,0,0.0,0,1.0,1.0,1.0,1.0,1,PASS
105925,processed\features\105925_features.csv,1,750,15,23,16,375,0,0.96875,15,15,1.0,113.87114228928534,31.37945349858864,0,0.0,0,1.0,1.0,1.0,1.0,1,PASS
382876,processed\features\382876_features.csv,1,750,15,23,16,375,0,0.96875,15,15,1.0,131.39826569847207,28.72831510210157,0,0.0,2,1.0,1.0,1.0,1.0,1,PASS
133151,processed\features\133151_features.csv,1,750,15,23,16,375,0,0.96875,15,15,1.0,100.96843746702174,28.35647563077248,0,0.0,0,1.0,1.0,1.0,1.0,1,PASS
505037,processed\features\505037_features.csv,1,750,15,23,16,375,0,0.96875,15,15,1.0,38.756164515041014,26.544727787403872,0,0.0,0,1.0,1.0,1.0,1.0,1,PASS
259021,processed\features\259021_features.csv,1,750,15,23,16,375,0,0.96875,15,15,1.0,159.93436952927814,23.502181851998202,0,0.0,6,1.0,1.0,1.0,1.0,1,PASS
461317,processed\features\461317_features.csv,1,750,15,23,16,375,0,0.96875,15,15,1.0,123.9037678785059,22.719377472211935,0,0.0,4,1.0,1.0,1.0,1.0,1,PASS
89575,processed\features\89575_features.csv,1,750,15,23,16,375,0,0.96875,15,15,1.0,98.34660360585153,19.34289722627636,0,0.0,0,1.0,1.0,1.0,1.0,1,PASS
495398,processed\features\495398_features.csv,1,750,15,23,16,375,0,0.96875,15,15,1.0,117.56281476987793,16.103020135081422,0,0.0,0,1.0,1.0,1.0,1.0,1,PASS
489132,processed\features\489132_features.csv,1,750,15,23,16,375,0,0.96875,15,15,1.0,125.68571058667314,14.860990055426027,0,0.0,0,1.0,1.0,1.0,1.0,1,PASS
198291,processed\features\198291_features.csv,1,750,15,23,16,375,0,0.96875,15,15,1.0,106.14388265049209,14.444295930967733,0,0.0,0,1.0,1.0,1.0,1.0,1,PASS
158314,processed\features\158314_features.csv,1,749,15,23,16,375,0,0.9687082777036048,15,15,1.0,118.16346092517145,37.68229182344248,0,0.0,0,1.0,1.0,1.0,1.0,1,PASS
321062,processed\features\321062_features.csv,1,749,15,23,16,375,0,0.9687082777036048,15,15,1.0,119.82458697423687,27.697177760063255,0,0.0,0,1.0,1.0,1.0,1.0,1,PASS
98993,processed\features\98993_features.csv,1,749,15,23,16,375,0,0.9687082777036048,15,15,1.0,116.55137193670859,27.147060692273328,0,0.0,0,1.0,1.0,1.0,1.0,1,PASS
52151,processed\features\52151_features.csv,1,749,15,23,16,375,0,0.9687082777036048,15,15,1.0,71.49949102568365,23.87659906789109,0,0.0,0,1.0,1.0,1.0,1.0,1,PASS
419977,processed\features\419977_features.csv,1,749,15,23,16,375,0,0.9687082777036048,15,15,1.0,148.12625395893315,23.707489341496526,0,0.0,7,1.0,1.0,1.0,1.0,1,PASS
23851,processed\features\23851_features.csv,1,749,15,23,16,375,0,0.9687082777036048,15,15,1.0,80.09655197107702,23.185454260643773,0,0.0,0,1.0,1.0,1.0,1.0,1,PASS
474182,processed\features\474182_features.csv,1,749,15,23,16,375,0,0.9687082777036048,15,15,1.0,253.54069586998554,22.682074117897407,0,0.0,18,1.0,1.0,1.0,1.0,1,PASS
247751,processed\features\247751_features.csv,1,749,15,23,16,375,0,0.9687082777036048,15,15,1.0,124.81163975308229,19.535024831484648,0,0.0,0,1.0,1.0,1.0,1.0,1,PASS
335637,processed\features\335637_features.csv,1,749,15,23,16,375,0,0.9687082777036048,15,15,1.0,655.5224807265761,19.505778685139802,0,0.0,23,1.0,1.0,1.0,1.0,1,PASS
171547,processed\features\171547_features.csv,1,749,15,23,16,375,0,0.9687082777036048,15,15,1.0,51.539457332907475,18.22122763766252,0,0.0,0,1.0,1.0,1.0,1.0,1,PASS
321322,processed\features\321322_features.csv,1,749,15,23,16,375,0,0.9687082777036048,15,15,1.0,120.41610790415315,16.466486165459845,0,0.0,2,1.0,1.0,1.0,1.0,1,PASS
463396,processed\features\463396_features.csv,1,749,15,23,16,375,0,0.9687082777036048,15,15,1.0,95.93928097779478,14.348363992339493,0,0.0,0,1.0,1.0,1.0,1.0,1,PASS
388032,processed\features\388032_features.csv,1,749,15,23,16,375,0,0.9687082777036048,15,15,1.0,83.50728384469795,11.633243008276766,0,0.0,0,1.0,1.0,1.0,1.0,1,PASS
282397,processed\features\282397_features.csv,1,748,15,23,16,375,0,0.9686664438502673,15,15,1.0,162.16917526022652,49.85679806322396,0,0.0,8,1.0,1.0,1.0,1.0,1,PASS
388760,processed\features\388760_features.csv,1,748,15,23,16,375,0,0.9686664438502673,15,15,1.0,252.7010719884251,39.88178458682419,0,0.0,21,1.0,1.0,1.0,1.0,1,PASS
221444,processed\features\221444_features.csv,1,748,15,23,16,375,0,0.9686664438502673,15,15,1.0,123.03372553307173,35.236536648867116,0,0.0,5,1.0,1.0,1.0,1.0,1,PASS
202113,processed\features\202113_features.csv,1,748,15,23,16,375,0,0.9686664438502673,15,15,1.0,134.46161114832853,32.583724060512765,0,0.0,0,1.0,1.0,1.0,1.0,1,PASS
51013,processed\features\51013_features.csv,1,748,15,23,16,375,0,0.9686664438502673,15,15,1.0,63.32437377866999,21.526747672029398,0,0.0,0,1.0,1.0,1.0,1.0,1,PASS
503910,processed\features\503910_features.csv,1,748,15,23,16,375,0,0.9686664438502673,15,15,1.0,61.60797038378122,20.994822766452096,0,0.0,0,1.0,1.0,1.0,1.0,1,PASS
447359,processed\features\447359_features.csv,1,748,15,23,16,375,0,0.9686664438502673,15,15,1.0,74.02381721120119,20.107391810495336,0,0.0,0,1.0,1.0,1.0,1.0,1,PASS
69337,processed\features\69337_features.csv,1,748,15,23,16,375,0,0.9686664438502673,15,15,1.0,118.43566825863945,19.055356214672102,0,0.0,5,1.0,1.0,1.0,1.0,1,PASS
128984,processed\features\128984_features.csv,1,748,15,23,16,375,0,0.9686664438502673,15,15,1.0,164.03172188872804,17.45040292976836,0,0.0,10,1.0,1.0,1.0,1.0,1,PASS
334207,processed\features\334207_features.csv,1,748,15,23,16,375,0,0.9686664438502673,15,15,1.0,46.37635316389413,9.968617450502373,0,0.0,0,1.0,1.0,1.0,1.0,1,PASS
327135,processed\features\327135_features.csv,1,748,15,23,16,375,0,0.9686664438502673,15,15,1.0,140.0473342994564,9.336938777036247,0,0.0,5,1.0,1.0,1.0,1.0,1,PASS
451713,processed\features\451713_features.csv,1,747,15,23,16,375,0,0.9686244979919679,15,15,1.0,161.90818589995212,131.21394246883847,0,0.0,4,1.0,1.0,1.0,1.0,1,PASS
255787,processed\features\255787_features.csv,1,747,15,23,16,375,0,0.9686244979919679,15,15,1.0,114.1819177433683,84.804743453665,0,0.0,0,1.0,1.0,1.0,1.0,1,PASS
52320,processed\features\52320_features.csv,1,747,15,23,16,375,0,0.9686244979919679,15,15,1.0,62.20359001704342,46.382040307653654,0,0.0,0,1.0,1.0,1.0,1.0,1,PASS
166856,processed\features\166856_features.csv,1,747,15,23,16,375,0,0.9686244979919679,15,15,1.0,115.31653117833605,42.91514419114822,0,0.0,4,1.0,1.0,1.0,1.0,1,PASS
318324,processed\features\318324_features.csv,1,747,15,23,16,375,0,0.9686244979919679,15,15,1.0,147844.24735108772,30.962262393106286,0,0.0,1,1.0,1.0,1.0,1.0,1,PASS
137327,processed\features\137327_features.csv,1,747,15,23,16,375,0,0.9686244979919679,15,15,1.0,37.92403463848285,28.171689646275805,0,0.0,0,1.0,1.0,1.0,1.0,1,PASS
129885,processed\features\129885_features.csv,1,747,15,23,16,375,0,0.9686244979919679,15,15,1.0,71.5934070498054,27.66380849639571,0,0.0,0,1.0,1.0,1.0,1.0,1,PASS
488028,processed\features\488028_features.csv,1,747,15,23,16,375,0,0.9686244979919679,15,15,1.0,128.75653678622004,25.234311826624257,0,0.0,0,1.0,1.0,1.0,1.0,1,PASS
107592,processed\features\107592_features.csv,1,747,15,23,16,375,0,0.9686244979919679,15,15,1.0,47.22912888363306,20.949788394144377,0,0.0,0,1.0,1.0,1.0,1.0,1,PASS
445123,processed\features\445123_features.csv,1,747,15,23,16,375,0,0.9686244979919679,15,15,1.0,150.80598657140166,20.81341033207662,0,0.0,0,1.0,1.0,1.0,1.0,1,PASS
317424,processed\features\317424_features.csv,1,747,15,23,16,375,0,0.9686244979919679,15,15,1.0,74.0954020030809,18.21686975804193,0,0.0,0,1.0,1.0,1.0,1.0,1,PASS
304679,processed\features\304679_features.csv,1,747,15,23,16,375,0,0.9686244979919679,15,15,1.0,90.84719931393552,16.589450451021793,0,0.0,0,1.0,1.0,1.0,1.0,1,PASS
146277,processed\features\146277_features.csv,1,747,15,23,16,375,0,0.9686244979919679,15,15,1.0,102.52592123642528,13.57122187886619,0,0.0,0,1.0,1.0,1.0,1.0,1,PASS
406442,processed\features\406442_features.csv,1,747,15,23,16,375,0,0.9686244979919679,15,15,1.0,143.6312402855545,12.358417973343467,0,0.0,0,1.0,1.0,1.0,1.0,1,PASS
171430,processed\features\171430_features.csv,1,746,15,23,16,375,0,0.9685824396782842,15,15,1.0,129.5489861304932,75.96954402445252,0,0.0,0,1.0,1.0,1.0,1.0,1,PASS
229243,processed\features\229243_features.csv,1,746,15,23,16,375,0,0.9685824396782842,15,15,1.0,89.03683983363311,60.73436958351202,0,0.0,0,1.0,1.0,1.0,1.0,1,PASS
59969,processed\features\59969_features.csv,1,746,15,23,16,375,0,0.9685824396782842,15,15,1.0,77.33753369729351,42.18407888802641,0,0.0,0,1.0,1.0,1.0,1.0,1,PASS
332653,processed\features\332653_features.csv,1,746,15,23,16,375,0,0.9685824396782842,15,15,1.0,66.23074363441754,41.595585496353976,0,0.0,0,1.0,1.0,1.0,1.0,1,PASS
288216,processed\features\288216_features.csv,1,746,15,23,16,375,0,0.9685824396782842,15,15,1.0,87.31796363382048,39.39054458005729,0,0.0,0,1.0,1.0,1.0,1.0,1,PASS
517583,processed\features\517583_features.csv,1,746,15,23,16,375,0,0.9685824396782842,15,15,1.0,185.82204881055839,29.874616683507583,0,0.0,5,1.0,1.0,1.0,1.0,1,PASS
45513,processed\features\45513_features.csv,1,746,15,23,16,375,0,0.9685824396782842,15,15,1.0,61.44963198154711,28.833267259493155,0,0.0,0,1.0,1.0,1.0,1.0,1,PASS
326259,processed\features\326259_features.csv,1,746,15,23,16,375,0,0.9685824396782842,15,15,1.0,55.959323334348284,28.058970158554366,0,0.0,0,1.0,1.0,1.0,1.0,1,PASS
177987,processed\features\177987_features.csv,1,746,15,23,16,375,0,0.9685824396782842,15,15,1.0,58.23434255815899,25.27926598916215,0,0.0,0,1.0,1.0,1.0,1.0,1,PASS
220976,processed\features\220976_features.csv,1,746,15,23,16,375,0,0.9685824396782842,15,15,1.0,138699.6064943338,24.736785029698886,0,0.0,6,1.0,1.0,1.0,1.0,1,PASS
263030,processed\features\263030_features.csv,1,746,15,23,16,375,0,0.9685824396782842,15,15,1.0,103.96033301990374,24.135203329141312,0,0.0,0,1.0,1.0,1.0,1.0,1,PASS
92388,processed\features\92388_features.csv,1,746,15,23,16,375,0,0.9685824396782842,15,15,1.0,171.80135603436548,22.846057347313163,0,0.0,2,1.0,1.0,1.0,1.0,1,PASS
454078,processed\features\454078_features.csv,1,746,15,23,16,375,0,0.9685824396782842,15,15,1.0,52.63222977939928,20.3976477728037,0,0.0,0,1.0,1.0,1.0,1.0,1,PASS
231344,processed\features\231344_features.csv,1,746,15,23,16,375,0,0.9685824396782842,15,15,1.0,111.18039982397764,17.609054473193396,0,0.0,0,1.0,1.0,1.0,1.0,1,PASS
185282,processed\features\185282_features.csv,1,746,15,23,16,375,0,0.9685824396782842,15,15,1.0,111.60685744189868,17.326188616571475,0,0.0,2,1.0,1.0,1.0,1.0,1,PASS
98417,processed\features\98417_features.csv,1,745,15,23,16,375,0,0.9685402684563759,15,15,1.0,159.95682139376513,59.57175454625205,0,0.0,1,1.0,1.0,1.0,1.0,1,PASS
192085,processed\features\192085_features.csv,1,745,15,23,16,375,0,0.9685402684563759,15,15,1.0,50.75974642018739,35.9058636667763,0,0.0,0,1.0,1.0,1.0,1.0,1,PASS
382800,processed\features\382800_features.csv,1,745,15,23,16,375,0,0.9685402684563759,15,15,1.0,62.070210174007855,31.911152569201455,0,0.0,0,1.0,1.0,1.0,1.0,1,PASS
385601,processed\features\385601_features.csv,1,745,15,23,16,375,0,0.9685402684563759,15,15,1.0,96.47804245193495,27.44325309695196,0,0.0,1,1.0,1.0,1.0,1.0,1,PASS
144815,processed\features\144815_features.csv,1,745,15,23,16,375,0,0.9685402684563759,15,15,1.0,130.74487115164436,26.293882320535623,0,0.0,0,1.0,1.0,1.0,1.0,1,PASS
366174,processed\features\366174_features.csv,1,745,15,23,16,375,0,0.9685402684563759,15,15,1.0,32.124272382371466,23.436929763133826,0,0.0,0,1.0,1.0,1.0,1.0,1,PASS
335494,processed\features\335494_features.csv,1,745,15,23,16,375,0,0.9685402684563759,15,15,1.0,98.58066098530927,21.027142417228852,0,0.0,0,1.0,1.0,1.0,1.0,1,PASS
128558,processed\features\128558_features.csv,1,745,15,23,16,375,0,0.9685402684563759,15,15,1.0,319.4130540081689,19.084522589178817,0,0.0,19,1.0,1.0,1.0,1.0,1,PASS
82179,processed\features\82179_features.csv,1,745,15,23,16,375,0,0.9685402684563759,15,15,1.0,110.78070297100196,18.739679358454335,0,0.0,0,1.0,1.0,1.0,1.0,1,PASS
517138,processed\features\517138_features.csv,1,745,15,23,16,375,0,0.9685402684563759,15,15,1.0,68.66194121449172,17.79129541635503,0,0.0,0,1.0,1.0,1.0,1.0,1,PASS
384241,processed\features\384241_features.csv,1,744,15,23,16,375,0,0.9684979838709677,15,15,1.0,157.66811147486456,79.17641544640928,0,0.0,4,1.0,1.0,1.0,1.0,1,PASS
60363,processed\features\60363_features.csv,1,744,15,23,16,375,0,0.9684979838709677,15,15,1.0,190.74374073515443,54.005350939722845,0,0.0,0,1.0,1.0,1.0,1.0,1,PASS
479684,processed\features\479684_features.csv,1,744,15,23,16,375,0,0.9684979838709677,15,15,1.0,89.01663773354134,48.543690382615466,0,0.0,0,1.0,1.0,1.0,1.0,1,PASS
418300,processed\features\418300_features.csv,1,744,15,23,16,375,0,0.9684979838709677,15,15,1.0,50.80069205066696,41.85304044312756,0,0.0,0,1.0,1.0,1.0,1.0,1,PASS
273765,processed\features\273765_features.csv,1,744,15,23,16,375,0,0.9684979838709677,15,15,1.0,98.90641382504197,37.150488435849475,0,0.0,0,1.0,1.0,1.0,1.0,1,PASS
494798,processed\features\494798_features.csv,1,744,15,23,16,375,0,0.9684979838709677,15,15,1.0,84.95272862001889,34.343683881577334,0,0.0,0,1.0,1.0,1.0,1.0,1,PASS
447946,processed\features\447946_features.csv,1,744,15,23,16,375,0,0.9684979838709677,15,15,1.0,47.33830718865139,32.859678791616545,0,0.0,0,1.0,1.0,1.0,1.0,1,PASS
131449,processed\features\131449_features.csv,1,744,15,23,16,375,0,0.9684979838709677,15,15,1.0,68.08024344389564,29.414413718032478,0,0.0,0,1.0,1.0,1.0,1.0,1,PASS
192762,processed\features\192762_features.csv,1,744,15,23,16,375,0,0.9684979838709677,15,15,1.0,329.5829665848281,27.479041750053952,0,0.0,15,1.0,1.0,1.0,1.0,1,PASS
319625,processed\features\319625_features.csv,1,744,15,23,16,375,0,0.9684979838709677,15,15,1.0,390.22387711023555,25.91979100326408,0,0.0,15,1.0,1.0,1.0,1.0,1,PASS
492490,processed\features\492490_features.csv,1,744,15,23,16,375,0,0.9684979838709677,15,15,1.0,150.46563228097125,24.91363342218734,0,0.0,1,1.0,1.0,1.0,1.0,1,PASS
54597,processed\features\54597_features.csv,1,744,15,23,16,375,0,0.9684979838709677,15,15,1.0,83.39685144866392,19.134110558191587,0,0.0,0,1.0,1.0,1.0,1.0,1,PASS
434132,processed\features\434132_features.csv,1,744,15,23,16,375,0,0.9684979838709677,15,15,1.0,136.45839531230533,15.143348514981056,0,0.0,0,1.0,1.0,1.0,1.0,1,PASS
208361,processed\features\208361_features.csv,1,743,15,23,16,375,0,0.9684555854643337,15,15,1.0,62.74318789324384,74.8855668109751,0,0.0,0,1.0,1.0,1.0,1.0,1,PASS
46713,processed\features\46713_features.csv,1,743,15,23,16,375,0,0.9684555854643337,15,15,1.0,114.9660224468921,66.98826223220549,0,0.0,0,1.0,1.0,1.0,1.0,1,PASS
354617,processed\features\354617_features.csv,1,743,15,23,16,375,0,0.9684555854643337,15,15,1.0,132.5770383665042,64.19124029283259,0,0.0,0,1.0,1.0,1.0,1.0,1,PASS
398761,processed\features\398761_features.csv,1,743,15,23,16,375,0,0.9684555854643337,15,15,1.0,100.24262056335331,49.84274309826942,0,0.0,0,1.0,1.0,1.0,1.0,1,PASS
73087,processed\features\73087_features.csv,1,743,15,23,16,375,0,0.9684555854643337,15,15,1.0,124.49894433206558,46.0052924128275,0,0.0,0,1.0,1.0,1.0,1.0,1,PASS
98683,processed\features\98683_features.csv,1,743,15,23,16,375,0,0.9684555854643337,15,15,1.0,129.00734377137033,38.322091472721446,0,0.0,2,1.0,1.0,1.0,1.0,1,PASS
18842,processed\features\18842_features.csv,1,743,15,23,16,375,0,0.9684555854643337,15,15,1.0,123.3307603543531,34.93495038565803,0,0.0,0,1.0,1.0,1.0,1.0,1,PASS
206033,processed\features\206033_features.csv,1,743,15,23,16,375,0,0.9684555854643337,15,15,1.0,208.22260347728695,33.42480911853254,0,0.0,11,1.0,1.0,1.0,1.0,1,PASS
498793,processed\features\498793_features.csv,1,743,15,23,16,375,0,0.9684555854643337,15,15,1.0,100.40825095176214,33.37549535725159,0,0.0,0,1.0,1.0,1.0,1.0,1,PASS
136962,processed\features\136962_features.csv,1,743,15,23,16,375,0,0.9684555854643337,15,15,1.0,186.93936767743855,32.481040443364726,0,0.0,7,1.0,1.0,1.0,1.0,1,PASS
108041,processed\features\108041_features.csv,1,743,15,23,16,375,0,0.9684555854643337,15,15,1.0,60.42159810577748,32.17937751324243,0,0.0,0,1.0,1.0,1.0,1.0,1,PASS
419233,processed\features\419233_features.csv,1,743,15,23,16,375,0,0.9684555854643337,15,15,1.0,66.11364480355267,30.583184974456593,0,0.0,0,1.0,1.0,1.0,1.0,1,PASS
349740,processed\features\349740_features.csv,1,743,15,23,16,375,0,0.9684555854643337,15,15,1.0,180.6209106696288,29.711756011617915,0,0.0,1,1.0,1.0,1.0,1.0,1,PASS
90332,processed\features\90332_features.csv,1,743,15,23,16,375,0,0.9684555854643337,15,15,1.0,44.376960143413854,27.490986353629346,0,0.0,0,1.0,1.0,1.0,1.0,1,PASS
326992,processed\features\326992_features.csv,1,743,15,23,16,375,0,0.9684555854643337,15,15,1.0,36.73542301179087,25.931228075172278,0,0.0,0,1.0,1.0,1.0,1.0,1,PASS
120016,processed\features\120016_features.csv,1,743,15,23,16,375,0,0.9684555854643337,15,15,1.0,142.01257403616424,25.5759985617363,0,0.0,11,1.0,1.0,1.0,1.0,1,PASS
165543,processed\features\165543_features.csv,1,743,15,23,16,375,0,0.9684555854643337,15,15,1.0,53.50304287860183,19.301991740361977,0,0.0,0,1.0,1.0,1.0,1.0,1,PASS
483703,processed\features\483703_features.csv,1,743,15,23,16,375,0,0.9684555854643337,15,15,1.0,73.78482757722536,14.51437522631797,0,0.0,0,1.0,1.0,1.0,1.0,1,PASS
185242,processed\features\185242_features.csv,1,743,15,23,16,375,0,0.9684555854643337,15,15,1.0,199.94421781999483,13.517262120073255,0,0.0,15,1.0,1.0,1.0,1.0,1,PASS
276951,processed\features\276951_features.csv,1,742,15,23,16,375,0,0.9684130727762803,15,15,1.0,92.84191895750351,82.59482726900151,0,0.0,0,1.0,1.0,1.0,1.0,1,PASS
353761,processed\features\353761_features.csv,1,742,15,23,16,375,0,0.9684130727762803,15,15,1.0,131.5924723506033,49.32908000070432,0,0.0,2,1.0,1.0,1.0,1.0,1,PASS
108391,processed\features\108391_features.csv,1,742,15,23,16,375,0,0.9684130727762803,15,15,1.0,90.84777224902827,42.736455404792125,0,0.0,0,1.0,1.0,1.0,1.0,1,PASS
517039,processed\features\517039_features.csv,1,742,15,23,16,375,0,0.9684130727762803,15,15,1.0,139.62838042444474,35.27936932669414,0,0.0,0,1.0,1.0,1.0,1.0,1,PASS
498973,processed\features\498973_features.csv,1,742,15,23,16,375,0,0.9684130727762803,15,15,1.0,107.11301885184469,32.60695007642761,0,0.0,0,1.0,1.0,1.0,1.0,1,PASS
105624,processed\features\105624_features.csv,1,742,15,23,16,375,0,0.9684130727762803,15,15,1.0,55.413812295704815,32.434665919353144,0,0.0,0,1.0,1.0,1.0,1.0,1,PASS
172501,processed\features\172501_features.csv,1,742,15,23,16,375,0,0.9684130727762803,15,15,1.0,52.23746639084522,27.429242734926845,0,0.0,0,1.0,1.0,1.0,1.0,1,PASS
88595,processed\features\88595_features.csv,1,742,15,23,16,375,0,0.9684130727762803,15,15,1.0,73.59987708176632,26.492456590466162,0,0.0,0,1.0,1.0,1.0,1.0,1,PASS
305961,processed\features\305961_features.csv,1,742,15,23,16,375,0,0.9684130727762803,15,15,1.0,549.2543210473912,26.38419947627306,0,0.0,29,1.0,1.0,1.0,1.0,1,PASS
362227,processed\features\362227_features.csv,1,742,15,23,16,375,0,0.9684130727762803,15,15,1.0,97.86979053571687,25.566913303480526,0,0.0,0,1.0,1.0,1.0,1.0,1,PASS
369365,processed\features\369365_features.csv,1,742,15,23,16,375,0,0.9684130727762803,15,15,1.0,38.45808685776785,25.400154205515204,0,0.0,0,1.0,1.0,1.0,1.0,1,PASS
334366,processed\features\334366_features.csv,1,742,15,23,16,375,0,0.9684130727762803,15,15,1.0,74.39648668942706,24.58772512981784,0,0.0,0,1.0,1.0,1.0,1.0,1,PASS
410027,processed\features\410027_features.csv,1,742,15,23,16,375,0,0.9684130727762803,15,15,1.0,74.63840946878064,22.654228106349727,0,0.0,0,1.0,1.0,1.0,1.0,1,PASS
427604,processed\features\427604_features.csv,1,742,15,23,16,375,0,0.9684130727762803,15,15,1.0,141.520466918116,22.584844459544883,0,0.0,0,1.0,1.0,1.0,1.0,1,PASS
498943,processed\features\498943_features.csv,1,742,15,23,16,375,0,0.9684130727762803,15,15,1.0,68.65530867395816,19.52649204231482,0,0.0,0,1.0,1.0,1.0,1.0,1,PASS
271576,processed\features\271576_features.csv,1,742,15,23,16,375,0,0.9684130727762803,15,15,1.0,107.73166266777997,19.33100039134476,0,0.0,4,1.0,1.0,1.0,1.0,1,PASS
313615,processed\features\313615_features.csv,1,742,15,23,16,375,0,0.9684130727762803,15,15,1.0,50.61205015946787,18.25928142504048,0,0.0,0,1.0,1.0,1.0,1.0,1,PASS
84216,processed\features\84216_features.csv,1,742,15,23,16,375,0,0.9684130727762803,15,15,1.0,65.45667620287236,17.067933600905118,0,0.0,0,1.0,1.0,1.0,1.0,1,PASS
400870,processed\features\400870_features.csv,1,742,15,23,16,375,0,0.9684130727762803,15,15,1.0,80.25177266063774,16.72114408125755,0,0.0,0,1.0,1.0,1.0,1.0,1,PASS
500899,processed\features\500899_features.csv,1,742,15,23,16,375,0,0.9684130727762803,15,15,1.0,60.315979409630366,15.03215508807149,0,0.0,0,1.0,1.0,1.0,1.0,1,PASS
339363,processed\features\339363_features.csv,1,742,15,23,16,375,0,0.9684130727762803,15,15,1.0,94.30872465494068,10.078935014430359,0,0.0,0,1.0,1.0,1.0,1.0,1,PASS
198398,processed\features\198398_features.csv,1,741,15,23,16,375,0,0.9683704453441295,15,15,1.0,121.67850280752675,60.66358786522102,0,0.0,1,1.0,1.0,1.0,1.0,1,PASS
209332,processed\features\209332_features.csv,1,741,15,23,16,375,0,0.9683704453441295,15,15,1.0,228.41537081535992,54.340706692428,0,0.0,7,1.0,1.0,1.0,1.0,1,PASS
446352,processed\features\446352_features.csv,1,741,15,23,16,375,0,0.9683704453441295,15,15,1.0,74.02475963955953,48.94868181024075,0,0.0,0,1.0,1.0,1.0,1.0,1,PASS
270661,processed\features\270661_features.csv,1,741,15,23,16,375,0,0.9683704453441295,15,15,1.0,78.88404744860838,48.45773366024511,0,0.0,0,1.0,1.0,1.0,1.0,1,PASS
386021,processed\features\386021_features.csv,1,741,15,23,16,375,0,0.9683704453441295,15,15,1.0,229060.61589073564,40.86984722055894,0,0.0,2,1.0,1.0,1.0,1.0,1,PASS
312443,processed\features\312443_features.csv,1,741,15,23,16,375,0,0.9683704453441295,15,15,1.0,69.83607198592895,38.313565684795826,0,0.0,0,1.0,1.0,1.0,1.0,1,PASS
168210,processed\features\168210_features.csv,1,741,15,23,16,375,0,0.9683704453441295,15,15,1.0,152.5926437574789,32.13084753654551,0,0.0,1,1.0,1.0,1.0,1.0,1,PASS
191192,processed\features\191192_features.csv,1,741,15,23,16,375,0,0.9683704453441295,15,15,1.0,71.28184121090592,30.73622540455665,0,0.0,0,1.0,1.0,1.0,1.0,1,PASS
384705,processed\features\384705_features.csv,1,741,15,23,16,375,0,0.9683704453441295,15,15,1.0,57.56272626502641,29.943644605242255,0,0.0,0,1.0,1.0,1.0,1.0,1,PASS
181164,processed\features\181164_features.csv,1,741,15,23,16,375,0,0.9683704453441295,15,15,1.0,111.16866544056514,25.63011629131541,0,0.0,0,1.0,1.0,1.0,1.0,1,PASS
450117,processed\features\450117_features.csv,1,741,15,23,16,375,0,0.9683704453441295,15,15,1.0,135.1005139741846,19.963867134922708,0,0.0,0,1.0,1.0,1.0,1.0,1,PASS
119451,processed\features\119451_features.csv,1,741,15,23,16,375,0,0.9683704453441295,15,15,1.0,114.70301874055164,19.556768973763024,0,0.0,0,1.0,1.0,1.0,1.0,1,PASS
292082,processed\features\292082_features.csv,1,741,15,23,16,375,0,0.9683704453441295,15,15,1.0,46.05378109624823,19.353751167393238,0,0.0,0,1.0,1.0,1.0,1.0,1,PASS
282743,processed\features\282743_features.csv,1,741,15,23,16,375,0,0.9683704453441295,15,15,1.0,131.8796299302961,18.914381022106905,0,0.0,5,1.0,1.0,1.0,1.0,1,PASS
79697,processed\features\79697_features.csv,1,741,15,23,16,375,0,0.9683704453441295,15,15,1.0,107.25990697426653,17.003176232090134,0,0.0,0,1.0,1.0,1.0,1.0,1,PASS
290093,processed\features\290093_features.csv,1,741,15,23,16,375,0,0.9683704453441295,15,15,1.0,64.2477861882397,16.00528120551553,0,0.0,0,1.0,1.0,1.0,1.0,1,PASS
213189,processed\features\213189_features.csv,1,741,15,23,16,375,0,0.9683704453441295,15,15,1.0,89.00526101017749,14.439081078215299,0,0.0,0,1.0,1.0,1.0,1.0,1,PASS
449611,processed\features\449611_features.csv,1,741,15,23,16,375,0,0.9683704453441295,15,15,1.0,51.814835825657354,13.473339859606899,0,0.0,0,1.0,1.0,1.0,1.0,1,PASS
28116,processed\features\28116_features.csv,1,741,15,23,16,375,0,0.9683704453441295,15,15,1.0,89.07487231854225,7.817728829317662,0,0.0,0,1.0,1.0,1.0,1.0,1,PASS
396422,processed\features\396422_features.csv,1,740,15,23,16,375,0,0.9683277027027027,15,15,1.0,126.94741539810512,67.098762230462,0,0.0,0,1.0,1.0,1.0,1.0,1,PASS
222458,processed\features\222458_features.csv,1,740,15,23,16,375,0,0.9683277027027027,15,15,1.0,83.81786086551577,42.65283561291181,0,0.0,0,1.0,1.0,1.0,1.0,1,PASS
393052,processed\features\393052_features.csv,1,740,15,23,16,375,0,0.9683277027027027,15,15,1.0,187.21581638093244,36.56696114147758,0,0.0,9,1.0,1.0,1.0,1.0,1,PASS
144321,processed\features\144321_features.csv,1,740,15,23,16,375,0,0.9683277027027027,15,15,1.0,106.17969817629191,28.792706758957934,0,0.0,4,1.0,1.0,1.0,1.0,1,PASS
263063,processed\features\263063_features.csv,1,740,15,23,16,375,0,0.9683277027027027,15,15,1.0,130.635139103218,27.453561758872418,0,0.0,1,1.0,1.0,1.0,1.0,1,PASS
203011,processed\features\203011_features.csv,1,740,15,23,16,375,0,0.9683277027027027,15,15,1.0,52.685092454029565,26.206497418491004,0,0.0,0,1.0,1.0,1.0,1.0,1,PASS
27405,processed\features\27405_features.csv,1,740,15,23,16,375,0,0.9683277027027027,15,15,1.0,81.46958391261673,25.89298575795199,0,0.0,0,1.0,1.0,1.0,1.0,1,PASS
248796,processed\features\248796_features.csv,1,740,15,23,16,375,0,0.9683277027027027,15,15,1.0,118.34430425844675,25.549792422243605,0,0.0,0,1.0,1.0,1.0,1.0,1,PASS
425773,processed\features\425773_features.csv,1,740,15,23,16,375,0,0.9683277027027027,15,15,1.0,44.750061931762424,24.750802231288734,0,0.0,0,1.0,1.0,1.0,1.0,1,PASS
227068,processed\features\227068_features.csv,1,740,15,23,16,375,0,0.9683277027027027,15,15,1.0,78.76700703837511,24.3494168421241,0,0.0,0,1.0,1.0,1.0,1.0,1,PASS
165355,processed\features\165355_features.csv,1,740,15,23,16,375,0,0.9683277027027027,15,15,1.0,140.35519226389178,22.151404333020604,0,0.0,5,1.0,1.0,1.0,1.0,1,PASS
10227,processed\features\10227_features.csv,1,740,15,23,16,375,0,0.9683277027027027,15,15,1.0,151.83926182827093,21.098639169110413,0,0.0,5,1.0,1.0,1.0,1.0,1,PASS
18193,processed\features\18193_features.csv,1,740,15,23,16,375,0,0.9683277027027027,15,15,1.0,60.02685284657618,15.160822034299052,0,0.0,0,1.0,1.0,1.0,1.0,1,PASS
492333,processed\features\492333_features.csv,1,740,15,23,16,375,0,0.9683277027027027,15,15,1.0,41.763656745071586,12.547941921846649,0,0.0,0,1.0,1.0,1.0,1.0,1,PASS
517625,processed\features\517625_features.csv,1,740,15,23,16,375,0,0.9683277027027027,15,15,1.0,69.47426757478863,8.533502682443656,0,0.0,0,1.0,1.0,1.0,1.0,1,PASS
25414,processed\features\25414_features.csv,1,739,15,23,16,375,0,0.9682848443843031,15,15,1.0,158.7609956121712,103.0511573955251,0,0.0,1,1.0,1.0,1.0,1.0,1,PASS
124659,processed\features\124659_features.csv,1,739,15,23,16,375,0,0.9682848443843031,15,15,1.0,260096.09035196743,42.14224240238923,0,0.0,1,1.0,1.0,1.0,1.0,1,PASS
239052,processed\features\239052_features.csv,1,739,15,23,16,375,0,0.9682848443843031,15,15,1.0,314.90144430342826,39.51370520528848,0,0.0,45,1.0,1.0,1.0,1.0,1,PASS
225291,processed\features\225291_features.csv,1,739,15,23,16,375,0,0.9682848443843031,15,15,1.0,63.700540396550636,39.305382698314624,0,0.0,0,1.0,1.0,1.0,1.0,1,PASS
428867,processed\features\428867_features.csv,1,739,15,23,16,375,0,0.9682848443843031,15,15,1.0,186.10793223420734,36.76117567542601,0,0.0,9,1.0,1.0,1.0,1.0,1,PASS
159185,processed\features\159185_features.csv,1,739,15,23,16,375,0,0.9682848443843031,15,15,1.0,106.67168226821161,31.149990721176312,0,0.0,0,1.0,1.0,1.0,1.0,1,PASS
14787,processed\features\14787_features.csv,1,739,15,23,16,375,0,0.9682848443843031,15,15,1.0,90.80301486158586,30.76052181538841,0,0.0,0,1.0,1.0,1.0,1.0,1,PASS
45514,processed\features\45514_features.csv,1,739,15,23,16,375,0,0.9682848443843031,15,15,1.0,53.002949866056554,30.64744469646218,0,0.0,0,1.0,1.0,1.0,1.0,1,PASS
2344,processed\features\2344_features.csv,1,739,15,23,16,375,0,0.9682848443843031,15,15,1.0,61.6410121048332,29.510577462331987,0,0.0,0,1.0,1.0,1.0,1.0,1,PASS
33516,processed\features\33516_features.csv,1,739,15,23,16,375,0,0.9682848443843031,15,15,1.0,68.43679755335201,26.96363490992548,0,0.0,0,1.0,1.0,1.0,1.0,1,PASS
463136,processed\features\463136_features.csv,1,739,15,23,16,375,0,0.9682848443843031,15,15,1.0,45.56326771370263,26.74927472353177,0,0.0,0,1.0,1.0,1.0,1.0,1,PASS
111852,processed\features\111852_features.csv,1,739,15,23,16,375,0,0.9682848443843031,15,15,1.0,103.20916972423441,26.301672845853176,0,0.0,0,1.0,1.0,1.0,1.0,1,PASS
76177,processed\features\76177_features.csv,1,739,15,23,16,375,0,0.9682848443843031,15,15,1.0,42.70068659131722,24.276565145258715,0,0.0,0,1.0,1.0,1.0,1.0,1,PASS
426356,processed\features\426356_features.csv,1,739,15,23,16,375,0,0.9682848443843031,15,15,1.0,165.815637137615,24.235679854162775,0,0.0,2,1.0,1.0,1.0,1.0,1,PASS
262433,processed\features\262433_features.csv,1,739,15,23,16,375,0,0.9682848443843031,15,15,1.0,69.12194343276921,23.997316286897522,0,0.0,0,1.0,1.0,1.0,1.0,1,PASS
17540,processed\features\17540_features.csv,1,739,15,23,16,375,0,0.9682848443843031,15,15,1.0,162.51351352187257,22.873090090738653,0,0.0,5,1.0,1.0,1.0,1.0,1,PASS
283617,processed\features\283617_features.csv,1,739,15,23,16,375,0,0.9682848443843031,15,15,1.0,84.57067836800388,21.969350707345683,0,0.0,0,1.0,1.0,1.0,1.0,1,PASS
320891,processed\features\320891_features.csv,1,739,15,23,16,375,0,0.9682848443843031,15,15,1.0,179.20426203692273,21.243650989288845,0,0.0,10,1.0,1.0,1.0,1.0,1,PASS
198286,processed\features\198286_features.csv,1,739,15,23,16,375,0,0.9682848443843031,15,15,1.0,158.28817002364846,20.563188657523675,0,0.0,5,1.0,1.0,1.0,1.0,1,PASS
38059,processed\features\38059_features.csv,1,739,15,23,16,375,0,0.9682848443843031,15,15,1.0,66.79925130671784,19.865243908256353,0,0.0,0,1.0,1.0,1.0,1.0,1,PASS
471092,processed\features\471092_features.csv,1,739,15,23,16,375,0,0.9682848443843031,15,15,1.0,51.47314024505611,18.54278534818704,0,0.0,0,1.0,1.0,1.0,1.0,1,PASS
72895,processed\features\72895_features.csv,1,739,15,23,16,375,0,0.9682848443843031,15,15,1.0,48.63324505092754,17.976761458858533,0,0.0,0,1.0,1.0,1.0,1.0,1,PASS
366625,processed\features\366625_features.csv,1,739,15,23,16,375,0,0.9682848443843031,15,15,1.0,50.82843527471985,16.95386916577701,0,0.0,0,1.0,1.0,1.0,1.0,1,PASS
354442,processed\features\354442_features.csv,1,739,15,23,16,375,0,0.9682848443843031,15,15,1.0,65.8443298264049,8.62843231525149,0,0.0,0,1.0,1.0,1.0,1.0,1,PASS
271604,processed\features\271604_features.csv,1,738,15,23,16,375,0,0.9682418699186992,15,15,1.0,125.40643584265294,47.85460553136862,0,0.0,0,1.0,1.0,1.0,1.0,1,PASS
274716,processed\features\274716_features.csv,1,738,15,23,16,375,0,0.9682418699186992,15,15,1.0,72.69929968841198,33.49737631613486,0,0.0,0,1.0,1.0,1.0,1.0,1,PASS
403019,processed\features\403019_features.csv,1,738,15,23,16,375,0,0.9682418699186992,15,15,1.0,76.20024894506233,32.98771225064161,0,0.0,0,1.0,1.0,1.0,1.0,1,PASS
375968,processed\features\375968_features.csv,1,738,15,23,16,375,0,0.9682418699186992,15,15,1.0,587.2411983623022,31.092908983352643,0,0.0,20,1.0,1.0,1.0,1.0,1,PASS
473953,processed\features\473953_features.csv,1,738,15,23,16,375,0,0.9682418699186992,15,15,1.0,457.73606732707196,28.71981807676898,0,0.0,21,1.0,1.0,1.0,1.0,1,PASS
397886,processed\features\397886_features.csv,1,738,15,23,16,375,0,0.9682418699186992,15,15,1.0,99.3899953848645,27.084025846578804,0,0.0,0,1.0,1.0,1.0,1.0,1,PASS
505174,processed\features\505174_features.csv,1,738,15,23,16,375,0,0.9682418699186992,15,15,1.0,63.6687137316526,26.237621060909674,0,0.0,0,1.0,1.0,1.0,1.0,1,PASS
203610,processed\features\203610_features.csv,1,738,15,23,16,375,0,0.9682418699186992,15,15,1.0,86.29769551866084,24.802915874859067,0,0.0,0,1.0,1.0,1.0,1.0,1,PASS
237026,processed\features\237026_features.csv,1,738,15,23,16,375,0,0.9682418699186992,15,15,1.0,123.31761003241868,24.426704948258482,0,0.0,0,1.0,1.0,1.0,1.0,1,PASS
337534,processed\features\337534_features.csv,1,738,15,23,16,375,0,0.9682418699186992,15,15,1.0,60.19462949530345,22.11182166896097,0,0.0,0,1.0,1.0,1.0,1.0,1,PASS
414470,processed\features\414470_features.csv,1,738,15,23,16,375,0,0.9682418699186992,15,15,1.0,143.79038232425165,19.20154505722903,0,0.0,6,1.0,1.0,1.0,1.0,1,PASS
198553,processed\features\198553_features.csv,1,738,15,23,16,375,0,0.9682418699186992,15,15,1.0,318.0538693029148,18.28790997611012,0,0.0,15,1.0,1.0,1.0,1.0,1,PASS
252211,processed\features\252211_features.csv,1,738,15,23,16,375,0,0.9682418699186992,15,15,1.0,102.97970286479855,17.198766761930948,0,0.0,5,1.0,1.0,1.0,1.0,1,PASS
402180,processed\features\402180_features.csv,1,738,15,23,16,375,0,0.9682418699186992,15,15,1.0,168.76350640126367,17.17202817972692,0,0.0,5,1.0,1.0,1.0,1.0,1,PASS
74442,processed\features\74442_features.csv,1,738,15,23,16,375,0,0.9682418699186992,15,15,1.0,52.97333996206209,16.889516947650925,0,0.0,0,1.0,1.0,1.0,1.0,1,PASS
31614,processed\features\31614_features.csv,1,737,15,23,16,375,0,0.9681987788331072,15,15,1.0,151.3735189806597,66.72854844112388,0,0.0,1,1.0,1.0,1.0,1.0,1,PASS
367614,processed\features\367614_features.csv,1,737,15,23,16,375,0,0.9681987788331072,15,15,1.0,207.42335876369643,41.83424001347634,0,0.0,5,1.0,1.0,1.0,1.0,1,PASS
426742,processed\features\426742_features.csv,1,737,15,23,16,375,0,0.9681987788331072,15,15,1.0,57.85467551352268,31.936775684273464,0,0.0,0,1.0,1.0,1.0,1.0,1,PASS
307951,processed\features\307951_features.csv,1,737,15,23,16,375,0,0.9681987788331072,15,15,1.0,72.51515691609384,30.99062052559098,0,0.0,0,1.0,1.0,1.0,1.0,1,PASS
163450,processed\features\163450_features.csv,1,737,15,23,16,375,0,0.9681987788331072,15,15,1.0,124.41199840339544,22.47705406510632,0,0.0,0,1.0,1.0,1.0,1.0,1,PASS
406401,processed\features\406401_features.csv,1,737,15,23,16,375,0,0.9681987788331072,15,15,1.0,201141.33380476557,22.106654027196143,0,0.0,2,1.0,1.0,1.0,1.0,1,PASS
69404,processed\features\69404_features.csv,1,737,15,23,16,375,0,0.9681987788331072,15,15,1.0,81.16909973530665,21.63821545132857,0,0.0,0,1.0,1.0,1.0,1.0,1,PASS
76122,processed\features\76122_features.csv,1,737,15,23,16,375,0,0.9681987788331072,15,15,1.0,182.71382327307413,21.218096614284093,0,0.0,6,1.0,1.0,1.0,1.0,1,PASS
494095,processed\features\494095_features.csv,1,737,15,23,16,375,0,0.9681987788331072,15,15,1.0,59.026961483747655,20.25325685959221,0,0.0,0,1.0,1.0,1.0,1.0,1,PASS
503812,processed\features\503812_features.csv,1,737,15,23,16,375,0,0.9681987788331072,15,15,1.0,77.32163320798335,19.501276559832895,0,0.0,0,1.0,1.0,1.0,1.0,1,PASS
497014,processed\features\497014_features.csv,1,737,15,23,16,375,0,0.9681987788331072,15,15,1.0,95.39597304220239,18.59341527092375,0,0.0,0,1.0,1.0,1.0,1.0,1,PASS
297057,processed\features\297057_features.csv,1,737,15,23,16,375,0,0.9681987788331072,15,15,1.0,53.75224662482958,12.803263498954028,0,0.0,0,1.0,1.0,1.0,1.0,1,PASS
194660,processed\features\194660_features.csv,1,736,15,23,16,375,0,0.968155570652174,15,15,1.0,179.46973560928973,157.06841994942647,0,0.0,4,1.0,1.0,1.0,1.0,1,PASS
47492,processed\features\47492_features.csv,1,736,15,23,16,375,0,0.968155570652174,15,15,1.0,145.11937480598775,79.18077640399287,0,0.0,0,1.0,1.0,1.0,1.0,1,PASS
171223,processed\features\171223_features.csv,1,736,15,23,16,375,0,0.968155570652174,15,15,1.0,106.91752367700818,59.39695667751478,0,0.0,0,1.0,1.0,1.0,1.0,1,PASS
380097,processed\features\380097_features.csv,1,736,15,23,16,375,0,0.968155570652174,15,15,1.0,86.75727683412744,34.687155312088024,0,0.0,0,1.0,1.0,1.0,1.0,1,PASS
405511,processed\features\405511_features.csv,1,736,15,23,16,375,0,0.968155570652174,15,15,1.0,83.23876017654288,34.031713399808794,0,0.0,0,1.0,1.0,1.0,1.0,1,PASS
405041,processed\features\405041_features.csv,1,736,15,23,16,375,0,0.968155570652174,15,15,1.0,75.40475876457147,31.680060813553478,0,0.0,0,1.0,1.0,1.0,1.0,1,PASS
16286,processed\features\16286_features.csv,1,736,15,23,16,375,0,0.968155570652174,15,15,1.0,87.8786218629736,27.85273873753252,0,0.0,0,1.0,1.0,1.0,1.0,1,PASS
19480,processed\features\19480_features.csv,1,736,15,23,16,375,0,0.968155570652174,15,15,1.0,619.5429155972963,26.274464586872874,0,0.0,19,1.0,1.0,1.0,1.0,1,PASS
112861,processed\features\112861_features.csv,1,736,15,23,16,375,0,0.968155570652174,15,15,1.0,70.26356337391621,21.174571794301386,0,0.0,0,1.0,1.0,1.0,1.0,1,PASS
173948,processed\features\173948_features.csv,1,736,15,23,16,375,0,0.968155570652174,15,15,1.0,103.68483794154045,20.427699576308797,0,0.0,0,1.0,1.0,1.0,1.0,1,PASS
264419,processed\features\264419_features.csv,1,736,15,23,16,375,0,0.968155570652174,15,15,1.0,232.47495790368265,19.778810447679056,0,0.0,19,1.0,1.0,1.0,1.0,1,PASS
469720,processed\features\469720_features.csv,1,736,15,23,16,375,0,0.968155570652174,15,15,1.0,79.24275635191076,16.968263256650747,0,0.0,0,1.0,1.0,1.0,1.0,1,PASS
454941,processed\features\454941_features.csv,1,736,15,23,16,375,0,0.968155570652174,15,15,1.0,85.55613855177396,15.930675948605526,0,0.0,0,1.0,1.0,1.0,1.0,1,PASS
465887,processed\features\465887_features.csv,1,736,15,23,16,375,0,0.968155570652174,15,15,1.0,72.46141947459417,14.439077639571575,0,0.0,0,1.0,1.0,1.0,1.0,1,PASS
502270,processed\features\502270_features.csv,1,736,15,23,16,375,0,0.968155570652174,15,15,1.0,47.78636640083931,13.246260568848232,0,0.0,0,1.0,1.0,1.0,1.0,1,PASS
444718,processed\features\444718_features.csv,1,736,15,23,16,375,0,0.968155570652174,15,15,1.0,85.2341079507756,12.307851689808542,0,0.0,0,1.0,1.0,1.0,1.0,1,PASS
236771,processed\features\236771_features.csv,1,736,15,23,16,375,0,0.968155570652174,15,15,1.0,89.13755604540326,11.704297847679982,0,0.0,0,1.0,1.0,1.0,1.0,1,PASS
224890,processed\features\224890_features.csv,1,735,15,23,16,375,0,0.9681122448979592,15,15,1.0,155.20760226088524,106.4953825074805,0,0.0,2,1.0,1.0,1.0,1.0,1,PASS
463050,processed\features\463050_features.csv,1,735,15,23,16,375,0,0.9681122448979592,15,15,1.0,149.65413745606975,56.845893828138536,0,0.0,5,1.0,1.0,1.0,1.0,1,PASS
434309,processed\features\434309_features.csv,1,735,15,23,16,375,0,0.9681122448979592,15,15,1.0,95.40174182503026,33.08931506365152,0,0.0,0,1.0,1.0,1.0,1.0,1,PASS
283433,processed\features\283433_features.csv,1,735,15,23,16,375,0,0.9681122448979592,15,15,1.0,180.44596200919858,32.43089318473903,0,0.0,0,1.0,1.0,1.0,1.0,1,PASS
398481,processed\features\398481_features.csv,1,735,15,23,16,375,0,0.9681122448979592,15,15,1.0,89.99644604918298,30.06026266391839,0,0.0,0,1.0,1.0,1.0,1.0,1,PASS
443357,processed\features\443357_features.csv,1,735,15,23,16,375,0,0.9681122448979592,15,15,1.0,92.73794924678981,29.76308567732812,0,0.0,0,1.0,1.0,1.0,1.0,1,PASS
396645,processed\features\396645_features.csv,1,735,15,23,16,375,0,0.9681122448979592,15,15,1.0,45.09122681916643,29.71239650017523,0,0.0,0,1.0,1.0,1.0,1.0,1,PASS
12368,processed\features\12368_features.csv,1,735,15,23,16,375,0,0.9681122448979592,15,15,1.0,111.09901377688414,24.30514758244589,0,0.0,0,1.0,1.0,1.0,1.0,1,PASS
37746,processed\features\37746_features.csv,1,735,15,23,16,375,0,0.9681122448979592,15,15,1.0,249.56068197020625,23.949756262327586,0,0.0,26,1.0,1.0,1.0,1.0,1,PASS
128328,processed\features\128328_features.csv,1,735,15,23,16,375,0,0.9681122448979592,15,15,1.0,100.72906372557225,23.270153111271974,0,0.0,0,1.0,1.0,1.0,1.0,1,PASS
488431,processed\features\488431_features.csv,1,735,15,23,16,375,0,0.9681122448979592,15,15,1.0,68.04925985892328,21.35645212768543,0,0.0,0,1.0,1.0,1.0,1.0,1,PASS
289014,processed\features\289014_features.csv,1,735,15,23,16,375,0,0.9681122448979592,15,15,1.0,219.70403877703353,19.038868095537136,0,0.0,11,1.0,1.0,1.0,1.0,1,PASS
402878,processed\features\402878_features.csv,1,735,15,23,16,375,0,0.9681122448979592,15,15,1.0,47.347978806347285,18.63445789760893,0,0.0,0,1.0,1.0,1.0,1.0,1,PASS
140904,processed\features\140904_features.csv,1,735,15,23,16,375,0,0.9681122448979592,15,15,1.0,51.33199543003238,16.21301276464721,0,0.0,0,1.0,1.0,1.0,1.0,1,PASS
481837,processed\features\481837_features.csv,1,735,15,23,16,375,0,0.9681122448979592,15,15,1.0,112.39479145265616,14.6132667735753,0,0.0,0,1.0,1.0,1.0,1.0,1,PASS
84333,processed\features\84333_features.csv,1,734,15,23,16,375,0,0.9680688010899182,15,15,1.0,103.33836652958482,67.7916365968773,0,0.0,0,1.0,1.0,1.0,1.0,1,PASS
73482,processed\features\73482_features.csv,1,734,15,23,16,375,0,0.9680688010899182,15,15,1.0,99.19851694833645,48.95639411677776,0,0.0,0,1.0,1.0,1.0,1.0,1,PASS
48420,processed\features\48420_features.csv,1,734,15,23,16,375,0,0.9680688010899182,15,15,1.0,108.91994930053414,48.01768705116214,0,0.0,1,1.0,1.0,1.0,1.0,1,PASS
156291,processed\features\156291_features.csv,1,734,15,23,16,375,0,0.9680688010899182,15,15,1.0,171.80827186640812,46.36439191967713,0,0.0,0,1.0,1.0,1.0,1.0,1,PASS
3232,processed\features\3232_features.csv,1,734,15,23,16,375,0,0.9680688010899182,15,15,1.0,95.37038720842308,39.82410406635021,0,0.0,0,1.0,1.0,1.0,1.0,1,PASS
1686,processed\features\1686_features.csv,1,734,15,23,16,375,0,0.9680688010899182,15,15,1.0,53.6585887338774,34.869322288030595,0,0.0,0,1.0,1.0,1.0,1.0,1,PASS
503396,processed\features\503396_features.csv,1,734,15,23,16,375,0,0.9680688010899182,15,15,1.0,55.434286370836915,33.56504513840562,0,0.0,0,1.0,1.0,1.0,1.0,1,PASS
428276,processed\features\428276_features.csv,1,734,15,23,16,375,0,0.9680688010899182,15,15,1.0,56.98480640818929,33.42355046646908,0,0.0,0,1.0,1.0,1.0,1.0,1,PASS
139770,processed\features\139770_features.csv,1,734,15,23,16,375,0,0.9680688010899182,15,15,1.0,66.67561304789832,32.48099727657848,0,0.0,0,1.0,1.0,1.0,1.0,1,PASS
100190,processed\features\100190_features.csv,1,734,15,23,16,375,0,0.9680688010899182,15,15,1.0,52.39200858346369,32.21166073567506,0,0.0,0,1.0,1.0,1.0,1.0,1,PASS
258203,processed\features\258203_features.csv,1,734,15,23,16,375,0,0.9680688010899182,15,15,1.0,46.05552288378009,30.233420493900763,0,0.0,0,1.0,1.0,1.0,1.0,1,PASS
497399,processed\features\497399_features.csv,1,734,15,23,16,375,0,0.9680688010899182,15,15,1.0,108.51493517849396,22.68411322452959,0,0.0,0,1.0,1.0,1.0,1.0,1,PASS
479767,processed\features\479767_features.csv,1,734,15,23,16,375,0,0.9680688010899182,15,15,1.0,83.37506012006494,22.493059359835563,0,0.0,0,1.0,1.0,1.0,1.0,1,PASS
214373,processed\features\214373_features.csv,1,734,15,23,16,375,0,0.9680688010899182,15,15,1.0,43.192501564770275,16.78244381315083,0,0.0,0,1.0,1.0,1.0,1.0,1,PASS
509378,processed\features\509378_features.csv,1,734,15,23,16,375,0,0.9680688010899182,15,15,1.0,92.35797552364538,16.45786255265522,0,0.0,0,1.0,1.0,1.0,1.0,1,PASS
93128,processed\features\93128_features.csv,1,734,15,23,16,375,0,0.9680688010899182,15,15,1.0,44.76264673245787,15.622001679884427,0,0.0,0,1.0,1.0,1.0,1.0,1,PASS
361805,processed\features\361805_features.csv,1,733,15,23,16,375,0,0.968025238744884,15,15,1.0,74.61908621655749,56.0971927244054,0,0.0,0,1.0,1.0,1.0,1.0,1,PASS
324246,processed\features\324246_features.csv,1,733,15,23,16,375,0,0.968025238744884,15,15,1.0,78.73832818905194,37.39149570679422,0,0.0,0,1.0,1.0,1.0,1.0,1,PASS
253289,processed\features\253289_features.csv,1,733,15,23,16,375,0,0.968025238744884,15,15,1.0,144.39275718013315,35.954963032790225,0,0.0,0,1.0,1.0,1.0,1.0,1,PASS
483284,processed\features\483284_features.csv,1,733,15,23,16,375,0,0.968025238744884,15,15,1.0,122.93734507329543,35.03712205044497,0,0.0,0,1.0,1.0,1.0,1.0,1,PASS
121526,processed\features\121526_features.csv,1,733,15,23,16,375,0,0.968025238744884,15,15,1.0,501.25306441756663,30.124081858290168,0,0.0,16,1.0,1.0,1.0,1.0,1,PASS
263916,processed\features\263916_features.csv,1,733,15,23,16,375,0,0.968025238744884,15,15,1.0,91.12035374872522,28.55992495168431,0,0.0,0,1.0,1.0,1.0,1.0,1,PASS
349327,processed\features\349327_features.csv,1,733,15,23,16,375,0,0.968025238744884,15,15,1.0,110.63301495627613,25.280031237773926,0,0.0,0,1.0,1.0,1.0,1.0,1,PASS
413997,processed\features\413997_features.csv,1,733,15,23,16,375,0,0.968025238744884,15,15,1.0,133.74257159411687,25.009153453836248,0,0.0,4,1.0,1.0,1.0,1.0,1,PASS
180560,processed\features\180560_features.csv,1,733,15,23,16,375,0,0.968025238744884,15,15,1.0,87.53655024664423,22.558208980474284,0,0.0,0,1.0,1.0,1.0,1.0,1,PASS
517110,processed\features\517110_features.csv,1,733,15,23,16,375,0,0.968025238744884,15,15,1.0,128.4737701709466,22.317450646400808,0,0.0,3,1.0,1.0,1.0,1.0,1,PASS
199708,processed\features\199708_features.csv,1,733,15,23,16,375,0,0.968025238744884,15,15,1.0,112.94680899639964,22.289788329714014,0,0.0,3,1.0,1.0,1.0,1.0,1,PASS
16916,processed\features\16916_features.csv,1,733,15,23,16,375,0,0.968025238744884,15,15,1.0,101.96132317553678,21.687907366777736,0,0.0,0,1.0,1.0,1.0,1.0,1,PASS
212509,processed\features\212509_features.csv,1,733,15,23,16,375,0,0.968025238744884,15,15,1.0,79.62920225290449,19.121294601193554,0,0.0,0,1.0,1.0,1.0,1.0,1,PASS
77130,processed\features\77130_features.csv,1,733,15,23,16,375,0,0.968025238744884,15,15,1.0,69.57276469216548,17.486978036416815,0,0.0,0,1.0,1.0,1.0,1.0,1,PASS
69574,processed\features\69574_features.csv,1,733,15,23,16,375,0,0.968025238744884,15,15,1.0,83.72650113294513,13.283231402691253,0,0.0,0,1.0,1.0,1.0,1.0,1,PASS
380468,processed\features\380468_features.csv,1,733,15,23,16,375,0,0.968025238744884,15,15,1.0,60.73223422560385,13.110473684407054,0,0.0,0,1.0,1.0,1.0,1.0,1,PASS
172706,processed\features\172706_features.csv,1,732,15,23,16,375,0,0.9679815573770492,15,15,1.0,147.69052269581442,65.63935513669153,0,0.0,5,1.0,1.0,1.0,1.0,1,PASS
178678,processed\features\178678_features.csv,1,732,15,23,16,375,0,0.9679815573770492,15,15,1.0,140.17872280818972,53.042776894555416,0,0.0,1,1.0,1.0,1.0,1.0,1,PASS
708,processed\features\708_features.csv,1,732,15,23,16,375,0,0.9679815573770492,15,15,1.0,163.73001961453596,37.485579750631366,0,0.0,1,1.0,1.0,1.0,1.0,1,PASS
445935,processed\features\445935_features.csv,1,732,15,23,16,375,0,0.9679815573770492,15,15,1.0,99.44552162458253,28.571889501430995,0,0.0,0,1.0,1.0,1.0,1.0,1,PASS
34806,processed\features\34806_features.csv,1,732,15,23,16,375,0,0.9679815573770492,15,15,1.0,87.98793012769178,25.700878304392567,0,0.0,0,1.0,1.0,1.0,1.0,1,PASS
409153,processed\features\409153_features.csv,1,732,15,23,16,375,0,0.9679815573770492,15,15,1.0,76.71618589856685,23.953528846793184,0,0.0,0,1.0,1.0,1.0,1.0,1,PASS
389365,processed\features\389365_features.csv,1,732,15,23,16,375,0,0.9679815573770492,15,15,1.0,35.27247281033226,23.816800785775975,0,0.0,0,1.0,1.0,1.0,1.0,1,PASS
147761,processed\features\147761_features.csv,1,732,15,23,16,375,0,0.9679815573770492,15,15,1.0,105.98634238436067,23.157902363448677,0,0.0,0,1.0,1.0,1.0,1.0,1,PASS
510378,processed\features\510378_features.csv,1,732,15,23,16,375,0,0.9679815573770492,15,15,1.0,62.79723991443972,23.07045686942842,0,0.0,0,1.0,1.0,1.0,1.0,1,PASS
396407,processed\features\396407_features.csv,1,732,15,23,16,375,0,0.9679815573770492,15,15,1.0,93.79677638417257,20.865917772892054,0,0.0,0,1.0,1.0,1.0,1.0,1,PASS
358225,processed\features\358225_features.csv,1,732,15,23,16,375,0,0.9679815573770492,15,15,1.0,38.97768310847866,20.40542119851893,0,0.0,0,1.0,1.0,1.0,1.0,1,PASS
24864,processed\features\24864_features.csv,1,732,15,23,16,375,0,0.9679815573770492,15,15,1.0,78.49113296994278,20.37536857755427,0,0.0,0,1.0,1.0,1.0,1.0,1,PASS
107568,processed\features\107568_features.csv,1,732,15,23,16,375,0,0.9679815573770492,15,15,1.0,101.96441214442311,18.80491894529078,0,0.0,0,1.0,1.0,1.0,1.0,1,PASS
154769,processed\features\154769_features.csv,1,732,15,23,16,375,0,0.9679815573770492,15,15,1.0,106.10415064736665,18.40039419089717,0,0.0,0,1.0,1.0,1.0,1.0,1,PASS
117047,processed\features\117047_features.csv,1,732,15,23,16,375,0,0.9679815573770492,15,15,1.0,93.26340586613685,18.394445614534273,0,0.0,0,1.0,1.0,1.0,1.0,1,PASS
323379,processed\features\323379_features.csv,1,732,15,23,16,375,0,0.9679815573770492,15,15,1.0,65.49107148302231,18.170741849146193,0,0.0,0,1.0,1.0,1.0,1.0,1,PASS
264602,processed\features\264602_features.csv,1,732,15,23,16,375,0,0.9679815573770492,15,15,1.0,124.27324227807051,15.199947733995623,0,0.0,2,1.0,1.0,1.0,1.0,1,PASS
494198,processed\features\494198_features.csv,1,732,15,23,16,375,0,0.9679815573770492,15,15,1.0,147.68955697881847,14.32610954270367,0,0.0,1,1.0,1.0,1.0,1.0,1,PASS
352852,processed\features\352852_features.csv,1,732,15,23,16,375,0,0.9679815573770492,15,15,1.0,223.2194600970393,13.942025768134052,0,0.0,20,1.0,1.0,1.0,1.0,1,PASS
233686,processed\features\233686_features.csv,1,732,15,23,16,375,0,0.9679815573770492,15,15,1.0,59.44045416939766,12.345838723079266,0,0.0,0,1.0,1.0,1.0,1.0,1,PASS
177857,processed\features\177857_features.csv,1,731,15,23,16,375,0,0.967937756497948,15,15,1.0,166.238654090539,138.41345192980688,0,0.0,0,1.0,1.0,1.0,1.0,1,PASS
89490,processed\features\89490_features.csv,1,731,15,23,16,375,0,0.967937756497948,15,15,1.0,125.83054750813642,68.0260423126403,0,0.0,0,1.0,1.0,1.0,1.0,1,PASS
250936,processed\features\250936_features.csv,1,731,15,23,16,375,0,0.967937756497948,15,15,1.0,76.63475212500445,56.325706173623445,0,0.0,0,1.0,1.0,1.0,1.0,1,PASS
27316,processed\features\27316_features.csv,1,731,15,23,16,375,0,0.967937756497948,15,15,1.0,76.82521874059961,35.878422881656334,0,0.0,0,1.0,1.0,1.0,1.0,1,PASS
228787,processed\features\228787_features.csv,1,731,15,23,16,375,0,0.967937756497948,15,15,1.0,78.52628310958647,34.39776691810555,0,0.0,0,1.0,1.0,1.0,1.0,1,PASS
215803,processed\features\215803_features.csv,1,731,15,23,16,375,0,0.967937756497948,15,15,1.0,50.271884246543834,31.515343767664508,0,0.0,0,1.0,1.0,1.0,1.0,1,PASS
253644,processed\features\253644_features.csv,1,731,15,23,16,375,0,0.967937756497948,15,15,1.0,84.78793367955977,29.474604114795817,0,0.0,0,1.0,1.0,1.0,1.0,1,PASS
56474,processed\features\56474_features.csv,1,731,15,23,16,375,0,0.967937756497948,15,15,1.0,149.59515033722946,27.98510193569776,0,0.0,2,1.0,1.0,1.0,1.0,1,PASS
259448,processed\features\259448_features.csv,1,731,15,23,16,375,0,0.967937756497948,15,15,1.0,307.8841790446184,26.785678017274023,0,0.0,14,1.0,1.0,1.0,1.0,1,PASS
272250,processed\features\272250_features.csv,1,731,15,23,16,375,0,0.967937756497948,15,15,1.0,54.74816598622493,26.361490066074776,0,0.0,0,1.0,1.0,1.0,1.0,1,PASS
337680,processed\features\337680_features.csv,1,731,15,23,16,375,0,0.967937756497948,15,15,1.0,72.00301234305657,23.164992234460808,0,0.0,0,1.0,1.0,1.0,1.0,1,PASS
337398,processed\features\337398_features.csv,1,731,15,23,16,375,0,0.967937756497948,15,15,1.0,51.0560957987433,22.663979287008157,0,0.0,0,1.0,1.0,1.0,1.0,1,PASS
388689,processed\features\388689_features.csv,1,731,15,23,16,375,0,0.967937756497948,15,15,1.0,113.44164746677205,16.210523399571116,0,0.0,5,1.0,1.0,1.0,1.0,1,PASS
37465,processed\features\37465_features.csv,1,731,15,23,16,375,0,0.967937756497948,15,15,1.0,58.98068925187762,13.633123798439627,0,0.0,0,1.0,1.0,1.0,1.0,1,PASS
136738,processed\features\136738_features.csv,1,731,15,23,16,375,0,0.967937756497948,15,15,1.0,56.05735668744929,13.481368099450904,0,0.0,0,1.0,1.0,1.0,1.0,1,PASS
362157,processed\features\362157_features.csv,1,731,15,23,16,375,0,0.967937756497948,15,15,1.0,82.81862900044032,12.923042266194877,0,0.0,0,1.0,1.0,1.0,1.0,1,PASS
109249,processed\features\109249_features.csv,1,731,15,23,16,375,0,0.967937756497948,15,15,1.0,50.98959019021813,8.95333482082843,0,0.0,0,1.0,1.0,1.0,1.0,1,PASS
168070,processed\features\168070_features.csv,1,730,15,23,16,375,0,0.9678938356164384,15,15,1.0,154.21824978852646,143.9831237661433,0,0.0,2,1.0,1.0,1.0,1.0,1,PASS
382853,processed\features\382853_features.csv,1,730,15,23,16,375,0,0.9678938356164384,15,15,1.0,51.74947937927926,42.73787412615341,0,0.0,0,1.0,1.0,1.0,1.0,1,PASS
131549,processed\features\131549_features.csv,1,730,15,23,16,375,0,0.9678938356164384,15,15,1.0,114.78553745787349,40.37005805709397,0,0.0,0,1.0,1.0,1.0,1.0,1,PASS
305950,processed\features\305950_features.csv,1,730,15,23,16,375,0,0.9678938356164384,15,15,1.0,49.642905854706385,32.52340927682898,0,0.0,0,1.0,1.0,1.0,1.0,1,PASS
260958,processed\features\260958_features.csv,1,730,15,23,16,375,0,0.9678938356164384,15,15,1.0,108.41837577071097,31.413013990936022,0,0.0,0,1.0,1.0,1.0,1.0,1,PASS
175005,processed\features\175005_features.csv,1,730,15,23,16,375,0,0.9678938356164384,15,15,1.0,138.00265984036338,26.62779432439648,0,0.0,0,1.0,1.0,1.0,1.0,1,PASS
493999,processed\features\493999_features.csv,1,730,15,23,16,375,0,0.9678938356164384,15,15,1.0,59.362611802492694,25.645812957229275,0,0.0,0,1.0,1.0,1.0,1.0,1,PASS
22604,processed\features\22604_features.csv,1,730,15,23,16,375,0,0.9678938356164384,15,15,1.0,64.65193332145509,24.5035690424634,0,0.0,0,1.0,1.0,1.0,1.0,1,PASS
143822,processed\features\143822_features.csv,1,730,15,23,16,375,0,0.9678938356164384,15,15,1.0,107.44035079336946,24.178538535000172,0,0.0,0,1.0,1.0,1.0,1.0,1,PASS
102580,processed\features\102580_features.csv,1,730,15,23,16,375,0,0.9678938356164384,15,15,1.0,58.97533292299472,23.79043650749825,0,0.0,0,1.0,1.0,1.0,1.0,1,PASS
82931,processed\features\82931_features.csv,1,730,15,23,16,375,0,0.9678938356164384,15,15,1.0,86.1386784877293,21.973065490886,0,0.0,0,1.0,1.0,1.0,1.0,1,PASS
259756,processed\features\259756_features.csv,1,730,15,23,16,375,0,0.9678938356164384,15,15,1.0,94.56321754686866,21.571884788636464,0,0.0,5,1.0,1.0,1.0,1.0,1,PASS
275149,processed\features\275149_features.csv,1,730,15,23,16,375,0,0.9678938356164384,15,15,1.0,86.32699741178556,20.108363014714357,0,0.0,0,1.0,1.0,1.0,1.0,1,PASS
420366,processed\features\420366_features.csv,1,730,15,23,16,375,0,0.9678938356164384,15,15,1.0,94.22707959660809,19.53032518354142,0,0.0,0,1.0,1.0,1.0,1.0,1,PASS
138332,processed\features\138332_features.csv,1,730,15,23,16,375,0,0.9678938356164384,15,15,1.0,80.11899895811077,17.22735554682584,0,0.0,0,1.0,1.0,1.0,1.0,1,PASS
34222,processed\features\34222_features.csv,1,730,15,23,16,375,0,0.9678938356164384,15,15,1.0,77.99161322791254,16.48326779900125,0,0.0,0,1.0,1.0,1.0,1.0,1,PASS
504867,processed\features\504867_features.csv,1,730,15,23,16,375,0,0.9678938356164384,15,15,1.0,381.09903101140924,11.451419762465651,0,0.0,25,1.0,1.0,1.0,1.0,1,PASS
195095,processed\features\195095_features.csv,1,730,15,23,16,375,0,0.9678938356164384,15,15,1.0,91.74810743391333,9.883740639047348,0,0.0,0,1.0,1.0,1.0,1.0,1,PASS
89242,processed\features\89242_features.csv,1,729,15,23,16,375,0,0.9678497942386831,15,15,1.0,185.61694084695458,66.18192162074936,0,0.0,0,1.0,1.0,1.0,1.0,1,PASS
221761,processed\features\221761_features.csv,1,729,15,23,16,375,0,0.9678497942386831,15,15,1.0,79.02722893652879,49.88369845837969,0,0.0,0,1.0,1.0,1.0,1.0,1,PASS
175631,processed\features\175631_features.csv,1,729,15,23,16,375,0,0.9678497942386831,15,15,1.0,389.4468887760828,25.415791038128532,0,0.0,29,1.0,1.0,1.0,1.0,1,PASS
122015,processed\features\122015_features.csv,1,729,15,23,16,375,0,0.9678497942386831,15,15,1.0,49.30831637496082,21.397867096180697,0,0.0,0,1.0,1.0,1.0,1.0,1,PASS
316686,processed\features\316686_features.csv,1,729,15,23,16,375,0,0.9678497942386831,15,15,1.0,105.78053022331146,20.19179111452869,0,0.0,0,1.0,1.0,1.0,1.0,1,PASS
48778,processed\features\48778_features.csv,1,729,15,23,16,375,0,0.9678497942386831,15,15,1.0,80.95897326655357,15.36888077946886,0,0.0,0,1.0,1.0,1.0,1.0,1,PASS
378042,processed\features\378042_features.csv,1,729,15,23,16,375,0,0.9678497942386831,15,15,1.0,97.48143275847895,15.088677794110584,0,0.0,0,1.0,1.0,1.0,1.0,1,PASS
124536,processed\features\124536_features.csv,1,729,15,23,16,375,0,0.9678497942386831,15,15,1.0,75.68865583070256,14.057468215775575,0,0.0,0,1.0,1.0,1.0,1.0,1,PASS
464179,processed\features\464179_features.csv,1,728,15,23,16,375,0,0.9678056318681318,15,15,1.0,133.25168356393155,48.16009151730246,0,0.0,1,1.0,1.0,1.0,1.0,1,PASS
254698,processed\features\254698_features.csv,1,728,15,23,16,375,0,0.9678056318681318,15,15,1.0,1530487.8401158445,43.66904586028576,0,0.0,29,1.0,1.0,1.0,1.0,1,PASS
210673,processed\features\210673_features.csv,1,728,15,23,16,375,0,0.9678056318681318,15,15,1.0,67.07834121004417,43.28700762884621,0,0.0,0,1.0,1.0,1.0,1.0,1,PASS
465421,processed\features\465421_features.csv,1,728,15,23,16,375,0,0.9678056318681318,15,15,1.0,283443.7374249486,41.465060140798215,0,0.0,7,1.0,1.0,1.0,1.0,1,PASS
352061,processed\features\352061_features.csv,1,728,15,23,16,375,0,0.9678056318681318,15,15,1.0,77.15037382127841,35.14409080992781,0,0.0,0,1.0,1.0,1.0,1.0,1,PASS
367273,processed\features\367273_features.csv,1,728,15,23,16,375,0,0.9678056318681318,15,15,1.0,66.06200473806385,33.54977758689339,0,0.0,0,1.0,1.0,1.0,1.0,1,PASS
497972,processed\features\497972_features.csv,1,728,15,23,16,375,0,0.9678056318681318,15,15,1.0,146.69290134438833,28.971392604211765,0,0.0,5,1.0,1.0,1.0,1.0,1,PASS
259396,processed\features\259396_features.csv,1,728,15,23,16,375,0,0.9678056318681318,15,15,1.0,77.39269739907559,26.576475362218332,0,0.0,0,1.0,1.0,1.0,1.0,1,PASS
478676,processed\features\478676_features.csv,1,728,15,23,16,375,0,0.9678056318681318,15,15,1.0,57.61268740565347,25.644775483266585,0,0.0,0,1.0,1.0,1.0,1.0,1,PASS
420402,processed\features\420402_features.csv,1,728,15,23,16,375,0,0.9678056318681318,15,15,1.0,104.55247087779621,25.167975688683683,0,0.0,0,1.0,1.0,1.0,1.0,1,PASS
317278,processed\features\317278_features.csv,1,728,15,23,16,375,0,0.9678056318681318,15,15,1.0,105.26632834247023,25.09568101131275,0,0.0,0,1.0,1.0,1.0,1.0,1,PASS
121783,processed\features\121783_features.csv,1,728,15,23,16,375,0,0.9678056318681318,15,15,1.0,73.2833946232671,23.24406491816505,0,0.0,0,1.0,1.0,1.0,1.0,1,PASS
74478,processed\features\74478_features.csv,1,728,15,23,16,375,0,0.9678056318681318,15,15,1.0,34.66196887056055,21.26100278363658,0,0.0,0,1.0,1.0,1.0,1.0,1,PASS
172312,processed\features\172312_features.csv,1,728,15,23,16,375,0,0.9678056318681318,15,15,1.0,83.66424180106804,21.13076117568329,0,0.0,0,1.0,1.0,1.0,1.0,1,PASS
441807,processed\features\441807_features.csv,1,728,15,23,16,375,0,0.9678056318681318,15,15,1.0,256.7376876686859,19.572500600862373,0,0.0,15,1.0,1.0,1.0,1.0,1,PASS
255311,processed\features\255311_features.csv,1,728,15,23,16,375,0,0.9678056318681318,15,15,1.0,93.92614378568969,17.725106411075515,0,0.0,0,1.0,1.0,1.0,1.0,1,PASS
72574,processed\features\72574_features.csv,1,728,15,23,16,375,0,0.9678056318681318,15,15,1.0,113.67826336389015,17.196808338485525,0,0.0,1,1.0,1.0,1.0,1.0,1,PASS
323095,processed\features\323095_features.csv,1,728,15,23,16,375,0,0.9678056318681318,15,15,1.0,75.0571242891462,16.478965425917224,0,0.0,0,1.0,1.0,1.0,1.0,1,PASS
248308,processed\features\248308_features.csv,1,728,15,23,16,375,0,0.9678056318681318,15,15,1.0,183.26402452605032,13.008843464716067,0,0.0,10,1.0,1.0,1.0,1.0,1,PASS
4427,processed\features\4427_features.csv,1,728,15,23,16,375,0,0.9678056318681318,15,15,1.0,146.31229735448662,12.94932950300407,0,0.0,0,1.0,1.0,1.0,1.0,1,PASS
296820,processed\features\296820_features.csv,1,727,15,23,16,375,0,0.9677613480055021,15,15,1.0,141.77608107997318,131.10477239826818,0,0.0,1,1.0,1.0,1.0,1.0,1,PASS
57195,processed\features\57195_features.csv,1,727,15,23,16,375,0,0.9677613480055021,15,15,1.0,78.47842405847888,46.56273341710454,0,0.0,0,1.0,1.0,1.0,1.0,1,PASS
41960,processed\features\41960_features.csv,1,727,15,23,16,375,0,0.9677613480055021,15,15,1.0,128.72851124972578,36.92912507895372,0,0.0,0,1.0,1.0,1.0,1.0,1,PASS
404075,processed\features\404075_features.csv,1,727,15,23,16,375,0,0.9677613480055021,15,15,1.0,105.64552000260753,25.24705463641078,0,0.0,5,1.0,1.0,1.0,1.0,1,PASS
23047,processed\features\23047_features.csv,1,727,15,23,16,375,0,0.9677613480055021,15,15,1.0,59.346729696139434,23.74011267540956,0,0.0,0,1.0,1.0,1.0,1.0,1,PASS
336742,processed\features\336742_features.csv,1,727,15,23,16,375,0,0.9677613480055021,15,15,1.0,58.94124512981657,17.782432099949354,0,0.0,0,1.0,1.0,1.0,1.0,1,PASS
182041,processed\features\182041_features.csv,1,727,15,23,16,375,0,0.9677613480055021,15,15,1.0,138.15411943749228,17.640868763394465,0,0.0,0,1.0,1.0,1.0,1.0,1,PASS
509677,processed\features\509677_features.csv,1,727,15,23,16,375,0,0.9677613480055021,15,15,1.0,57.00303806887121,16.333842840260935,0,0.0,0,1.0,1.0,1.0,1.0,1,PASS
32308,processed\features\32308_features.csv,1,727,15,23,16,375,0,0.9677613480055021,15,15,1.0,99.57161688073387,11.89696764577422,0,0.0,0,1.0,1.0,1.0,1.0,1,PASS
458554,processed\features\458554_features.csv,1,726,15,23,16,375,0,0.9677169421487604,15,15,1.0,114.70815062684328,86.26151272562177,0,0.0,0,1.0,1.0,1.0,1.0,1,PASS
60319,processed\features\60319_features.csv,1,726,15,23,16,375,0,0.9677169421487604,15,15,1.0,100.55726125098526,62.92208152286952,0,0.0,1,1.0,1.0,1.0,1.0,1,PASS
118098,processed\features\118098_features.csv,1,726,15,23,16,375,0,0.9677169421487604,15,15,1.0,135.32454494757002,50.8649486668334,0,0.0,0,1.0,1.0,1.0,1.0,1,PASS
492402,processed\features\492402_features.csv,1,726,15,23,16,375,0,0.9677169421487604,15,15,1.0,71.2111957550566,48.16588584201898,0,0.0,0,1.0,1.0,1.0,1.0,1,PASS
288847,processed\features\288847_features.csv,1,726,15,23,16,375,0,0.9677169421487604,15,15,1.0,219.75944472508343,44.70137905776298,0,0.0,10,1.0,1.0,1.0,1.0,1,PASS
3180,processed\features\3180_features.csv,1,726,15,23,16,375,0,0.9677169421487604,15,15,1.0,191.0724753705544,33.874022754125505,0,0.0,10,1.0,1.0,1.0,1.0,1,PASS
267943,processed\features\267943_features.csv,1,726,15,23,16,375,0,0.9677169421487604,15,15,1.0,100.89199916381834,32.85663789283793,0,0.0,0,1.0,1.0,1.0,1.0,1,PASS
127227,processed\features\127227_features.csv,1,726,15,23,16,375,0,0.9677169421487604,15,15,1.0,110.51140595178659,28.29054332414848,0,0.0,1,1.0,1.0,1.0,1.0,1,PASS
517932,processed\features\517932_features.csv,1,726,15,23,16,375,0,0.9677169421487604,15,15,1.0,120.11059497905104,26.673080266986457,0,0.0,0,1.0,1.0,1.0,1.0,1,PASS
450424,processed\features\450424_features.csv,1,726,15,23,16,375,0,0.9677169421487604,15,15,1.0,376.4278875212859,26.477873401338158,0,0.0,46,1.0,1.0,1.0,1.0,1,PASS
244667,processed\features\244667_features.csv,1,726,15,23,16,375,0,0.9677169421487604,15,15,1.0,79.59018186095231,24.91772014490588,0,0.0,0,1.0,1.0,1.0,1.0,1,PASS
248999,processed\features\248999_features.csv,1,726,15,23,16,375,0,0.9677169421487604,15,15,1.0,222.56583466228187,22.740912608401665,0,0.0,18,1.0,1.0,1.0,1.0,1,PASS
196194,processed\features\196194_features.csv,1,726,15,23,16,375,0,0.9677169421487604,15,15,1.0,76.07811937040707,22.392599538123683,0,0.0,0,1.0,1.0,1.0,1.0,1,PASS
95470,processed\features\95470_features.csv,1,726,15,23,16,375,0,0.9677169421487604,15,15,1.0,105.69397732319895,22.327142807718815,0,0.0,0,1.0,1.0,1.0,1.0,1,PASS
158310,processed\features\158310_features.csv,1,726,15,23,16,375,0,0.9677169421487604,15,15,1.0,57.85073089768497,18.70091420443077,0,0.0,0,1.0,1.0,1.0,1.0,1,PASS
358223,processed\features\358223_features.csv,1,726,15,23,16,375,0,0.9677169421487604,15,15,1.0,140.5932961417251,15.732449828030978,0,0.0,5,1.0,1.0,1.0,1.0,1,PASS
359683,processed\features\359683_features.csv,1,726,15,23,16,375,0,0.9677169421487604,15,15,1.0,40.23298497782161,15.302759212013326,0,0.0,0,1.0,1.0,1.0,1.0,1,PASS
65246,processed\features\65246_features.csv,1,725,15,23,16,375,0,0.9676724137931034,15,15,1.0,146.4474197957311,158.82763204636925,0,0.0,1,1.0,1.0,1.0,1.0,1,PASS
48261,processed\features\48261_features.csv,1,725,15,23,16,375,0,0.9676724137931034,15,15,1.0,147.28914217837405,54.90835358158938,0,0.0,6,1.0,1.0,1.0,1.0,1,PASS
199036,processed\features\199036_features.csv,1,725,15,23,16,375,0,0.9676724137931034,15,15,1.0,101.30228528026251,46.36911203073424,0,0.0,0,1.0,1.0,1.0,1.0,1,PASS
31217,processed\features\31217_features.csv,1,725,15,23,16,375,0,0.9676724137931034,15,15,1.0,161.29702188532684,37.96590566965969,0,0.0,5,1.0,1.0,1.0,1.0,1,PASS
314801,processed\features\314801_features.csv,1,725,15,23,16,375,0,0.9676724137931034,15,15,1.0,80.82144137649048,29.7171291729991,0,0.0,0,1.0,1.0,1.0,1.0,1,PASS
410029,processed\features\410029_features.csv,1,725,15,23,16,375,0,0.9676724137931034,15,15,1.0,70.42904981711611,29.2864539973975,0,0.0,0,1.0,1.0,1.0,1.0,1,PASS
429025,processed\features\429025_features.csv,1,725,15,23,16,375,0,0.9676724137931034,15,15,1.0,95.53038315055075,24.557827869392774,0,0.0,0,1.0,1.0,1.0,1.0,1,PASS
394139,processed\features\394139_features.csv,1,725,15,23,16,375,0,0.9676724137931034,15,15,1.0,224.4298545360034,23.31428514982754,0,0.0,14,1.0,1.0,1.0,1.0,1,PASS
18671,processed\features\18671_features.csv,1,725,15,23,16,375,0,0.9676724137931034,15,15,1.0,36.66164196562488,22.261387244670914,0,0.0,0,1.0,1.0,1.0,1.0,1,PASS
399792,processed\features\399792_features.csv,1,725,15,23,16,375,0,0.9676724137931034,15,15,1.0,145.44731790026864,21.613997881846203,0,0.0,0,1.0,1.0,1.0,1.0,1,PASS
363037,processed\features\363037_features.csv,1,725,15,23,16,375,0,0.9676724137931034,15,15,1.0,152392.78681145768,19.12583444259809,0,0.0,1,1.0,1.0,1.0,1.0,1,PASS
489033,processed\features\489033_features.csv,1,725,15,23,16,375,0,0.9676724137931034,15,15,1.0,85.30287765175107,15.931512433627457,0,0.0,0,1.0,1.0,1.0,1.0,1,PASS
146657,processed\features\146657_features.csv,1,725,15,23,16,375,0,0.9676724137931034,15,15,1.0,78.33151812830155,14.340622001143458,0,0.0,0,1.0,1.0,1.0,1.0,1,PASS
19222,processed\features\19222_features.csv,1,725,15,23,16,375,0,0.9676724137931034,15,15,1.0,64.4741256024546,12.615496869367444,0,0.0,0,1.0,1.0,1.0,1.0,1,PASS
85574,processed\features\85574_features.csv,1,724,15,23,16,375,0,0.9676277624309392,15,15,1.0,63.46738549559346,54.248405478308214,0,0.0,0,1.0,1.0,1.0,1.0,1,PASS
101822,processed\features\101822_features.csv,1,724,15,23,16,375,0,0.9676277624309392,15,15,1.0,76.57579733854914,51.21955763435385,0,0.0,0,1.0,1.0,1.0,1.0,1,PASS
274501,processed\features\274501_features.csv,1,724,15,23,16,375,0,0.9676277624309392,15,15,1.0,113.45014165481106,31.10998568091554,0,0.0,0,1.0,1.0,1.0,1.0,1,PASS
81552,processed\features\81552_features.csv,1,724,15,23,16,375,0,0.9676277624309392,15,15,1.0,53.07152525253761,30.559069038706582,0,0.0,0,1.0,1.0,1.0,1.0,1,PASS
349245,processed\features\349245_features.csv,1,724,15,23,16,375,0,0.9676277624309392,15,15,1.0,157.06879182827188,23.820713529615357,0,0.0,5,1.0,1.0,1.0,1.0,1,PASS
406770,processed\features\406770_features.csv,1,724,15,23,16,375,0,0.9676277624309392,15,15,1.0,34.452757155690406,22.190377584699952,0,0.0,0,1.0,1.0,1.0,1.0,1,PASS
156437,processed\features\156437_features.csv,1,724,15,23,16,375,0,0.9676277624309392,15,15,1.0,94.15073163942125,22.094791024160685,0,0.0,0,1.0,1.0,1.0,1.0,1,PASS
421548,processed\features\421548_features.csv,1,724,15,23,16,375,0,0.9676277624309392,15,15,1.0,43.4454701154421,19.148502000647223,0,0.0,0,1.0,1.0,1.0,1.0,1,PASS
267985,processed\features\267985_features.csv,1,724,15,23,16,375,0,0.9676277624309392,15,15,1.0,63.644301064535696,13.931489177161183,0,0.0,0,1.0,1.0,1.0,1.0,1,PASS
398159,processed\features\398159_features.csv,1,724,15,23,16,375,0,0.9676277624309392,15,15,1.0,83.33051648196844,13.848892502222277,0,0.0,0,1.0,1.0,1.0,1.0,1,PASS
61896,processed\features\61896_features.csv,1,724,15,23,16,375,0,0.9676277624309392,15,15,1.0,60.105031013458415,13.714072868963765,0,0.0,0,1.0,1.0,1.0,1.0,1,PASS
83052,processed\features\83052_features.csv,1,723,15,23,16,375,0,0.9675829875518672,15,15,1.0,50.994680383720414,42.26031259713494,0,0.0,0,1.0,1.0,1.0,1.0,1,PASS
117438,processed\features\117438_features.csv,1,723,15,23,16,375,0,0.9675829875518672,15,15,1.0,60.52530184829918,32.45180882711871,0,0.0,0,1.0,1.0,1.0,1.0,1,PASS
136563,processed\features\136563_features.csv,1,723,15,23,16,375,0,0.9675829875518672,15,15,1.0,44.872051281023275,30.417355065741297,0,0.0,0,1.0,1.0,1.0,1.0,1,PASS
329499,processed\features\329499_features.csv,1,723,15,23,16,375,0,0.9675829875518672,15,15,1.0,108.15618974427376,30.2725982878312,0,0.0,0,1.0,1.0,1.0,1.0,1,PASS
13356,processed\features\13356_features.csv,1,723,15,23,16,375,0,0.9675829875518672,15,15,1.0,112.76033349988086,26.094766443860724,0,0.0,0,1.0,1.0,1.0,1.0,1,PASS
317564,processed\features\317564_features.csv,1,723,15,23,16,375,0,0.9675829875518672,15,15,1.0,97.13271130232823,26.03864904575348,0,0.0,0,1.0,1.0,1.0,1.0,1,PASS
119445,processed\features\119445_features.csv,1,723,15,23,16,375,0,0.9675829875518672,15,15,1.0,54.797708612175974,25.852069310935548,0,0.0,0,1.0,1.0,1.0,1.0,1,PASS
505589,processed\features\505589_features.csv,1,723,15,23,16,375,0,0.9675829875518672,15,15,1.0,120.79540911626866,23.827588054576385,0,0.0,0,1.0,1.0,1.0,1.0,1,PASS
172340,processed\features\172340_features.csv,1,723,15,23,16,375,0,0.9675829875518672,15,15,1.0,49.953161552812126,23.23570886375672,0,0.0,0,1.0,1.0,1.0,1.0,1,PASS
207382,processed\features\207382_features.csv,1,723,15,23,16,375,0,0.9675829875518672,15,15,1.0,82.2981340117611,23.11846988783472,0,0.0,0,1.0,1.0,1.0,1.0,1,PASS
126493,processed\features\126493_features.csv,1,723,15,23,16,375,0,0.9675829875518672,15,15,1.0,53.85791397644719,22.234673975626826,0,0.0,0,1.0,1.0,1.0,1.0,1,PASS
468165,processed\features\468165_features.csv,1,723,15,23,16,375,0,0.9675829875518672,15,15,1.0,122.8490769419145,22.190262146459133,0,0.0,1,1.0,1.0,1.0,1.0,1,PASS
328010,processed\features\328010_features.csv,1,723,15,23,16,375,0,0.9675829875518672,15,15,1.0,56.854609047089994,20.21848259025501,0,0.0,0,1.0,1.0,1.0,1.0,1,PASS
187784,processed\features\187784_features.csv,1,723,15,23,16,375,0,0.9675829875518672,15,15,1.0,66.6240725457305,14.45318901935549,0,0.0,0,1.0,1.0,1.0,1.0,1,PASS
263307,processed\features\263307_features.csv,1,723,15,23,16,375,0,0.9675829875518672,15,15,1.0,155.5122730742831,12.217759269473014,0,0.0,6,1.0,1.0,1.0,1.0,1,PASS
208667,processed\features\208667_features.csv,1,722,15,23,16,375,0,0.9675380886426593,15,15,1.0,188.53273503359299,94.04904282903055,0,0.0,1,1.0,1.0,1.0,1.0,1,PASS
692,processed\features\692_features.csv,1,722,15,23,16,375,0,0.9675380886426593,15,15,1.0,199.64682630211098,79.37872421352147,0,0.0,3,1.0,1.0,1.0,1.0,1,PASS
5193,processed\features\5193_features.csv,1,722,15,23,16,375,0,0.9675380886426593,15,15,1.0,66.41134826344306,72.48878369416602,0,0.0,0,1.0,1.0,1.0,1.0,1,PASS
96995,processed\features\96995_features.csv,1,722,15,23,16,375,0,0.9675380886426593,15,15,1.0,102.47133858026046,46.215310064580066,0,0.0,0,1.0,1.0,1.0,1.0,1,PASS
174816,processed\features\174816_features.csv,1,722,15,23,16,375,0,0.9675380886426593,15,15,1.0,61.511851710584295,30.22324787850059,0,0.0,0,1.0,1.0,1.0,1.0,1,PASS
496651,processed\features\496651_features.csv,1,722,15,23,16,375,0,0.9675380886426593,15,15,1.0,108.50421996389382,29.99191101988736,0,0.0,0,1.0,1.0,1.0,1.0,1,PASS
467016,processed\features\467016_features.csv,1,722,15,23,16,375,0,0.9675380886426593,15,15,1.0,55.19245071543836,29.14494200338579,0,0.0,0,1.0,1.0,1.0,1.0,1,PASS
231854,processed\features\231854_features.csv,1,722,15,23,16,375,0,0.9675380886426593,15,15,1.0,184.94984836031355,28.736760857748315,0,0.0,5,1.0,1.0,1.0,1.0,1,PASS
118616,processed\features\118616_features.csv,1,722,15,23,16,375,0,0.9675380886426593,15,15,1.0,77.69513757901183,28.493848077826257,0,0.0,0,1.0,1.0,1.0,1.0,1,PASS
220843,processed\features\220843_features.csv,1,722,15,23,16,375,0,0.9675380886426593,15,15,1.0,39.38212888556616,27.108716108416978,0,0.0,0,1.0,1.0,1.0,1.0,1,PASS
340905,processed\features\340905_features.csv,1,722,15,23,16,375,0,0.9675380886426593,15,15,1.0,125.04120624209652,26.234162553350533,0,0.0,0,1.0,1.0,1.0,1.0,1,PASS
27988,processed\features\27988_features.csv,1,722,15,23,16,375,0,0.9675380886426593,15,15,1.0,46.23513140040406,25.887482969717833,0,0.0,0,1.0,1.0,1.0,1.0,1,PASS
247479,processed\features\247479_features.csv,1,722,15,23,16,375,0,0.9675380886426593,15,15,1.0,106.83329079363165,25.589823445974794,0,0.0,5,1.0,1.0,1.0,1.0,1,PASS
450919,processed\features\450919_features.csv,1,722,15,23,16,375,0,0.9675380886426593,15,15,1.0,255.06921072813466,25.25247483145651,0,0.0,27,1.0,1.0,1.0,1.0,1,PASS
398407,processed\features\398407_features.csv,1,722,15,23,16,375,0,0.9675380886426593,15,15,1.0,128.52897842398036,24.896248126823746,0,0.0,5,1.0,1.0,1.0,1.0,1,PASS
119098,processed\features\119098_features.csv,1,722,15,23,16,375,0,0.9675380886426593,15,15,1.0,116.40975331159473,23.250809178314157,0,0.0,0,1.0,1.0,1.0,1.0,1,PASS
249916,processed\features\249916_features.csv,1,722,15,23,16,375,0,0.9675380886426593,15,15,1.0,57.6651646045874,22.527101382144636,0,0.0,0,1.0,1.0,1.0,1.0,1,PASS
39225,processed\features\39225_features.csv,1,722,15,23,16,375,0,0.9675380886426593,15,15,1.0,114.38324446589148,21.77692939886095,0,0.0,0,1.0,1.0,1.0,1.0,1,PASS
455347,processed\features\455347_features.csv,1,722,15,23,16,375,0,0.9675380886426593,15,15,1.0,54.00669691161849,19.65202431672219,0,0.0,0,1.0,1.0,1.0,1.0,1,PASS
165309,processed\features\165309_features.csv,1,722,15,23,16,375,0,0.9675380886426593,15,15,1.0,368.34681408947074,19.130449282459992,0,0.0,15,1.0,1.0,1.0,1.0,1,PASS
131555,processed\features\131555_features.csv,1,722,15,23,16,375,0,0.9675380886426593,15,15,1.0,96.2893996991971,16.909106758473214,0,0.0,0,1.0,1.0,1.0,1.0,1,PASS
351124,processed\features\351124_features.csv,1,722,15,23,16,375,0,0.9675380886426593,15,15,1.0,208.24235682953338,11.22309941626629,0,0.0,5,1.0,1.0,1.0,1.0,1,PASS
90785,processed\features\90785_features.csv,1,721,15,23,16,375,0,0.96749306518724,15,15,1.0,126.38084155502497,62.31320656935008,0,0.0,0,1.0,1.0,1.0,1.0,1,PASS
444442,processed\features\444442_features.csv,1,721,15,23,16,375,0,0.96749306518724,15,15,1.0,108.58416343748826,61.64715943608846,0,0.0,0,1.0,1.0,1.0,1.0,1,PASS
242203,processed\features\242203_features.csv,1,721,15,23,16,375,0,0.96749306518724,15,15,1.0,132.47713360075923,55.610641395951916,0,0.0,0,1.0,1.0,1.0,1.0,1,PASS
399214,processed\features\399214_features.csv,1,721,15,23,16,375,0,0.96749306518724,15,15,1.0,416.14832655678,39.59337126146393,0,0.0,26,1.0,1.0,1.0,1.0,1,PASS
293588,processed\features\293588_features.csv,1,721,15,23,16,375,0,0.96749306518724,15,15,1.0,79.39034654171178,38.19217371163279,0,0.0,1,1.0,1.0,1.0,1.0,1,PASS
315518,processed\features\315518_features.csv,1,721,15,23,16,375,0,0.96749306518724,15,15,1.0,167.46680303922258,32.369316103469075,0,0.0,1,1.0,1.0,1.0,1.0,1,PASS
57151,processed\features\57151_features.csv,1,721,15,23,16,375,0,0.96749306518724,15,15,1.0,32.08072351979382,26.115906712708366,0,0.0,0,1.0,1.0,1.0,1.0,1,PASS
31456,processed\features\31456_features.csv,1,721,15,23,16,375,0,0.96749306518724,15,15,1.0,219.97527022781463,25.883627037514312,0,0.0,5,1.0,1.0,1.0,1.0,1,PASS
264220,processed\features\264220_features.csv,1,721,15,23,16,375,0,0.96749306518724,15,15,1.0,86.49193629383241,25.403293251945605,0,0.0,0,1.0,1.0,1.0,1.0,1,PASS
464716,processed\features\464716_features.csv,1,721,15,23,16,375,0,0.96749306518724,15,15,1.0,66.91269958588703,24.68295264605699,0,0.0,0,1.0,1.0,1.0,1.0,1,PASS
391054,processed\features\391054_features.csv,1,721,15,23,16,375,0,0.96749306518724,15,15,1.0,246917.48115650448,24.110524871342903,0,0.0,1,1.0,1.0,1.0,1.0,1,PASS
299381,processed\features\299381_features.csv,1,721,15,23,16,375,0,0.96749306518724,15,15,1.0,68.38868908669599,23.504267157356754,0,0.0,0,1.0,1.0,1.0,1.0,1,PASS
222028,processed\features\222028_features.csv,1,721,15,23,16,375,0,0.96749306518724,15,15,1.0,112.48469083667483,21.977642448531796,0,0.0,0,1.0,1.0,1.0,1.0,1,PASS
104432,processed\features\104432_features.csv,1,721,15,23,16,375,0,0.96749306518724,15,15,1.0,80.2160508741647,20.26027295839379,0,0.0,0,1.0,1.0,1.0,1.0,1,PASS
99065,processed\features\99065_features.csv,1,721,15,23,16,375,0,0.96749306518724,15,15,1.0,123.99251558220274,18.41521002548417,0,0.0,5,1.0,1.0,1.0,1.0,1,PASS
290524,processed\features\290524_features.csv,1,721,15,23,16,375,0,0.96749306518724,15,15,1.0,42.127355554750764,17.82416403906523,0,0.0,0,1.0,1.0,1.0,1.0,1,PASS
55854,processed\features\55854_features.csv,1,721,15,23,16,375,0,0.96749306518724,15,15,1.0,65.0234927994446,16.07453321878753,0,0.0,0,1.0,1.0,1.0,1.0,1,PASS
40813,processed\features\40813_features.csv,1,721,15,23,16,375,0,0.96749306518724,15,15,1.0,75.30754427452788,15.319001834491758,0,0.0,0,1.0,1.0,1.0,1.0,1,PASS
327669,processed\features\327669_features.csv,1,721,15,23,16,375,0,0.96749306518724,15,15,1.0,85.07847725062207,12.8377297209805,0,0.0,0,1.0,1.0,1.0,1.0,1,PASS
276034,processed\features\276034_features.csv,1,721,15,23,16,375,0,0.96749306518724,15,15,1.0,50.42095829867581,8.53297663137609,0,0.0,0,1.0,1.0,1.0,1.0,1,PASS
318331,processed\features\318331_features.csv,1,720,15,23,16,375,0,0.9674479166666666,15,15,1.0,819526.2093044863,61.037952408121825,0,0.0,9,1.0,1.0,1.0,1.0,1,PASS
306785,processed\features\306785_features.csv,1,720,15,23,16,375,0,0.9674479166666666,15,15,1.0,80.51524975796808,55.288077307240286,0,0.0,0,1.0,1.0,1.0,1.0,1,PASS
311932,processed\features\311932_features.csv,1,720,15,23,16,375,0,0.9674479166666666,15,15,1.0,190.90246658566502,51.045718839220086,0,0.0,10,1.0,1.0,1.0,1.0,1,PASS
492432,processed\features\492432_features.csv,1,720,15,23,16,375,0,0.9674479166666666,15,15,1.0,161.17009461251408,48.23840343224319,0,0.0,0,1.0,1.0,1.0,1.0,1,PASS
110611,processed\features\110611_features.csv,1,720,15,23,16,375,0,0.9674479166666666,15,15,1.0,72.61297151650419,35.40967317650286,0,0.0,0,1.0,1.0,1.0,1.0,1,PASS
27558,processed\features\27558_features.csv,1,720,15,23,16,375,0,0.9674479166666666,15,15,1.0,97.63082379970209,29.189356673094395,0,0.0,1,1.0,1.0,1.0,1.0,1,PASS
114483,processed\features\114483_features.csv,1,720,15,23,16,375,0,0.9674479166666666,15,15,1.0,98.44512900825247,26.76429646112441,0,0.0,0,1.0,1.0,1.0,1.0,1,PASS
497866,processed\features\497866_features.csv,1,720,15,23,16,375,0,0.9674479166666666,15,15,1.0,84.99846014483121,25.470915217354843,0,0.0,0,1.0,1.0,1.0,1.0,1,PASS
183313,processed\features\183313_features.csv,1,720,15,23,16,375,0,0.9674479166666666,15,15,1.0,86.25521052618022,24.929920387793032,0,0.0,0,1.0,1.0,1.0,1.0,1,PASS
458782,processed\features\458782_features.csv,1,720,15,23,16,375,0,0.9674479166666666,15,15,1.0,96.56722938704274,24.917325825129915,0,0.0,0,1.0,1.0,1.0,1.0,1,PASS
175055,processed\features\175055_features.csv,1,720,15,23,16,375,0,0.9674479166666666,15,15,1.0,85.57179120857742,24.830899893863176,0,0.0,0,1.0,1.0,1.0,1.0,1,PASS
128162,processed\features\128162_features.csv,1,720,15,23,16,375,0,0.9674479166666666,15,15,1.0,66.5753428728604,24.114020997781978,0,0.0,0,1.0,1.0,1.0,1.0,1,PASS
112182,processed\features\112182_features.csv,1,720,15,23,16,375,0,0.9674479166666666,15,15,1.0,79.16858348373498,20.343639485452808,0,0.0,0,1.0,1.0,1.0,1.0,1,PASS
310072,processed\features\310072_features.csv,1,720,15,23,16,375,0,0.9674479166666666,15,15,1.0,74.53573467109425,18.378926864362448,0,0.0,0,1.0,1.0,1.0,1.0,1,PASS
257686,processed\features\257686_features.csv,1,720,15,23,16,375,0,0.9674479166666666,15,15,1.0,84.10735532854575,18.12971961609842,0,0.0,0,1.0,1.0,1.0,1.0,1,PASS
340759,processed\features\340759_features.csv,1,720,15,23,16,375,0,0.9674479166666666,15,15,1.0,90.88046207934796,14.957083474103435,0,0.0,0,1.0,1.0,1.0,1.0,1,PASS
306625,processed\features\306625_features.csv,1,719,15,23,16,375,0,0.9674026425591099,15,15,1.0,160.45461662552975,40.90221048114759,0,0.0,5,1.0,1.0,1.0,1.0,1,PASS
199078,processed\features\199078_features.csv,1,719,15,23,16,375,0,0.9674026425591099,15,15,1.0,72.31843017574111,32.18287922151363,0,0.0,0,1.0,1.0,1.0,1.0,1,PASS
43036,processed\features\43036_features.csv,1,719,15,23,16,375,0,0.9674026425591099,15,15,1.0,61.74097231728627,31.82529924177115,0,0.0,0,1.0,1.0,1.0,1.0,1,PASS
202152,processed\features\202152_features.csv,1,719,15,23,16,375,0,0.9674026425591099,15,15,1.0,81.62423635700077,31.42355427442629,0,0.0,0,1.0,1.0,1.0,1.0,1,PASS
433065,processed\features\433065_features.csv,1,719,15,23,16,375,0,0.9674026425591099,15,15,1.0,80.61977535864183,28.807277574286694,0,0.0,0,1.0,1.0,1.0,1.0,1,PASS
454318,processed\features\454318_features.csv,1,719,15,23,16,375,0,0.9674026425591099,15,15,1.0,114.12419644338081,28.429582539522592,0,0.0,0,1.0,1.0,1.0,1.0,1,PASS
2418,processed\features\2418_features.csv,1,719,15,23,16,375,0,0.9674026425591099,15,15,1.0,282.78786205136157,27.510436699107395,0,0.0,15,1.0,1.0,1.0,1.0,1,PASS
22694,processed\features\22694_features.csv,1,719,15,23,16,375,0,0.9674026425591099,15,15,1.0,217.05506220295007,24.082338876853616,0,0.0,3,1.0,1.0,1.0,1.0,1,PASS
66260,processed\features\66260_features.csv,1,719,15,23,16,375,0,0.9674026425591099,15,15,1.0,36.67045255640981,20.139067389031688,0,0.0,0,1.0,1.0,1.0,1.0,1,PASS
180689,processed\features\180689_features.csv,1,719,15,23,16,375,0,0.9674026425591099,15,15,1.0,74.00140576204763,19.71967149869292,0,0.0,0,1.0,1.0,1.0,1.0,1,PASS
423867,processed\features\423867_features.csv,1,719,15,23,16,375,0,0.9674026425591099,15,15,1.0,37.86535164809779,19.48969389118836,0,0.0,0,1.0,1.0,1.0,1.0,1,PASS
353300,processed\features\353300_features.csv,1,719,15,23,16,375,0,0.9674026425591099,15,15,1.0,66.25439308075595,19.397782969834722,0,0.0,0,1.0,1.0,1.0,1.0,1,PASS
95682,processed\features\95682_features.csv,1,719,15,23,16,375,0,0.9674026425591099,15,15,1.0,103.25391537283801,18.51131109866104,0,0.0,0,1.0,1.0,1.0,1.0,1,PASS
244977,processed\features\244977_features.csv,1,719,15,23,16,375,0,0.9674026425591099,15,15,1.0,194.32337268105218,16.643308131564645,0,0.0,0,1.0,1.0,1.0,1.0,1,PASS
325106,processed\features\325106_features.csv,1,719,15,23,16,375,0,0.9674026425591099,15,15,1.0,94.93304360550928,16.056630794839492,0,0.0,1,1.0,1.0,1.0,1.0,1,PASS
160221,processed\features\160221_features.csv,1,719,15,23,16,375,0,0.9674026425591099,15,15,1.0,71.70705896686509,15.411631754820684,0,0.0,0,1.0,1.0,1.0,1.0,1,PASS
221255,processed\features\221255_features.csv,1,719,15,23,16,375,0,0.9674026425591099,15,15,1.0,120.35113202875742,13.532906548694957,0,0.0,4,1.0,1.0,1.0,1.0,1,PASS
134759,processed\features\134759_features.csv,1,719,15,23,16,375,0,0.9674026425591099,15,15,1.0,87.25651176435528,13.514483902898291,0,0.0,0,1.0,1.0,1.0,1.0,1,PASS
143009,processed\features\143009_features.csv,1,719,15,23,16,375,0,0.9674026425591099,15,15,1.0,104.67200982026066,11.652256939577079,0,0.0,0,1.0,1.0,1.0,1.0,1,PASS
495377,processed\features\495377_features.csv,1,718,15,23,16,375,0,0.9673572423398329,15,15,1.0,160.84824830251728,76.8707468676337,0,0.0,0,1.0,1.0,1.0,1.0,1,PASS
275913,processed\features\275913_features.csv,1,718,15,23,16,375,0,0.9673572423398329,15,15,1.0,86.54419986899941,48.73162597734935,0,0.0,0,1.0,1.0,1.0,1.0,1,PASS
428387,processed\features\428387_features.csv,1,718,15,23,16,375,0,0.9673572423398329,15,15,1.0,120.2500827229237,44.153316337846476,0,0.0,0,1.0,1.0,1.0,1.0,1,PASS
403641,processed\features\403641_features.csv,1,718,15,23,16,375,0,0.9673572423398329,15,15,1.0,96.98200831990894,41.62257025829618,0,0.0,0,1.0,1.0,1.0,1.0,1,PASS
356898,processed\features\356898_features.csv,1,718,15,23,16,375,0,0.9673572423398329,15,15,1.0,94.50855692187233,41.563079603751135,0,0.0,0,1.0,1.0,1.0,1.0,1,PASS
291355,processed\features\291355_features.csv,1,718,15,23,16,375,0,0.9673572423398329,15,15,1.0,115.27502570791037,36.84467274148629,0,0.0,4,1.0,1.0,1.0,1.0,1,PASS
340867,processed\features\340867_features.csv,1,718,15,23,16,375,0,0.9673572423398329,15,15,1.0,113.73786073375777,36.28754313458685,0,0.0,0,1.0,1.0,1.0,1.0,1,PASS
378668,processed\features\378668_features.csv,1,718,15,23,16,375,0,0.9673572423398329,15,15,1.0,53.520834831831735,27.137048539390058,0,0.0,0,1.0,1.0,1.0,1.0,1,PASS
101742,processed\features\101742_features.csv,1,718,15,23,16,375,0,0.9673572423398329,15,15,1.0,47.98162034842262,25.51104076858841,0,0.0,0,1.0,1.0,1.0,1.0,1,PASS
189030,processed\features\189030_features.csv,1,718,15,23,16,375,0,0.9673572423398329,15,15,1.0,105.66309954846446,24.717194884874893,0,0.0,0,1.0,1.0,1.0,1.0,1,PASS
10553,processed\features\10553_features.csv,1,718,15,23,16,375,0,0.9673572423398329,15,15,1.0,70.3139338913485,24.709333812918327,0,0.0,0,1.0,1.0,1.0,1.0,1,PASS
164019,processed\features\164019_features.csv,1,718,15,23,16,375,0,0.9673572423398329,15,15,1.0,43.39678239139547,23.723939238281574,0,0.0,0,1.0,1.0,1.0,1.0,1,PASS
464978,processed\features\464978_features.csv,1,718,15,23,16,375,0,0.9673572423398329,15,15,1.0,195595.49054558552,20.365129609539828,0,0.0,1,1.0,1.0,1.0,1.0,1,PASS
54685,processed\features\54685_features.csv,1,718,15,23,16,375,0,0.9673572423398329,15,15,1.0,66.13430339632386,17.42189295194571,0,0.0,0,1.0,1.0,1.0,1.0,1,PASS
404140,processed\features\404140_features.csv,1,718,15,23,16,375,0,0.9673572423398329,15,15,1.0,44.56671273718978,14.764499397113216,0,0.0,0,1.0,1.0,1.0,1.0,1,PASS
159946,processed\features\159946_features.csv,1,718,15,23,16,375,0,0.9673572423398329,15,15,1.0,129.6932583255921,12.732690973832696,0,0.0,0,1.0,1.0,1.0,1.0,1,PASS
339308,processed\features\339308_features.csv,1,718,15,23,16,375,0,0.9673572423398329,15,15,1.0,105.03936497601757,8.85913328905969,0,0.0,0,1.0,1.0,1.0,1.0,1,PASS
513850,processed\features\513850_features.csv,1,717,15,23,16,375,0,0.9673117154811716,15,15,1.0,236.14438779374188,208.16391242360277,0,0.0,10,1.0,1.0,1.0,1.0,1,PASS
90848,processed\features\90848_features.csv,1,717,15,23,16,375,0,0.9673117154811716,15,15,1.0,104.13257073468942,57.6316545803508,0,0.0,0,1.0,1.0,1.0,1.0,1,PASS
269580,processed\features\269580_features.csv,1,717,15,23,16,375,0,0.9673117154811716,15,15,1.0,107.71042991657967,35.87662381735785,0,0.0,0,1.0,1.0,1.0,1.0,1,PASS
34208,processed\features\34208_features.csv,1,717,15,23,16,375,0,0.9673117154811716,15,15,1.0,170.04954944576565,34.11197282650765,0,0.0,1,1.0,1.0,1.0,1.0,1,PASS
359995,processed\features\359995_features.csv,1,717,15,23,16,375,0,0.9673117154811716,15,15,1.0,59.49951490501673,32.550477247180574,0,0.0,0,1.0,1.0,1.0,1.0,1,PASS
293808,processed\features\293808_features.csv,1,717,15,23,16,375,0,0.9673117154811716,15,15,1.0,85.05087421753692,31.517111557158575,0,0.0,0,1.0,1.0,1.0,1.0,1,PASS
52385,processed\features\52385_features.csv,1,717,15,23,16,375,0,0.9673117154811716,15,15,1.0,97.18280426315972,24.55520366303282,0,0.0,3,1.0,1.0,1.0,1.0,1,PASS
447032,processed\features\447032_features.csv,1,717,15,23,16,375,0,0.9673117154811716,15,15,1.0,167.94854188616466,22.771822624694103,0,0.0,4,1.0,1.0,1.0,1.0,1,PASS
427936,processed\features\427936_features.csv,1,717,15,23,16,375,0,0.9673117154811716,15,15,1.0,71.97782794379444,22.329580852245567,0,0.0,0,1.0,1.0,1.0,1.0,1,PASS
50505,processed\features\50505_features.csv,1,717,15,23,16,375,0,0.9673117154811716,15,15,1.0,119.78748212336475,20.70324518431227,0,0.0,0,1.0,1.0,1.0,1.0,1,PASS
285947,processed\features\285947_features.csv,1,717,15,23,16,375,0,0.9673117154811716,15,15,1.0,63.314668358161306,20.560644192644034,0,0.0,0,1.0,1.0,1.0,1.0,1,PASS
160971,processed\features\160971_features.csv,1,717,15,23,16,375,0,0.9673117154811716,15,15,1.0,92.67073105818989,19.691262643477643,0,0.0,0,1.0,1.0,1.0,1.0,1,PASS
471958,processed\features\471958_features.csv,1,717,15,23,16,375,0,0.9673117154811716,15,15,1.0,93.17445852955353,19.644856577413186,0,0.0,0,1.0,1.0,1.0,1.0,1,PASS
92664,processed\features\92664_features.csv,1,717,15,23,16,375,0,0.9673117154811716,15,15,1.0,100.35333435348693,18.620059191002923,0,0.0,0,1.0,1.0,1.0,1.0,1,PASS
463718,processed\features\463718_features.csv,1,717,15,23,16,375,0,0.9673117154811716,15,15,1.0,63.73632486483952,17.992613449437492,0,0.0,0,1.0,1.0,1.0,1.0,1,PASS
322735,processed\features\322735_features.csv,1,717,15,23,16,375,0,0.9673117154811716,15,15,1.0,49.4646524651055,17.780989718315332,0,0.0,0,1.0,1.0,1.0,1.0,1,PASS
510240,processed\features\510240_features.csv,1,717,15,23,16,375,0,0.9673117154811716,15,15,1.0,126.36282088939925,17.329184487413464,0,0.0,1,1.0,1.0,1.0,1.0,1,PASS
91695,processed\features\91695_features.csv,1,717,15,23,16,375,0,0.9673117154811716,15,15,1.0,80.45970316801277,15.195077540834898,0,0.0,0,1.0,1.0,1.0,1.0,1,PASS
444225,processed\features\444225_features.csv,1,717,15,23,16,375,0,0.9673117154811716,15,15,1.0,58.10235728205545,15.025727019631056,0,0.0,0,1.0,1.0,1.0,1.0,1,PASS
275982,processed\features\275982_features.csv,1,717,15,23,16,375,0,0.9673117154811716,15,15,1.0,49.250069674541216,14.994895595318312,0,0.0,0,1.0,1.0,1.0,1.0,1,PASS
423959,processed\features\423959_features.csv,1,717,15,23,16,375,0,0.9673117154811716,15,15,1.0,114.35286316599519,12.782627577251176,0,0.0,0,1.0,1.0,1.0,1.0,1,PASS
336762,processed\features\336762_features.csv,1,717,15,23,16,375,0,0.9673117154811716,15,15,1.0,91.68196275190067,11.483469614227289,0,0.0,0,1.0,1.0,1.0,1.0,1,PASS
204369,processed\features\204369_features.csv,1,717,15,23,16,375,0,0.9673117154811716,15,15,1.0,134.63119889679268,9.237152473791394,0,0.0,0,1.0,1.0,1.0,1.0,1,PASS
374278,processed\features\374278_features.csv,1,716,15,23,16,375,0,0.9672660614525139,15,15,1.0,59.55330853908072,47.490585437211735,0,0.0,0,1.0,1.0,1.0,1.0,1,PASS
492768,processed\features\492768_features.csv,1,716,15,23,16,375,0,0.9672660614525139,15,15,1.0,52.259784793170226,39.934606881009195,0,0.0,0,1.0,1.0,1.0,1.0,1,PASS
509109,processed\features\509109_features.csv,1,716,15,23,16,375,0,0.9672660614525139,15,15,1.0,120.11433044356531,39.884919389844285,0,0.0,0,1.0,1.0,1.0,1.0,1,PASS
517905,processed\features\517905_features.csv,1,716,15,23,16,375,0,0.9672660614525139,15,15,1.0,61.59077423491762,39.67489075389489,0,0.0,0,1.0,1.0,1.0,1.0,1,PASS
142297,processed\features\142297_features.csv,1,716,15,23,16,375,0,0.9672660614525139,15,15,1.0,132.96696253752305,33.826018941772986,0,0.0,1,1.0,1.0,1.0,1.0,1,PASS
368472,processed\features\368472_features.csv,1,716,15,23,16,375,0,0.9672660614525139,15,15,1.0,67.7428740390106,32.024794681242454,0,0.0,0,1.0,1.0,1.0,1.0,1,PASS
359188,processed\features\359188_features.csv,1,716,15,23,16,375,0,0.9672660614525139,15,15,1.0,108.59116384552657,31.655342702052124,0,0.0,0,1.0,1.0,1.0,1.0,1,PASS
210343,processed\features\210343_features.csv,1,716,15,23,16,375,0,0.9672660614525139,15,15,1.0,81.54936861604538,30.583300440720812,0,0.0,0,1.0,1.0,1.0,1.0,1,PASS
188597,processed\features\188597_features.csv,1,716,15,23,16,375,0,0.9672660614525139,15,15,1.0,78.60297254205582,27.62643243047674,0,0.0,0,1.0,1.0,1.0,1.0,1,PASS
165797,processed\features\165797_features.csv,1,716,15,23,16,375,0,0.9672660614525139,15,15,1.0,66.79075078180517,26.98585308774925,0,0.0,0,1.0,1.0,1.0,1.0,1,PASS
55443,processed\features\55443_features.csv,1,716,15,23,16,375,0,0.9672660614525139,15,15,1.0,38.20030811468257,26.394845502911366,0,0.0,0,1.0,1.0,1.0,1.0,1,PASS
492582,processed\features\492582_features.csv,1,716,15,23,16,375,0,0.9672660614525139,15,15,1.0,82.28980285244268,25.848053297400725,0,0.0,0,1.0,1.0,1.0,1.0,1,PASS
190672,processed\features\190672_features.csv,1,716,15,23,16,375,0,0.9672660614525139,15,15,1.0,68.46219686678694,25.47291645216842,0,0.0,0,1.0,1.0,1.0,1.0,1,PASS
160915,processed\features\160915_features.csv,1,716,15,23,16,375,0,0.9672660614525139,15,15,1.0,130.77055342593331,22.296402757013293,0,0.0,5,1.0,1.0,1.0,1.0,1,PASS
482003,processed\features\482003_features.csv,1,716,15,23,16,375,0,0.9672660614525139,15,15,1.0,179.10719476351616,21.447690961782556,0,0.0,0,1.0,1.0,1.0,1.0,1,PASS
112396,processed\features\112396_features.csv,1,716,15,23,16,375,0,0.9672660614525139,15,15,1.0,98.38391982941718,20.91843180900195,0,0.0,0,1.0,1.0,1.0,1.0,1,PASS
412898,processed\features\412898_features.csv,1,716,15,23,16,375,0,0.9672660614525139,15,15,1.0,115.50971539126166,19.916344667266145,0,0.0,3,1.0,1.0,1.0,1.0,1,PASS
103407,processed\features\103407_features.csv,1,716,15,23,16,375,0,0.9672660614525139,15,15,1.0,284.53389919604643,17.991986087229606,0,0.0,21,1.0,1.0,1.0,1.0,1,PASS
79617,processed\features\79617_features.csv,1,716,15,23,16,375,0,0.9672660614525139,15,15,1.0,149.01392878513607,17.914177741081396,0,0.0,5,1.0,1.0,1.0,1.0,1,PASS
105847,processed\features\105847_features.csv,1,716,15,23,16,375,0,0.9672660614525139,15,15,1.0,51.45644577711836,17.146604716547966,0,0.0,0,1.0,1.0,1.0,1.0,1,PASS
36208,processed\features\36208_features.csv,1,716,15,23,16,375,0,0.9672660614525139,15,15,1.0,71.70233061559688,17.039040071690035,0,0.0,0,1.0,1.0,1.0,1.0,1,PASS
125818,processed\features\125818_features.csv,1,716,15,23,16,375,0,0.9672660614525139,15,15,1.0,99.80715501659826,16.022524178977314,0,0.0,0,1.0,1.0,1.0,1.0,1,PASS
390106,processed\features\390106_features.csv,1,716,15,23,16,375,0,0.9672660614525139,15,15,1.0,50.89500855027417,14.685374346213056,0,0.0,0,1.0,1.0,1.0,1.0,1,PASS
390073,processed\features\390073_features.csv,1,716,15,23,16,375,0,0.9672660614525139,15,15,1.0,98.28392367201792,13.10141584373031,0,0.0,0,1.0,1.0,1.0,1.0,1,PASS
154606,processed\features\154606_features.csv,1,715,15,23,16,375,0,0.9672202797202797,15,15,1.0,293.22794629340865,345.365444787435,0,0.0,10,1.0,1.0,1.0,1.0,1,PASS
61053,processed\features\61053_features.csv,1,715,15,23,16,375,0,0.9672202797202797,15,15,1.0,166.56849863642742,115.27740078621287,0,0.0,2,1.0,1.0,1.0,1.0,1,PASS
263846,processed\features\263846_features.csv,1,715,15,23,16,375,0,0.9672202797202797,15,15,1.0,97.96239538416506,77.20276426092471,0,0.0,0,1.0,1.0,1.0,1.0,1,PASS
164710,processed\features\164710_features.csv,1,715,15,23,16,375,0,0.9672202797202797,15,15,1.0,136.25172066731443,50.50787988580993,0,0.0,5,1.0,1.0,1.0,1.0,1,PASS
205489,processed\features\205489_features.csv,1,715,15,23,16,375,0,0.9672202797202797,15,15,1.0,211.0152734647706,50.27544529053013,0,0.0,9,1.0,1.0,1.0,1.0,1,PASS
291216,processed\features\291216_features.csv,1,715,15,23,16,375,0,0.9672202797202797,15,15,1.0,59.33706620267537,48.22260983596928,0,0.0,0,1.0,1.0,1.0,1.0,1,PASS
115488,processed\features\115488_features.csv,1,715,15,23,16,375,0,0.9672202797202797,15,15,1.0,114.46884832502695,41.99098149711802,0,0.0,0,1.0,1.0,1.0,1.0,1,PASS
360022,processed\features\360022_features.csv,1,715,15,23,16,375,0,0.9672202797202797,15,15,1.0,76.05508858103477,39.413122004673326,0,0.0,0,1.0,1.0,1.0,1.0,1,PASS
459550,processed\features\459550_features.csv,1,715,15,23,16,375,0,0.9672202797202797,15,15,1.0,63.98604924167637,38.644186709031636,0,0.0,0,1.0,1.0,1.0,1.0,1,PASS
35084,processed\features\35084_features.csv,1,715,15,23,16,375,0,0.9672202797202797,15,15,1.0,103.97014171126932,31.88035191951995,0,0.0,0,1.0,1.0,1.0,1.0,1,PASS
489583,processed\features\489583_features.csv,1,715,15,23,16,375,0,0.9672202797202797,15,15,1.0,287.9958057474628,24.770225405366993,0,0.0,17,1.0,1.0,1.0,1.0,1,PASS
342535,processed\features\342535_features.csv,1,715,15,23,16,375,0,0.9672202797202797,15,15,1.0,116.19592906624229,23.25466546729471,0,0.0,5,1.0,1.0,1.0,1.0,1,PASS
187407,processed\features\187407_features.csv,1,715,15,23,16,375,0,0.9672202797202797,15,15,1.0,160.54091851825686,21.317245754855414,0,0.0,2,1.0,1.0,1.0,1.0,1,PASS
474342,processed\features\474342_features.csv,1,715,15,23,16,375,0,0.9672202797202797,15,15,1.0,52.63158957986572,20.700428567728387,0,0.0,0,1.0,1.0,1.0,1.0,1,PASS
179851,processed\features\179851_features.csv,1,715,15,23,16,375,0,0.9672202797202797,15,15,1.0,164.58618608494635,20.38272724406285,0,0.0,6,1.0,1.0,1.0,1.0,1,PASS
261224,processed\features\261224_features.csv,1,715,15,23,16,375,0,0.9672202797202797,15,15,1.0,157.9896032454695,18.649007311085718,0,0.0,0,1.0,1.0,1.0,1.0,1,PASS
136286,processed\features\136286_features.csv,1,715,15,23,16,375,0,0.9672202797202797,15,15,1.0,92.30128792662137,18.527109340287943,0,0.0,0,1.0,1.0,1.0,1.0,1,PASS
427526,processed\features\427526_features.csv,1,715,15,23,16,375,0,0.9672202797202797,15,15,1.0,65.56809525983687,18.25002500817411,0,0.0,0,1.0,1.0,1.0,1.0,1,PASS
132207,processed\features\132207_features.csv,1,715,15,23,16,375,0,0.9672202797202797,15,15,1.0,81.54314367041337,14.933516273080341,0,0.0,0,1.0,1.0,1.0,1.0,1,PASS
87435,processed\features\87435_features.csv,1,715,15,23,16,375,0,0.9672202797202797,15,15,1.0,40.14338430834199,13.680179610312129,0,0.0,0,1.0,1.0,1.0,1.0,1,PASS
274868,processed\features\274868_features.csv,1,715,15,23,16,375,0,0.9672202797202797,15,15,1.0,43.86600156852781,12.727250192160472,0,0.0,0,1.0,1.0,1.0,1.0,1,PASS
238641,processed\features\238641_features.csv,1,714,15,23,16,375,0,0.9671743697478992,15,15,1.0,110.01449757901325,105.99926760036652,0,0.0,0,1.0,1.0,1.0,1.0,1,PASS
271960,processed\features\271960_features.csv,1,714,15,23,16,375,0,0.9671743697478992,15,15,1.0,65.02751224521313,56.33830550101883,0,0.0,0,1.0,1.0,1.0,1.0,1,PASS
87658,processed\features\87658_features.csv,1,714,15,23,16,375,0,0.9671743697478992,15,15,1.0,261.9305629235083,49.07096922322049,0,0.0,15,1.0,1.0,1.0,1.0,1,PASS
497876,processed\features\497876_features.csv,1,714,15,23,16,375,0,0.9671743697478992,15,15,1.0,102.48292930096213,48.54797004828749,0,0.0,0,1.0,1.0,1.0,1.0,1,PASS
24454,processed\features\24454_features.csv,1,714,15,23,16,375,0,0.9671743697478992,15,15,1.0,302796.2377599016,38.257285279307,0,0.0,5,1.0,1.0,1.0,1.0,1,PASS
180381,processed\features\180381_features.csv,1,714,15,23,16,375,0,0.9671743697478992,15,15,1.0,180.91118027305762,32.86792590205151,0,0.0,5,1.0,1.0,1.0,1.0,1,PASS
37117,processed\features\37117_features.csv,1,714,15,23,16,375,0,0.9671743697478992,15,15,1.0,71.33172708420435,31.798939710804234,0,0.0,0,1.0,1.0,1.0,1.0,1,PASS
325577,processed\features\325577_features.csv,1,714,15,23,16,375,0,0.9671743697478992,15,15,1.0,76.82399303999944,25.089659423046754,0,0.0,0,1.0,1.0,1.0,1.0,1,PASS
517381,processed\features\517381_features.csv,1,714,15,23,16,375,0,0.9671743697478992,15,15,1.0,64.5540406935621,23.970920115128198,0,0.0,0,1.0,1.0,1.0,1.0,1,PASS
450602,processed\features\450602_features.csv,1,714,15,23,16,375,0,0.9671743697478992,15,15,1.0,176.83547304170372,22.826982130543954,0,0.0,6,1.0,1.0,1.0,1.0,1,PASS
504669,processed\features\504669_features.csv,1,714,15,23,16,375,0,0.9671743697478992,15,15,1.0,82.81815683155868,17.892811856542,0,0.0,0,1.0,1.0,1.0,1.0,1,PASS
291018,processed\features\291018_features.csv,1,714,15,23,16,375,0,0.9671743697478992,15,15,1.0,41.091488318853514,17.60370608048897,0,0.0,0,1.0,1.0,1.0,1.0,1,PASS
379665,processed\features\379665_features.csv,1,714,15,23,16,375,0,0.9671743697478992,15,15,1.0,55.75723445775064,17.136862386529444,0,0.0,0,1.0,1.0,1.0,1.0,1,PASS
87701,processed\features\87701_features.csv,1,714,15,23,16,375,0,0.9671743697478992,15,15,1.0,69.75921075207793,16.222642653679756,0,0.0,0,1.0,1.0,1.0,1.0,1,PASS
215813,processed\features\215813_features.csv,1,714,15,23,16,375,0,0.9671743697478992,15,15,1.0,102.31054417711165,15.869259980282202,0,0.0,0,1.0,1.0,1.0,1.0,1,PASS
87971,processed\features\87971_features.csv,1,714,15,23,16,375,0,0.9671743697478992,15,15,1.0,77.25331792843355,14.632575957638153,0,0.0,0,1.0,1.0,1.0,1.0,1,PASS
350247,processed\features\350247_features.csv,1,714,15,23,16,375,0,0.9671743697478992,15,15,1.0,35.095149961646854,14.08236831702367,0,0.0,0,1.0,1.0,1.0,1.0,1,PASS
37552,processed\features\37552_features.csv,1,714,15,23,16,375,0,0.9671743697478992,15,15,1.0,133.38760672712655,12.77690966885055,0,0.0,1,1.0,1.0,1.0,1.0,1,PASS
248009,processed\features\248009_features.csv,1,713,15,23,16,375,0,0.9671283309957924,15,15,1.0,219.9598469478459,54.21398300559101,0,0.0,11,1.0,1.0,1.0,1.0,1,PASS
168169,processed\features\168169_features.csv,1,713,15,23,16,375,0,0.9671283309957924,15,15,1.0,335799.9604336054,46.09281391813792,0,0.0,1,1.0,1.0,1.0,1.0,1,PASS
408870,processed\features\408870_features.csv,1,713,15,23,16,375,0,0.9671283309957924,15,15,1.0,101.96250233306976,42.24424679964446,0,0.0,0,1.0,1.0,1.0,1.0,1,PASS
72693,processed\features\72693_features.csv,1,713,15,23,16,375,0,0.9671283309957924,15,15,1.0,105.94674378228122,35.420353100618016,0,0.0,0,1.0,1.0,1.0,1.0,1,PASS
304188,processed\features\304188_features.csv,1,713,15,23,16,375,0,0.9671283309957924,15,15,1.0,113.25300804141983,33.7248210206115,0,0.0,0,1.0,1.0,1.0,1.0,1,PASS
256756,processed\features\256756_features.csv,1,713,15,23,16,375,0,0.9671283309957924,15,15,1.0,85.22999145656831,33.52358841111497,0,0.0,0,1.0,1.0,1.0,1.0,1,PASS
192834,processed\features\192834_features.csv,1,713,15,23,16,375,0,0.9671283309957924,15,15,1.0,139.84661400066966,30.95108026097101,0,0.0,4,1.0,1.0,1.0,1.0,1,PASS
193564,processed\features\193564_features.csv,1,713,15,23,16,375,0,0.9671283309957924,15,15,1.0,102.03546979250939,28.419434308760888,0,0.0,0,1.0,1.0,1.0,1.0,1,PASS
293254,processed\features\293254_features.csv,1,713,15,23,16,375,0,0.9671283309957924,15,15,1.0,239.4028772909931,28.3995392407439,0,0.0,13,1.0,1.0,1.0,1.0,1,PASS
222968,processed\features\222968_features.csv,1,713,15,23,16,375,0,0.9671283309957924,15,15,1.0,124.00330121307577,28.37996191741293,0,0.0,0,1.0,1.0,1.0,1.0,1,PASS
17595,processed\features\17595_features.csv,1,713,15,23,16,375,0,0.9671283309957924,15,15,1.0,98.54858972823254,27.690394468813235,0,0.0,0,1.0,1.0,1.0,1.0,1,PASS
425363,processed\features\425363_features.csv,1,713,15,23,16,375,0,0.9671283309957924,15,15,1.0,75.03033732895024,26.539490332834482,0,0.0,0,1.0,1.0,1.0,1.0,1,PASS
361322,processed\features\361322_features.csv,1,713,15,23,16,375,0,0.9671283309957924,15,15,1.0,56.31532400399055,24.691242896664487,0,0.0,0,1.0,1.0,1.0,1.0,1,PASS
409555,processed\features\409555_features.csv,1,713,15,23,16,375,0,0.9671283309957924,15,15,1.0,81.19058964949764,24.094608384881035,0,0.0,0,1.0,1.0,1.0,1.0,1,PASS
495928,processed\features\495928_features.csv,1,713,15,23,16,375,0,0.9671283309957924,15,15,1.0,47.873079053837095,22.765942652448334,0,0.0,0,1.0,1.0,1.0,1.0,1,PASS
512782,processed\features\512782_features.csv,1,713,15,23,16,375,0,0.9671283309957924,15,15,1.0,113.24136153887811,21.47437783130655,0,0.0,0,1.0,1.0,1.0,1.0,1,PASS
71320,processed\features\71320_features.csv,1,713,15,23,16,375,0,0.9671283309957924,15,15,1.0,80.2540951008653,20.01524156097087,0,0.0,0,1.0,1.0,1.0,1.0,1,PASS
418746,processed\features\418746_features.csv,1,713,15,23,16,375,0,0.9671283309957924,15,15,1.0,167.32007333724653,17.368502338727914,0,0.0,4,1.0,1.0,1.0,1.0,1,PASS
149037,processed\features\149037_features.csv,1,713,15,23,16,375,0,0.9671283309957924,15,15,1.0,65.3967764430381,16.572342147583946,0,0.0,0,1.0,1.0,1.0,1.0,1,PASS
458329,processed\features\458329_features.csv,1,713,15,23,16,375,0,0.9671283309957924,15,15,1.0,47.767332667113806,15.346529462267377,0,0.0,0,1.0,1.0,1.0,1.0,1,PASS
358553,processed\features\358553_features.csv,1,713,15,23,16,375,0,0.9671283309957924,15,15,1.0,93.96232049277359,13.397244402387194,0,0.0,0,1.0,1.0,1.0,1.0,1,PASS
376349,processed\features\376349_features.csv,1,713,15,23,16,375,0,0.9671283309957924,15,15,1.0,81.61186072538383,11.366584333993352,0,0.0,0,1.0,1.0,1.0,1.0,1,PASS
48724,processed\features\48724_features.csv,1,713,15,23,16,375,0,0.9671283309957924,15,15,1.0,109.74017133158338,11.160633101811037,0,0.0,5,1.0,1.0,1.0,1.0,1,PASS
370123,processed\features\370123_features.csv,1,712,15,23,16,375,0,0.9670821629213483,15,15,1.0,196.32307206097698,172.30454146935216,0,0.0,7,1.0,1.0,1.0,1.0,1,PASS
369515,processed\features\369515_features.csv,1,712,15,23,16,375,0,0.9670821629213483,15,15,1.0,105.3335612467686,69.87959600846338,0,0.0,3,1.0,1.0,1.0,1.0,1,PASS
363181,processed\features\363181_features.csv,1,712,15,23,16,375,0,0.9670821629213483,15,15,1.0,65.35588854982552,56.7987570537372,0,0.0,0,1.0,1.0,1.0,1.0,1,PASS
243066,processed\features\243066_features.csv,1,712,15,23,16,375,0,0.9670821629213483,15,15,1.0,179.55209709871565,51.89613574214565,0,0.0,10,1.0,1.0,1.0,1.0,1,PASS
191647,processed\features\191647_features.csv,1,712,15,23,16,375,0,0.9670821629213483,15,15,1.0,87.6658585922925,47.481624648464546,0,0.0,0,1.0,1.0,1.0,1.0,1,PASS
99027,processed\features\99027_features.csv,1,712,15,23,16,375,0,0.9670821629213483,15,15,1.0,255183.7799113195,45.485710837789846,0,0.0,2,1.0,1.0,1.0,1.0,1,PASS
353121,processed\features\353121_features.csv,1,712,15,23,16,375,0,0.9670821629213483,15,15,1.0,63.2805696131311,39.62344325059294,0,0.0,0,1.0,1.0,1.0,1.0,1,PASS
273926,processed\features\273926_features.csv,1,712,15,23,16,375,0,0.9670821629213483,15,15,1.0,129.782342866545,32.94330724839719,0,0.0,0,1.0,1.0,1.0,1.0,1,PASS
337985,processed\features\337985_features.csv,1,712,15,23,16,375,0,0.9670821629213483,15,15,1.0,100.81546676618737,30.82666681530082,0,0.0,0,1.0,1.0,1.0,1.0,1,PASS
353146,processed\features\353146_features.csv,1,712,15,23,16,375,0,0.9670821629213483,15,15,1.0,144.71987623142053,30.220405311111325,0,0.0,4,1.0,1.0,1.0,1.0,1,PASS
381717,processed\features\381717_features.csv,1,712,15,23,16,375,0,0.9670821629213483,15,15,1.0,46.482523777136535,29.964215913604612,0,0.0,0,1.0,1.0,1.0,1.0,1,PASS
414394,processed\features\414394_features.csv,1,712,15,23,16,375,0,0.9670821629213483,15,15,1.0,148.63395202166296,29.289922911258195,0,0.0,0,1.0,1.0,1.0,1.0,1,PASS
145665,processed\features\145665_features.csv,1,712,15,23,16,375,0,0.9670821629213483,15,15,1.0,68.61637098432632,26.85529078928137,0,0.0,0,1.0,1.0,1.0,1.0,1,PASS
60271,processed\features\60271_features.csv,1,712,15,23,16,375,0,0.9670821629213483,15,15,1.0,82.51403822608592,26.79079311732849,0,0.0,0,1.0,1.0,1.0,1.0,1,PASS
496074,processed\features\496074_features.csv,1,712,15,23,16,375,0,0.9670821629213483,15,15,1.0,204.4690930331749,24.421118828300685,0,0.0,16,1.0,1.0,1.0,1.0,1,PASS
259173,processed\features\259173_features.csv,1,712,15,23,16,375,0,0.9670821629213483,15,15,1.0,148.1249024848761,14.784161209707174,0,0.0,1,1.0,1.0,1.0,1.0,1,PASS
202724,processed\features\202724_features.csv,1,712,15,23,16,375,0,0.9670821629213483,15,15,1.0,419.20863494613786,14.675839685598042,0,0.0,25,1.0,1.0,1.0,1.0,1,PASS
229476,processed\features\229476_features.csv,1,712,15,23,16,375,0,0.9670821629213483,15,15,1.0,61.72647983459628,13.01505235279929,0,0.0,0,1.0,1.0,1.0,1.0,1,PASS
145253,processed\features\145253_features.csv,1,712,15,23,16,375,0,0.9670821629213483,15,15,1.0,73.390830521217,12.961334926267298,0,0.0,0,1.0,1.0,1.0,1.0,1,PASS
119971,processed\features\119971_features.csv,1,712,15,23,16,375,0,0.9670821629213483,15,15,1.0,63.54458811622571,10.868021056877017,0,0.0,0,1.0,1.0,1.0,1.0,1,PASS
332183,processed\features\332183_features.csv,1,711,15,23,16,375,0,0.9670358649789029,15,15,1.0,277.93451259429224,99.74606107961547,0,0.0,18,1.0,1.0,1.0,1.0,1,PASS
228040,processed\features\228040_features.csv,1,711,15,23,16,375,0,0.9670358649789029,15,15,1.0,70.15741197643575,49.12762269305497,0,0.0,0,1.0,1.0,1.0,1.0,1,PASS
104181,processed\features\104181_features.csv,1,711,15,23,16,375,0,0.9670358649789029,15,15,1.0,119.29389333513528,48.967474869553705,0,0.0,0,1.0,1.0,1.0,1.0,1,PASS
148031,processed\features\148031_features.csv,1,711,15,23,16,375,0,0.9670358649789029,15,15,1.0,78.13157662065807,36.46198152462992,0,0.0,0,1.0,1.0,1.0,1.0,1,PASS
26341,processed\features\26341_features.csv,1,711,15,23,16,375,0,0.9670358649789029,15,15,1.0,54.12687806015407,32.10928154094727,0,0.0,0,1.0,1.0,1.0,1.0,1,PASS
374798,processed\features\374798_features.csv,1,711,15,23,16,375,0,0.9670358649789029,15,15,1.0,86.44728958893727,31.382364301500374,0,0.0,0,1.0,1.0,1.0,1.0,1,PASS
454233,processed\features\454233_features.csv,1,711,15,23,16,375,0,0.9670358649789029,15,15,1.0,115.85733045822951,30.310388155674474,0,0.0,1,1.0,1.0,1.0,1.0,1,PASS
267936,processed\features\267936_features.csv,1,711,15,23,16,375,0,0.9670358649789029,15,15,1.0,67.29351097605645,27.94479826293161,0,0.0,0,1.0,1.0,1.0,1.0,1,PASS
309929,processed\features\309929_features.csv,1,711,15,23,16,375,0,0.9670358649789029,15,15,1.0,94.6944268986047,26.820095041464747,0,0.0,0,1.0,1.0,1.0,1.0,1,PASS
362104,processed\features\362104_features.csv,1,711,15,23,16,375,0,0.9670358649789029,15,15,1.0,65.30290226207504,25.43587131058393,0,0.0,0,1.0,1.0,1.0,1.0,1,PASS
179843,processed\features\179843_features.csv,1,711,15,23,16,375,0,0.9670358649789029,15,15,1.0,115.30721477163024,19.95342567588516,0,0.0,0,1.0,1.0,1.0,1.0,1,PASS
197640,processed\features\197640_features.csv,1,711,15,23,16,375,0,0.9670358649789029,15,15,1.0,133.1269313460614,18.386802739515105,0,0.0,0,1.0,1.0,1.0,1.0,1,PASS
79052,processed\features\79052_features.csv,1,711,15,23,16,375,0,0.9670358649789029,15,15,1.0,42.30293533280563,15.291787384773524,0,0.0,0,1.0,1.0,1.0,1.0,1,PASS
209471,processed\features\209471_features.csv,1,711,15,23,16,375,0,0.9670358649789029,15,15,1.0,141.33905276539127,10.961883072435182,0,0.0,0,1.0,1.0,1.0,1.0,1,PASS
407673,processed\features\407673_features.csv,1,710,15,23,16,375,0,0.9669894366197183,15,15,1.0,137.41878245729018,64.07013610932327,0,0.0,0,1.0,1.0,1.0,1.0,1,PASS
135724,processed\features\135724_features.csv,1,710,15,23,16,375,0,0.9669894366197183,15,15,1.0,136.5935093468331,47.53708476098476,0,0.0,5,1.0,1.0,1.0,1.0,1,PASS
119151,processed\features\119151_features.csv,1,710,15,23,16,375,0,0.9669894366197183,15,15,1.0,55.05639203563962,41.846446390751325,0,0.0,0,1.0,1.0,1.0,1.0,1,PASS
196211,processed\features\196211_features.csv,1,710,15,23,16,375,0,0.9669894366197183,15,15,1.0,77.83639495090749,36.77287716250294,0,0.0,0,1.0,1.0,1.0,1.0,1,PASS
267190,processed\features\267190_features.csv,1,710,15,23,16,375,0,0.9669894366197183,15,15,1.0,68.78163830843,32.5577083385152,0,0.0,0,1.0,1.0,1.0,1.0,1,PASS
182491,processed\features\182491_features.csv,1,710,15,23,16,375,0,0.9669894366197183,15,15,1.0,118.77435376349322,31.94190852281052,0,0.0,2,1.0,1.0,1.0,1.0,1,PASS
377751,processed\features\377751_features.csv,1,710,15,23,16,375,0,0.9669894366197183,15,15,1.0,78.67419227586103,31.741731225847854,0,0.0,0,1.0,1.0,1.0,1.0,1,PASS
335125,processed\features\335125_features.csv,1,710,15,23,16,375,0,0.9669894366197183,15,15,1.0,58.486406814894124,30.791910981406694,0,0.0,0,1.0,1.0,1.0,1.0,1,PASS
12617,processed\features\12617_features.csv,1,710,15,23,16,375,0,0.9669894366197183,15,15,1.0,133.70070480266537,26.65441108881374,0,0.0,5,1.0,1.0,1.0,1.0,1,PASS
241752,processed\features\241752_features.csv,1,710,15,23,16,375,0,0.9669894366197183,15,15,1.0,38.88489932497684,23.454439022096437,0,0.0,0,1.0,1.0,1.0,1.0,1,PASS
232531,processed\features\232531_features.csv,1,710,15,23,16,375,0,0.9669894366197183,15,15,1.0,282.4111390097189,20.403703223553084,0,0.0,29,1.0,1.0,1.0,1.0,1,PASS
484711,processed\features\484711_features.csv,1,710,15,23,16,375,0,0.9669894366197183,15,15,1.0,95.28332036091399,13.288921971710671,0,0.0,0,1.0,1.0,1.0,1.0,1,PASS
220947,processed\features\220947_features.csv,1,710,15,23,16,375,0,0.9669894366197183,15,15,1.0,100.39218869850224,13.041629887102626,0,0.0,0,1.0,1.0,1.0,1.0,1,PASS
331682,processed\features\331682_features.csv,1,710,15,23,16,375,0,0.9669894366197183,15,15,1.0,94.55453567918981,12.255506412626696,0,0.0,0,1.0,1.0,1.0,1.0,1,PASS
428074,processed\features\428074_features.csv,1,709,15,23,16,375,0,0.9669428772919605,15,15,1.0,107.16411406777934,64.68662511997807,0,0.0,0,1.0,1.0,1.0,1.0,1,PASS
259294,processed\features\259294_features.csv,1,709,15,23,16,375,0,0.9669428772919605,15,15,1.0,67.24729814575218,45.81032050789419,0,0.0,0,1.0,1.0,1.0,1.0,1,PASS
40365,processed\features\40365_features.csv,1,709,15,23,16,375,0,0.9669428772919605,15,15,1.0,76.86657001428992,38.44451948031187,0,0.0,0,1.0,1.0,1.0,1.0,1,PASS
421560,processed\features\421560_features.csv,1,709,15,23,16,375,0,0.9669428772919605,15,15,1.0,102.97082241872602,35.02359859760181,0,0.0,3,1.0,1.0,1.0,1.0,1,PASS
112386,processed\features\112386_features.csv,1,709,15,23,16,375,0,0.9669428772919605,15,15,1.0,131.85069852358916,33.44784651580092,0,0.0,0,1.0,1.0,1.0,1.0,1,PASS
421854,processed\features\421854_features.csv,1,709,15,23,16,375,0,0.9669428772919605,15,15,1.0,69.39755014423214,32.907211667092085,0,0.0,0,1.0,1.0,1.0,1.0,1,PASS
3584,processed\features\3584_features.csv,1,709,15,23,16,375,0,0.9669428772919605,15,15,1.0,48.63910387111356,30.363141568776573,0,0.0,0,1.0,1.0,1.0,1.0,1,PASS
143225,processed\features\143225_features.csv,1,709,15,23,16,375,0,0.9669428772919605,15,15,1.0,100.73700793766434,25.221006271360768,0,0.0,0,1.0,1.0,1.0,1.0,1,PASS
492476,processed\features\492476_features.csv,1,709,15,23,16,375,0,0.9669428772919605,15,15,1.0,145.34417219484996,23.828081494338196,0,0.0,7,1.0,1.0,1.0,1.0,1,PASS
250042,processed\features\250042_features.csv,1,709,15,23,16,375,0,0.9669428772919605,15,15,1.0,37.060080331590065,22.015265935087974,0,0.0,0,1.0,1.0,1.0,1.0,1,PASS
1653,processed\features\1653_features.csv,1,709,15,23,16,375,0,0.9669428772919605,15,15,1.0,86.86339378004229,21.165271436749286,0,0.0,0,1.0,1.0,1.0,1.0,1,PASS
467189,processed\features\467189_features.csv,1,709,15,23,16,375,0,0.9669428772919605,15,15,1.0,113.40314120614386,19.033950995041522,0,0.0,0,1.0,1.0,1.0,1.0,1,PASS
295440,processed\features\295440_features.csv,1,709,15,23,16,375,0,0.9669428772919605,15,15,1.0,85.00002424173778,18.247311975709774,0,0.0,0,1.0,1.0,1.0,1.0,1,PASS
493428,processed\features\493428_features.csv,1,709,15,23,16,375,0,0.9669428772919605,15,15,1.0,40.257033369242095,18.24299316811471,0,0.0,0,1.0,1.0,1.0,1.0,1,PASS
231248,processed\features\231248_features.csv,1,708,15,23,16,375,0,0.966896186440678,15,15,1.0,126.63669665539067,58.59238993887369,0,0.0,1,1.0,1.0,1.0,1.0,1,PASS
68885,processed\features\68885_features.csv,1,708,15,23,16,375,0,0.966896186440678,15,15,1.0,172.4833122120953,54.27705213157449,0,0.0,1,1.0,1.0,1.0,1.0,1,PASS
311633,processed\features\311633_features.csv,1,708,15,23,16,375,0,0.966896186440678,15,15,1.0,73.28131178993391,45.40638730906655,0,0.0,0,1.0,1.0,1.0,1.0,1,PASS
83756,processed\features\83756_features.csv,1,708,15,23,16,375,0,0.966896186440678,15,15,1.0,98.34328756305592,40.12364777477927,0,0.0,0,1.0,1.0,1.0,1.0,1,PASS
126426,processed\features\126426_features.csv,1,708,15,23,16,375,0,0.966896186440678,15,15,1.0,360650.72999279044,39.89603649609069,0,0.0,1,1.0,1.0,1.0,1.0,1,PASS
309984,processed\features\309984_features.csv,1,708,15,23,16,375,0,0.966896186440678,15,15,1.0,59.693305399926516,33.8234801491397,0,0.0,0,1.0,1.0,1.0,1.0,1,PASS
104899,processed\features\104899_features.csv,1,708,15,23,16,375,0,0.966896186440678,15,15,1.0,104.86743990554967,33.421627243183195,0,0.0,1,1.0,1.0,1.0,1.0,1,PASS
165847,processed\features\165847_features.csv,1,708,15,23,16,375,0,0.966896186440678,15,15,1.0,159.73457341867072,31.63521873581781,0,0.0,5,1.0,1.0,1.0,1.0,1,PASS
294882,processed\features\294882_features.csv,1,708,15,23,16,375,0,0.966896186440678,15,15,1.0,118.16575071834765,30.8215373933757,0,0.0,1,1.0,1.0,1.0,1.0,1,PASS
49295,processed\features\49295_features.csv,1,708,15,23,16,375,0,0.966896186440678,15,15,1.0,69.84803374094903,28.06487992410737,0,0.0,0,1.0,1.0,1.0,1.0,1,PASS
434075,processed\features\434075_features.csv,1,708,15,23,16,375,0,0.966896186440678,15,15,1.0,92.6348232498554,23.68864620081094,0,0.0,0,1.0,1.0,1.0,1.0,1,PASS
163177,processed\features\163177_features.csv,1,708,15,23,16,375,0,0.966896186440678,15,15,1.0,111.88106579346295,22.87744814133415,0,0.0,0,1.0,1.0,1.0,1.0,1,PASS
345180,processed\features\345180_features.csv,1,708,15,23,16,375,0,0.966896186440678,15,15,1.0,96.13562073656135,18.749909349541266,0,0.0,0,1.0,1.0,1.0,1.0,1,PASS
42778,processed\features\42778_features.csv,1,708,15,23,16,375,0,0.966896186440678,15,15,1.0,166.9582739201777,18.372250516490723,0,0.0,7,1.0,1.0,1.0,1.0,1,PASS
135214,processed\features\135214_features.csv,1,708,15,23,16,375,0,0.966896186440678,15,15,1.0,69.2613639723495,17.348558559380415,0,0.0,0,1.0,1.0,1.0,1.0,1,PASS
258208,processed\features\258208_features.csv,1,708,15,23,16,375,0,0.966896186440678,15,15,1.0,80.66505559992956,15.310321463868108,0,0.0,0,1.0,1.0,1.0,1.0,1,PASS
233580,processed\features\233580_features.csv,1,708,15,23,16,375,0,0.966896186440678,15,15,1.0,95.4852207937261,13.431391460534416,0,0.0,0,1.0,1.0,1.0,1.0,1,PASS
366805,processed\features\366805_features.csv,1,707,15,23,16,375,0,0.9668493635077794,15,15,1.0,150.0448752078026,83.25016479220736,0,0.0,2,1.0,1.0,1.0,1.0,1,PASS
306452,processed\features\306452_features.csv,1,707,15,23,16,375,0,0.9668493635077794,15,15,1.0,290.38171618303556,66.33153554438475,0,0.0,23,1.0,1.0,1.0,1.0,1,PASS
215882,processed\features\215882_features.csv,1,707,15,23,16,375,0,0.9668493635077794,15,15,1.0,89.00172406879018,55.20857358428245,0,0.0,0,1.0,1.0,1.0,1.0,1,PASS
333892,processed\features\333892_features.csv,1,707,15,23,16,375,0,0.9668493635077794,15,15,1.0,117.80788250120438,45.14171036379071,0,0.0,0,1.0,1.0,1.0,1.0,1,PASS
221280,processed\features\221280_features.csv,1,707,15,23,16,375,0,0.9668493635077794,15,15,1.0,246.6129131938558,42.478269476200865,0,0.0,22,1.0,1.0,1.0,1.0,1,PASS
340032,processed\features\340032_features.csv,1,707,15,23,16,375,0,0.9668493635077794,15,15,1.0,264.1892380323041,34.27082130561982,0,0.0,9,1.0,1.0,1.0,1.0,1,PASS
178704,processed\features\178704_features.csv,1,707,15,23,16,375,0,0.9668493635077794,15,15,1.0,55.98315090554875,33.32294130101953,0,0.0,0,1.0,1.0,1.0,1.0,1,PASS
48236,processed\features\48236_features.csv,1,707,15,23,16,375,0,0.9668493635077794,15,15,1.0,61.98462060184155,33.13298643112268,0,0.0,0,1.0,1.0,1.0,1.0,1,PASS
98748,processed\features\98748_features.csv,1,707,15,23,16,375,0,0.9668493635077794,15,15,1.0,99.00403026908477,29.67162257241072,0,0.0,0,1.0,1.0,1.0,1.0,1,PASS
270731,processed\features\270731_features.csv,1,707,15,23,16,375,0,0.9668493635077794,15,15,1.0,118.64044242235344,28.56901296480041,0,0.0,0,1.0,1.0,1.0,1.0,1,PASS
7427,processed\features\7427_features.csv,1,707,15,23,16,375,0,0.9668493635077794,15,15,1.0,68.9248470625832,25.971762946837973,0,0.0,0,1.0,1.0,1.0,1.0,1,PASS
172699,processed\features\172699_features.csv,1,707,15,23,16,375,0,0.9668493635077794,15,15,1.0,67.61120837927848,25.255714107720983,0,0.0,0,1.0,1.0,1.0,1.0,1,PASS
471502,processed\features\471502_features.csv,1,707,15,23,16,375,0,0.9668493635077794,15,15,1.0,29.682025676253872,23.004668650851983,0,0.0,0,1.0,1.0,1.0,1.0,1,PASS
452408,processed\features\452408_features.csv,1,707,15,23,16,375,0,0.9668493635077794,15,15,1.0,117.30109249489591,22.6581754323171,0,0.0,0,1.0,1.0,1.0,1.0,1,PASS
288598,processed\features\288598_features.csv,1,707,15,23,16,375,0,0.9668493635077794,15,15,1.0,36.35232364942109,21.30617630684456,0,0.0,0,1.0,1.0,1.0,1.0,1,PASS
70642,processed\features\70642_features.csv,1,707,15,23,16,375,0,0.9668493635077794,15,15,1.0,98.13522364622571,21.09260565295714,0,0.0,0,1.0,1.0,1.0,1.0,1,PASS
5440,processed\features\5440_features.csv,1,707,15,23,16,375,0,0.9668493635077794,15,15,1.0,73.80966394040104,21.05147568506677,0,0.0,0,1.0,1.0,1.0,1.0,1,PASS
229318,processed\features\229318_features.csv,1,707,15,23,16,375,0,0.9668493635077794,15,15,1.0,209.83713718679434,20.74706285578712,0,0.0,0,1.0,1.0,1.0,1.0,1,PASS
200436,processed\features\200436_features.csv,1,707,15,23,16,375,0,0.9668493635077794,15,15,1.0,80.78072538507384,20.66257335011598,0,0.0,0,1.0,1.0,1.0,1.0,1,PASS
481410,processed\features\481410_features.csv,1,707,15,23,16,375,0,0.9668493635077794,15,15,1.0,71.38970200306163,17.860036403200702,0,0.0,0,1.0,1.0,1.0,1.0,1,PASS
462834,processed\features\462834_features.csv,1,707,15,23,16,375,0,0.9668493635077794,15,15,1.0,72.61134742797248,17.719873916249192,0,0.0,0,1.0,1.0,1.0,1.0,1,PASS
333870,processed\features\333870_features.csv,1,707,15,23,16,375,0,0.9668493635077794,15,15,1.0,66.899620673083,16.692332432652705,0,0.0,0,1.0,1.0,1.0,1.0,1,PASS
176492,processed\features\176492_features.csv,1,707,15,23,16,375,0,0.9668493635077794,15,15,1.0,106.7809349215054,16.052037365612392,0,0.0,0,1.0,1.0,1.0,1.0,1,PASS
28401,processed\features\28401_features.csv,1,707,15,23,16,375,0,0.9668493635077794,15,15,1.0,43.47066471900723,15.483676073186594,0,0.0,0,1.0,1.0,1.0,1.0,1,PASS
119764,processed\features\119764_features.csv,1,706,15,23,16,375,0,0.9668024079320113,15,15,1.0,114.43300360663136,74.79867278868768,0,0.0,1,1.0,1.0,1.0,1.0,1,PASS
311525,processed\features\311525_features.csv,1,706,15,23,16,375,0,0.9668024079320113,15,15,1.0,78.3988320340493,58.84931942531437,0,0.0,0,1.0,1.0,1.0,1.0,1,PASS
324665,processed\features\324665_features.csv,1,706,15,23,16,375,0,0.9668024079320113,15,15,1.0,87.59420661171674,54.80725391100904,0,0.0,0,1.0,1.0,1.0,1.0,1,PASS
466984,processed\features\466984_features.csv,1,706,15,23,16,375,0,0.9668024079320113,15,15,1.0,87.64282014639484,47.85737761609475,0,0.0,0,1.0,1.0,1.0,1.0,1,PASS
409820,processed\features\409820_features.csv,1,706,15,23,16,375,0,0.9668024079320113,15,15,1.0,86.68573383400016,41.095284855541735,0,0.0,0,1.0,1.0,1.0,1.0,1,PASS
220911,processed\features\220911_features.csv,1,706,15,23,16,375,0,0.9668024079320113,15,15,1.0,107.2519166129499,39.23271188734701,0,0.0,2,1.0,1.0,1.0,1.0,1,PASS
33822,processed\features\33822_features.csv,1,706,15,23,16,375,0,0.9668024079320113,15,15,1.0,156.59740192452045,33.175745998148905,0,0.0,7,1.0,1.0,1.0,1.0,1,PASS
314000,processed\features\314000_features.csv,1,706,15,23,16,375,0,0.9668024079320113,15,15,1.0,99.02863385340996,31.50927958450854,0,0.0,0,1.0,1.0,1.0,1.0,1,PASS
336937,processed\features\336937_features.csv,1,706,15,23,16,375,0,0.9668024079320113,15,15,1.0,93.18036155508848,30.187127990788262,0,0.0,0,1.0,1.0,1.0,1.0,1,PASS
149823,processed\features\149823_features.csv,1,706,15,23,16,375,0,0.9668024079320113,15,15,1.0,71.02924293256609,28.20593410002366,0,0.0,0,1.0,1.0,1.0,1.0,1,PASS
195169,processed\features\195169_features.csv,1,706,15,23,16,375,0,0.9668024079320113,15,15,1.0,46.59628958397389,26.094014621356983,0,0.0,0,1.0,1.0,1.0,1.0,1,PASS
163681,processed\features\163681_features.csv,1,706,15,23,16,375,0,0.9668024079320113,15,15,1.0,586.3097947992634,26.062297503046132,0,0.0,15,1.0,1.0,1.0,1.0,1,PASS
170726,processed\features\170726_features.csv,1,706,15,23,16,375,0,0.9668024079320113,15,15,1.0,81.25684052379378,24.407509525314985,0,0.0,0,1.0,1.0,1.0,1.0,1,PASS
239161,processed\features\239161_features.csv,1,706,15,23,16,375,0,0.9668024079320113,15,15,1.0,124.94727104848798,23.670173440413535,0,0.0,0,1.0,1.0,1.0,1.0,1,PASS
425354,processed\features\425354_features.csv,1,706,15,23,16,375,0,0.9668024079320113,15,15,1.0,68.67602373901903,23.655323662406097,0,0.0,0,1.0,1.0,1.0,1.0,1,PASS
87089,processed\features\87089_features.csv,1,706,15,23,16,375,0,0.9668024079320113,15,15,1.0,53.375320172454764,23.377097566760522,0,0.0,0,1.0,1.0,1.0,1.0,1,PASS
503034,processed\features\503034_features.csv,1,706,15,23,16,375,0,0.9668024079320113,15,15,1.0,69.12780271237206,21.913850556217504,0,0.0,0,1.0,1.0,1.0,1.0,1,PASS
198629,processed\features\198629_features.csv,1,706,15,23,16,375,0,0.9668024079320113,15,15,1.0,67.73097643710936,20.566681205154268,0,0.0,0,1.0,1.0,1.0,1.0,1,PASS
395252,processed\features\395252_features.csv,1,706,15,23,16,375,0,0.9668024079320113,15,15,1.0,63.233607901814125,20.250057353534174,0,0.0,0,1.0,1.0,1.0,1.0,1,PASS
235895,processed\features\235895_features.csv,1,706,15,23,16,375,0,0.9668024079320113,15,15,1.0,64.91069263332152,12.987055120844877,0,0.0,0,1.0,1.0,1.0,1.0,1,PASS
103621,processed\features\103621_features.csv,1,706,15,23,16,375,0,0.9668024079320113,15,15,1.0,110.13746403734376,10.329310289273387,0,0.0,0,1.0,1.0,1.0,1.0,1,PASS
87100,processed\features\87100_features.csv,1,705,15,23,16,375,0,0.9667553191489362,15,15,1.0,168974.95235577883,65.72890650149971,0,0.0,4,1.0,1.0,1.0,1.0,1,PASS
158919,processed\features\158919_features.csv,1,705,15,23,16,375,0,0.9667553191489362,15,15,1.0,163.03328228285028,38.31455772696543,0,0.0,1,1.0,1.0,1.0,1.0,1,PASS
421531,processed\features\421531_features.csv,1,705,15,23,16,375,0,0.9667553191489362,15,15,1.0,101.71328227834323,37.32446788026366,0,0.0,0,1.0,1.0,1.0,1.0,1,PASS
191352,processed\features\191352_features.csv,1,705,15,23,16,375,0,0.9667553191489362,15,15,1.0,85.9310299809808,31.174780976649537,0,0.0,0,1.0,1.0,1.0,1.0,1,PASS
268401,processed\features\268401_features.csv,1,705,15,23,16,375,0,0.9667553191489362,15,15,1.0,100.41382159421123,28.658770701663506,0,0.0,0,1.0,1.0,1.0,1.0,1,PASS
259546,processed\features\259546_features.csv,1,705,15,23,16,375,0,0.9667553191489362,15,15,1.0,109.75155799544319,26.189433899326175,0,0.0,0,1.0,1.0,1.0,1.0,1,PASS
443058,processed\features\443058_features.csv,1,705,15,23,16,375,0,0.9667553191489362,15,15,1.0,217.5449884240548,24.577809102473296,0,0.0,9,1.0,1.0,1.0,1.0,1,PASS
313424,processed\features\313424_features.csv,1,705,15,23,16,375,0,0.9667553191489362,15,15,1.0,151.27787517917017,23.305123221739926,0,0.0,5,1.0,1.0,1.0,1.0,1,PASS
8747,processed\features\8747_features.csv,1,705,15,23,16,375,0,0.9667553191489362,15,15,1.0,104.67368164969068,22.674156894241857,0,0.0,5,1.0,1.0,1.0,1.0,1,PASS
65513,processed\features\65513_features.csv,1,705,15,23,16,375,0,0.9667553191489362,15,15,1.0,74.87671601797165,22.30322390876532,0,0.0,0,1.0,1.0,1.0,1.0,1,PASS
489114,processed\features\489114_features.csv,1,705,15,23,16,375,0,0.9667553191489362,15,15,1.0,74.23304976218071,19.383417121525255,0,0.0,0,1.0,1.0,1.0,1.0,1,PASS
246374,processed\features\246374_features.csv,1,705,15,23,16,375,0,0.9667553191489362,15,15,1.0,63.06275322419347,18.53776690300376,0,0.0,0,1.0,1.0,1.0,1.0,1,PASS
217539,processed\features\217539_features.csv,1,705,15,23,16,375,0,0.9667553191489362,15,15,1.0,145.07128907582987,18.15828737737292,0,0.0,1,1.0,1.0,1.0,1.0,1,PASS
449782,processed\features\449782_features.csv,1,705,15,23,16,375,0,0.9667553191489362,15,15,1.0,70.3889278434739,15.347634823616364,0,0.0,0,1.0,1.0,1.0,1.0,1,PASS
496364,processed\features\496364_features.csv,1,705,15,23,16,375,0,0.9667553191489362,15,15,1.0,106.15724607046288,14.686529840440802,0,0.0,0,1.0,1.0,1.0,1.0,1,PASS
370261,processed\features\370261_features.csv,1,705,15,23,16,375,0,0.9667553191489362,15,15,1.0,97.35380465198116,13.23694374428826,0,0.0,0,1.0,1.0,1.0,1.0,1,PASS
116421,processed\features\116421_features.csv,1,705,15,23,16,375,0,0.9667553191489362,15,15,1.0,68.23408037467219,12.87702708144247,0,0.0,0,1.0,1.0,1.0,1.0,1,PASS
484137,processed\features\484137_features.csv,1,704,15,23,16,375,0,0.9667080965909091,15,15,1.0,87.52946562740959,71.39656411977307,0,0.0,0,1.0,1.0,1.0,1.0,1,PASS
39771,processed\features\39771_features.csv,1,704,15,23,16,375,0,0.9667080965909091,15,15,1.0,160.30240556550766,51.91377204949478,0,0.0,5,1.0,1.0,1.0,1.0,1,PASS
399550,processed\features\399550_features.csv,1,704,15,23,16,375,0,0.9667080965909091,15,15,1.0,277.68030776286395,49.87684424852589,0,0.0,12,1.0,1.0,1.0,1.0,1,PASS
378996,processed\features\378996_features.csv,1,704,15,23,16,375,0,0.9667080965909091,15,15,1.0,284.4144835484363,42.827560917963,0,0.0,28,1.0,1.0,1.0,1.0,1,PASS
504962,processed\features\504962_features.csv,1,704,15,23,16,375,0,0.9667080965909091,15,15,1.0,66.97122480053628,30.130547308100716,0,0.0,0,1.0,1.0,1.0,1.0,1,PASS
281812,processed\features\281812_features.csv,1,704,15,23,16,375,0,0.9667080965909091,15,15,1.0,119.34165657084628,27.230517471661244,0,0.0,0,1.0,1.0,1.0,1.0,1,PASS
262927,processed\features\262927_features.csv,1,704,15,23,16,375,0,0.9667080965909091,15,15,1.0,368.58206121581253,22.964634082934896,0,0.0,16,1.0,1.0,1.0,1.0,1,PASS
266634,processed\features\266634_features.csv,1,704,15,23,16,375,0,0.9667080965909091,15,15,1.0,175.78993276412876,20.675130197981115,0,0.0,9,1.0,1.0,1.0,1.0,1,PASS
270863,processed\features\270863_features.csv,1,704,15,23,16,375,0,0.9667080965909091,15,15,1.0,96.08393782410604,20.58654500800388,0,0.0,0,1.0,1.0,1.0,1.0,1,PASS
185522,processed\features\185522_features.csv,1,704,15,23,16,375,0,0.9667080965909091,15,15,1.0,101.36257606090119,19.426023003302337,0,0.0,0,1.0,1.0,1.0,1.0,1,PASS
488414,processed\features\488414_features.csv,1,704,15,23,16,375,0,0.9667080965909091,15,15,1.0,163.33595077644856,19.095013657659187,0,0.0,10,1.0,1.0,1.0,1.0,1,PASS
128861,processed\features\128861_features.csv,1,704,15,23,16,375,0,0.9667080965909091,15,15,1.0,109.46022123242241,18.647705496234206,0,0.0,4,1.0,1.0,1.0,1.0,1,PASS
375878,processed\features\375878_features.csv,1,704,15,23,16,375,0,0.9667080965909091,15,15,1.0,77.6621427398662,15.411019715451058,0,0.0,0,1.0,1.0,1.0,1.0,1,PASS
40932,processed\features\40932_features.csv,1,704,15,23,16,375,0,0.9667080965909091,15,15,1.0,111.25659757204622,15.396125350020696,0,0.0,0,1.0,1.0,1.0,1.0,1,PASS
18113,processed\features\18113_features.csv,1,704,15,23,16,375,0,0.9667080965909091,15,15,1.0,63.04378835654508,15.125639971025219,0,0.0,0,1.0,1.0,1.0,1.0,1,PASS
273208,processed\features\273208_features.csv,1,704,15,23,16,375,0,0.9667080965909091,15,15,1.0,91.22181153475289,14.792952944385986,0,0.0,0,1.0,1.0,1.0,1.0,1,PASS
484151,processed\features\484151_features.csv,1,704,15,23,16,375,0,0.9667080965909091,15,15,1.0,94.99527794208828,14.739717861811112,0,0.0,0,1.0,1.0,1.0,1.0,1,PASS
229070,processed\features\229070_features.csv,1,704,15,23,16,375,0,0.9667080965909091,15,15,1.0,78.26146793605929,14.674673200035134,0,0.0,0,1.0,1.0,1.0,1.0,1,PASS
449260,processed\features\449260_features.csv,1,704,15,23,16,375,0,0.9667080965909091,15,15,1.0,65.52662987191255,10.629682698592077,0,0.0,0,1.0,1.0,1.0,1.0,1,PASS
507755,processed\features\507755_features.csv,1,703,15,23,16,375,0,0.9666607396870555,15,15,1.0,61.44840713659828,60.0642345155748,0,0.0,0,1.0,1.0,1.0,1.0,1,PASS
44935,processed\features\44935_features.csv,1,703,15,23,16,375,0,0.9666607396870555,15,15,1.0,98.4477187784521,48.647673604317646,0,0.0,0,1.0,1.0,1.0,1.0,1,PASS
444019,processed\features\444019_features.csv,1,703,15,23,16,375,0,0.9666607396870555,15,15,1.0,57.71950990035065,36.51435261644919,0,0.0,0,1.0,1.0,1.0,1.0,1,PASS
23049,processed\features\23049_features.csv,1,703,15,23,16,375,0,0.9666607396870555,15,15,1.0,78.86535336380257,30.89032860692639,0,0.0,0,1.0,1.0,1.0,1.0,1,PASS
281118,processed\features\281118_features.csv,1,703,15,23,16,375,0,0.9666607396870555,15,15,1.0,72.2980839618444,30.204777872758747,0,0.0,1,1.0,1.0,1.0,1.0,1,PASS
364339,processed\features\364339_features.csv,1,703,15,23,16,375,0,0.9666607396870555,15,15,1.0,105.11115339243065,27.165896713458473,0,0.0,0,1.0,1.0,1.0,1.0,1,PASS
293331,processed\features\293331_features.csv,1,703,15,23,16,375,0,0.9666607396870555,15,15,1.0,69.1223499578698,26.504638778869904,0,0.0,0,1.0,1.0,1.0,1.0,1,PASS
89336,processed\features\89336_features.csv,1,703,15,23,16,375,0,0.9666607396870555,15,15,1.0,69.6878857381285,26.294482855326926,0,0.0,0,1.0,1.0,1.0,1.0,1,PASS
260353,processed\features\260353_features.csv,1,703,15,23,16,375,0,0.9666607396870555,15,15,1.0,88.23165865705104,25.577654590971807,0,0.0,0,1.0,1.0,1.0,1.0,1,PASS
220798,processed\features\220798_features.csv,1,703,15,23,16,375,0,0.9666607396870555,15,15,1.0,45.6638985291694,25.161334239174383,0,0.0,0,1.0,1.0,1.0,1.0,1,PASS
288075,processed\features\288075_features.csv,1,703,15,23,16,375,0,0.9666607396870555,15,15,1.0,108.20380877022244,24.058382278660936,0,0.0,0,1.0,1.0,1.0,1.0,1,PASS
180377,processed\features\180377_features.csv,1,703,15,23,16,375,0,0.9666607396870555,15,15,1.0,81.4305853109161,22.742979213689694,0,0.0,0,1.0,1.0,1.0,1.0,1,PASS
252987,processed\features\252987_features.csv,1,703,15,23,16,375,0,0.9666607396870555,15,15,1.0,78.46695414649263,20.069344188250163,0,0.0,0,1.0,1.0,1.0,1.0,1,PASS
273313,processed\features\273313_features.csv,1,703,15,23,16,375,0,0.9666607396870555,15,15,1.0,52.18455982877889,18.19222914197247,0,0.0,0,1.0,1.0,1.0,1.0,1,PASS
170790,processed\features\170790_features.csv,1,703,15,23,16,375,0,0.9666607396870555,15,15,1.0,141.9921868089151,16.152270561173403,0,0.0,1,1.0,1.0,1.0,1.0,1,PASS
114662,processed\features\114662_features.csv,1,703,15,23,16,375,0,0.9666607396870555,15,15,1.0,29.452796560346474,15.886615033057634,0,0.0,0,1.0,1.0,1.0,1.0,1,PASS
190915,processed\features\190915_features.csv,1,703,15,23,16,375,0,0.9666607396870555,15,15,1.0,45.17621406290453,13.011577035246226,0,0.0,0,1.0,1.0,1.0,1.0,1,PASS
476949,processed\features\476949_features.csv,1,702,15,23,16,375,0,0.9666132478632479,15,15,1.0,233.6241390885993,48.1535553981628,0,0.0,13,1.0,1.0,1.0,1.0,1,PASS
362066,processed\features\362066_features.csv,1,702,15,23,16,375,0,0.9666132478632479,15,15,1.0,87.11198417261613,42.71389384348237,0,0.0,0,1.0,1.0,1.0,1.0,1,PASS
109509,processed\features\109509_features.csv,1,702,15,23,16,375,0,0.9666132478632479,15,15,1.0,81.73962313816033,26.441636208080453,0,0.0,0,1.0,1.0,1.0,1.0,1,PASS
370114,processed\features\370114_features.csv,1,702,15,23,16,375,0,0.9666132478632479,15,15,1.0,129.74499447174506,25.98748581055153,0,0.0,5,1.0,1.0,1.0,1.0,1,PASS
366522,processed\features\366522_features.csv,1,702,15,23,16,375,0,0.9666132478632479,15,15,1.0,93.92590035175186,25.525515095611695,0,0.0,0,1.0,1.0,1.0,1.0,1,PASS
135034,processed\features\135034_features.csv,1,702,15,23,16,375,0,0.9666132478632479,15,15,1.0,52.65277602871875,25.372265577685262,0,0.0,0,1.0,1.0,1.0,1.0,1,PASS
275816,processed\features\275816_features.csv,1,702,15,23,16,375,0,0.9666132478632479,15,15,1.0,116.9489028524063,24.784440169866386,0,0.0,0,1.0,1.0,1.0,1.0,1,PASS
156788,processed\features\156788_features.csv,1,702,15,23,16,375,0,0.9666132478632479,15,15,1.0,32.936014977296054,22.315059691927694,0,0.0,0,1.0,1.0,1.0,1.0,1,PASS
454785,processed\features\454785_features.csv,1,702,15,23,16,375,0,0.9666132478632479,15,15,1.0,64.35881798601397,22.04126897969561,0,0.0,0,1.0,1.0,1.0,1.0,1,PASS
105302,processed\features\105302_features.csv,1,702,15,23,16,375,0,0.9666132478632479,15,15,1.0,70.79105969370453,21.87007188374,0,0.0,0,1.0,1.0,1.0,1.0,1,PASS
2060,processed\features\2060_features.csv,1,702,15,23,16,375,0,0.9666132478632479,15,15,1.0,517.5694403441623,21.717644596879893,0,0.0,31,1.0,1.0,1.0,1.0,1,PASS
327986,processed\features\327986_features.csv,1,702,15,23,16,375,0,0.9666132478632479,15,15,1.0,42.06716751204267,19.99201083066684,0,0.0,0,1.0,1.0,1.0,1.0,1,PASS
297457,processed\features\297457_features.csv,1,702,15,23,16,375,0,0.9666132478632479,15,15,1.0,87.72215723108687,19.53691365962059,0,0.0,1,1.0,1.0,1.0,1.0,1,PASS
154136,processed\features\154136_features.csv,1,702,15,23,16,375,0,0.9666132478632479,15,15,1.0,63.23507530260905,19.047070843075737,0,0.0,0,1.0,1.0,1.0,1.0,1,PASS
178638,processed\features\178638_features.csv,1,702,15,23,16,375,0,0.9666132478632479,15,15,1.0,53.732556645243605,17.811813065707838,0,0.0,0,1.0,1.0,1.0,1.0,1,PASS
33555,processed\features\33555_features.csv,1,702,15,23,16,375,0,0.9666132478632479,15,15,1.0,83.00567297846789,15.720586241305192,0,0.0,0,1.0,1.0,1.0,1.0,1,PASS
103958,processed\features\103958_features.csv,1,701,15,23,16,375,0,0.9665656205420827,15,15,1.0,162.14883771304832,91.53908377961291,0,0.0,5,1.0,1.0,1.0,1.0,1,PASS
269413,processed\features\269413_features.csv,1,701,15,23,16,375,0,0.9665656205420827,15,15,1.0,130.81359090062188,85.42453861423508,0,0.0,3,1.0,1.0,1.0,1.0,1,PASS
2100,processed\features\2100_features.csv,1,701,15,23,16,375,0,0.9665656205420827,15,15,1.0,436969.26449389796,83.38612457961707,0,0.0,2,1.0,1.0,1.0,1.0,1,PASS
81403,processed\features\81403_features.csv,1,701,15,23,16,375,0,0.9665656205420827,15,15,1.0,93.66154756904668,43.33217137125385,0,0.0,0,1.0,1.0,1.0,1.0,1,PASS
513526,processed\features\513526_features.csv,1,701,15,23,16,375,0,0.9665656205420827,15,15,1.0,53.803341589131854,23.69998704263176,0,0.0,0,1.0,1.0,1.0,1.0,1,PASS
495518,processed\features\495518_features.csv,1,701,15,23,16,375,0,0.9665656205420827,15,15,1.0,147.07255974993706,22.477589390906335,0,0.0,0,1.0,1.0,1.0,1.0,1,PASS
454741,processed\features\454741_features.csv,1,701,15,23,16,375,0,0.9665656205420827,15,15,1.0,83.42371613157378,20.479279135025408,0,0.0,0,1.0,1.0,1.0,1.0,1,PASS
179167,processed\features\179167_features.csv,1,701,15,23,16,375,0,0.9665656205420827,15,15,1.0,50.55674172892529,20.361681280923804,0,0.0,0,1.0,1.0,1.0,1.0,1,PASS
11437,processed\features\11437_features.csv,1,701,15,23,16,375,0,0.9665656205420827,15,15,1.0,198.79645482194238,16.092415338698636,0,0.0,15,1.0,1.0,1.0,1.0,1,PASS
99663,processed\features\99663_features.csv,1,701,15,23,16,375,0,0.9665656205420827,15,15,1.0,91.98683920074404,15.041216627065511,0,0.0,0,1.0,1.0,1.0,1.0,1,PASS
387971,processed\features\387971_features.csv,1,701,15,23,16,375,0,0.9665656205420827,15,15,1.0,137.81420597513258,14.058003947512573,0,0.0,5,1.0,1.0,1.0,1.0,1,PASS
362583,processed\features\362583_features.csv,1,700,15,23,16,375,0,0.9665178571428571,15,15,1.0,220.2453901334596,72.85373229470474,0,0.0,5,1.0,1.0,1.0,1.0,1,PASS
484051,processed\features\484051_features.csv,1,700,15,23,16,375,0,0.9665178571428571,15,15,1.0,101.66361542437818,55.881497101053824,0,0.0,0,1.0,1.0,1.0,1.0,1,PASS
381786,processed\features\381786_features.csv,1,700,15,23,16,375,0,0.9665178571428571,15,15,1.0,68.90583114364782,53.80431523831383,0,0.0,0,1.0,1.0,1.0,1.0,1,PASS
79212,processed\features\79212_features.csv,1,700,15,23,16,375,0,0.9665178571428571,15,15,1.0,86.93442858533817,51.14337166084868,0,0.0,0,1.0,1.0,1.0,1.0,1,PASS
54813,processed\features\54813_features.csv,1,700,15,23,16,375,0,0.9665178571428571,15,15,1.0,175.9674181629881,30.56898015886694,0,0.0,7,1.0,1.0,1.0,1.0,1,PASS
76603,processed\features\76603_features.csv,1,700,15,23,16,375,0,0.9665178571428571,15,15,1.0,111.75676530454123,29.692258532621885,0,0.0,1,1.0,1.0,1.0,1.0,1,PASS
181921,processed\features\181921_features.csv,1,700,15,23,16,375,0,0.9665178571428571,15,15,1.0,324.13626709047105,28.60733139317267,0,0.0,37,1.0,1.0,1.0,1.0,1,PASS
188007,processed\features\188007_features.csv,1,700,15,23,16,375,0,0.9665178571428571,15,15,1.0,111.03240273494339,28.592152834120157,0,0.0,0,1.0,1.0,1.0,1.0,1,PASS
2188,processed\features\2188_features.csv,1,700,15,23,16,375,0,0.9665178571428571,15,15,1.0,67.85228431679779,28.578960834518313,0,0.0,0,1.0,1.0,1.0,1.0,1,PASS
377474,processed\features\377474_features.csv,1,700,15,23,16,375,0,0.9665178571428571,15,15,1.0,290.6928856548916,27.123942434559403,0,0.0,15,1.0,1.0,1.0,1.0,1,PASS
233767,processed\features\233767_features.csv,1,700,15,23,16,375,0,0.9665178571428571,15,15,1.0,114.8352663897054,24.552159540954577,0,0.0,0,1.0,1.0,1.0,1.0,1,PASS
402865,processed\features\402865_features.csv,1,700,15,23,16,375,0,0.9665178571428571,15,15,1.0,99.32118673194405,19.899523904270744,0,0.0,0,1.0,1.0,1.0,1.0,1,PASS
164447,processed\features\164447_features.csv,1,700,15,23,16,375,0,0.9665178571428571,15,15,1.0,99.49465994719702,19.507056233783153,0,0.0,0,1.0,1.0,1.0,1.0,1,PASS
512534,processed\features\512534_features.csv,1,700,15,23,16,375,0,0.9665178571428571,15,15,1.0,116.69225708078557,16.717605291170727,0,0.0,0,1.0,1.0,1.0,1.0,1,PASS
143482,processed\features\143482_features.csv,1,700,15,23,16,375,0,0.9665178571428571,15,15,1.0,103.55448237816492,15.446212118569052,0,0.0,0,1.0,1.0,1.0,1.0,1,PASS
147631,processed\features\147631_features.csv,1,699,15,23,16,375,0,0.966469957081545,15,15,1.0,60.69609196086252,50.96219725776231,0,0.0,0,1.0,1.0,1.0,1.0,1,PASS
56537,processed\features\56537_features.csv,1,699,15,23,16,375,0,0.966469957081545,15,15,1.0,150.81903242434058,47.690942089187615,0,0.0,1,1.0,1.0,1.0,1.0,1,PASS
340387,processed\features\340387_features.csv,1,699,15,23,16,375,0,0.966469957081545,15,15,1.0,181.82996313373428,35.48859360814063,0,0.0,5,1.0,1.0,1.0,1.0,1,PASS
487175,processed\features\487175_features.csv,1,699,15,23,16,375,0,0.966469957081545,15,15,1.0,74.6612479444488,33.96826625082437,0,0.0,0,1.0,1.0,1.0,1.0,1,PASS
35233,processed\features\35233_features.csv,1,699,15,23,16,375,0,0.966469957081545,15,15,1.0,57.51227351402824,33.15193434926839,0,0.0,0,1.0,1.0,1.0,1.0,1,PASS
130611,processed\features\130611_features.csv,1,699,15,23,16,375,0,0.966469957081545,15,15,1.0,150.61966418864498,33.02729875795535,0,0.0,5,1.0,1.0,1.0,1.0,1,PASS
103657,processed\features\103657_features.csv,1,699,15,23,16,375,0,0.966469957081545,15,15,1.0,152969.84030194842,31.489824675098415,0,0.0,6,1.0,1.0,1.0,1.0,1,PASS
108140,processed\features\108140_features.csv,1,699,15,23,16,375,0,0.966469957081545,15,15,1.0,99.17211826824993,29.093154089102335,0,0.0,0,1.0,1.0,1.0,1.0,1,PASS
148198,processed\features\148198_features.csv,1,699,15,23,16,375,0,0.966469957081545,15,15,1.0,480.6669837096909,24.499455620870815,0,0.0,28,1.0,1.0,1.0,1.0,1,PASS
435535,processed\features\435535_features.csv,1,699,15,23,16,375,0,0.966469957081545,15,15,1.0,103.05607250853538,23.614345207000117,0,0.0,0,1.0,1.0,1.0,1.0,1,PASS
143106,processed\features\143106_features.csv,1,699,15,23,16,375,0,0.966469957081545,15,15,1.0,122.72339760830462,23.257151533996,0,0.0,5,1.0,1.0,1.0,1.0,1,PASS
895,processed\features\895_features.csv,1,699,15,23,16,375,0,0.966469957081545,15,15,1.0,70.35032744577353,21.603402748038935,0,0.0,0,1.0,1.0,1.0,1.0,1,PASS
469754,processed\features\469754_features.csv,1,699,15,23,16,375,0,0.966469957081545,15,15,1.0,121.02225025800873,21.44165822216536,0,0.0,0,1.0,1.0,1.0,1.0,1,PASS
134987,processed\features\134987_features.csv,1,699,15,23,16,375,0,0.966469957081545,15,15,1.0,49.64724597557754,19.854764000278404,0,0.0,0,1.0,1.0,1.0,1.0,1,PASS
287349,processed\features\287349_features.csv,1,699,15,23,16,375,0,0.966469957081545,15,15,1.0,82.18875357267926,18.457026568429434,0,0.0,0,1.0,1.0,1.0,1.0,1,PASS
144599,processed\features\144599_features.csv,1,699,15,23,16,375,0,0.966469957081545,15,15,1.0,64.1464317431586,13.253004596643503,0,0.0,0,1.0,1.0,1.0,1.0,1,PASS
383974,processed\features\383974_features.csv,1,698,15,23,16,375,0,0.9664219197707736,15,15,1.0,105.8563197504094,128.76813157927066,0,0.0,0,1.0,1.0,1.0,1.0,1,PASS
111116,processed\features\111116_features.csv,1,698,15,23,16,375,0,0.9664219197707736,15,15,1.0,193.41114045390776,101.19978398651946,0,0.0,6,1.0,1.0,1.0,1.0,1,PASS
67920,processed\features\67920_features.csv,1,698,15,23,16,375,0,0.9664219197707736,15,15,1.0,105.14506232135064,63.556566301483656,0,0.0,0,1.0,1.0,1.0,1.0,1,PASS
296249,processed\features\296249_features.csv,1,698,15,23,16,375,0,0.9664219197707736,15,15,1.0,108.36804155428501,53.559705559736244,0,0.0,0,1.0,1.0,1.0,1.0,1,PASS
236297,processed\features\236297_features.csv,1,698,15,23,16,375,0,0.9664219197707736,15,15,1.0,143.92270922657028,45.957053056851294,0,0.0,0,1.0,1.0,1.0,1.0,1,PASS
309491,processed\features\309491_features.csv,1,698,15,23,16,375,0,0.9664219197707736,15,15,1.0,49.11568853043198,43.04366706603652,0,0.0,0,1.0,1.0,1.0,1.0,1,PASS
428751,processed\features\428751_features.csv,1,698,15,23,16,375,0,0.9664219197707736,15,15,1.0,74.03572265161813,37.064325415664634,0,0.0,0,1.0,1.0,1.0,1.0,1,PASS
277146,processed\features\277146_features.csv,1,698,15,23,16,375,0,0.9664219197707736,15,15,1.0,187.7328544104425,25.099291594736762,0,0.0,3,1.0,1.0,1.0,1.0,1,PASS
296551,processed\features\296551_features.csv,1,698,15,23,16,375,0,0.9664219197707736,15,15,1.0,116.65764074956883,23.59760441023657,0,0.0,0,1.0,1.0,1.0,1.0,1,PASS
154449,processed\features\154449_features.csv,1,698,15,23,16,375,0,0.9664219197707736,15,15,1.0,88.80240208145332,20.166413924137863,0,0.0,0,1.0,1.0,1.0,1.0,1,PASS
310603,processed\features\310603_features.csv,1,698,15,23,16,375,0,0.9664219197707736,15,15,1.0,106.2108914087467,20.128515665981055,0,0.0,1,1.0,1.0,1.0,1.0,1,PASS
45509,processed\features\45509_features.csv,1,698,15,23,16,375,0,0.9664219197707736,15,15,1.0,123.85913411059555,19.59159284389909,0,0.0,4,1.0,1.0,1.0,1.0,1,PASS
320360,processed\features\320360_features.csv,1,698,15,23,16,375,0,0.9664219197707736,15,15,1.0,49.334117247292426,18.562441494588995,0,0.0,0,1.0,1.0,1.0,1.0,1,PASS
351523,processed\features\351523_features.csv,1,698,15,23,16,375,0,0.9664219197707736,15,15,1.0,59.256659085872926,18.342696827148345,0,0.0,0,1.0,1.0,1.0,1.0,1,PASS
313947,processed\features\313947_features.csv,1,698,15,23,16,375,0,0.9664219197707736,15,15,1.0,90.68343356136255,16.125023476753896,0,0.0,0,1.0,1.0,1.0,1.0,1,PASS
381999,processed\features\381999_features.csv,1,698,15,23,16,375,0,0.9664219197707736,15,15,1.0,107.9495627162841,14.9260693865966,0,0.0,0,1.0,1.0,1.0,1.0,1,PASS
498508,processed\features\498508_features.csv,1,698,15,23,16,375,0,0.9664219197707736,15,15,1.0,64.66617862747668,12.966065357470972,0,0.0,0,1.0,1.0,1.0,1.0,1,PASS
125872,processed\features\125872_features.csv,1,697,15,23,16,375,0,0.9663737446197992,15,15,1.0,203.02682993646226,101.95113063168236,0,0.0,5,1.0,1.0,1.0,1.0,1,PASS
476878,processed\features\476878_features.csv,1,697,15,23,16,375,0,0.9663737446197992,15,15,1.0,54.28088028557012,56.84103728410582,0,0.0,0,1.0,1.0,1.0,1.0,1,PASS
426160,processed\features\426160_features.csv,1,697,15,23,16,375,0,0.9663737446197992,15,15,1.0,69.33487394193266,44.18976867652079,0,0.0,0,1.0,1.0,1.0,1.0,1,PASS
135850,processed\features\135850_features.csv,1,697,15,23,16,375,0,0.9663737446197992,15,15,1.0,239.7757448346784,30.962371971061984,0,0.0,12,1.0,1.0,1.0,1.0,1,PASS
112009,processed\features\112009_features.csv,1,697,15,23,16,375,0,0.9663737446197992,15,15,1.0,136.2305499377654,26.555554494451023,0,0.0,0,1.0,1.0,1.0,1.0,1,PASS
307639,processed\features\307639_features.csv,1,697,15,23,16,375,0,0.9663737446197992,15,15,1.0,103.86639827384818,25.19036891227409,0,0.0,0,1.0,1.0,1.0,1.0,1,PASS
62595,processed\features\62595_features.csv,1,697,15,23,16,375,0,0.9663737446197992,15,15,1.0,116.27568309841395,24.56237206442769,0,0.0,0,1.0,1.0,1.0,1.0,1,PASS
502335,processed\features\502335_features.csv,1,697,15,23,16,375,0,0.9663737446197992,15,15,1.0,179.80696982091126,24.183249804065536,0,0.0,5,1.0,1.0,1.0,1.0,1,PASS
267763,processed\features\267763_features.csv,1,697,15,23,16,375,0,0.9663737446197992,15,15,1.0,39.37997866157026,23.311210717419378,0,0.0,0,1.0,1.0,1.0,1.0,1,PASS
504959,processed\features\504959_features.csv,1,697,15,23,16,375,0,0.9663737446197992,15,15,1.0,67.09328312402086,22.405414297007166,0,0.0,0,1.0,1.0,1.0,1.0,1,PASS
498235,processed\features\498235_features.csv,1,697,15,23,16,375,0,0.9663737446197992,15,15,1.0,114.83004697752116,19.486390662098632,0,0.0,5,1.0,1.0,1.0,1.0,1,PASS
381599,processed\features\381599_features.csv,1,697,15,23,16,375,0,0.9663737446197992,15,15,1.0,57.994478785797426,19.066813103278662,0,0.0,0,1.0,1.0,1.0,1.0,1,PASS
294303,processed\features\294303_features.csv,1,697,15,23,16,375,0,0.9663737446197992,15,15,1.0,85.08694923386727,17.01398408293301,0,0.0,0,1.0,1.0,1.0,1.0,1,PASS
10996,processed\features\10996_features.csv,1,697,15,23,16,375,0,0.9663737446197992,15,15,1.0,116.02588483585231,16.129625838204973,0,0.0,5,1.0,1.0,1.0,1.0,1,PASS
250585,processed\features\250585_features.csv,1,697,15,23,16,375,0,0.9663737446197992,15,15,1.0,88.9041514552825,13.685417432315163,0,0.0,0,1.0,1.0,1.0,1.0,1,PASS
213326,processed\features\213326_features.csv,1,697,15,23,16,375,0,0.9663737446197992,15,15,1.0,70.70831903640772,11.949479485767599,0,0.0,0,1.0,1.0,1.0,1.0,1,PASS
201789,processed\features\201789_features.csv,1,697,15,23,16,375,0,0.9663737446197992,15,15,1.0,209.0684352717777,10.289343967314435,0,0.0,5,1.0,1.0,1.0,1.0,1,PASS
411818,processed\features\411818_features.csv,1,696,15,23,16,375,0,0.9663254310344828,15,15,1.0,150.91190351437902,68.6763219070861,0,0.0,5,1.0,1.0,1.0,1.0,1,PASS
180295,processed\features\180295_features.csv,1,696,15,23,16,375,0,0.9663254310344828,15,15,1.0,624774.7174009726,59.681796117424156,0,0.0,1,1.0,1.0,1.0,1.0,1,PASS
122463,processed\features\122463_features.csv,1,696,15,23,16,375,0,0.9663254310344828,15,15,1.0,253.34705047314566,57.8133799141553,0,0.0,15,1.0,1.0,1.0,1.0,1,PASS
209674,processed\features\209674_features.csv,1,696,15,23,16,375,0,0.9663254310344828,15,15,1.0,55.19736298501869,52.926384955288526,0,0.0,0,1.0,1.0,1.0,1.0,1,PASS
145999,processed\features\145999_features.csv,1,696,15,23,16,375,0,0.9663254310344828,15,15,1.0,94.01936959484429,39.38683623187793,0,0.0,0,1.0,1.0,1.0,1.0,1,PASS
188542,processed\features\188542_features.csv,1,696,15,23,16,375,0,0.9663254310344828,15,15,1.0,81.31945495686455,38.692925099372516,0,0.0,0,1.0,1.0,1.0,1.0,1,PASS
70511,processed\features\70511_features.csv,1,696,15,23,16,375,0,0.9663254310344828,15,15,1.0,154.38594458447452,35.995399044579955,0,0.0,10,1.0,1.0,1.0,1.0,1,PASS
207727,processed\features\207727_features.csv,1,696,15,23,16,375,0,0.9663254310344828,15,15,1.0,90.97983599652405,32.63330752267987,0,0.0,0,1.0,1.0,1.0,1.0,1,PASS
181029,processed\features\181029_features.csv,1,696,15,23,16,375,0,0.9663254310344828,15,15,1.0,157.5565468565554,29.807349171998432,0,0.0,1,1.0,1.0,1.0,1.0,1,PASS
442041,processed\features\442041_features.csv,1,696,15,23,16,375,0,0.9663254310344828,15,15,1.0,119.44877589947357,28.557228767707855,0,0.0,0,1.0,1.0,1.0,1.0,1,PASS
388341,processed\features\388341_features.csv,1,696,15,23,16,375,0,0.9663254310344828,15,15,1.0,70.01522798174841,26.933191088009245,0,0.0,0,1.0,1.0,1.0,1.0,1,PASS
278354,processed\features\278354_features.csv,1,696,15,23,16,375,0,0.9663254310344828,15,15,1.0,100.25682091812871,25.68753418418916,0,0.0,0,1.0,1.0,1.0,1.0,1,PASS
476505,processed\features\476505_features.csv,1,696,15,23,16,375,0,0.9663254310344828,15,15,1.0,93.71168047220087,23.761379505153283,0,0.0,0,1.0,1.0,1.0,1.0,1,PASS
508890,processed\features\508890_features.csv,1,696,15,23,16,375,0,0.9663254310344828,15,15,1.0,113.7463878683483,23.74053988245657,0,0.0,1,1.0,1.0,1.0,1.0,1,PASS
471988,processed\features\471988_features.csv,1,696,15,23,16,375,0,0.9663254310344828,15,15,1.0,91.63524853201697,19.982527769713425,0,0.0,0,1.0,1.0,1.0,1.0,1,PASS
413072,processed\features\413072_features.csv,1,696,15,23,16,375,0,0.9663254310344828,15,15,1.0,80.60661664514745,19.162831400256316,0,0.0,0,1.0,1.0,1.0,1.0,1,PASS
341195,processed\features\341195_features.csv,1,696,15,23,16,375,0,0.9663254310344828,15,15,1.0,124.91533429341392,15.630405691674518,0,0.0,0,1.0,1.0,1.0,1.0,1,PASS
180889,processed\features\180889_features.csv,1,696,15,23,16,375,0,0.9663254310344828,15,15,1.0,94.94221221798969,14.819542896787908,0,0.0,0,1.0,1.0,1.0,1.0,1,PASS
354736,processed\features\354736_features.csv,1,696,15,23,16,375,0,0.9663254310344828,15,15,1.0,142.58887207625327,10.973754293221887,0,0.0,5,1.0,1.0,1.0,1.0,1,PASS
157934,processed\features\157934_features.csv,1,695,15,23,16,375,0,0.9662769784172662,15,15,1.0,173.9258667867991,129.85905012634024,0,0.0,3,1.0,1.0,1.0,1.0,1,PASS
158891,processed\features\158891_features.csv,1,695,15,23,16,375,0,0.9662769784172662,15,15,1.0,128.99200712201352,62.36984294028718,0,0.0,0,1.0,1.0,1.0,1.0,1,PASS
342529,processed\features\342529_features.csv,1,695,15,23,16,375,0,0.9662769784172662,15,15,1.0,214.2779642001732,58.72350349378763,0,0.0,15,1.0,1.0,1.0,1.0,1,PASS
158115,processed\features\158115_features.csv,1,695,15,23,16,375,0,0.9662769784172662,15,15,1.0,159.91771527868616,56.67894556054473,0,0.0,5,1.0,1.0,1.0,1.0,1,PASS
79685,processed\features\79685_features.csv,1,695,15,23,16,375,0,0.9662769784172662,15,15,1.0,89.32994463582656,55.694476278424276,0,0.0,0,1.0,1.0,1.0,1.0,1,PASS
347720,processed\features\347720_features.csv,1,695,15,23,16,375,0,0.9662769784172662,15,15,1.0,68.98428028885506,53.71996557138558,0,0.0,0,1.0,1.0,1.0,1.0,1,PASS
356031,processed\features\356031_features.csv,1,695,15,23,16,375,0,0.9662769784172662,15,15,1.0,83.33996587998536,47.616695274892464,0,0.0,0,1.0,1.0,1.0,1.0,1,PASS
347894,processed\features\347894_features.csv,1,695,15,23,16,375,0,0.9662769784172662,15,15,1.0,88.26726340103966,46.50489216575322,0,0.0,0,1.0,1.0,1.0,1.0,1,PASS
67771,processed\features\67771_features.csv,1,695,15,23,16,375,0,0.9662769784172662,15,15,1.0,143750.60959663268,44.6670469515559,0,0.0,1,1.0,1.0,1.0,1.0,1,PASS
212018,processed\features\212018_features.csv,1,695,15,23,16,375,0,0.9662769784172662,15,15,1.0,99.92084456706556,34.379537486372335,0,0.0,0,1.0,1.0,1.0,1.0,1,PASS
270749,processed\features\270749_features.csv,1,695,15,23,16,375,0,0.9662769784172662,15,15,1.0,113.8977830437962,33.36567463196978,0,0.0,4,1.0,1.0,1.0,1.0,1,PASS
95070,processed\features\95070_features.csv,1,695,15,23,16,375,0,0.9662769784172662,15,15,1.0,63.786487352019506,30.78598263964878,0,0.0,0,1.0,1.0,1.0,1.0,1,PASS
488086,processed\features\488086_features.csv,1,695,15,23,16,375,0,0.9662769784172662,15,15,1.0,116.11234782618821,28.946129333434236,0,0.0,0,1.0,1.0,1.0,1.0,1,PASS
87983,processed\features\87983_features.csv,1,695,15,23,16,375,0,0.9662769784172662,15,15,1.0,90.3230586884338,26.048975899109124,0,0.0,0,1.0,1.0,1.0,1.0,1,PASS
73415,processed\features\73415_features.csv,1,695,15,23,16,375,0,0.9662769784172662,15,15,1.0,73.6972439036219,25.84477726692021,0,0.0,0,1.0,1.0,1.0,1.0,1,PASS
413546,processed\features\413546_features.csv,1,695,15,23,16,375,0,0.9662769784172662,15,15,1.0,47.462294338166615,22.655293691211632,0,0.0,0,1.0,1.0,1.0,1.0,1,PASS
119367,processed\features\119367_features.csv,1,695,15,23,16,375,0,0.9662769784172662,15,15,1.0,115.47874795926208,20.795728419403442,0,0.0,0,1.0,1.0,1.0,1.0,1,PASS
466781,processed\features\466781_features.csv,1,695,15,23,16,375,0,0.9662769784172662,15,15,1.0,76.66660625450596,19.765675898711184,0,0.0,0,1.0,1.0,1.0,1.0,1,PASS
467897,processed\features\467897_features.csv,1,695,15,23,16,375,0,0.9662769784172662,15,15,1.0,100.73413014427763,18.38182047393552,0,0.0,0,1.0,1.0,1.0,1.0,1,PASS
426399,processed\features\426399_features.csv,1,695,15,23,16,375,0,0.9662769784172662,15,15,1.0,125.3184787300757,17.954216188042967,0,0.0,5,1.0,1.0,1.0,1.0,1,PASS
321286,processed\features\321286_features.csv,1,695,15,23,16,375,0,0.9662769784172662,15,15,1.0,247.60440420343693,13.80778375853135,0,0.0,9,1.0,1.0,1.0,1.0,1,PASS
343725,processed\features\343725_features.csv,1,695,15,23,16,375,0,0.9662769784172662,15,15,1.0,57.992722299711396,13.761885735317712,0,0.0,0,1.0,1.0,1.0,1.0,1,PASS
508889,processed\features\508889_features.csv,1,694,15,23,16,375,0,0.966228386167147,15,15,1.0,87.7636701197799,69.65314921868772,0,0.0,0,1.0,1.0,1.0,1.0,1,PASS
513412,processed\features\513412_features.csv,1,694,15,23,16,375,0,0.966228386167147,15,15,1.0,176.218275954182,40.61810983692433,0,0.0,1,1.0,1.0,1.0,1.0,1,PASS
20332,processed\features\20332_features.csv,1,694,15,23,16,375,0,0.966228386167147,15,15,1.0,108.31250293325999,36.24338571131687,0,0.0,0,1.0,1.0,1.0,1.0,1,PASS
488846,processed\features\488846_features.csv,1,694,15,23,16,375,0,0.966228386167147,15,15,1.0,95.98506416200402,30.72401903896593,0,0.0,0,1.0,1.0,1.0,1.0,1,PASS
378439,processed\features\378439_features.csv,1,694,15,23,16,375,0,0.966228386167147,15,15,1.0,63.83207992456306,28.002494674507346,0,0.0,0,1.0,1.0,1.0,1.0,1,PASS
408643,processed\features\408643_features.csv,1,694,15,23,16,375,0,0.966228386167147,15,15,1.0,88.58802480967451,25.154822622086535,0,0.0,0,1.0,1.0,1.0,1.0,1,PASS
392333,processed\features\392333_features.csv,1,694,15,23,16,375,0,0.966228386167147,15,15,1.0,235.57251824526,23.733852124322055,0,0.0,13,1.0,1.0,1.0,1.0,1,PASS
40430,processed\features\40430_features.csv,1,694,15,23,16,375,0,0.966228386167147,15,15,1.0,82.71978257624329,18.926062040850507,0,0.0,0,1.0,1.0,1.0,1.0,1,PASS
78423,processed\features\78423_features.csv,1,694,15,23,16,375,0,0.966228386167147,15,15,1.0,56.10465482396465,18.48030654788968,0,0.0,0,1.0,1.0,1.0,1.0,1,PASS
426189,processed\features\426189_features.csv,1,694,15,23,16,375,0,0.966228386167147,15,15,1.0,38.69110001401547,17.683181965840358,0,0.0,0,1.0,1.0,1.0,1.0,1,PASS
71762,processed\features\71762_features.csv,1,694,15,23,16,375,0,0.966228386167147,15,15,1.0,72.2944921497804,9.71226872185596,0,0.0,0,1.0,1.0,1.0,1.0,1,PASS
146097,processed\features\146097_features.csv,1,693,15,23,16,375,0,0.9661796536796536,15,15,1.0,197.96894660081279,137.88439624685483,0,0.0,6,1.0,1.0,1.0,1.0,1,PASS
492202,processed\features\492202_features.csv,1,693,15,23,16,375,0,0.9661796536796536,15,15,1.0,134.30117549222132,39.238332070975446,0,0.0,1,1.0,1.0,1.0,1.0,1,PASS
327633,processed\features\327633_features.csv,1,693,15,23,16,375,0,0.9661796536796536,15,15,1.0,81.39108878653732,32.959678714720084,0,0.0,0,1.0,1.0,1.0,1.0,1,PASS
79824,processed\features\79824_features.csv,1,693,15,23,16,375,0,0.9661796536796536,15,15,1.0,121.45001277061094,28.205108401403095,0,0.0,1,1.0,1.0,1.0,1.0,1,PASS
471038,processed\features\471038_features.csv,1,693,15,23,16,375,0,0.9661796536796536,15,15,1.0,72.21709798065415,28.096286992451475,0,0.0,0,1.0,1.0,1.0,1.0,1,PASS
298888,processed\features\298888_features.csv,1,693,15,23,16,375,0,0.9661796536796536,15,15,1.0,89.30044166130905,28.007937992280397,0,0.0,0,1.0,1.0,1.0,1.0,1,PASS
415270,processed\features\415270_features.csv,1,693,15,23,16,375,0,0.9661796536796536,15,15,1.0,115.56963522910765,27.944592050860336,0,0.0,0,1.0,1.0,1.0,1.0,1,PASS
468861,processed\features\468861_features.csv,1,693,15,23,16,375,0,0.9661796536796536,15,15,1.0,101.99106528256377,25.03139547061099,0,0.0,0,1.0,1.0,1.0,1.0,1,PASS
274995,processed\features\274995_features.csv,1,693,15,23,16,375,0,0.9661796536796536,15,15,1.0,102.63436888448567,22.669341663344895,0,0.0,0,1.0,1.0,1.0,1.0,1,PASS
88010,processed\features\88010_features.csv,1,693,15,23,16,375,0,0.9661796536796536,15,15,1.0,95.40729572143533,22.397662234617318,0,0.0,0,1.0,1.0,1.0,1.0,1,PASS
291428,processed\features\291428_features.csv,1,693,15,23,16,375,0,0.9661796536796536,15,15,1.0,34.18705980276365,20.491759775816817,0,0.0,0,1.0,1.0,1.0,1.0,1,PASS
14374,processed\features\14374_features.csv,1,693,15,23,16,375,0,0.9661796536796536,15,15,1.0,49.47237438085507,20.248692383556044,0,0.0,0,1.0,1.0,1.0,1.0,1,PASS
279952,processed\features\279952_features.csv,1,693,15,23,16,375,0,0.9661796536796536,15,15,1.0,30.034027940325842,19.966504871133843,0,0.0,0,1.0,1.0,1.0,1.0,1,PASS
149710,processed\features\149710_features.csv,1,693,15,23,16,375,0,0.9661796536796536,15,15,1.0,120.8821913639951,19.858414613833013,0,0.0,0,1.0,1.0,1.0,1.0,1,PASS
205103,processed\features\205103_features.csv,1,693,15,23,16,375,0,0.9661796536796536,15,15,1.0,25.426843210962772,15.880945243512304,0,0.0,0,1.0,1.0,1.0,1.0,1,PASS
291389,processed\features\291389_features.csv,1,693,15,23,16,375,0,0.9661796536796536,15,15,1.0,96.80723686793785,15.060792835907272,0,0.0,0,1.0,1.0,1.0,1.0,1,PASS
310617,processed\features\310617_features.csv,1,693,15,23,16,375,0,0.9661796536796536,15,15,1.0,65.56186507401556,14.572612001871544,0,0.0,0,1.0,1.0,1.0,1.0,1,PASS
274116,processed\features\274116_features.csv,1,692,15,23,16,375,0,0.9661307803468208,15,15,1.0,95.27696568048975,72.75155664247438,0,0.0,0,1.0,1.0,1.0,1.0,1,PASS
257366,processed\features\257366_features.csv,1,692,15,23,16,375,0,0.9661307803468208,15,15,1.0,96.03215750395353,51.748661097017454,0,0.0,0,1.0,1.0,1.0,1.0,1,PASS
507921,processed\features\507921_features.csv,1,692,15,23,16,375,0,0.9661307803468208,15,15,1.0,114.64113599893099,45.733105344958176,0,0.0,0,1.0,1.0,1.0,1.0,1,PASS
225655,processed\features\225655_features.csv,1,692,15,23,16,375,0,0.9661307803468208,15,15,1.0,577.6366150103847,40.40473709780161,0,0.0,20,1.0,1.0,1.0,1.0,1,PASS
143147,processed\features\143147_features.csv,1,692,15,23,16,375,0,0.9661307803468208,15,15,1.0,71.42360454511116,35.697296564994744,0,0.0,0,1.0,1.0,1.0,1.0,1,PASS
16475,processed\features\16475_features.csv,1,692,15,23,16,375,0,0.9661307803468208,15,15,1.0,88.97684545008738,34.23195604175575,0,0.0,0,1.0,1.0,1.0,1.0,1,PASS
308749,processed\features\308749_features.csv,1,692,15,23,16,375,0,0.9661307803468208,15,15,1.0,125.35607467252814,34.07244220651651,0,0.0,0,1.0,1.0,1.0,1.0,1,PASS
367905,processed\features\367905_features.csv,1,692,15,23,16,375,0,0.9661307803468208,15,15,1.0,60.90552482115693,28.80647752472722,0,0.0,0,1.0,1.0,1.0,1.0,1,PASS
331334,processed\features\331334_features.csv,1,692,15,23,16,375,0,0.9661307803468208,15,15,1.0,89.95160994583337,28.681245046347165,0,0.0,0,1.0,1.0,1.0,1.0,1,PASS
501614,processed\features\501614_features.csv,1,692,15,23,16,375,0,0.9661307803468208,15,15,1.0,105.77517390729454,24.55181138912657,0,0.0,0,1.0,1.0,1.0,1.0,1,PASS
72303,processed\features\72303_features.csv,1,692,15,23,16,375,0,0.9661307803468208,15,15,1.0,87.94690325911591,23.064088981803536,0,0.0,0,1.0,1.0,1.0,1.0,1,PASS
108070,processed\features\108070_features.csv,1,692,15,23,16,375,0,0.9661307803468208,15,15,1.0,208858.3225091315,22.42726726363808,0,0.0,1,1.0,1.0,1.0,1.0,1,PASS
957,processed\features\957_features.csv,1,692,15,23,16,375,0,0.9661307803468208,15,15,1.0,63.849200416326205,20.089037953492635,0,0.0,0,1.0,1.0,1.0,1.0,1,PASS
371190,processed\features\371190_features.csv,1,692,15,23,16,375,0,0.9661307803468208,15,15,1.0,114.17591244026977,19.458341754390833,0,0.0,0,1.0,1.0,1.0,1.0,1,PASS
347848,processed\features\347848_features.csv,1,692,15,23,16,375,0,0.9661307803468208,15,15,1.0,109.09590619660926,13.973155637741133,0,0.0,0,1.0,1.0,1.0,1.0,1,PASS
268215,processed\features\268215_features.csv,1,692,15,23,16,375,0,0.9661307803468208,15,15,1.0,77.28096966980871,8.71802359909236,0,0.0,0,1.0,1.0,1.0,1.0,1,PASS
508811,processed\features\508811_features.csv,1,691,15,23,16,375,0,0.9660817655571635,15,15,1.0,119.33416938309719,69.7843871614763,0,0.0,0,1.0,1.0,1.0,1.0,1,PASS
369984,processed\features\369984_features.csv,1,691,15,23,16,375,0,0.9660817655571635,15,15,1.0,138.77882042801733,62.25690782515309,0,0.0,0,1.0,1.0,1.0,1.0,1,PASS
102407,processed\features\102407_features.csv,1,691,15,23,16,375,0,0.9660817655571635,15,15,1.0,393316.38716606965,59.83020689890117,0,0.0,2,1.0,1.0,1.0,1.0,1,PASS
1818,processed\features\1818_features.csv,1,691,15,23,16,375,0,0.9660817655571635,15,15,1.0,85.53594055804658,56.32867707999101,0,0.0,0,1.0,1.0,1.0,1.0,1,PASS
497268,processed\features\497268_features.csv,1,691,15,23,16,375,0,0.9660817655571635,15,15,1.0,128.31141721033805,45.74342204984124,0,0.0,0,1.0,1.0,1.0,1.0,1,PASS
194518,processed\features\194518_features.csv,1,691,15,23,16,375,0,0.9660817655571635,15,15,1.0,84.62699851988195,45.12806474984521,0,0.0,0,1.0,1.0,1.0,1.0,1,PASS
307653,processed\features\307653_features.csv,1,691,15,23,16,375,0,0.9660817655571635,15,15,1.0,62.30463487968065,30.739271660303274,0,0.0,0,1.0,1.0,1.0,1.0,1,PASS
277719,processed\features\277719_features.csv,1,691,15,23,16,375,0,0.9660817655571635,15,15,1.0,242813.9903633529,30.54467161447866,0,0.0,7,1.0,1.0,1.0,1.0,1,PASS
89624,processed\features\89624_features.csv,1,691,15,23,16,375,0,0.9660817655571635,15,15,1.0,164.80230101337932,28.43234857355212,0,0.0,0,1.0,1.0,1.0,1.0,1,PASS
483420,processed\features\483420_features.csv,1,691,15,23,16,375,0,0.9660817655571635,15,15,1.0,45.70943407241893,27.171724284645364,0,0.0,0,1.0,1.0,1.0,1.0,1,PASS
500507,processed\features\500507_features.csv,1,691,15,23,16,375,0,0.9660817655571635,15,15,1.0,114.99585700501613,26.041880210807356,0,0.0,4,1.0,1.0,1.0,1.0,1,PASS
256952,processed\features\256952_features.csv,1,691,15,23,16,375,0,0.9660817655571635,15,15,1.0,96.07714120162629,23.96092886579871,0,0.0,0,1.0,1.0,1.0,1.0,1,PASS
285120,processed\features\285120_features.csv,1,691,15,23,16,375,0,0.9660817655571635,15,15,1.0,176.86189902786612,22.237542355478094,0,0.0,10,1.0,1.0,1.0,1.0,1,PASS
141818,processed\features\141818_features.csv,1,691,15,23,16,375,0,0.9660817655571635,15,15,1.0,54.14099120698094,21.98138465271304,0,0.0,0,1.0,1.0,1.0,1.0,1,PASS
467823,processed\features\467823_features.csv,1,691,15,23,16,375,0,0.9660817655571635,15,15,1.0,43.61114820072549,21.79875252795535,0,0.0,0,1.0,1.0,1.0,1.0,1,PASS
81917,processed\features\81917_features.csv,1,691,15,23,16,375,0,0.9660817655571635,15,15,1.0,61.95281074094096,21.599737274153924,0,0.0,0,1.0,1.0,1.0,1.0,1,PASS
315932,processed\features\315932_features.csv,1,691,15,23,16,375,0,0.9660817655571635,15,15,1.0,110.97150074235002,19.87586278081323,0,0.0,0,1.0,1.0,1.0,1.0,1,PASS
4437,processed\features\4437_features.csv,1,691,15,23,16,375,0,0.9660817655571635,15,15,1.0,26.75706220619067,19.307019266940394,0,0.0,0,1.0,1.0,1.0,1.0,1,PASS
197284,processed\features\197284_features.csv,1,691,15,23,16,375,0,0.9660817655571635,15,15,1.0,112.87791982648278,18.98956256738204,0,0.0,2,1.0,1.0,1.0,1.0,1,PASS
338290,processed\features\338290_features.csv,1,691,15,23,16,375,0,0.9660817655571635,15,15,1.0,54.651792925739855,15.811899379702691,0,0.0,0,1.0,1.0,1.0,1.0,1,PASS
180504,processed\features\180504_features.csv,1,691,15,23,16,375,0,0.9660817655571635,15,15,1.0,65.81966139824952,15.766924755848432,0,0.0,0,1.0,1.0,1.0,1.0,1,PASS
331519,processed\features\331519_features.csv,1,691,15,23,16,375,0,0.9660817655571635,15,15,1.0,125.88624573289283,14.155145725058887,0,0.0,0,1.0,1.0,1.0,1.0,1,PASS
30948,processed\features\30948_features.csv,1,690,15,23,16,375,0,0.9660326086956522,15,15,1.0,146.60037808395703,131.78249445160986,0,0.0,0,1.0,1.0,1.0,1.0,1,PASS
23567,processed\features\23567_features.csv,1,690,15,23,16,375,0,0.9660326086956522,15,15,1.0,94.23589256654854,94.1050299784037,0,0.0,0,1.0,1.0,1.0,1.0,1,PASS
286191,processed\features\286191_features.csv,1,690,15,23,16,375,0,0.9660326086956522,15,15,1.0,113.76545871914743,63.43712828145948,0,0.0,0,1.0,1.0,1.0,1.0,1,PASS
240451,processed\features\240451_features.csv,1,690,15,23,16,375,0,0.9660326086956522,15,15,1.0,111.86642839267357,53.050002603250974,0,0.0,0,1.0,1.0,1.0,1.0,1,PASS
191760,processed\features\191760_features.csv,1,690,15,23,16,375,0,0.9660326086956522,15,15,1.0,139.86646692839,50.02178527073161,0,0.0,0,1.0,1.0,1.0,1.0,1,PASS
172880,processed\features\172880_features.csv,1,690,15,23,16,375,0,0.9660326086956522,15,15,1.0,77.46775306937273,39.2704750367839,0,0.0,0,1.0,1.0,1.0,1.0,1,PASS
197618,processed\features\197618_features.csv,1,690,15,23,16,375,0,0.9660326086956522,15,15,1.0,63.20525959843796,35.36221480722679,0,0.0,0,1.0,1.0,1.0,1.0,1,PASS
322511,processed\features\322511_features.csv,1,690,15,23,16,375,0,0.9660326086956522,15,15,1.0,84.60278957387666,33.97952903289095,0,0.0,0,1.0,1.0,1.0,1.0,1,PASS
83503,processed\features\83503_features.csv,1,690,15,23,16,375,0,0.9660326086956522,15,15,1.0,158.92796862893752,30.204783694872134,0,0.0,0,1.0,1.0,1.0,1.0,1,PASS
215099,processed\features\215099_features.csv,1,690,15,23,16,375,0,0.9660326086956522,15,15,1.0,76.94869886825849,28.878293547232694,0,0.0,0,1.0,1.0,1.0,1.0,1,PASS
2231,processed\features\2231_features.csv,1,690,15,23,16,375,0,0.9660326086956522,15,15,1.0,234.3276510276088,27.415978877538333,0,0.0,15,1.0,1.0,1.0,1.0,1,PASS
54838,processed\features\54838_features.csv,1,690,15,23,16,375,0,0.9660326086956522,15,15,1.0,150.2920563028628,24.765694098349783,0,0.0,2,1.0,1.0,1.0,1.0,1,PASS
227100,processed\features\227100_features.csv,1,690,15,23,16,375,0,0.9660326086956522,15,15,1.0,155.75427111729155,23.848238525278813,0,0.0,7,1.0,1.0,1.0,1.0,1,PASS
251521,processed\features\251521_features.csv,1,690,15,23,16,375,0,0.9660326086956522,15,15,1.0,82.5358565383067,23.460712741130067,0,0.0,0,1.0,1.0,1.0,1.0,1,PASS
128311,processed\features\128311_features.csv,1,690,15,23,16,375,0,0.9660326086956522,15,15,1.0,82.1479502239198,20.6422304452953,0,0.0,0,1.0,1.0,1.0,1.0,1,PASS
76941,processed\features\76941_features.csv,1,690,15,23,16,375,0,0.9660326086956522,15,15,1.0,136.4439654662953,19.857072977261318,0,0.0,2,1.0,1.0,1.0,1.0,1,PASS
267261,processed\features\267261_features.csv,1,690,15,23,16,375,0,0.9660326086956522,15,15,1.0,64.68112795763841,17.34703385728042,0,0.0,0,1.0,1.0,1.0,1.0,1,PASS
364968,processed\features\364968_features.csv,1,690,15,23,16,375,0,0.9660326086956522,15,15,1.0,94.33341832024237,17.309215967475808,0,0.0,0,1.0,1.0,1.0,1.0,1,PASS
386056,processed\features\386056_features.csv,1,690,15,23,16,375,0,0.9660326086956522,15,15,1.0,51.85193352222092,16.232383004485598,0,0.0,0,1.0,1.0,1.0,1.0,1,PASS
231486,processed\features\231486_features.csv,1,690,15,23,16,375,0,0.9660326086956522,15,15,1.0,86.67336885167255,13.6956510508093,0,0.0,0,1.0,1.0,1.0,1.0,1,PASS
216788,processed\features\216788_features.csv,1,689,15,23,16,375,0,0.9659833091436865,15,15,1.0,167.201125986975,77.04651030777998,0,0.0,0,1.0,1.0,1.0,1.0,1,PASS
503512,processed\features\503512_features.csv,1,689,15,23,16,375,0,0.9659833091436865,15,15,1.0,75.98553139666183,44.05390727081813,0,0.0,0,1.0,1.0,1.0,1.0,1,PASS
232955,processed\features\232955_features.csv,1,689,15,23,16,375,0,0.9659833091436865,15,15,1.0,139.60410341223027,38.79374659084717,0,0.0,0,1.0,1.0,1.0,1.0,1,PASS
325351,processed\features\325351_features.csv,1,689,15,23,16,375,0,0.9659833091436865,15,15,1.0,123.39891582886122,31.833937611524433,0,0.0,0,1.0,1.0,1.0,1.0,1,PASS
235871,processed\features\235871_features.csv,1,689,15,23,16,375,0,0.9659833091436865,15,15,1.0,80.80637896310296,30.98528530083717,0,0.0,0,1.0,1.0,1.0,1.0,1,PASS
302722,processed\features\302722_features.csv,1,689,15,23,16,375,0,0.9659833091436865,15,15,1.0,71.53630809509997,29.380847661829346,0,0.0,0,1.0,1.0,1.0,1.0,1,PASS
142937,processed\features\142937_features.csv,1,689,15,23,16,375,0,0.9659833091436865,15,15,1.0,82.99897395412088,28.29710361412807,0,0.0,0,1.0,1.0,1.0,1.0,1,PASS
61761,processed\features\61761_features.csv,1,689,15,23,16,375,0,0.9659833091436865,15,15,1.0,114.1526772982919,24.523687848974284,0,0.0,1,1.0,1.0,1.0,1.0,1,PASS
283435,processed\features\283435_features.csv,1,689,15,23,16,375,0,0.9659833091436865,15,15,1.0,170.88104802136917,22.643555054527347,0,0.0,17,1.0,1.0,1.0,1.0,1,PASS
507871,processed\features\507871_features.csv,1,689,15,23,16,375,0,0.9659833091436865,15,15,1.0,101.92778430140748,21.946657938719326,0,0.0,0,1.0,1.0,1.0,1.0,1,PASS
450800,processed\features\450800_features.csv,1,689,15,23,16,375,0,0.9659833091436865,15,15,1.0,156.86528947747263,21.086201936695137,0,0.0,3,1.0,1.0,1.0,1.0,1,PASS
482123,processed\features\482123_features.csv,1,689,15,23,16,375,0,0.9659833091436865,15,15,1.0,136.00352147137298,20.358693854394723,0,0.0,0,1.0,1.0,1.0,1.0,1,PASS
446583,processed\features\446583_features.csv,1,689,15,23,16,375,0,0.9659833091436865,15,15,1.0,141.8540657184582,18.85160961753461,0,0.0,4,1.0,1.0,1.0,1.0,1,PASS
187123,processed\features\187123_features.csv,1,689,15,23,16,375,0,0.9659833091436865,15,15,1.0,75.90094783688919,18.358988643387463,0,0.0,0,1.0,1.0,1.0,1.0,1,PASS
383881,processed\features\383881_features.csv,1,689,15,23,16,375,0,0.9659833091436865,15,15,1.0,217.12589888396587,16.014450653393197,0,0.0,12,1.0,1.0,1.0,1.0,1,PASS
142164,processed\features\142164_features.csv,1,688,15,23,16,375,0,0.9659338662790697,15,15,1.0,150.64541506416234,64.02956041233176,0,0.0,5,1.0,1.0,1.0,1.0,1,PASS
211364,processed\features\211364_features.csv,1,688,15,23,16,375,0,0.9659338662790697,15,15,1.0,79.36625604659189,62.02634907643778,0,0.0,0,1.0,1.0,1.0,1.0,1,PASS
35530,processed\features\35530_features.csv,1,688,15,23,16,375,0,0.9659338662790697,15,15,1.0,154.88584921255037,55.2283283730102,0,0.0,5,1.0,1.0,1.0,1.0,1,PASS
41500,processed\features\41500_features.csv,1,688,15,23,16,375,0,0.9659338662790697,15,15,1.0,119.86404415882875,39.73509349756113,0,0.0,0,1.0,1.0,1.0,1.0,1,PASS
83791,processed\features\83791_features.csv,1,688,15,23,16,375,0,0.9659338662790697,15,15,1.0,83.90350326137559,32.34243264445641,0,0.0,0,1.0,1.0,1.0,1.0,1,PASS
166927,processed\features\166927_features.csv,1,688,15,23,16,375,0,0.9659338662790697,15,15,1.0,68.01446858673124,26.566411753906245,0,0.0,0,1.0,1.0,1.0,1.0,1,PASS
514983,processed\features\514983_features.csv,1,688,15,23,16,375,0,0.9659338662790697,15,15,1.0,72.73408176930401,17.04495084417887,0,0.0,0,1.0,1.0,1.0,1.0,1,PASS
474249,processed\features\474249_features.csv,1,688,15,23,16,375,0,0.9659338662790697,15,15,1.0,285.0619481615631,14.938776482038723,0,0.0,15,1.0,1.0,1.0,1.0,1,PASS
128753,processed\features\128753_features.csv,1,688,15,23,16,375,0,0.9659338662790697,15,15,1.0,82.9517156855792,14.869749567528032,0,0.0,0,1.0,1.0,1.0,1.0,1,PASS
157882,processed\features\157882_features.csv,1,688,15,23,16,375,0,0.9659338662790697,15,15,1.0,125.94386446893068,14.340536744246537,0,0.0,0,1.0,1.0,1.0,1.0,1,PASS
66070,processed\features\66070_features.csv,1,688,15,23,16,375,0,0.9659338662790697,15,15,1.0,73.90580299207912,13.919624006564888,0,0.0,0,1.0,1.0,1.0,1.0,1,PASS
473672,processed\features\473672_features.csv,1,688,15,23,16,375,0,0.9659338662790697,15,15,1.0,118016.48755704003,12.897173591389091,0,0.0,1,1.0,1.0,1.0,1.0,1,PASS
357279,processed\features\357279_features.csv,1,687,15,23,16,375,0,0.9658842794759825,15,15,1.0,106.93193304738617,83.4207581340697,0,0.0,0,1.0,1.0,1.0,1.0,1,PASS
270175,processed\features\270175_features.csv,1,687,15,23,16,375,0,0.9658842794759825,15,15,1.0,129.67326097427497,53.6690334584072,0,0.0,1,1.0,1.0,1.0,1.0,1,PASS
270097,processed\features\270097_features.csv,1,687,15,23,16,375,0,0.9658842794759825,15,15,1.0,79.84070339480454,40.09736445813921,0,0.0,0,1.0,1.0,1.0,1.0,1,PASS
197030,processed\features\197030_features.csv,1,687,15,23,16,375,0,0.9658842794759825,15,15,1.0,110.24566709481539,39.91357410332591,0,0.0,0,1.0,1.0,1.0,1.0,1,PASS
97281,processed\features\97281_features.csv,1,687,15,23,16,375,0,0.9658842794759825,15,15,1.0,75.32390011073244,33.228623561532146,0,0.0,0,1.0,1.0,1.0,1.0,1,PASS
454292,processed\features\454292_features.csv,1,687,15,23,16,375,0,0.9658842794759825,15,15,1.0,65.98973948232727,32.52331734303433,0,0.0,0,1.0,1.0,1.0,1.0,1,PASS
377729,processed\features\377729_features.csv,1,687,15,23,16,375,0,0.9658842794759825,15,15,1.0,74.72097298345008,31.487399418983525,0,0.0,0,1.0,1.0,1.0,1.0,1,PASS
195848,processed\features\195848_features.csv,1,687,15,23,16,375,0,0.9658842794759825,15,15,1.0,91.74648886667141,29.71662064321729,0,0.0,0,1.0,1.0,1.0,1.0,1,PASS
241395,processed\features\241395_features.csv,1,687,15,23,16,375,0,0.9658842794759825,15,15,1.0,39.201278422052,28.99840128308523,0,0.0,0,1.0,1.0,1.0,1.0,1,PASS
492162,processed\features\492162_features.csv,1,687,15,23,16,375,0,0.9658842794759825,15,15,1.0,91.34598654808289,24.444427118005567,0,0.0,0,1.0,1.0,1.0,1.0,1,PASS
17265,processed\features\17265_features.csv,1,687,15,23,16,375,0,0.9658842794759825,15,15,1.0,140.2284164002393,23.97418465564776,0,0.0,6,1.0,1.0,1.0,1.0,1,PASS
5201,processed\features\5201_features.csv,1,687,15,23,16,375,0,0.9658842794759825,15,15,1.0,70.06637717432392,22.90361883712956,0,0.0,0,1.0,1.0,1.0,1.0,1,PASS
52674,processed\features\52674_features.csv,1,687,15,23,16,375,0,0.9658842794759825,15,15,1.0,132.97022017511375,22.371075069087475,0,0.0,0,1.0,1.0,1.0,1.0,1,PASS
112636,processed\features\112636_features.csv,1,687,15,23,16,375,0,0.9658842794759825,15,15,1.0,88.30578729891481,22.293946810690727,0,0.0,0,1.0,1.0,1.0,1.0,1,PASS
3270,processed\features\3270_features.csv,1,687,15,23,16,375,0,0.9658842794759825,15,15,1.0,89.29687553635151,21.20095633292723,0,0.0,0,1.0,1.0,1.0,1.0,1,PASS
493002,processed\features\493002_features.csv,1,687,15,23,16,375,0,0.9658842794759825,15,15,1.0,34.81219742496491,17.87331734945972,0,0.0,0,1.0,1.0,1.0,1.0,1,PASS
473632,processed\features\473632_features.csv,1,687,15,23,16,375,0,0.9658842794759825,15,15,1.0,694.2759315846081,15.367127786737628,0,0.0,25,1.0,1.0,1.0,1.0,1,PASS
34321,processed\features\34321_features.csv,1,686,15,23,16,375,0,0.9658345481049563,15,15,1.0,197.0318528917755,68.44358273429056,0,0.0,12,1.0,1.0,1.0,1.0,1,PASS
488036,processed\features\488036_features.csv,1,686,15,23,16,375,0,0.9658345481049563,15,15,1.0,152.46464219167584,62.90107855422658,0,0.0,5,1.0,1.0,1.0,1.0,1,PASS
38222,processed\features\38222_features.csv,1,686,15,23,16,375,0,0.9658345481049563,15,15,1.0,135.16154243528362,49.6407456315457,0,0.0,2,1.0,1.0,1.0,1.0,1,PASS
389350,processed\features\389350_features.csv,1,686,15,23,16,375,0,0.9658345481049563,15,15,1.0,249.61235590542324,49.0702461218805,0,0.0,5,1.0,1.0,1.0,1.0,1,PASS
492088,processed\features\492088_features.csv,1,686,15,23,16,375,0,0.9658345481049563,15,15,1.0,69.59270368867993,43.53239636859254,0,0.0,0,1.0,1.0,1.0,1.0,1,PASS
20584,processed\features\20584_features.csv,1,686,15,23,16,375,0,0.9658345481049563,15,15,1.0,85.44169038834585,42.21513768715447,0,0.0,0,1.0,1.0,1.0,1.0,1,PASS
205358,processed\features\205358_features.csv,1,686,15,23,16,375,0,0.9658345481049563,15,15,1.0,124.21466564021624,37.93413522209811,0,0.0,0,1.0,1.0,1.0,1.0,1,PASS
448256,processed\features\448256_features.csv,1,686,15,23,16,375,0,0.9658345481049563,15,15,1.0,63.40900297026701,34.52057947034663,0,0.0,0,1.0,1.0,1.0,1.0,1,PASS
35506,processed\features\35506_features.csv,1,686,15,23,16,375,0,0.9658345481049563,15,15,1.0,146.6651328407662,28.994789593163247,0,0.0,5,1.0,1.0,1.0,1.0,1,PASS
151764,processed\features\151764_features.csv,1,686,15,23,16,375,0,0.9658345481049563,15,15,1.0,44.7917607776953,27.17213891214694,0,0.0,0,1.0,1.0,1.0,1.0,1,PASS
169298,processed\features\169298_features.csv,1,686,15,23,16,375,0,0.9658345481049563,15,15,1.0,76.42464302824641,26.696667898708696,0,0.0,0,1.0,1.0,1.0,1.0,1,PASS
245211,processed\features\245211_features.csv,1,686,15,23,16,375,0,0.9658345481049563,15,15,1.0,79.69128714085761,26.53991845438864,0,0.0,0,1.0,1.0,1.0,1.0,1,PASS
362825,processed\features\362825_features.csv,1,686,15,23,16,375,0,0.9658345481049563,15,15,1.0,97.79761454993465,26.3803030347836,0,0.0,0,1.0,1.0,1.0,1.0,1,PASS
382980,processed\features\382980_features.csv,1,686,15,23,16,375,0,0.9658345481049563,15,15,1.0,166.18711384712142,25.25033902822731,0,0.0,1,1.0,1.0,1.0,1.0,1,PASS
495889,processed\features\495889_features.csv,1,686,15,23,16,375,0,0.9658345481049563,15,15,1.0,34.229115093560196,24.068379648357986,0,0.0,0,1.0,1.0,1.0,1.0,1,PASS
295807,processed\features\295807_features.csv,1,686,15,23,16,375,0,0.9658345481049563,15,15,1.0,50.03199363815543,23.998916449610007,0,0.0,0,1.0,1.0,1.0,1.0,1,PASS
454189,processed\features\454189_features.csv,1,686,15,23,16,375,0,0.9658345481049563,15,15,1.0,97.9690311006753,23.650132441941995,0,0.0,0,1.0,1.0,1.0,1.0,1,PASS
73504,processed\features\73504_features.csv,1,686,15,23,16,375,0,0.9658345481049563,15,15,1.0,90.21249744780353,23.60067180163379,0,0.0,0,1.0,1.0,1.0,1.0,1,PASS
257789,processed\features\257789_features.csv,1,686,15,23,16,375,0,0.9658345481049563,15,15,1.0,77.5725471034181,22.849629706418458,0,0.0,0,1.0,1.0,1.0,1.0,1,PASS
481104,processed\features\481104_features.csv,1,686,15,23,16,375,0,0.9658345481049563,15,15,1.0,29.95985294975987,22.288461599353518,0,0.0,0,1.0,1.0,1.0,1.0,1,PASS
452860,processed\features\452860_features.csv,1,686,15,23,16,375,0,0.9658345481049563,15,15,1.0,81.84849536405882,20.341439095444613,0,0.0,0,1.0,1.0,1.0,1.0,1,PASS
73791,processed\features\73791_features.csv,1,686,15,23,16,375,0,0.9658345481049563,15,15,1.0,66.62488610252353,16.151628939103524,0,0.0,0,1.0,1.0,1.0,1.0,1,PASS
358661,processed\features\358661_features.csv,1,685,15,23,16,375,0,0.9657846715328468,15,15,1.0,76.18861112905992,82.46400442844808,0,0.0,0,1.0,1.0,1.0,1.0,1,PASS
372311,processed\features\372311_features.csv,1,685,15,23,16,375,0,0.9657846715328468,15,15,1.0,100.46500036611967,52.46830101642371,0,0.0,0,1.0,1.0,1.0,1.0,1,PASS
442701,processed\features\442701_features.csv,1,685,15,23,16,375,0,0.9657846715328468,15,15,1.0,204.59287468465433,49.02004481428969,0,0.0,5,1.0,1.0,1.0,1.0,1,PASS
458868,processed\features\458868_features.csv,1,685,15,23,16,375,0,0.9657846715328468,15,15,1.0,66.59644292744109,43.58880551471798,0,0.0,0,1.0,1.0,1.0,1.0,1,PASS
27575,processed\features\27575_features.csv,1,685,15,23,16,375,0,0.9657846715328468,15,15,1.0,58.82123249616697,34.201216313409766,0,0.0,0,1.0,1.0,1.0,1.0,1,PASS
458467,processed\features\458467_features.csv,1,685,15,23,16,375,0,0.9657846715328468,15,15,1.0,60.104914671048306,30.643380472342738,0,0.0,0,1.0,1.0,1.0,1.0,1,PASS
483101,processed\features\483101_features.csv,1,685,15,23,16,375,0,0.9657846715328468,15,15,1.0,67.60203038560351,29.819345412077162,0,0.0,0,1.0,1.0,1.0,1.0,1,PASS
67612,processed\features\67612_features.csv,1,685,15,23,16,375,0,0.9657846715328468,15,15,1.0,103.98794560227623,26.916363865299544,0,0.0,0,1.0,1.0,1.0,1.0,1,PASS
198316,processed\features\198316_features.csv,1,685,15,23,16,375,0,0.9657846715328468,15,15,1.0,282.19767186133475,25.756799243125627,0,0.0,15,1.0,1.0,1.0,1.0,1,PASS
450694,processed\features\450694_features.csv,1,685,15,23,16,375,0,0.9657846715328468,15,15,1.0,66.13866456867648,25.35541566575358,0,0.0,0,1.0,1.0,1.0,1.0,1,PASS
318079,processed\features\318079_features.csv,1,685,15,23,16,375,0,0.9657846715328468,15,15,1.0,130.9728454897454,23.982274783492585,0,0.0,0,1.0,1.0,1.0,1.0,1,PASS
363204,processed\features\363204_features.csv,1,685,15,23,16,375,0,0.9657846715328468,15,15,1.0,115.83943324428826,22.644199799675185,0,0.0,0,1.0,1.0,1.0,1.0,1,PASS
366481,processed\features\366481_features.csv,1,685,15,23,16,375,0,0.9657846715328468,15,15,1.0,95.7367785588785,21.955743875928526,0,0.0,1,1.0,1.0,1.0,1.0,1,PASS
165534,processed\features\165534_features.csv,1,685,15,23,16,375,0,0.9657846715328468,15,15,1.0,56.920726678142515,20.454301091876566,0,0.0,0,1.0,1.0,1.0,1.0,1,PASS
262807,processed\features\262807_features.csv,1,685,15,23,16,375,0,0.9657846715328468,15,15,1.0,369.85706780234517,19.96411425882075,0,0.0,52,1.0,1.0,1.0,1.0,1,PASS
133860,processed\features\133860_features.csv,1,685,15,23,16,375,0,0.9657846715328468,15,15,1.0,139.1540216497391,17.99090357596603,0,0.0,0,1.0,1.0,1.0,1.0,1,PASS
18076,processed\features\18076_features.csv,1,685,15,23,16,375,0,0.9657846715328468,15,15,1.0,61.934907812598475,15.681530451790042,0,0.0,0,1.0,1.0,1.0,1.0,1,PASS
256034,processed\features\256034_features.csv,1,685,15,23,16,375,0,0.9657846715328468,15,15,1.0,92.40626175186821,14.311883117852398,0,0.0,0,1.0,1.0,1.0,1.0,1,PASS
413076,processed\features\413076_features.csv,1,685,15,23,16,375,0,0.9657846715328468,15,15,1.0,84.65795863884524,13.731344030013027,0,0.0,4,1.0,1.0,1.0,1.0,1,PASS
154320,processed\features\154320_features.csv,1,685,15,23,16,375,0,0.9657846715328468,15,15,1.0,87.11338851476751,8.751390474081525,0,0.0,0,1.0,1.0,1.0,1.0,1,PASS
144604,processed\features\144604_features.csv,1,684,15,23,16,375,0,0.965734649122807,15,15,1.0,162.93429512171883,65.09440269171124,0,0.0,5,1.0,1.0,1.0,1.0,1,PASS
16746,processed\features\16746_features.csv,1,684,15,23,16,375,0,0.965734649122807,15,15,1.0,413.77025445134996,45.792072030536296,0,0.0,15,1.0,1.0,1.0,1.0,1,PASS
262818,processed\features\262818_features.csv,1,684,15,23,16,375,0,0.965734649122807,15,15,1.0,450.7052820932143,31.552048717597042,0,0.0,71,1.0,1.0,1.0,1.0,1,PASS
31308,processed\features\31308_features.csv,1,684,15,23,16,375,0,0.965734649122807,15,15,1.0,86.26558219871406,30.42241170586543,0,0.0,0,1.0,1.0,1.0,1.0,1,PASS
308426,processed\features\308426_features.csv,1,684,15,23,16,375,0,0.965734649122807,15,15,1.0,54.68585424707621,28.386571653050332,0,0.0,0,1.0,1.0,1.0,1.0,1,PASS
44772,processed\features\44772_features.csv,1,684,15,23,16,375,0,0.965734649122807,15,15,1.0,38.26625505882452,27.073267062636425,0,0.0,0,1.0,1.0,1.0,1.0,1,PASS
161863,processed\features\161863_features.csv,1,684,15,23,16,375,0,0.965734649122807,15,15,1.0,106.23625657150781,26.02001489915198,0,0.0,3,1.0,1.0,1.0,1.0,1,PASS
169710,processed\features\169710_features.csv,1,684,15,23,16,375,0,0.965734649122807,15,15,1.0,101.08795811332769,23.76802847363744,0,0.0,0,1.0,1.0,1.0,1.0,1,PASS
99348,processed\features\99348_features.csv,1,684,15,23,16,375,0,0.965734649122807,15,15,1.0,57.72967413738871,21.60130731971872,0,0.0,0,1.0,1.0,1.0,1.0,1,PASS
167682,processed\features\167682_features.csv,1,684,15,23,16,375,0,0.965734649122807,15,15,1.0,61.69736747730619,19.75807814247755,0,0.0,0,1.0,1.0,1.0,1.0,1,PASS
296518,processed\features\296518_features.csv,1,684,15,23,16,375,0,0.965734649122807,15,15,1.0,67.29610530777873,18.567517040619585,0,0.0,0,1.0,1.0,1.0,1.0,1,PASS
105207,processed\features\105207_features.csv,1,684,15,23,16,375,0,0.965734649122807,15,15,1.0,168.13995727202143,14.896246604211361,0,0.0,0,1.0,1.0,1.0,1.0,1,PASS
121939,processed\features\121939_features.csv,1,684,15,23,16,375,0,0.965734649122807,15,15,1.0,129.5740092530184,12.566279227246033,0,0.0,2,1.0,1.0,1.0,1.0,1,PASS
78751,processed\features\78751_features.csv,1,683,15,23,16,375,0,0.9656844802342606,15,15,1.0,98.85224591623518,62.14178736191488,0,0.0,0,1.0,1.0,1.0,1.0,1,PASS
260534,processed\features\260534_features.csv,1,683,15,23,16,375,0,0.9656844802342606,15,15,1.0,246668.10066213063,59.28473129460648,0,0.0,10,1.0,1.0,1.0,1.0,1,PASS
383763,processed\features\383763_features.csv,1,683,15,23,16,375,0,0.9656844802342606,15,15,1.0,115.84363016817224,54.868648746382796,0,0.0,0,1.0,1.0,1.0,1.0,1,PASS
104976,processed\features\104976_features.csv,1,683,15,23,16,375,0,0.9656844802342606,15,15,1.0,87.14678629940568,41.500527134296746,0,0.0,0,1.0,1.0,1.0,1.0,1,PASS
473927,processed\features\473927_features.csv,1,683,15,23,16,375,0,0.9656844802342606,15,15,1.0,85.29261597606991,40.3484976372573,0,0.0,0,1.0,1.0,1.0,1.0,1,PASS
482402,processed\features\482402_features.csv,1,683,15,23,16,375,0,0.9656844802342606,15,15,1.0,68.62005316107195,36.23177578415244,0,0.0,0,1.0,1.0,1.0,1.0,1,PASS
348731,processed\features\348731_features.csv,1,683,15,23,16,375,0,0.9656844802342606,15,15,1.0,60.82113869294954,34.95588483909211,0,0.0,0,1.0,1.0,1.0,1.0,1,PASS
133163,processed\features\133163_features.csv,1,683,15,23,16,375,0,0.9656844802342606,15,15,1.0,67.50567571217584,34.266361311349634,0,0.0,0,1.0,1.0,1.0,1.0,1,PASS
502789,processed\features\502789_features.csv,1,683,15,23,16,375,0,0.9656844802342606,15,15,1.0,137.08778311577322,28.290662379563017,0,0.0,2,1.0,1.0,1.0,1.0,1,PASS
324760,processed\features\324760_features.csv,1,683,15,23,16,375,0,0.9656844802342606,15,15,1.0,119.02181070939821,26.986248178491756,0,0.0,0,1.0,1.0,1.0,1.0,1,PASS
237007,processed\features\237007_features.csv,1,683,15,23,16,375,0,0.9656844802342606,15,15,1.0,81.22481042497677,22.182786680664215,0,0.0,0,1.0,1.0,1.0,1.0,1,PASS
259026,processed\features\259026_features.csv,1,683,15,23,16,375,0,0.9656844802342606,15,15,1.0,57.070672111968015,22.171978335107656,0,0.0,0,1.0,1.0,1.0,1.0,1,PASS
116169,processed\features\116169_features.csv,1,683,15,23,16,375,0,0.9656844802342606,15,15,1.0,123.70593821781438,20.47109033137692,0,0.0,1,1.0,1.0,1.0,1.0,1,PASS
78494,processed\features\78494_features.csv,1,683,15,23,16,375,0,0.9656844802342606,15,15,1.0,69.6593216766611,15.824632068955136,0,0.0,0,1.0,1.0,1.0,1.0,1,PASS
402625,processed\features\402625_features.csv,1,683,15,23,16,375,0,0.9656844802342606,15,15,1.0,129.9796446586264,15.686515310119256,0,0.0,2,1.0,1.0,1.0,1.0,1,PASS
228801,processed\features\228801_features.csv,1,683,15,23,16,375,0,0.9656844802342606,15,15,1.0,42.02710996749186,13.829904452315606,0,0.0,0,1.0,1.0,1.0,1.0,1,PASS
401546,processed\features\401546_features.csv,1,683,15,23,16,375,0,0.9656844802342606,15,15,1.0,101.2564546916205,11.350298893421217,0,0.0,0,1.0,1.0,1.0,1.0,1,PASS
240202,processed\features\240202_features.csv,1,682,15,23,16,375,0,0.9656341642228738,15,15,1.0,81.16228270414666,73.01908567534925,0,0.0,0,1.0,1.0,1.0,1.0,1,PASS
335525,processed\features\335525_features.csv,1,682,15,23,16,375,0,0.9656341642228738,15,15,1.0,52.52511367675639,66.11015133769321,0,0.0,0,1.0,1.0,1.0,1.0,1,PASS
89800,processed\features\89800_features.csv,1,682,15,23,16,375,0,0.9656341642228738,15,15,1.0,101.75495339557418,58.3551732057268,0,0.0,0,1.0,1.0,1.0,1.0,1,PASS
141712,processed\features\141712_features.csv,1,682,15,23,16,375,0,0.9656341642228738,15,15,1.0,122.6233701185793,55.3589312669035,0,0.0,0,1.0,1.0,1.0,1.0,1,PASS
200492,processed\features\200492_features.csv,1,682,15,23,16,375,0,0.9656341642228738,15,15,1.0,142.2350979097666,47.37256862746961,0,0.0,0,1.0,1.0,1.0,1.0,1,PASS
339459,processed\features\339459_features.csv,1,682,15,23,16,375,0,0.9656341642228738,15,15,1.0,80.72292143135061,47.00455692520798,0,0.0,0,1.0,1.0,1.0,1.0,1,PASS
132565,processed\features\132565_features.csv,1,682,15,23,16,375,0,0.9656341642228738,15,15,1.0,96.05213686949901,40.33895687029162,0,0.0,0,1.0,1.0,1.0,1.0,1,PASS
267044,processed\features\267044_features.csv,1,682,15,23,16,375,0,0.9656341642228738,15,15,1.0,132.2078060494369,39.983846501936554,0,0.0,5,1.0,1.0,1.0,1.0,1,PASS
73297,processed\features\73297_features.csv,1,682,15,23,16,375,0,0.9656341642228738,15,15,1.0,197.84226138356598,37.6607864163766,0,0.0,5,1.0,1.0,1.0,1.0,1,PASS
80184,processed\features\80184_features.csv,1,682,15,23,16,375,0,0.9656341642228738,15,15,1.0,62.19054193015581,31.763054151069312,0,0.0,0,1.0,1.0,1.0,1.0,1,PASS
190217,processed\features\190217_features.csv,1,682,15,23,16,375,0,0.9656341642228738,15,15,1.0,157.751963294849,30.891349074313116,0,0.0,5,1.0,1.0,1.0,1.0,1,PASS
27035,processed\features\27035_features.csv,1,682,15,23,16,375,0,0.9656341642228738,15,15,1.0,106.15781889915627,24.42328366319883,0,0.0,0,1.0,1.0,1.0,1.0,1,PASS
248416,processed\features\248416_features.csv,1,682,15,23,16,375,0,0.9656341642228738,15,15,1.0,69.22800829662009,23.27235246612583,0,0.0,0,1.0,1.0,1.0,1.0,1,PASS
2738,processed\features\2738_features.csv,1,682,15,23,16,375,0,0.9656341642228738,15,15,1.0,72.52906096355358,22.255485712819123,0,0.0,0,1.0,1.0,1.0,1.0,1,PASS
41369,processed\features\41369_features.csv,1,682,15,23,16,375,0,0.9656341642228738,15,15,1.0,459.32570238252475,14.944795536597994,0,0.0,16,1.0,1.0,1.0,1.0,1,PASS
108904,processed\features\108904_features.csv,1,682,15,23,16,375,0,0.9656341642228738,15,15,1.0,89.21671780771361,9.692910116576698,0,0.0,0,1.0,1.0,1.0,1.0,1,PASS
195815,processed\features\195815_features.csv,1,681,15,23,16,375,0,0.9655837004405287,15,15,1.0,185.42301149904324,102.50573518488063,0,0.0,3,1.0,1.0,1.0,1.0,1,PASS
355812,processed\features\355812_features.csv,1,681,15,23,16,375,0,0.9655837004405287,15,15,1.0,168.70250105338488,78.444287116252,0,0.0,3,1.0,1.0,1.0,1.0,1,PASS
503662,processed\features\503662_features.csv,1,681,15,23,16,375,0,0.9655837004405287,15,15,1.0,126.88440793351351,57.799693201864095,0,0.0,0,1.0,1.0,1.0,1.0,1,PASS
483882,processed\features\483882_features.csv,1,681,15,23,16,375,0,0.9655837004405287,15,15,1.0,78.91975777542402,35.92213323498157,0,0.0,0,1.0,1.0,1.0,1.0,1,PASS
429979,processed\features\429979_features.csv,1,681,15,23,16,375,0,0.9655837004405287,15,15,1.0,71.06160570220608,22.950385730298756,0,0.0,0,1.0,1.0,1.0,1.0,1,PASS
377593,processed\features\377593_features.csv,1,681,15,23,16,375,0,0.9655837004405287,15,15,1.0,77.29046169283853,20.931388887459576,0,0.0,0,1.0,1.0,1.0,1.0,1,PASS
209836,processed\features\209836_features.csv,1,681,15,23,16,375,0,0.9655837004405287,15,15,1.0,43.85768466063129,16.62236281439291,0,0.0,0,1.0,1.0,1.0,1.0,1,PASS
485800,processed\features\485800_features.csv,1,681,15,23,16,375,0,0.9655837004405287,15,15,1.0,80.36044009958184,9.843768064854942,0,0.0,0,1.0,1.0,1.0,1.0,1,PASS
474795,processed\features\474795_features.csv,1,680,15,23,16,375,0,0.9655330882352942,15,15,1.0,103.80115273824794,62.426580266698494,0,0.0,0,1.0,1.0,1.0,1.0,1,PASS
192073,processed\features\192073_features.csv,1,680,15,23,16,375,0,0.9655330882352942,15,15,1.0,99.96299686586788,55.61910173442291,0,0.0,0,1.0,1.0,1.0,1.0,1,PASS
234948,processed\features\234948_features.csv,1,680,15,23,16,375,0,0.9655330882352942,15,15,1.0,76.50356103129786,44.64644146176466,0,0.0,0,1.0,1.0,1.0,1.0,1,PASS
81437,processed\features\81437_features.csv,1,680,15,23,16,375,0,0.9655330882352942,15,15,1.0,536.1237639268699,44.62546462153002,0,0.0,15,1.0,1.0,1.0,1.0,1,PASS
215284,processed\features\215284_features.csv,1,680,15,23,16,375,0,0.9655330882352942,15,15,1.0,77.49136058420548,39.32570602478561,0,0.0,0,1.0,1.0,1.0,1.0,1,PASS
100582,processed\features\100582_features.csv,1,680,15,23,16,375,0,0.9655330882352942,15,15,1.0,85.0890992024546,38.636067992845724,0,0.0,0,1.0,1.0,1.0,1.0,1,PASS
206195,processed\features\206195_features.csv,1,680,15,23,16,375,0,0.9655330882352942,15,15,1.0,99.82717955143711,36.06347628126322,0,0.0,0,1.0,1.0,1.0,1.0,1,PASS
50235,processed\features\50235_features.csv,1,680,15,23,16,375,0,0.9655330882352942,15,15,1.0,64.72679722259237,34.75571611027024,0,0.0,0,1.0,1.0,1.0,1.0,1,PASS
113058,processed\features\113058_features.csv,1,680,15,23,16,375,0,0.9655330882352942,15,15,1.0,103.39616876016359,31.347806680678154,0,0.0,0,1.0,1.0,1.0,1.0,1,PASS
421184,processed\features\421184_features.csv,1,680,15,23,16,375,0,0.9655330882352942,15,15,1.0,120.46514383838692,27.154435991284156,0,0.0,0,1.0,1.0,1.0,1.0,1,PASS
262859,processed\features\262859_features.csv,1,680,15,23,16,375,0,0.9655330882352942,15,15,1.0,65.4172438647283,25.82177764253954,0,0.0,0,1.0,1.0,1.0,1.0,1,PASS
302383,processed\features\302383_features.csv,1,680,15,23,16,375,0,0.9655330882352942,15,15,1.0,54.89376368781658,23.06363902060535,0,0.0,0,1.0,1.0,1.0,1.0,1,PASS
289334,processed\features\289334_features.csv,1,680,15,23,16,375,0,0.9655330882352942,15,15,1.0,96.4671955646651,21.28954997310906,0,0.0,0,1.0,1.0,1.0,1.0,1,PASS
338210,processed\features\338210_features.csv,1,680,15,23,16,375,0,0.9655330882352942,15,15,1.0,34.75729086581033,21.2510513317255,0,0.0,0,1.0,1.0,1.0,1.0,1,PASS
497244,processed\features\497244_features.csv,1,680,15,23,16,375,0,0.9655330882352942,15,15,1.0,99.3953487587446,21.012403984153117,0,0.0,1,1.0,1.0,1.0,1.0,1,PASS
30777,processed\features\30777_features.csv,1,680,15,23,16,375,0,0.9655330882352942,15,15,1.0,69.87816745274601,19.62134616361427,0,0.0,0,1.0,1.0,1.0,1.0,1,PASS
431301,processed\features\431301_features.csv,1,680,15,23,16,375,0,0.9655330882352942,15,15,1.0,120.50368014402775,12.768333072924626,0,0.0,0,1.0,1.0,1.0,1.0,1,PASS
19059,processed\features\19059_features.csv,1,680,15,23,16,375,0,0.9655330882352942,15,15,1.0,124.7661044986136,10.155904371935502,0,0.0,0,1.0,1.0,1.0,1.0,1,PASS
36535,processed\features\36535_features.csv,1,679,15,23,16,375,0,0.9654823269513991,15,15,1.0,47.329253416603436,37.51925092275482,0,0.0,0,1.0,1.0,1.0,1.0,1,PASS
83216,processed\features\83216_features.csv,1,679,15,23,16,375,0,0.9654823269513991,15,15,1.0,218.50148459302,36.361801090749196,0,0.0,6,1.0,1.0,1.0,1.0,1,PASS
109763,processed\features\109763_features.csv,1,679,15,23,16,375,0,0.9654823269513991,15,15,1.0,67.4571463863243,35.31540025210174,0,0.0,0,1.0,1.0,1.0,1.0,1,PASS
185331,processed\features\185331_features.csv,1,679,15,23,16,375,0,0.9654823269513991,15,15,1.0,74.48336300304335,30.832128917851854,0,0.0,0,1.0,1.0,1.0,1.0,1,PASS
326489,processed\features\326489_features.csv,1,679,15,23,16,375,0,0.9654823269513991,15,15,1.0,58.75225245346638,28.484089799550265,0,0.0,0,1.0,1.0,1.0,1.0,1,PASS
56822,processed\features\56822_features.csv,1,679,15,23,16,375,0,0.9654823269513991,15,15,1.0,633.615067286071,27.761699317927857,0,0.0,37,1.0,1.0,1.0,1.0,1,PASS
496215,processed\features\496215_features.csv,1,679,15,23,16,375,0,0.9654823269513991,15,15,1.0,74.31021139877382,27.4558209733963,0,0.0,0,1.0,1.0,1.0,1.0,1,PASS
293916,processed\features\293916_features.csv,1,679,15,23,16,375,0,0.9654823269513991,15,15,1.0,40.62838030767178,26.11166277041751,0,0.0,0,1.0,1.0,1.0,1.0,1,PASS
121676,processed\features\121676_features.csv,1,679,15,23,16,375,0,0.9654823269513991,15,15,1.0,48.88289702323089,23.14745364795182,0,0.0,0,1.0,1.0,1.0,1.0,1,PASS
487677,processed\features\487677_features.csv,1,679,15,23,16,375,0,0.9654823269513991,15,15,1.0,279.74757411378744,22.62819481074226,0,0.0,13,1.0,1.0,1.0,1.0,1,PASS
395400,processed\features\395400_features.csv,1,679,15,23,16,375,0,0.9654823269513991,15,15,1.0,171.45960578709153,22.13646669924063,0,0.0,0,1.0,1.0,1.0,1.0,1,PASS
375339,processed\features\375339_features.csv,1,679,15,23,16,375,0,0.9654823269513991,15,15,1.0,44.113143081039674,21.7357305116129,0,0.0,0,1.0,1.0,1.0,1.0,1,PASS
260705,processed\features\260705_features.csv,1,679,15,23,16,375,0,0.9654823269513991,15,15,1.0,58.15403330966974,19.685495711187862,0,0.0,0,1.0,1.0,1.0,1.0,1,PASS
121836,processed\features\121836_features.csv,1,679,15,23,16,375,0,0.9654823269513991,15,15,1.0,45.70151766660149,19.55804547472487,0,0.0,0,1.0,1.0,1.0,1.0,1,PASS
144164,processed\features\144164_features.csv,1,679,15,23,16,375,0,0.9654823269513991,15,15,1.0,88.17019071322149,18.20263507684144,0,0.0,0,1.0,1.0,1.0,1.0,1,PASS
62745,processed\features\62745_features.csv,1,679,15,23,16,375,0,0.9654823269513991,15,15,1.0,92.23186859728492,18.000712009469595,0,0.0,0,1.0,1.0,1.0,1.0,1,PASS
402541,processed\features\402541_features.csv,1,679,15,23,16,375,0,0.9654823269513991,15,15,1.0,35.007047154835995,17.482682985884843,0,0.0,0,1.0,1.0,1.0,1.0,1,PASS
296672,processed\features\296672_features.csv,1,679,15,23,16,375,0,0.9654823269513991,15,15,1.0,99.84893789618805,12.309879034429493,0,0.0,0,1.0,1.0,1.0,1.0,1,PASS
65614,processed\features\65614_features.csv,1,678,15,23,16,375,0,0.9654314159292036,15,15,1.0,65.5321203313071,42.638940244746465,0,0.0,0,1.0,1.0,1.0,1.0,1,PASS
44298,processed\features\44298_features.csv,1,678,15,23,16,375,0,0.9654314159292036,15,15,1.0,348.06237919915225,39.38865087590348,0,0.0,27,1.0,1.0,1.0,1.0,1,PASS
256129,processed\features\256129_features.csv,1,678,15,23,16,375,0,0.9654314159292036,15,15,1.0,184.8706895562149,38.53828101994668,0,0.0,0,1.0,1.0,1.0,1.0,1,PASS
41163,processed\features\41163_features.csv,1,678,15,23,16,375,0,0.9654314159292036,15,15,1.0,49.27563895682507,36.97928367174177,0,0.0,0,1.0,1.0,1.0,1.0,1,PASS
363300,processed\features\363300_features.csv,1,678,15,23,16,375,0,0.9654314159292036,15,15,1.0,90.99790583531113,32.70537648328166,0,0.0,0,1.0,1.0,1.0,1.0,1,PASS
307147,processed\features\307147_features.csv,1,678,15,23,16,375,0,0.9654314159292036,15,15,1.0,65.13982763169462,32.32953590247293,0,0.0,0,1.0,1.0,1.0,1.0,1,PASS
494446,processed\features\494446_features.csv,1,678,15,23,16,375,0,0.9654314159292036,15,15,1.0,79.58154592687933,29.879539117697412,0,0.0,0,1.0,1.0,1.0,1.0,1,PASS
179925,processed\features\179925_features.csv,1,678,15,23,16,375,0,0.9654314159292036,15,15,1.0,98.55471892787047,27.19478519480981,0,0.0,0,1.0,1.0,1.0,1.0,1,PASS
393095,processed\features\393095_features.csv,1,678,15,23,16,375,0,0.9654314159292036,15,15,1.0,141.52813318493824,19.133095873148417,0,0.0,5,1.0,1.0,1.0,1.0,1,PASS
144282,processed\features\144282_features.csv,1,678,15,23,16,375,0,0.9654314159292036,15,15,1.0,109.24714287017252,18.98829317992265,0,0.0,0,1.0,1.0,1.0,1.0,1,PASS
469874,processed\features\469874_features.csv,1,678,15,23,16,375,0,0.9654314159292036,15,15,1.0,75.68862168218598,15.134397519675586,0,0.0,0,1.0,1.0,1.0,1.0,1,PASS
260126,processed\features\260126_features.csv,1,678,15,23,16,375,0,0.9654314159292036,15,15,1.0,216.87050841751963,12.64013578566507,0,0.0,7,1.0,1.0,1.0,1.0,1,PASS
106409,processed\features\106409_features.csv,1,678,15,23,16,375,0,0.9654314159292036,15,15,1.0,95.76182652624209,11.14861843609416,0,0.0,0,1.0,1.0,1.0,1.0,1,PASS
203747,processed\features\203747_features.csv,1,677,15,23,16,375,0,0.9653803545051699,15,15,1.0,147.42983194642974,136.21820898217442,0,0.0,4,1.0,1.0,1.0,1.0,1,PASS
334249,processed\features\334249_features.csv,1,677,15,23,16,375,0,0.9653803545051699,15,15,1.0,114.47677987517105,81.78097325343813,0,0.0,0,1.0,1.0,1.0,1.0,1,PASS
404309,processed\features\404309_features.csv,1,677,15,23,16,375,0,0.9653803545051699,15,15,1.0,106.28481455419865,57.858529513067936,0,0.0,0,1.0,1.0,1.0,1.0,1,PASS
105933,processed\features\105933_features.csv,1,677,15,23,16,375,0,0.9653803545051699,15,15,1.0,75.82332606085046,47.56981375761373,0,0.0,0,1.0,1.0,1.0,1.0,1,PASS
11204,processed\features\11204_features.csv,1,677,15,23,16,375,0,0.9653803545051699,15,15,1.0,141.31085765193922,35.544781032422435,0,0.0,0,1.0,1.0,1.0,1.0,1,PASS
338196,processed\features\338196_features.csv,1,677,15,23,16,375,0,0.9653803545051699,15,15,1.0,52.53558055269971,35.32206551194405,0,0.0,0,1.0,1.0,1.0,1.0,1,PASS
152467,processed\features\152467_features.csv,1,677,15,23,16,375,0,0.9653803545051699,15,15,1.0,125.94296511739161,29.245870178895075,0,0.0,5,1.0,1.0,1.0,1.0,1,PASS
262035,processed\features\262035_features.csv,1,677,15,23,16,375,0,0.9653803545051699,15,15,1.0,91.71292312265241,27.639624468963877,0,0.0,0,1.0,1.0,1.0,1.0,1,PASS
13255,processed\features\13255_features.csv,1,677,15,23,16,375,0,0.9653803545051699,15,15,1.0,47.62175695169807,25.927773320471978,0,0.0,0,1.0,1.0,1.0,1.0,1,PASS
84602,processed\features\84602_features.csv,1,677,15,23,16,375,0,0.9653803545051699,15,15,1.0,95.37964725466577,24.392786778161977,0,0.0,5,1.0,1.0,1.0,1.0,1,PASS
43580,processed\features\43580_features.csv,1,677,15,23,16,375,0,0.9653803545051699,15,15,1.0,90.00607525515736,19.872606010901897,0,0.0,0,1.0,1.0,1.0,1.0,1,PASS
47748,processed\features\47748_features.csv,1,677,15,23,16,375,0,0.9653803545051699,15,15,1.0,112.30736542763118,19.330252576851755,0,0.0,5,1.0,1.0,1.0,1.0,1,PASS
256265,processed\features\256265_features.csv,1,677,15,23,16,375,0,0.9653803545051699,15,15,1.0,71.48751562032763,18.796078077852766,0,0.0,0,1.0,1.0,1.0,1.0,1,PASS
183391,processed\features\183391_features.csv,1,677,15,23,16,375,0,0.9653803545051699,15,15,1.0,117.03140800416597,8.31344223936647,0,0.0,0,1.0,1.0,1.0,1.0,1,PASS
252732,processed\features\252732_features.csv,1,676,15,23,16,375,0,0.9653291420118343,15,15,1.0,190.82015443692524,32.3774001872148,0,0.0,10,1.0,1.0,1.0,1.0,1,PASS
359678,processed\features\359678_features.csv,1,676,15,23,16,375,0,0.9653291420118343,15,15,1.0,159.07462592928294,27.315790823636117,0,0.0,5,1.0,1.0,1.0,1.0,1,PASS
180947,processed\features\180947_features.csv,1,676,15,23,16,375,0,0.9653291420118343,15,15,1.0,103.0810785328024,25.58227737868257,0,0.0,0,1.0,1.0,1.0,1.0,1,PASS
332578,processed\features\332578_features.csv,1,676,15,23,16,375,0,0.9653291420118343,15,15,1.0,104.75885620228729,24.570070387453725,0,0.0,0,1.0,1.0,1.0,1.0,1,PASS
357579,processed\features\357579_features.csv,1,676,15,23,16,375,0,0.9653291420118343,15,15,1.0,108.226124818086,21.219883519543917,0,0.0,2,1.0,1.0,1.0,1.0,1,PASS
265334,processed\features\265334_features.csv,1,676,15,23,16,375,0,0.9653291420118343,15,15,1.0,156.66378255198563,20.335556295749274,0,0.0,5,1.0,1.0,1.0,1.0,1,PASS
189594,processed\features\189594_features.csv,1,676,15,23,16,375,0,0.9653291420118343,15,15,1.0,93.07646108742611,18.15936366301944,0,0.0,0,1.0,1.0,1.0,1.0,1,PASS
38312,processed\features\38312_features.csv,1,676,15,23,16,375,0,0.9653291420118343,15,15,1.0,42.50100048882861,16.957328809864794,0,0.0,0,1.0,1.0,1.0,1.0,1,PASS
412520,processed\features\412520_features.csv,1,676,15,23,16,375,0,0.9653291420118343,15,15,1.0,71.84948430854779,15.1850910350795,0,0.0,0,1.0,1.0,1.0,1.0,1,PASS
222404,processed\features\222404_features.csv,1,676,15,23,16,375,0,0.9653291420118343,15,15,1.0,89.56712605696352,15.021898101328214,0,0.0,0,1.0,1.0,1.0,1.0,1,PASS
353634,processed\features\353634_features.csv,1,675,15,23,16,375,0,0.9652777777777778,15,15,1.0,142.04200344041925,87.2806849404694,0,0.0,0,1.0,1.0,1.0,1.0,1,PASS
26255,processed\features\26255_features.csv,1,675,15,23,16,375,0,0.9652777777777778,15,15,1.0,92.29040292498163,82.0974000502899,0,0.0,0,1.0,1.0,1.0,1.0,1,PASS
406790,processed\features\406790_features.csv,1,675,15,23,16,375,0,0.9652777777777778,15,15,1.0,137.77698950121007,71.5602483927382,0,0.0,0,1.0,1.0,1.0,1.0,1,PASS
271428,processed\features\271428_features.csv,1,675,15,23,16,375,0,0.9652777777777778,15,15,1.0,81.17670374793506,41.75499466802896,0,0.0,0,1.0,1.0,1.0,1.0,1,PASS
190535,processed\features\190535_features.csv,1,675,15,23,16,375,0,0.9652777777777778,15,15,1.0,88.78332196495799,41.697506716705334,0,0.0,0,1.0,1.0,1.0,1.0,1,PASS
473676,processed\features\473676_features.csv,1,675,15,23,16,375,0,0.9652777777777778,15,15,1.0,99.75596461406874,35.88105705498925,0,0.0,0,1.0,1.0,1.0,1.0,1,PASS
495866,processed\features\495866_features.csv,1,675,15,23,16,375,0,0.9652777777777778,15,15,1.0,158.18085239904576,29.7519109778133,0,0.0,5,1.0,1.0,1.0,1.0,1,PASS
155733,processed\features\155733_features.csv,1,675,15,23,16,375,0,0.9652777777777778,15,15,1.0,58.537373500249785,29.163176732783242,0,0.0,0,1.0,1.0,1.0,1.0,1,PASS
310988,processed\features\310988_features.csv,1,675,15,23,16,375,0,0.9652777777777778,15,15,1.0,89.22030594451383,28.769363018145278,0,0.0,0,1.0,1.0,1.0,1.0,1,PASS
309669,processed\features\309669_features.csv,1,675,15,23,16,375,0,0.9652777777777778,15,15,1.0,159.06271942118354,28.63505342050963,0,0.0,0,1.0,1.0,1.0,1.0,1,PASS
411239,processed\features\411239_features.csv,1,675,15,23,16,375,0,0.9652777777777778,15,15,1.0,116.69873486768091,25.53570038668766,0,0.0,2,1.0,1.0,1.0,1.0,1,PASS
450402,processed\features\450402_features.csv,1,675,15,23,16,375,0,0.9652777777777778,15,15,1.0,94.52792758339316,24.499298156622423,0,0.0,1,1.0,1.0,1.0,1.0,1,PASS
56192,processed\features\56192_features.csv,1,675,15,23,16,375,0,0.9652777777777778,15,15,1.0,109.69733753492208,23.47328969124984,0,0.0,0,1.0,1.0,1.0,1.0,1,PASS
488601,processed\features\488601_features.csv,1,675,15,23,16,375,0,0.9652777777777778,15,15,1.0,82.82895929934261,23.466701113223927,0,0.0,0,1.0,1.0,1.0,1.0,1,PASS
369613,processed\features\369613_features.csv,1,675,15,23,16,375,0,0.9652777777777778,15,15,1.0,95.59684544751624,22.530547790159638,0,0.0,0,1.0,1.0,1.0,1.0,1,PASS
156370,processed\features\156370_features.csv,1,675,15,23,16,375,0,0.9652777777777778,15,15,1.0,50.73894128047668,21.945071929216077,0,0.0,0,1.0,1.0,1.0,1.0,1,PASS
287113,processed\features\287113_features.csv,1,675,15,23,16,375,0,0.9652777777777778,15,15,1.0,112.51231137069921,21.882200041700916,0,0.0,0,1.0,1.0,1.0,1.0,1,PASS
370814,processed\features\370814_features.csv,1,675,15,23,16,375,0,0.9652777777777778,15,15,1.0,120.52795694120584,21.202394386915458,0,0.0,0,1.0,1.0,1.0,1.0,1,PASS
176371,processed\features\176371_features.csv,1,675,15,23,16,375,0,0.9652777777777778,15,15,1.0,95.61133700849743,16.212582212586113,0,0.0,0,1.0,1.0,1.0,1.0,1,PASS
1733,processed\features\1733_features.csv,1,674,15,23,16,375,0,0.9652262611275965,15,15,1.0,149.09165145843082,48.30901592423615,0,0.0,0,1.0,1.0,1.0,1.0,1,PASS
212026,processed\features\212026_features.csv,1,674,15,23,16,375,0,0.9652262611275965,15,15,1.0,61.756670016631205,35.66825200815099,0,0.0,0,1.0,1.0,1.0,1.0,1,PASS
6533,processed\features\6533_features.csv,1,674,15,23,16,375,0,0.9652262611275965,15,15,1.0,69.58152735754476,34.14490946517581,0,0.0,0,1.0,1.0,1.0,1.0,1,PASS
401997,processed\features\401997_features.csv,1,674,15,23,16,375,0,0.9652262611275965,15,15,1.0,78.99042986338453,30.695947169837723,0,0.0,0,1.0,1.0,1.0,1.0,1,PASS
381328,processed\features\381328_features.csv,1,674,15,23,16,375,0,0.9652262611275965,15,15,1.0,103.19064439654622,26.846899896232458,0,0.0,0,1.0,1.0,1.0,1.0,1,PASS
78229,processed\features\78229_features.csv,1,674,15,23,16,375,0,0.9652262611275965,15,15,1.0,121.73022890092717,25.21413624808006,0,0.0,1,1.0,1.0,1.0,1.0,1,PASS
143597,processed\features\143597_features.csv,1,674,15,23,16,375,0,0.9652262611275965,15,15,1.0,90.69881778456998,24.766921049286445,0,0.0,0,1.0,1.0,1.0,1.0,1,PASS
312165,processed\features\312165_features.csv,1,674,15,23,16,375,0,0.9652262611275965,15,15,1.0,114.50669144078655,22.642346965211733,0,0.0,0,1.0,1.0,1.0,1.0,1,PASS
142722,processed\features\142722_features.csv,1,674,15,23,16,375,0,0.9652262611275965,15,15,1.0,38.92272361203558,21.773007930745308,0,0.0,0,1.0,1.0,1.0,1.0,1,PASS
39308,processed\features\39308_features.csv,1,674,15,23,16,375,0,0.9652262611275965,15,15,1.0,36.52898833108682,21.70595884701368,0,0.0,0,1.0,1.0,1.0,1.0,1,PASS
225530,processed\features\225530_features.csv,1,674,15,23,16,375,0,0.9652262611275965,15,15,1.0,71.06604587731815,21.02485279443372,0,0.0,0,1.0,1.0,1.0,1.0,1,PASS
459300,processed\features\459300_features.csv,1,674,15,23,16,375,0,0.9652262611275965,15,15,1.0,91.36789672500184,20.043500488361875,0,0.0,0,1.0,1.0,1.0,1.0,1,PASS
153046,processed\features\153046_features.csv,1,674,15,23,16,375,0,0.9652262611275965,15,15,1.0,88.35169269004747,13.53349070551079,0,0.0,0,1.0,1.0,1.0,1.0,1,PASS
163084,processed\features\163084_features.csv,1,674,15,23,16,375,0,0.9652262611275965,15,15,1.0,61.40381024174371,13.047976935169398,0,0.0,0,1.0,1.0,1.0,1.0,1,PASS
370572,processed\features\370572_features.csv,1,673,15,23,16,375,0,0.9651745913818722,15,15,1.0,158.12739384155714,150.82058649349037,0,0.0,6,1.0,1.0,1.0,1.0,1,PASS
112334,processed\features\112334_features.csv,1,673,15,23,16,375,0,0.9651745913818722,15,15,1.0,166.5042580594131,42.49614379029019,0,0.0,0,1.0,1.0,1.0,1.0,1,PASS
225198,processed\features\225198_features.csv,1,673,15,23,16,375,0,0.9651745913818722,15,15,1.0,62.178806431870264,32.65995052643199,0,0.0,0,1.0,1.0,1.0,1.0,1,PASS
312188,processed\features\312188_features.csv,1,673,15,23,16,375,0,0.9651745913818722,15,15,1.0,47.1812108319904,31.808859159373636,0,0.0,0,1.0,1.0,1.0,1.0,1,PASS
311105,processed\features\311105_features.csv,1,673,15,23,16,375,0,0.9651745913818722,15,15,1.0,57.01738237359223,29.629912371890597,0,0.0,0,1.0,1.0,1.0,1.0,1,PASS
51316,processed\features\51316_features.csv,1,673,15,23,16,375,0,0.9651745913818722,15,15,1.0,153.23672736378177,29.410710626971508,0,0.0,1,1.0,1.0,1.0,1.0,1,PASS
148936,processed\features\148936_features.csv,1,673,15,23,16,375,0,0.9651745913818722,15,15,1.0,110.53367753701036,29.283131524717646,0,0.0,0,1.0,1.0,1.0,1.0,1,PASS
239337,processed\features\239337_features.csv,1,673,15,23,16,375,0,0.9651745913818722,15,15,1.0,38.04091039650551,27.647374217661913,0,0.0,0,1.0,1.0,1.0,1.0,1,PASS
10751,processed\features\10751_features.csv,1,673,15,23,16,375,0,0.9651745913818722,15,15,1.0,120.81738987861843,24.973464939887425,0,0.0,0,1.0,1.0,1.0,1.0,1,PASS
169546,processed\features\169546_features.csv,1,673,15,23,16,375,0,0.9651745913818722,15,15,1.0,52.071051497336995,24.210544976475983,0,0.0,0,1.0,1.0,1.0,1.0,1,PASS
33415,processed\features\33415_features.csv,1,673,15,23,16,375,0,0.9651745913818722,15,15,1.0,5646.768659253495,20.7110792640131,0,0.0,7,1.0,1.0,1.0,1.0,1,PASS
503773,processed\features\503773_features.csv,1,673,15,23,16,375,0,0.9651745913818722,15,15,1.0,165646.9604096381,17.89887191180763,0,0.0,1,1.0,1.0,1.0,1.0,1,PASS
30295,processed\features\30295_features.csv,1,672,15,23,16,375,0,0.9651227678571429,15,15,1.0,177.42913053671947,163.06128941715178,0,0.0,3,1.0,1.0,1.0,1.0,1,PASS
303722,processed\features\303722_features.csv,1,672,15,23,16,375,0,0.9651227678571429,15,15,1.0,79.85858689305442,65.10589637858072,0,0.0,0,1.0,1.0,1.0,1.0,1,PASS
267448,processed\features\267448_features.csv,1,672,15,23,16,375,0,0.9651227678571429,15,15,1.0,125.00664859192634,51.78017990505562,0,0.0,0,1.0,1.0,1.0,1.0,1,PASS
226871,processed\features\226871_features.csv,1,672,15,23,16,375,0,0.9651227678571429,15,15,1.0,58.23398725553575,35.892859473825396,0,0.0,0,1.0,1.0,1.0,1.0,1,PASS
5788,processed\features\5788_features.csv,1,672,15,23,16,375,0,0.9651227678571429,15,15,1.0,54.293285361408614,33.75530687419271,0,0.0,0,1.0,1.0,1.0,1.0,1,PASS
152906,processed\features\152906_features.csv,1,672,15,23,16,375,0,0.9651227678571429,15,15,1.0,138.58479874641995,29.516184421564763,0,0.0,0,1.0,1.0,1.0,1.0,1,PASS
381451,processed\features\381451_features.csv,1,672,15,23,16,375,0,0.9651227678571429,15,15,1.0,78.73628827825675,27.178914392863703,0,0.0,0,1.0,1.0,1.0,1.0,1,PASS
302780,processed\features\302780_features.csv,1,672,15,23,16,375,0,0.9651227678571429,15,15,1.0,70.91662040182086,26.595213529225376,0,0.0,0,1.0,1.0,1.0,1.0,1,PASS
480875,processed\features\480875_features.csv,1,672,15,23,16,375,0,0.9651227678571429,15,15,1.0,134148.37214612833,22.370196520528136,0,0.0,6,1.0,1.0,1.0,1.0,1,PASS
346315,processed\features\346315_features.csv,1,672,15,23,16,375,0,0.9651227678571429,15,15,1.0,93.02937989221483,22.099259103131196,0,0.0,0,1.0,1.0,1.0,1.0,1,PASS
173870,processed\features\173870_features.csv,1,672,15,23,16,375,0,0.9651227678571429,15,15,1.0,65.79124702080941,22.002613177355844,0,0.0,0,1.0,1.0,1.0,1.0,1,PASS
427609,processed\features\427609_features.csv,1,672,15,23,16,375,0,0.9651227678571429,15,15,1.0,62.247786562268054,20.875451579482903,0,0.0,0,1.0,1.0,1.0,1.0,1,PASS
126659,processed\features\126659_features.csv,1,672,15,23,16,375,0,0.9651227678571429,15,15,1.0,104.83899021814452,20.689809296684736,0,0.0,4,1.0,1.0,1.0,1.0,1,PASS
233834,processed\features\233834_features.csv,1,672,15,23,16,375,0,0.9651227678571429,15,15,1.0,57.379231850520355,19.994066729396355,0,0.0,0,1.0,1.0,1.0,1.0,1,PASS
446533,processed\features\446533_features.csv,1,672,15,23,16,375,0,0.9651227678571429,15,15,1.0,55.069320887442174,19.344378648542566,0,0.0,0,1.0,1.0,1.0,1.0,1,PASS
399678,processed\features\399678_features.csv,1,672,15,23,16,375,0,0.9651227678571429,15,15,1.0,32.66077627155897,18.202548924123967,0,0.0,0,1.0,1.0,1.0,1.0,1,PASS
168221,processed\features\168221_features.csv,1,672,15,23,16,375,0,0.9651227678571429,15,15,1.0,88.37489722104671,13.537748006064097,0,0.0,0,1.0,1.0,1.0,1.0,1,PASS
158600,processed\features\158600_features.csv,1,671,15,23,16,375,0,0.9650707898658718,15,15,1.0,126.33114201912383,69.70628069979712,0,0.0,0,1.0,1.0,1.0,1.0,1,PASS
97019,processed\features\97019_features.csv,1,671,15,23,16,375,0,0.9650707898658718,15,15,1.0,139.64838756824122,56.83105724256109,0,0.0,5,1.0,1.0,1.0,1.0,1,PASS
84476,processed\features\84476_features.csv,1,671,15,23,16,375,0,0.9650707898658718,15,15,1.0,101.13438340269792,39.71913063748306,0,0.0,0,1.0,1.0,1.0,1.0,1,PASS
1314,processed\features\1314_features.csv,1,671,15,23,16,375,0,0.9650707898658718,15,15,1.0,137.88196129678903,38.73210853562205,0,0.0,0,1.0,1.0,1.0,1.0,1,PASS
3376,processed\features\3376_features.csv,1,671,15,23,16,375,0,0.9650707898658718,15,15,1.0,87.96048939693907,31.53457021281759,0,0.0,0,1.0,1.0,1.0,1.0,1,PASS
103410,processed\features\103410_features.csv,1,671,15,23,16,375,0,0.9650707898658718,15,15,1.0,88.20827184427776,30.6916395866509,0,0.0,0,1.0,1.0,1.0,1.0,1,PASS
169455,processed\features\169455_features.csv,1,671,15,23,16,375,0,0.9650707898658718,15,15,1.0,119.93606944132317,27.139719101205095,0,0.0,5,1.0,1.0,1.0,1.0,1,PASS
507707,processed\features\507707_features.csv,1,671,15,23,16,375,0,0.9650707898658718,15,15,1.0,110.11594599026257,27.02745750500712,0,0.0,0,1.0,1.0,1.0,1.0,1,PASS
52589,processed\features\52589_features.csv,1,671,15,23,16,375,0,0.9650707898658718,15,15,1.0,127.95947024123295,23.141499510896963,0,0.0,0,1.0,1.0,1.0,1.0,1,PASS
298739,processed\features\298739_features.csv,1,671,15,23,16,375,0,0.9650707898658718,15,15,1.0,193.3182267481692,21.916673281856834,0,0.0,5,1.0,1.0,1.0,1.0,1,PASS
317334,processed\features\317334_features.csv,1,671,15,23,16,375,0,0.9650707898658718,15,15,1.0,69.34328434628695,20.433925887426653,0,0.0,0,1.0,1.0,1.0,1.0,1,PASS
360487,processed\features\360487_features.csv,1,671,15,23,16,375,0,0.9650707898658718,15,15,1.0,94.29861177974404,20.310747771705095,0,0.0,0,1.0,1.0,1.0,1.0,1,PASS
46968,processed\features\46968_features.csv,1,671,15,23,16,375,0,0.9650707898658718,15,15,1.0,114.96148011846466,20.244147309140384,0,0.0,0,1.0,1.0,1.0,1.0,1,PASS
107813,processed\features\107813_features.csv,1,671,15,23,16,375,0,0.9650707898658718,15,15,1.0,83.55483009642863,19.55057023351337,0,0.0,0,1.0,1.0,1.0,1.0,1,PASS
371549,processed\features\371549_features.csv,1,671,15,23,16,375,0,0.9650707898658718,15,15,1.0,142.10927384163205,18.426209130387548,0,0.0,1,1.0,1.0,1.0,1.0,1,PASS
216640,processed\features\216640_features.csv,1,671,15,23,16,375,0,0.9650707898658718,15,15,1.0,73.06607123305788,18.416983020903082,0,0.0,0,1.0,1.0,1.0,1.0,1,PASS
161230,processed\features\161230_features.csv,1,671,15,23,16,375,0,0.9650707898658718,15,15,1.0,27.774027467282128,18.29983166121001,0,0.0,0,1.0,1.0,1.0,1.0,1,PASS
465689,processed\features\465689_features.csv,1,671,15,23,16,375,0,0.9650707898658718,15,15,1.0,59.600789399393335,16.911408027993875,0,0.0,0,1.0,1.0,1.0,1.0,1,PASS
80966,processed\features\80966_features.csv,1,671,15,23,16,375,0,0.9650707898658718,15,15,1.0,156.9291474122022,11.160534091481361,0,0.0,1,1.0,1.0,1.0,1.0,1,PASS
238647,processed\features\238647_features.csv,1,671,15,23,16,375,0,0.9650707898658718,15,15,1.0,118.06473023024613,11.123075576369416,0,0.0,0,1.0,1.0,1.0,1.0,1,PASS
71143,processed\features\71143_features.csv,1,671,15,23,16,375,0,0.9650707898658718,15,15,1.0,105.51934766539482,10.610498294879926,0,0.0,0,1.0,1.0,1.0,1.0,1,PASS
197012,processed\features\197012_features.csv,1,670,15,23,16,375,0,0.965018656716418,15,15,1.0,94.34037455630252,36.63863889200627,0,0.0,0,1.0,1.0,1.0,1.0,1,PASS
198196,processed\features\198196_features.csv,1,670,15,23,16,375,0,0.965018656716418,15,15,1.0,55.033565042374484,31.23421629611326,0,0.0,0,1.0,1.0,1.0,1.0,1,PASS
414111,processed\features\414111_features.csv,1,670,15,23,16,375,0,0.965018656716418,15,15,1.0,91.99120623608142,30.7693654226262,0,0.0,0,1.0,1.0,1.0,1.0,1,PASS
443245,processed\features\443245_features.csv,1,670,15,23,16,375,0,0.965018656716418,15,15,1.0,69.19792876777181,29.487427082286416,0,0.0,0,1.0,1.0,1.0,1.0,1,PASS
301920,processed\features\301920_features.csv,1,670,15,23,16,375,0,0.965018656716418,15,15,1.0,56.42571879593379,28.59627964764617,0,0.0,0,1.0,1.0,1.0,1.0,1,PASS
262255,processed\features\262255_features.csv,1,670,15,23,16,375,0,0.965018656716418,15,15,1.0,133.7071289116065,25.925177626375643,0,0.0,0,1.0,1.0,1.0,1.0,1,PASS
429926,processed\features\429926_features.csv,1,670,15,23,16,375,0,0.965018656716418,15,15,1.0,60.68281977176959,22.255343607100407,0,0.0,0,1.0,1.0,1.0,1.0,1,PASS
74418,processed\features\74418_features.csv,1,670,15,23,16,375,0,0.965018656716418,15,15,1.0,120.68085675928545,21.20975945192434,0,0.0,5,1.0,1.0,1.0,1.0,1,PASS
245325,processed\features\245325_features.csv,1,670,15,23,16,375,0,0.965018656716418,15,15,1.0,128.1553508257499,18.61409560427343,0,0.0,0,1.0,1.0,1.0,1.0,1,PASS
339117,processed\features\339117_features.csv,1,670,15,23,16,375,0,0.965018656716418,15,15,1.0,41.37959178393467,15.503139938144507,0,0.0,0,1.0,1.0,1.0,1.0,1,PASS
332081,processed\features\332081_features.csv,1,670,15,23,16,375,0,0.965018656716418,15,15,1.0,62.388360471260654,12.570506898345446,0,0.0,0,1.0,1.0,1.0,1.0,1,PASS
47191,processed\features\47191_features.csv,1,670,15,23,16,375,0,0.965018656716418,15,15,1.0,202.09431150294006,12.473024422847672,0,0.0,5,1.0,1.0,1.0,1.0,1,PASS
13277,processed\features\13277_features.csv,1,669,15,23,16,375,0,0.9649663677130045,15,15,1.0,93.58914888122214,53.815001075633916,0,0.0,0,1.0,1.0,1.0,1.0,1,PASS
345801,processed\features\345801_features.csv,1,669,15,23,16,375,0,0.9649663677130045,15,15,1.0,63.77617612841005,38.792044700303876,0,0.0,0,1.0,1.0,1.0,1.0,1,PASS
202833,processed\features\202833_features.csv,1,669,15,23,16,375,0,0.9649663677130045,15,15,1.0,193.34646489423227,33.45797128284473,0,0.0,3,1.0,1.0,1.0,1.0,1,PASS
150451,processed\features\150451_features.csv,1,669,15,23,16,375,0,0.9649663677130045,15,15,1.0,175.30973111009948,31.076055493256366,0,0.0,0,1.0,1.0,1.0,1.0,1,PASS
66708,processed\features\66708_features.csv,1,669,15,23,16,375,0,0.9649663677130045,15,15,1.0,96.27581792460796,30.95003159177851,0,0.0,0,1.0,1.0,1.0,1.0,1,PASS
204274,processed\features\204274_features.csv,1,669,15,23,16,375,0,0.9649663677130045,15,15,1.0,169.44733081046917,30.03302140011558,0,0.0,5,1.0,1.0,1.0,1.0,1,PASS
249919,processed\features\249919_features.csv,1,669,15,23,16,375,0,0.9649663677130045,15,15,1.0,103.31857486763303,26.232436365095587,0,0.0,0,1.0,1.0,1.0,1.0,1,PASS
370961,processed\features\370961_features.csv,1,669,15,23,16,375,0,0.9649663677130045,15,15,1.0,35.3324885913803,25.187549060212408,0,0.0,0,1.0,1.0,1.0,1.0,1,PASS
75550,processed\features\75550_features.csv,1,669,15,23,16,375,0,0.9649663677130045,15,15,1.0,232.16145039766621,24.896599817212255,0,0.0,5,1.0,1.0,1.0,1.0,1,PASS
52465,processed\features\52465_features.csv,1,669,15,23,16,375,0,0.9649663677130045,15,15,1.0,66.2106128284564,22.696025778267582,0,0.0,0,1.0,1.0,1.0,1.0,1,PASS
169646,processed\features\169646_features.csv,1,669,15,23,16,375,0,0.9649663677130045,15,15,1.0,253.03404338868376,21.57580124202694,0,0.0,15,1.0,1.0,1.0,1.0,1,PASS
62846,processed\features\62846_features.csv,1,669,15,23,16,375,0,0.9649663677130045,15,15,1.0,69.88052390245434,9.857783561721515,0,0.0,0,1.0,1.0,1.0,1.0,1,PASS
417238,processed\features\417238_features.csv,1,668,15,23,16,375,0,0.9649139221556886,15,15,1.0,312.6998582926926,346.98941951322365,0,0.0,17,1.0,1.0,1.0,1.0,1,PASS
383402,processed\features\383402_features.csv,1,668,15,23,16,375,0,0.9649139221556886,15,15,1.0,85.60038120040096,51.15868052054165,0,0.0,0,1.0,1.0,1.0,1.0,1,PASS
97294,processed\features\97294_features.csv,1,668,15,23,16,375,0,0.9649139221556886,15,15,1.0,90.79264453618643,46.95992453645077,0,0.0,0,1.0,1.0,1.0,1.0,1,PASS
290756,processed\features\290756_features.csv,1,668,15,23,16,375,0,0.9649139221556886,15,15,1.0,67.06439031153543,32.99144954861002,0,0.0,0,1.0,1.0,1.0,1.0,1,PASS
237794,processed\features\237794_features.csv,1,668,15,23,16,375,0,0.9649139221556886,15,15,1.0,104.63838771173008,30.741551208934283,0,0.0,0,1.0,1.0,1.0,1.0,1,PASS
211235,processed\features\211235_features.csv,1,668,15,23,16,375,0,0.9649139221556886,15,15,1.0,113.62567845526306,30.73090480428806,0,0.0,5,1.0,1.0,1.0,1.0,1,PASS
379657,processed\features\379657_features.csv,1,668,15,23,16,375,0,0.9649139221556886,15,15,1.0,63.04827636904686,28.754595904349777,0,0.0,0,1.0,1.0,1.0,1.0,1,PASS
172830,processed\features\172830_features.csv,1,668,15,23,16,375,0,0.9649139221556886,15,15,1.0,113.6775255851607,21.81158065266424,0,0.0,0,1.0,1.0,1.0,1.0,1,PASS
317627,processed\features\317627_features.csv,1,668,15,23,16,375,0,0.9649139221556886,15,15,1.0,93.72636822839615,21.610796222364613,0,0.0,0,1.0,1.0,1.0,1.0,1,PASS
185381,processed\features\185381_features.csv,1,668,15,23,16,375,0,0.9649139221556886,15,15,1.0,99.62511736350609,19.025890016313767,0,0.0,0,1.0,1.0,1.0,1.0,1,PASS
128099,processed\features\128099_features.csv,1,668,15,23,16,375,0,0.9649139221556886,15,15,1.0,56.92281464135668,18.961105671505113,0,0.0,0,1.0,1.0,1.0,1.0,1,PASS
20428,processed\features\20428_features.csv,1,668,15,23,16,375,0,0.9649139221556886,15,15,1.0,128.49098065018543,17.81304711290935,0,0.0,0,1.0,1.0,1.0,1.0,1,PASS
510686,processed\features\510686_features.csv,1,668,15,23,16,375,0,0.9649139221556886,15,15,1.0,150.4245032687191,16.62702905022027,0,0.0,0,1.0,1.0,1.0,1.0,1,PASS
252068,processed\features\252068_features.csv,1,667,15,23,16,375,0,0.9648613193403298,15,15,1.0,207.99551537059256,65.65451960408517,0,0.0,10,1.0,1.0,1.0,1.0,1,PASS
329708,processed\features\329708_features.csv,1,667,15,23,16,375,0,0.9648613193403298,15,15,1.0,68.42097476352771,59.81537177561492,0,0.0,0,1.0,1.0,1.0,1.0,1,PASS
33748,processed\features\33748_features.csv,1,667,15,23,16,375,0,0.9648613193403298,15,15,1.0,111.59283813712148,51.52644944843734,0,0.0,0,1.0,1.0,1.0,1.0,1,PASS
421745,processed\features\421745_features.csv,1,667,15,23,16,375,0,0.9648613193403298,15,15,1.0,142.0258839456918,48.09863184184961,0,0.0,6,1.0,1.0,1.0,1.0,1,PASS
496338,processed\features\496338_features.csv,1,667,15,23,16,375,0,0.9648613193403298,15,15,1.0,54.01092756859405,39.57615223324275,0,0.0,0,1.0,1.0,1.0,1.0,1,PASS
112951,processed\features\112951_features.csv,1,667,15,23,16,375,0,0.9648613193403298,15,15,1.0,66.11292725603234,36.93884959034277,0,0.0,0,1.0,1.0,1.0,1.0,1,PASS
265794,processed\features\265794_features.csv,1,667,15,23,16,375,0,0.9648613193403298,15,15,1.0,94.07002012565809,28.896725543115373,0,0.0,3,1.0,1.0,1.0,1.0,1,PASS
99835,processed\features\99835_features.csv,1,667,15,23,16,375,0,0.9648613193403298,15,15,1.0,43.51334003535554,24.192778851181302,0,0.0,0,1.0,1.0,1.0,1.0,1,PASS
66112,processed\features\66112_features.csv,1,667,15,23,16,375,0,0.9648613193403298,15,15,1.0,55.21681928605197,23.58015147912062,0,0.0,0,1.0,1.0,1.0,1.0,1,PASS
333323,processed\features\333323_features.csv,1,667,15,23,16,375,0,0.9648613193403298,15,15,1.0,75.42595561588482,23.023352457189745,0,0.0,0,1.0,1.0,1.0,1.0,1,PASS
398599,processed\features\398599_features.csv,1,667,15,23,16,375,0,0.9648613193403298,15,15,1.0,80.71270086347607,22.02280169864227,0,0.0,0,1.0,1.0,1.0,1.0,1,PASS
250527,processed\features\250527_features.csv,1,667,15,23,16,375,0,0.9648613193403298,15,15,1.0,117.97997191797609,21.572103866874567,0,0.0,0,1.0,1.0,1.0,1.0,1,PASS
53624,processed\features\53624_features.csv,1,667,15,23,16,375,0,0.9648613193403298,15,15,1.0,123.39943516183115,21.106405646610803,0,0.0,0,1.0,1.0,1.0,1.0,1,PASS
505566,processed\features\505566_features.csv,1,667,15,23,16,375,0,0.9648613193403298,15,15,1.0,109.2998459561294,20.739982898656038,0,0.0,0,1.0,1.0,1.0,1.0,1,PASS
96548,processed\features\96548_features.csv,1,667,15,23,16,375,0,0.9648613193403298,15,15,1.0,28.009912475724107,20.22456845426956,0,0.0,0,1.0,1.0,1.0,1.0,1,PASS
435826,processed\features\435826_features.csv,1,667,15,23,16,375,0,0.9648613193403298,15,15,1.0,25.873458611004782,19.252992043237878,0,0.0,0,1.0,1.0,1.0,1.0,1,PASS
498000,processed\features\498000_features.csv,1,667,15,23,16,375,0,0.9648613193403298,15,15,1.0,63.75721484488406,18.877191730216424,0,0.0,0,1.0,1.0,1.0,1.0,1,PASS
222172,processed\features\222172_features.csv,1,667,15,23,16,375,0,0.9648613193403298,15,15,1.0,86.0340076054421,17.200616148071255,0,0.0,0,1.0,1.0,1.0,1.0,1,PASS
151708,processed\features\151708_features.csv,1,667,15,23,16,375,0,0.9648613193403298,15,15,1.0,92.01226102515002,16.036675750880054,0,0.0,0,1.0,1.0,1.0,1.0,1,PASS
32970,processed\features\32970_features.csv,1,666,15,23,16,375,0,0.9648085585585585,15,15,1.0,115.28868131169054,107.43859083518414,0,0.0,0,1.0,1.0,1.0,1.0,1,PASS
173797,processed\features\173797_features.csv,1,666,15,23,16,375,0,0.9648085585585585,15,15,1.0,105.94693635522117,53.16053815526466,0,0.0,0,1.0,1.0,1.0,1.0,1,PASS
89188,processed\features\89188_features.csv,1,666,15,23,16,375,0,0.9648085585585585,15,15,1.0,85.43789443708307,50.79331204286273,0,0.0,0,1.0,1.0,1.0,1.0,1,PASS
15483,processed\features\15483_features.csv,1,666,15,23,16,375,0,0.9648085585585585,15,15,1.0,121.33338719930504,49.85731543178729,0,0.0,0,1.0,1.0,1.0,1.0,1,PASS
25901,processed\features\25901_features.csv,1,666,15,23,16,375,0,0.9648085585585585,15,15,1.0,67.97032542006617,43.690963999735104,0,0.0,0,1.0,1.0,1.0,1.0,1,PASS
120053,processed\features\120053_features.csv,1,666,15,23,16,375,0,0.9648085585585585,15,15,1.0,69.98098418846165,33.1330775940734,0,0.0,0,1.0,1.0,1.0,1.0,1,PASS
452815,processed\features\452815_features.csv,1,666,15,23,16,375,0,0.9648085585585585,15,15,1.0,84.76883732108045,32.070825790906056,0,0.0,0,1.0,1.0,1.0,1.0,1,PASS
180374,processed\features\180374_features.csv,1,666,15,23,16,375,0,0.9648085585585585,15,15,1.0,398.7062841922138,31.483009248623485,0,0.0,61,1.0,1.0,1.0,1.0,1,PASS
140123,processed\features\140123_features.csv,1,666,15,23,16,375,0,0.9648085585585585,15,15,1.0,71.57091387932351,27.80202648329174,0,0.0,0,1.0,1.0,1.0,1.0,1,PASS
493827,processed\features\493827_features.csv,1,666,15,23,16,375,0,0.9648085585585585,15,15,1.0,69.87975846590277,27.1926998198171,0,0.0,0,1.0,1.0,1.0,1.0,1,PASS
345560,processed\features\345560_features.csv,1,666,15,23,16,375,0,0.9648085585585585,15,15,1.0,46.15769235377769,23.904435667963465,0,0.0,0,1.0,1.0,1.0,1.0,1,PASS
335669,processed\features\335669_features.csv,1,666,15,23,16,375,0,0.9648085585585585,15,15,1.0,98.93129162602214,23.206048226501586,0,0.0,0,1.0,1.0,1.0,1.0,1,PASS
83403,processed\features\83403_features.csv,1,666,15,23,16,375,0,0.9648085585585585,15,15,1.0,101.35251750046653,22.91712806089147,0,0.0,0,1.0,1.0,1.0,1.0,1,PASS
515529,processed\features\515529_features.csv,1,666,15,23,16,375,0,0.9648085585585585,15,15,1.0,187.96259600667082,22.102919021850976,0,0.0,10,1.0,1.0,1.0,1.0,1,PASS
498459,processed\features\498459_features.csv,1,666,15,23,16,375,0,0.9648085585585585,15,15,1.0,48.132639106359285,14.268189394093785,0,0.0,0,1.0,1.0,1.0,1.0,1,PASS
21253,processed\features\21253_features.csv,1,666,15,23,16,375,0,0.9648085585585585,15,15,1.0,79.22052672655519,12.644518332495919,0,0.0,0,1.0,1.0,1.0,1.0,1,PASS
351120,processed\features\351120_features.csv,1,665,15,23,16,375,0,0.9647556390977443,15,15,1.0,155.26488715647352,75.56663773245029,0,0.0,5,1.0,1.0,1.0,1.0,1,PASS
32176,processed\features\32176_features.csv,1,665,15,23,16,375,0,0.9647556390977443,15,15,1.0,277.5250948669194,47.5949914280979,0,0.0,16,1.0,1.0,1.0,1.0,1,PASS
317698,processed\features\317698_features.csv,1,665,15,23,16,375,0,0.9647556390977443,15,15,1.0,75.47175248359804,47.15723495985287,0,0.0,0,1.0,1.0,1.0,1.0,1,PASS
364201,processed\features\364201_features.csv,1,665,15,23,16,375,0,0.9647556390977443,15,15,1.0,81.80377989602448,40.81689997559966,0,0.0,0,1.0,1.0,1.0,1.0,1,PASS
226869,processed\features\226869_features.csv,1,665,15,23,16,375,0,0.9647556390977443,15,15,1.0,61.49301700165217,38.341680443952676,0,0.0,0,1.0,1.0,1.0,1.0,1,PASS
89329,processed\features\89329_features.csv,1,665,15,23,16,375,0,0.9647556390977443,15,15,1.0,94.8324015420265,35.49770462783326,0,0.0,0,1.0,1.0,1.0,1.0,1,PASS
95199,processed\features\95199_features.csv,1,665,15,23,16,375,0,0.9647556390977443,15,15,1.0,75.64435804320365,31.828236898313317,0,0.0,0,1.0,1.0,1.0,1.0,1,PASS
14519,processed\features\14519_features.csv,1,665,15,23,16,375,0,0.9647556390977443,15,15,1.0,40.209121206704665,30.29824578340864,0,0.0,0,1.0,1.0,1.0,1.0,1,PASS
241112,processed\features\241112_features.csv,1,665,15,23,16,375,0,0.9647556390977443,15,15,1.0,46.77235894787796,30.252045922653586,0,0.0,0,1.0,1.0,1.0,1.0,1,PASS
229488,processed\features\229488_features.csv,1,665,15,23,16,375,0,0.9647556390977443,15,15,1.0,106.72380073998136,29.80266341018767,0,0.0,0,1.0,1.0,1.0,1.0,1,PASS
297606,processed\features\297606_features.csv,1,665,15,23,16,375,0,0.9647556390977443,15,15,1.0,157.533217937166,29.290399026801616,0,0.0,0,1.0,1.0,1.0,1.0,1,PASS
98929,processed\features\98929_features.csv,1,665,15,23,16,375,0,0.9647556390977443,15,15,1.0,141.93490654637156,28.49035741621367,0,0.0,1,1.0,1.0,1.0,1.0,1,PASS
8929,processed\features\8929_features.csv,1,665,15,23,16,375,0,0.9647556390977443,15,15,1.0,85.65371876748982,26.234350739053486,0,0.0,0,1.0,1.0,1.0,1.0,1,PASS
180322,processed\features\180322_features.csv,1,665,15,23,16,375,0,0.9647556390977443,15,15,1.0,115.09324082123011,22.386599965845747,0,0.0,0,1.0,1.0,1.0,1.0,1,PASS
116120,processed\features\116120_features.csv,1,665,15,23,16,375,0,0.9647556390977443,15,15,1.0,152.07250066932258,17.934889768126123,0,0.0,2,1.0,1.0,1.0,1.0,1,PASS
150805,processed\features\150805_features.csv,1,665,15,23,16,375,0,0.9647556390977443,15,15,1.0,70.63073188323453,17.770940079029103,0,0.0,0,1.0,1.0,1.0,1.0,1,PASS
227986,processed\features\227986_features.csv,1,665,15,23,16,375,0,0.9647556390977443,15,15,1.0,55.85709267261651,16.240265635288452,0,0.0,0,1.0,1.0,1.0,1.0,1,PASS
231875,processed\features\231875_features.csv,1,665,15,23,16,375,0,0.9647556390977443,15,15,1.0,129.19903081340027,14.193663772612886,0,0.0,0,1.0,1.0,1.0,1.0,1,PASS
226110,processed\features\226110_features.csv,1,665,15,23,16,375,0,0.9647556390977443,15,15,1.0,82.36110122862024,12.048593671060862,0,0.0,0,1.0,1.0,1.0,1.0,1,PASS
375905,processed\features\375905_features.csv,1,664,15,23,16,375,0,0.9647025602409639,15,15,1.0,83.77891484565234,67.8435417860898,0,0.0,0,1.0,1.0,1.0,1.0,1,PASS
149903,processed\features\149903_features.csv,1,664,15,23,16,375,0,0.9647025602409639,15,15,1.0,75.38661534295329,49.312062119541494,0,0.0,0,1.0,1.0,1.0,1.0,1,PASS
52656,processed\features\52656_features.csv,1,664,15,23,16,375,0,0.9647025602409639,15,15,1.0,287089.4728350489,42.88340760617132,0,0.0,2,1.0,1.0,1.0,1.0,1,PASS
441457,processed\features\441457_features.csv,1,664,15,23,16,375,0,0.9647025602409639,15,15,1.0,79.65474456204726,38.723487589233834,0,0.0,0,1.0,1.0,1.0,1.0,1,PASS
11290,processed\features\11290_features.csv,1,664,15,23,16,375,0,0.9647025602409639,15,15,1.0,64.91722078423439,34.3312666972585,0,0.0,0,1.0,1.0,1.0,1.0,1,PASS
357417,processed\features\357417_features.csv,1,664,15,23,16,375,0,0.9647025602409639,15,15,1.0,97.44252670523895,33.056630101376506,0,0.0,0,1.0,1.0,1.0,1.0,1,PASS
161291,processed\features\161291_features.csv,1,664,15,23,16,375,0,0.9647025602409639,15,15,1.0,34.55827806967224,26.929399417079445,0,0.0,0,1.0,1.0,1.0,1.0,1,PASS
378825,processed\features\378825_features.csv,1,664,15,23,16,375,0,0.9647025602409639,15,15,1.0,47.40260812027477,24.950902698897714,0,0.0,0,1.0,1.0,1.0,1.0,1,PASS
251312,processed\features\251312_features.csv,1,664,15,23,16,375,0,0.9647025602409639,15,15,1.0,38.432056370613125,24.69391950276087,0,0.0,0,1.0,1.0,1.0,1.0,1,PASS
327881,processed\features\327881_features.csv,1,664,15,23,16,375,0,0.9647025602409639,15,15,1.0,66.45776846699532,20.478595358272624,0,0.0,0,1.0,1.0,1.0,1.0,1,PASS
301008,processed\features\301008_features.csv,1,664,15,23,16,375,0,0.9647025602409639,15,15,1.0,56.24594919066319,17.2645569308867,0,0.0,0,1.0,1.0,1.0,1.0,1,PASS
37423,processed\features\37423_features.csv,1,664,15,23,16,375,0,0.9647025602409639,15,15,1.0,61.91406702884245,16.474790798352448,0,0.0,0,1.0,1.0,1.0,1.0,1,PASS
377858,processed\features\377858_features.csv,1,664,15,23,16,375,0,0.9647025602409639,15,15,1.0,54.28249695437812,12.40101444390417,0,0.0,0,1.0,1.0,1.0,1.0,1,PASS
29603,processed\features\29603_features.csv,1,663,15,23,16,375,0,0.9646493212669683,15,15,1.0,75.7992094540665,76.43967055921856,0,0.0,0,1.0,1.0,1.0,1.0,1,PASS
482528,processed\features\482528_features.csv,1,663,15,23,16,375,0,0.9646493212669683,15,15,1.0,86.5948248478643,65.25227671807002,0,0.0,0,1.0,1.0,1.0,1.0,1,PASS
61007,processed\features\61007_features.csv,1,663,15,23,16,375,0,0.9646493212669683,15,15,1.0,93.89025082688141,53.67655121905522,0,0.0,0,1.0,1.0,1.0,1.0,1,PASS
359775,processed\features\359775_features.csv,1,663,15,23,16,375,0,0.9646493212669683,15,15,1.0,55.88912066929153,34.910745364196906,0,0.0,0,1.0,1.0,1.0,1.0,1,PASS
179371,processed\features\179371_features.csv,1,663,15,23,16,375,0,0.9646493212669683,15,15,1.0,122.43237016616082,32.579392429517966,0,0.0,0,1.0,1.0,1.0,1.0,1,PASS
73654,processed\features\73654_features.csv,1,663,15,23,16,375,0,0.9646493212669683,15,15,1.0,177.4668880777666,29.9803116768717,0,0.0,9,1.0,1.0,1.0,1.0,1,PASS
59600,processed\features\59600_features.csv,1,663,15,23,16,375,0,0.9646493212669683,15,15,1.0,62.08472902959292,29.650480132919295,0,0.0,0,1.0,1.0,1.0,1.0,1,PASS
146311,processed\features\146311_features.csv,1,663,15,23,16,375,0,0.9646493212669683,15,15,1.0,47.25866441877268,25.085152013666395,0,0.0,0,1.0,1.0,1.0,1.0,1,PASS
135437,processed\features\135437_features.csv,1,663,15,23,16,375,0,0.9646493212669683,15,15,1.0,78.42515452057465,25.08339670224369,0,0.0,0,1.0,1.0,1.0,1.0,1,PASS
412142,processed\features\412142_features.csv,1,663,15,23,16,375,0,0.9646493212669683,15,15,1.0,82.01327416440206,24.62103715297588,0,0.0,0,1.0,1.0,1.0,1.0,1,PASS
401819,processed\features\401819_features.csv,1,663,15,23,16,375,0,0.9646493212669683,15,15,1.0,126.97270510761052,19.397787136568567,0,0.0,1,1.0,1.0,1.0,1.0,1,PASS
172999,processed\features\172999_features.csv,1,663,15,23,16,375,0,0.9646493212669683,15,15,1.0,169.23473086050984,14.222015456704234,0,0.0,0,1.0,1.0,1.0,1.0,1,PASS
153287,processed\features\153287_features.csv,1,662,15,23,16,375,0,0.964595921450151,15,15,1.0,103.4611024485491,46.6320787337048,0,0.0,0,1.0,1.0,1.0,1.0,1,PASS
389802,processed\features\389802_features.csv,1,662,15,23,16,375,0,0.964595921450151,15,15,1.0,123.83702613344636,37.82206571042009,0,0.0,5,1.0,1.0,1.0,1.0,1,PASS
259075,processed\features\259075_features.csv,1,662,15,23,16,375,0,0.964595921450151,15,15,1.0,154.02701858914668,32.82044709099098,0,0.0,5,1.0,1.0,1.0,1.0,1,PASS
94872,processed\features\94872_features.csv,1,662,15,23,16,375,0,0.964595921450151,15,15,1.0,86.92780467642979,32.50894392650714,0,0.0,0,1.0,1.0,1.0,1.0,1,PASS
75984,processed\features\75984_features.csv,1,662,15,23,16,375,0,0.964595921450151,15,15,1.0,64.99616790500257,26.491255812150087,0,0.0,0,1.0,1.0,1.0,1.0,1,PASS
273437,processed\features\273437_features.csv,1,662,15,23,16,375,0,0.964595921450151,15,15,1.0,104.4651368185169,23.987750837203528,0,0.0,0,1.0,1.0,1.0,1.0,1,PASS
280839,processed\features\280839_features.csv,1,662,15,23,16,375,0,0.964595921450151,15,15,1.0,365.8644088877096,23.28160160395462,0,0.0,37,1.0,1.0,1.0,1.0,1,PASS
270995,processed\features\270995_features.csv,1,662,15,23,16,375,0,0.964595921450151,15,15,1.0,125.4180406889116,23.26205711126278,0,0.0,5,1.0,1.0,1.0,1.0,1,PASS
435436,processed\features\435436_features.csv,1,662,15,23,16,375,0,0.964595921450151,15,15,1.0,113.63642711777675,23.04284753253134,0,0.0,0,1.0,1.0,1.0,1.0,1,PASS
38769,processed\features\38769_features.csv,1,662,15,23,16,375,0,0.964595921450151,15,15,1.0,190.64181921847938,21.86432568883136,0,0.0,6,1.0,1.0,1.0,1.0,1,PASS
26048,processed\features\26048_features.csv,1,662,15,23,16,375,0,0.964595921450151,15,15,1.0,62.87913474952765,21.518131854988383,0,0.0,0,1.0,1.0,1.0,1.0,1,PASS
164900,processed\features\164900_features.csv,1,662,15,23,16,375,0,0.964595921450151,15,15,1.0,124.2568470315177,20.974090040395073,0,0.0,0,1.0,1.0,1.0,1.0,1,PASS
450359,processed\features\450359_features.csv,1,662,15,23,16,375,0,0.964595921450151,15,15,1.0,232.0437106202535,20.735506523573868,0,0.0,5,1.0,1.0,1.0,1.0,1,PASS
303496,processed\features\303496_features.csv,1,662,15,23,16,375,0,0.964595921450151,15,15,1.0,125.79853421647205,19.709213313777642,0,0.0,0,1.0,1.0,1.0,1.0,1,PASS
258903,processed\features\258903_features.csv,1,662,15,23,16,375,0,0.964595921450151,15,15,1.0,146.21360218819106,16.819994056235235,0,0.0,0,1.0,1.0,1.0,1.0,1,PASS
131916,processed\features\131916_features.csv,1,661,15,23,16,375,0,0.9645423600605144,15,15,1.0,86.59723943561119,86.05813883002386,0,0.0,0,1.0,1.0,1.0,1.0,1,PASS
415416,processed\features\415416_features.csv,1,661,15,23,16,375,0,0.9645423600605144,15,15,1.0,89.13214749225807,70.32608156498426,0,0.0,0,1.0,1.0,1.0,1.0,1,PASS
323920,processed\features\323920_features.csv,1,661,15,23,16,375,0,0.9645423600605144,15,15,1.0,274094.68011160224,60.46802404394835,0,0.0,2,1.0,1.0,1.0,1.0,1,PASS
225764,processed\features\225764_features.csv,1,661,15,23,16,375,0,0.9645423600605144,15,15,1.0,74.89761147557361,42.544998037653826,0,0.0,0,1.0,1.0,1.0,1.0,1,PASS
86114,processed\features\86114_features.csv,1,661,15,23,16,375,0,0.9645423600605144,15,15,1.0,122.97179117710525,34.2778292261348,0,0.0,0,1.0,1.0,1.0,1.0,1,PASS
378922,processed\features\378922_features.csv,1,661,15,23,16,375,0,0.9645423600605144,15,15,1.0,59.80668452737169,24.652666537022444,0,0.0,0,1.0,1.0,1.0,1.0,1,PASS
407852,processed\features\407852_features.csv,1,661,15,23,16,375,0,0.9645423600605144,15,15,1.0,125.4492343085527,23.284813534408432,0,0.0,0,1.0,1.0,1.0,1.0,1,PASS
38310,processed\features\38310_features.csv,1,661,15,23,16,375,0,0.9645423600605144,15,15,1.0,162.68149056279674,21.928317212548542,0,0.0,5,1.0,1.0,1.0,1.0,1,PASS
495531,processed\features\495531_features.csv,1,661,15,23,16,375,0,0.9645423600605144,15,15,1.0,89.86236476224245,19.615753694330895,0,0.0,0,1.0,1.0,1.0,1.0,1,PASS
365429,processed\features\365429_features.csv,1,661,15,23,16,375,0,0.9645423600605144,15,15,1.0,197.602914199333,19.613294343631367,0,0.0,5,1.0,1.0,1.0,1.0,1,PASS
132209,processed\features\132209_features.csv,1,661,15,23,16,375,0,0.9645423600605144,15,15,1.0,71.91908735341036,18.60602281177312,0,0.0,0,1.0,1.0,1.0,1.0,1,PASS
197365,processed\features\197365_features.csv,1,661,15,23,16,375,0,0.9645423600605144,15,15,1.0,80.12018292147583,14.77344765519063,0,0.0,0,1.0,1.0,1.0,1.0,1,PASS
143711,processed\features\143711_features.csv,1,661,15,23,16,375,0,0.9645423600605144,15,15,1.0,99.11331140605722,14.460839587734355,0,0.0,0,1.0,1.0,1.0,1.0,1,PASS
334625,processed\features\334625_features.csv,1,661,15,23,16,375,0,0.9645423600605144,15,15,1.0,71.53070900787064,12.4375612095391,0,0.0,0,1.0,1.0,1.0,1.0,1,PASS
501078,processed\features\501078_features.csv,1,660,15,23,16,375,0,0.9644886363636364,15,15,1.0,133.95208428529048,132.94012313214648,0,0.0,4,1.0,1.0,1.0,1.0,1,PASS
399276,processed\features\399276_features.csv,1,660,15,23,16,375,0,0.9644886363636364,15,15,1.0,75.10155992210592,85.58251976051777,0,0.0,0,1.0,1.0,1.0,1.0,1,PASS
142851,processed\features\142851_features.csv,1,660,15,23,16,375,0,0.9644886363636364,15,15,1.0,110.44310360198534,55.601800418980645,0,0.0,0,1.0,1.0,1.0,1.0,1,PASS
4125,processed\features\4125_features.csv,1,660,15,23,16,375,0,0.9644886363636364,15,15,1.0,81.19330407348185,46.8888307595611,0,0.0,0,1.0,1.0,1.0,1.0,1,PASS
299869,processed\features\299869_features.csv,1,660,15,23,16,375,0,0.9644886363636364,15,15,1.0,130.94074046968882,43.18828002548567,0,0.0,0,1.0,1.0,1.0,1.0,1,PASS
65124,processed\features\65124_features.csv,1,660,15,23,16,375,0,0.9644886363636364,15,15,1.0,85.03233399813158,29.123561357297177,0,0.0,0,1.0,1.0,1.0,1.0,1,PASS
184924,processed\features\184924_features.csv,1,660,15,23,16,375,0,0.9644886363636364,15,15,1.0,50.57703155108233,25.472016483068728,0,0.0,0,1.0,1.0,1.0,1.0,1,PASS
243242,processed\features\243242_features.csv,1,660,15,23,16,375,0,0.9644886363636364,15,15,1.0,78.51711564575328,25.08197580635074,0,0.0,0,1.0,1.0,1.0,1.0,1,PASS
153948,processed\features\153948_features.csv,1,660,15,23,16,375,0,0.9644886363636364,15,15,1.0,128.7067138102948,19.616118925036147,0,0.0,0,1.0,1.0,1.0,1.0,1,PASS
199331,processed\features\199331_features.csv,1,660,15,23,16,375,0,0.9644886363636364,15,15,1.0,82.30940419309317,17.606373529335947,0,0.0,0,1.0,1.0,1.0,1.0,1,PASS
335839,processed\features\335839_features.csv,1,660,15,23,16,375,0,0.9644886363636364,15,15,1.0,112.35795159661589,15.017575910755518,0,0.0,0,1.0,1.0,1.0,1.0,1,PASS
160036,processed\features\160036_features.csv,1,660,15,23,16,375,0,0.9644886363636364,15,15,1.0,107.02789949376105,8.919360043251503,0,0.0,0,1.0,1.0,1.0,1.0,1,PASS
502837,processed\features\502837_features.csv,1,659,15,23,16,375,0,0.9644347496206374,15,15,1.0,118.80041600462067,44.9748967173994,0,0.0,0,1.0,1.0,1.0,1.0,1,PASS
485066,processed\features\485066_features.csv,1,659,15,23,16,375,0,0.9644347496206374,15,15,1.0,156.64369826974686,42.93764373686086,0,0.0,4,1.0,1.0,1.0,1.0,1,PASS
93897,processed\features\93897_features.csv,1,659,15,23,16,375,0,0.9644347496206374,15,15,1.0,102.74879411808061,42.15763336823922,0,0.0,0,1.0,1.0,1.0,1.0,1,PASS
95765,processed\features\95765_features.csv,1,659,15,23,16,375,0,0.9644347496206374,15,15,1.0,186.77959152550375,30.87298045670276,0,0.0,0,1.0,1.0,1.0,1.0,1,PASS
119723,processed\features\119723_features.csv,1,659,15,23,16,375,0,0.9644347496206374,15,15,1.0,64.72916528670783,27.685125389269945,0,0.0,0,1.0,1.0,1.0,1.0,1,PASS
322971,processed\features\322971_features.csv,1,659,15,23,16,375,0,0.9644347496206374,15,15,1.0,51.40056026293253,21.48133934000464,0,0.0,0,1.0,1.0,1.0,1.0,1,PASS
317987,processed\features\317987_features.csv,1,659,15,23,16,375,0,0.9644347496206374,15,15,1.0,63.75703818271768,21.055656797209544,0,0.0,0,1.0,1.0,1.0,1.0,1,PASS
50516,processed\features\50516_features.csv,1,659,15,23,16,375,0,0.9644347496206374,15,15,1.0,51.534437244243904,20.734614407352723,0,0.0,0,1.0,1.0,1.0,1.0,1,PASS
367295,processed\features\367295_features.csv,1,659,15,23,16,375,0,0.9644347496206374,15,15,1.0,112.95186975282226,19.292653102183056,0,0.0,0,1.0,1.0,1.0,1.0,1,PASS
321521,processed\features\321521_features.csv,1,659,15,23,16,375,0,0.9644347496206374,15,15,1.0,127.04991763610958,19.064764752174924,0,0.0,5,1.0,1.0,1.0,1.0,1,PASS
339053,processed\features\339053_features.csv,1,659,15,23,16,375,0,0.9644347496206374,15,15,1.0,115.07331414685268,17.784380050613407,0,0.0,0,1.0,1.0,1.0,1.0,1,PASS
484172,processed\features\484172_features.csv,1,659,15,23,16,375,0,0.9644347496206374,15,15,1.0,159.54978096858517,16.55376221796032,0,0.0,11,1.0,1.0,1.0,1.0,1,PASS
151661,processed\features\151661_features.csv,1,658,15,23,16,375,0,0.9643806990881459,15,15,1.0,63.760568993407425,33.97850613619869,0,0.0,0,1.0,1.0,1.0,1.0,1,PASS
112167,processed\features\112167_features.csv,1,658,15,23,16,375,0,0.9643806990881459,15,15,1.0,89.34170196441553,30.561531208571125,0,0.0,0,1.0,1.0,1.0,1.0,1,PASS
229282,processed\features\229282_features.csv,1,658,15,23,16,375,0,0.9643806990881459,15,15,1.0,77.43371427261177,28.49565138896189,0,0.0,0,1.0,1.0,1.0,1.0,1,PASS
927,processed\features\927_features.csv,1,658,15,23,16,375,0,0.9643806990881459,15,15,1.0,120.5870438598469,28.43554170005893,0,0.0,0,1.0,1.0,1.0,1.0,1,PASS
96828,processed\features\96828_features.csv,1,658,15,23,16,375,0,0.9643806990881459,15,15,1.0,107.0073488423811,26.600772987225497,0,0.0,0,1.0,1.0,1.0,1.0,1,PASS
52892,processed\features\52892_features.csv,1,658,15,23,16,375,0,0.9643806990881459,15,15,1.0,97.6840252172957,24.494458560840386,0,0.0,0,1.0,1.0,1.0,1.0,1,PASS
96786,processed\features\96786_features.csv,1,658,15,23,16,375,0,0.9643806990881459,15,15,1.0,54.18807139996842,22.28949650696599,0,0.0,0,1.0,1.0,1.0,1.0,1,PASS
164080,processed\features\164080_features.csv,1,658,15,23,16,375,0,0.9643806990881459,15,15,1.0,98.49252758152352,21.593451978671908,0,0.0,0,1.0,1.0,1.0,1.0,1,PASS
67580,processed\features\67580_features.csv,1,658,15,23,16,375,0,0.9643806990881459,15,15,1.0,138.8257755211749,21.349964094026767,0,0.0,0,1.0,1.0,1.0,1.0,1,PASS
209615,processed\features\209615_features.csv,1,658,15,23,16,375,0,0.9643806990881459,15,15,1.0,99.40353555682204,19.43109173671521,0,0.0,4,1.0,1.0,1.0,1.0,1,PASS
157743,processed\features\157743_features.csv,1,658,15,23,16,375,0,0.9643806990881459,15,15,1.0,54.680579779273785,16.404459172993825,0,0.0,0,1.0,1.0,1.0,1.0,1,PASS
292855,processed\features\292855_features.csv,1,657,15,23,16,375,0,0.9643264840182648,15,15,1.0,42.95544954830952,33.16022821194602,0,0.0,0,1.0,1.0,1.0,1.0,1,PASS
312881,processed\features\312881_features.csv,1,657,15,23,16,375,0,0.9643264840182648,15,15,1.0,87.1289222112386,32.46046458462935,0,0.0,0,1.0,1.0,1.0,1.0,1,PASS
135171,processed\features\135171_features.csv,1,657,15,23,16,375,0,0.9643264840182648,15,15,1.0,134.86656518179558,32.02918520386578,0,0.0,1,1.0,1.0,1.0,1.0,1,PASS
119597,processed\features\119597_features.csv,1,657,15,23,16,375,0,0.9643264840182648,15,15,1.0,60.48464815793994,31.556203773420343,0,0.0,0,1.0,1.0,1.0,1.0,1,PASS
18961,processed\features\18961_features.csv,1,657,15,23,16,375,0,0.9643264840182648,15,15,1.0,50.613797602794556,26.906646112704895,0,0.0,0,1.0,1.0,1.0,1.0,1,PASS
280568,processed\features\280568_features.csv,1,657,15,23,16,375,0,0.9643264840182648,15,15,1.0,68.2933798602667,23.441362948773012,0,0.0,0,1.0,1.0,1.0,1.0,1,PASS
478595,processed\features\478595_features.csv,1,657,15,23,16,375,0,0.9643264840182648,15,15,1.0,78.46383385575464,14.620665690732187,0,0.0,0,1.0,1.0,1.0,1.0,1,PASS
498571,processed\features\498571_features.csv,1,657,15,23,16,375,0,0.9643264840182648,15,15,1.0,58.72968839332496,12.874049582177081,0,0.0,0,1.0,1.0,1.0,1.0,1,PASS
467616,processed\features\467616_features.csv,1,657,15,23,16,375,0,0.9643264840182648,15,15,1.0,165.6150875508808,9.67049175855065,0,0.0,10,1.0,1.0,1.0,1.0,1,PASS
224006,processed\features\224006_features.csv,1,656,15,23,16,375,0,0.9642721036585366,15,15,1.0,68.98202113925444,62.750030182876856,0,0.0,0,1.0,1.0,1.0,1.0,1,PASS
128198,processed\features\128198_features.csv,1,656,15,23,16,375,0,0.9642721036585366,15,15,1.0,93.45412047770091,46.43482377225493,0,0.0,0,1.0,1.0,1.0,1.0,1,PASS
268236,processed\features\268236_features.csv,1,656,15,23,16,375,0,0.9642721036585366,15,15,1.0,59.74337205412566,40.24876236574975,0,0.0,0,1.0,1.0,1.0,1.0,1,PASS
351128,processed\features\351128_features.csv,1,656,15,23,16,375,0,0.9642721036585366,15,15,1.0,162.63726598252794,38.147674543308106,0,0.0,4,1.0,1.0,1.0,1.0,1,PASS
373786,processed\features\373786_features.csv,1,656,15,23,16,375,0,0.9642721036585366,15,15,1.0,77.11935252163936,26.312689359685514,0,0.0,0,1.0,1.0,1.0,1.0,1,PASS
501163,processed\features\501163_features.csv,1,656,15,23,16,375,0,0.9642721036585366,15,15,1.0,189.98127039422832,24.148996551742997,0,0.0,11,1.0,1.0,1.0,1.0,1,PASS
259908,processed\features\259908_features.csv,1,656,15,23,16,375,0,0.9642721036585366,15,15,1.0,68.1587944169667,22.878440946970695,0,0.0,0,1.0,1.0,1.0,1.0,1,PASS
216110,processed\features\216110_features.csv,1,656,15,23,16,375,0,0.9642721036585366,15,15,1.0,169.16215106910252,21.923374464034737,0,0.0,1,1.0,1.0,1.0,1.0,1,PASS
365399,processed\features\365399_features.csv,1,656,15,23,16,375,0,0.9642721036585366,15,15,1.0,24.728551595545362,16.891407439631166,0,0.0,0,1.0,1.0,1.0,1.0,1,PASS
224202,processed\features\224202_features.csv,1,656,15,23,16,375,0,0.9642721036585366,15,15,1.0,91.33840056046137,14.000430964385934,0,0.0,0,1.0,1.0,1.0,1.0,1,PASS
52140,processed\features\52140_features.csv,1,656,15,23,16,375,0,0.9642721036585366,15,15,1.0,36.52681548811599,11.247831167462204,0,0.0,0,1.0,1.0,1.0,1.0,1,PASS
185325,processed\features\185325_features.csv,1,655,15,23,16,375,0,0.9642175572519084,15,15,1.0,232.84075985817586,84.29887394285689,0,0.0,10,1.0,1.0,1.0,1.0,1,PASS
252674,processed\features\252674_features.csv,1,655,15,23,16,375,0,0.9642175572519084,15,15,1.0,107.32498419217927,62.40840877596815,0,0.0,0,1.0,1.0,1.0,1.0,1,PASS
201302,processed\features\201302_features.csv,1,655,15,23,16,375,0,0.9642175572519084,15,15,1.0,92.9948959445911,46.093012914613205,0,0.0,0,1.0,1.0,1.0,1.0,1,PASS
23134,processed\features\23134_features.csv,1,655,15,23,16,375,0,0.9642175572519084,15,15,1.0,130.34184791730024,35.83533003460644,0,0.0,0,1.0,1.0,1.0,1.0,1,PASS
268036,processed\features\268036_features.csv,1,655,15,23,16,375,0,0.9642175572519084,15,15,1.0,152.90980702678644,35.737133534146885,0,0.0,6,1.0,1.0,1.0,1.0,1,PASS
445688,processed\features\445688_features.csv,1,655,15,23,16,375,0,0.9642175572519084,15,15,1.0,60.78257253115728,34.82297929560875,0,0.0,0,1.0,1.0,1.0,1.0,1,PASS
85887,processed\features\85887_features.csv,1,655,15,23,16,375,0,0.9642175572519084,15,15,1.0,87.04713605623105,33.48758419720778,0,0.0,0,1.0,1.0,1.0,1.0,1,PASS
170478,processed\features\170478_features.csv,1,655,15,23,16,375,0,0.9642175572519084,15,15,1.0,251.34023652317234,31.980482595966034,0,0.0,24,1.0,1.0,1.0,1.0,1,PASS
156352,processed\features\156352_features.csv,1,655,15,23,16,375,0,0.9642175572519084,15,15,1.0,45.79452320420089,21.452162562102362,0,0.0,0,1.0,1.0,1.0,1.0,1,PASS
141287,processed\features\141287_features.csv,1,655,15,23,16,375,0,0.9642175572519084,15,15,1.0,55.501377159603564,17.89644996410961,0,0.0,0,1.0,1.0,1.0,1.0,1,PASS
391064,processed\features\391064_features.csv,1,655,15,23,16,375,0,0.9642175572519084,15,15,1.0,120.8441518094424,17.05250791246233,0,0.0,1,1.0,1.0,1.0,1.0,1,PASS
338502,processed\features\338502_features.csv,1,655,15,23,16,375,0,0.9642175572519084,15,15,1.0,55.83646676303646,14.83392478718633,0,0.0,0,1.0,1.0,1.0,1.0,1,PASS
332391,processed\features\332391_features.csv,1,654,15,23,16,375,0,0.9641628440366973,15,15,1.0,167.56867706776924,69.08092448318723,0,0.0,0,1.0,1.0,1.0,1.0,1,PASS
104646,processed\features\104646_features.csv,1,654,15,23,16,375,0,0.9641628440366973,15,15,1.0,44.5132178468165,28.749672352378425,0,0.0,0,1.0,1.0,1.0,1.0,1,PASS
134161,processed\features\134161_features.csv,1,654,15,23,16,375,0,0.9641628440366973,15,15,1.0,195.06543506452206,25.441969723518252,0,0.0,7,1.0,1.0,1.0,1.0,1,PASS
321370,processed\features\321370_features.csv,1,654,15,23,16,375,0,0.9641628440366973,15,15,1.0,103.28203458362509,25.342810287513267,0,0.0,0,1.0,1.0,1.0,1.0,1,PASS
467015,processed\features\467015_features.csv,1,654,15,23,16,375,0,0.9641628440366973,15,15,1.0,165.85573735858952,24.67920947647375,0,0.0,5,1.0,1.0,1.0,1.0,1,PASS
211424,processed\features\211424_features.csv,1,654,15,23,16,375,0,0.9641628440366973,15,15,1.0,58.275789928147745,24.416171711256375,0,0.0,0,1.0,1.0,1.0,1.0,1,PASS
22375,processed\features\22375_features.csv,1,654,15,23,16,375,0,0.9641628440366973,15,15,1.0,124.51266886140561,23.915637442074445,0,0.0,5,1.0,1.0,1.0,1.0,1,PASS
81975,processed\features\81975_features.csv,1,654,15,23,16,375,0,0.9641628440366973,15,15,1.0,61.51516156924172,23.359757405491315,0,0.0,0,1.0,1.0,1.0,1.0,1,PASS
68518,processed\features\68518_features.csv,1,654,15,23,16,375,0,0.9641628440366973,15,15,1.0,93.84123915853777,22.651022643281667,0,0.0,0,1.0,1.0,1.0,1.0,1,PASS
109591,processed\features\109591_features.csv,1,654,15,23,16,375,0,0.9641628440366973,15,15,1.0,35.46061474340876,22.06610333333233,0,0.0,0,1.0,1.0,1.0,1.0,1,PASS
362275,processed\features\362275_features.csv,1,654,15,23,16,375,0,0.9641628440366973,15,15,1.0,130.07598636212293,21.487109618988008,0,0.0,3,1.0,1.0,1.0,1.0,1,PASS
158152,processed\features\158152_features.csv,1,654,15,23,16,375,0,0.9641628440366973,15,15,1.0,174.65985723471667,20.365640422824217,0,0.0,9,1.0,1.0,1.0,1.0,1,PASS
323183,processed\features\323183_features.csv,1,654,15,23,16,375,0,0.9641628440366973,15,15,1.0,50.80554599413604,17.32439395597936,0,0.0,0,1.0,1.0,1.0,1.0,1,PASS
280362,processed\features\280362_features.csv,1,653,15,23,16,375,0,0.9641079632465543,15,15,1.0,96.68665126978132,74.73745856236476,0,0.0,0,1.0,1.0,1.0,1.0,1,PASS
61744,processed\features\61744_features.csv,1,653,15,23,16,375,0,0.9641079632465543,15,15,1.0,122.53857133206316,57.510175671549405,0,0.0,0,1.0,1.0,1.0,1.0,1,PASS
33216,processed\features\33216_features.csv,1,653,15,23,16,375,0,0.9641079632465543,15,15,1.0,62.5812327193476,37.88992545837496,0,0.0,0,1.0,1.0,1.0,1.0,1,PASS
238015,processed\features\238015_features.csv,1,653,15,23,16,375,0,0.9641079632465543,15,15,1.0,215.9854448671195,35.73417062039249,0,0.0,0,1.0,1.0,1.0,1.0,1,PASS
408070,processed\features\408070_features.csv,1,653,15,23,16,375,0,0.9641079632465543,15,15,1.0,52.853364633360044,33.37095325543335,0,0.0,0,1.0,1.0,1.0,1.0,1,PASS
137472,processed\features\137472_features.csv,1,653,15,23,16,375,0,0.9641079632465543,15,15,1.0,80.63356110882387,30.39722928426884,0,0.0,0,1.0,1.0,1.0,1.0,1,PASS
18295,processed\features\18295_features.csv,1,653,15,23,16,375,0,0.9641079632465543,15,15,1.0,128.9073384581548,26.36648206396168,0,0.0,1,1.0,1.0,1.0,1.0,1,PASS
382609,processed\features\382609_features.csv,1,653,15,23,16,375,0,0.9641079632465543,15,15,1.0,43.0142633534673,25.804589244604067,0,0.0,0,1.0,1.0,1.0,1.0,1,PASS
250074,processed\features\250074_features.csv,1,653,15,23,16,375,0,0.9641079632465543,15,15,1.0,39.69526892792507,22.3442208725441,0,0.0,0,1.0,1.0,1.0,1.0,1,PASS
107334,processed\features\107334_features.csv,1,653,15,23,16,375,0,0.9641079632465543,15,15,1.0,93.67847217420126,19.26627351023054,0,0.0,0,1.0,1.0,1.0,1.0,1,PASS
193180,processed\features\193180_features.csv,1,653,15,23,16,375,0,0.9641079632465543,15,15,1.0,101.44320020279494,18.663398345014706,0,0.0,0,1.0,1.0,1.0,1.0,1,PASS
355618,processed\features\355618_features.csv,1,653,15,23,16,375,0,0.9641079632465543,15,15,1.0,228.44083195773916,16.996269981801163,0,0.0,16,1.0,1.0,1.0,1.0,1,PASS
233599,processed\features\233599_features.csv,1,653,15,23,16,375,0,0.9641079632465543,15,15,1.0,42.26217054488836,16.96437661969177,0,0.0,0,1.0,1.0,1.0,1.0,1,PASS
500310,processed\features\500310_features.csv,1,653,15,23,16,375,0,0.9641079632465543,15,15,1.0,86.93224280193022,14.74220927261806,0,0.0,0,1.0,1.0,1.0,1.0,1,PASS
40091,processed\features\40091_features.csv,1,653,15,23,16,375,0,0.9641079632465543,15,15,1.0,214.6585062648404,14.590003442264383,0,0.0,6,1.0,1.0,1.0,1.0,1,PASS
38594,processed\features\38594_features.csv,1,653,15,23,16,375,0,0.9641079632465543,15,15,1.0,128.6794950000097,12.791158745109536,0,0.0,5,1.0,1.0,1.0,1.0,1,PASS
228472,processed\features\228472_features.csv,1,652,15,23,16,375,0,0.9640529141104295,15,15,1.0,136.7073446802692,72.42266543428579,0,0.0,0,1.0,1.0,1.0,1.0,1,PASS
468279,processed\features\468279_features.csv,1,652,15,23,16,375,0,0.9640529141104295,15,15,1.0,53.843240130365245,58.81811164079494,0,0.0,0,1.0,1.0,1.0,1.0,1,PASS
251981,processed\features\251981_features.csv,1,652,15,23,16,375,0,0.9640529141104295,15,15,1.0,159.03482598544815,38.71356554035428,0,0.0,3,1.0,1.0,1.0,1.0,1,PASS
431532,processed\features\431532_features.csv,1,652,15,23,16,375,0,0.9640529141104295,15,15,1.0,310.2338207165972,36.969844079457424,0,0.0,19,1.0,1.0,1.0,1.0,1,PASS
206749,processed\features\206749_features.csv,1,652,15,23,16,375,0,0.9640529141104295,15,15,1.0,468.0486067455704,34.34543141666025,0,0.0,26,1.0,1.0,1.0,1.0,1,PASS
455197,processed\features\455197_features.csv,1,652,15,23,16,375,0,0.9640529141104295,15,15,1.0,126.41772731913485,33.37427071119589,0,0.0,3,1.0,1.0,1.0,1.0,1,PASS
295241,processed\features\295241_features.csv,1,652,15,23,16,375,0,0.9640529141104295,15,15,1.0,126.95352905870735,25.761102467608453,0,0.0,1,1.0,1.0,1.0,1.0,1,PASS
13598,processed\features\13598_features.csv,1,652,15,23,16,375,0,0.9640529141104295,15,15,1.0,89.56925945622204,24.97510186796847,0,0.0,0,1.0,1.0,1.0,1.0,1,PASS
257882,processed\features\257882_features.csv,1,652,15,23,16,375,0,0.9640529141104295,15,15,1.0,97.4606596797939,23.667089042153744,0,0.0,0,1.0,1.0,1.0,1.0,1,PASS
48222,processed\features\48222_features.csv,1,652,15,23,16,375,0,0.9640529141104295,15,15,1.0,129.4978620698929,22.062554493875588,0,0.0,5,1.0,1.0,1.0,1.0,1,PASS
348224,processed\features\348224_features.csv,1,652,15,23,16,375,0,0.9640529141104295,15,15,1.0,68.39180530627037,12.996550275012185,0,0.0,0,1.0,1.0,1.0,1.0,1,PASS
166472,processed\features\166472_features.csv,1,651,15,23,16,375,0,0.9639976958525346,15,15,1.0,60.32749125418807,51.0243045692597,0,0.0,0,1.0,1.0,1.0,1.0,1,PASS
35478,processed\features\35478_features.csv,1,651,15,23,16,375,0,0.9639976958525346,15,15,1.0,83.0341952236156,30.308425446930837,0,0.0,0,1.0,1.0,1.0,1.0,1,PASS
281101,processed\features\281101_features.csv,1,651,15,23,16,375,0,0.9639976958525346,15,15,1.0,36.981442670404064,28.665511738360614,0,0.0,0,1.0,1.0,1.0,1.0,1,PASS
433849,processed\features\433849_features.csv,1,651,15,23,16,375,0,0.9639976958525346,15,15,1.0,211.35187963272153,28.488971072909376,0,0.0,5,1.0,1.0,1.0,1.0,1,PASS
289074,processed\features\289074_features.csv,1,651,15,23,16,375,0,0.9639976958525346,15,15,1.0,117.34887711164826,23.976342507273984,0,0.0,0,1.0,1.0,1.0,1.0,1,PASS
454208,processed\features\454208_features.csv,1,651,15,23,16,375,0,0.9639976958525346,15,15,1.0,307.88926003137334,23.00854621691748,0,0.0,14,1.0,1.0,1.0,1.0,1,PASS
251442,processed\features\251442_features.csv,1,651,15,23,16,375,0,0.9639976958525346,15,15,1.0,120.03733816082934,22.608604593261642,0,0.0,0,1.0,1.0,1.0,1.0,1,PASS
264812,processed\features\264812_features.csv,1,651,15,23,16,375,0,0.9639976958525346,15,15,1.0,85.70681363358116,11.860858529766208,0,0.0,0,1.0,1.0,1.0,1.0,1,PASS
48790,processed\features\48790_features.csv,1,650,15,23,16,375,0,0.9639423076923077,15,15,1.0,160.14655349908728,62.98678442206638,0,0.0,7,1.0,1.0,1.0,1.0,1,PASS
278380,processed\features\278380_features.csv,1,650,15,23,16,375,0,0.9639423076923077,15,15,1.0,109.00031383566068,60.02022046159355,0,0.0,0,1.0,1.0,1.0,1.0,1,PASS
314619,processed\features\314619_features.csv,1,650,15,23,16,375,0,0.9639423076923077,15,15,1.0,73.93296174658416,36.28272235777363,0,0.0,0,1.0,1.0,1.0,1.0,1,PASS
397310,processed\features\397310_features.csv,1,650,15,23,16,375,0,0.9639423076923077,15,15,1.0,114.39909793330193,35.42607667649801,0,0.0,0,1.0,1.0,1.0,1.0,1,PASS
510101,processed\features\510101_features.csv,1,650,15,23,16,375,0,0.9639423076923077,15,15,1.0,126.08337498885078,24.88132023013756,0,0.0,0,1.0,1.0,1.0,1.0,1,PASS
326446,processed\features\326446_features.csv,1,650,15,23,16,375,0,0.9639423076923077,15,15,1.0,125.80663962164161,23.616573925278797,0,0.0,0,1.0,1.0,1.0,1.0,1,PASS
304946,processed\features\304946_features.csv,1,650,15,23,16,375,0,0.9639423076923077,15,15,1.0,135.56183584267075,23.196475580891438,0,0.0,4,1.0,1.0,1.0,1.0,1,PASS
391757,processed\features\391757_features.csv,1,650,15,23,16,375,0,0.9639423076923077,15,15,1.0,116.15122719616178,15.227504262729326,0,0.0,0,1.0,1.0,1.0,1.0,1,PASS
159476,processed\features\159476_features.csv,1,650,15,23,16,375,0,0.9639423076923077,15,15,1.0,168.89347469344935,9.637397859962086,0,0.0,5,1.0,1.0,1.0,1.0,1,PASS
454777,processed\features\454777_features.csv,1,649,15,23,16,375,0,0.963886748844376,15,15,1.0,266.29296318038035,220.52301946792738,0,0.0,12,1.0,1.0,1.0,1.0,1,PASS
320493,processed\features\320493_features.csv,1,649,15,23,16,375,0,0.963886748844376,15,15,1.0,392003.6216938733,66.48807806183005,0,0.0,6,1.0,1.0,1.0,1.0,1,PASS
506217,processed\features\506217_features.csv,1,649,15,23,16,375,0,0.963886748844376,15,15,1.0,63.67412858439073,51.89475242302265,0,0.0,0,1.0,1.0,1.0,1.0,1,PASS
156238,processed\features\156238_features.csv,1,649,15,23,16,375,0,0.963886748844376,15,15,1.0,141.4206277014836,47.70874469826018,0,0.0,5,1.0,1.0,1.0,1.0,1,PASS
116277,processed\features\116277_features.csv,1,649,15,23,16,375,0,0.963886748844376,15,15,1.0,112.7745304508917,36.49199495072236,0,0.0,0,1.0,1.0,1.0,1.0,1,PASS
451151,processed\features\451151_features.csv,1,649,15,23,16,375,0,0.963886748844376,15,15,1.0,205.90423191105344,35.19766281341429,0,0.0,4,1.0,1.0,1.0,1.0,1,PASS
407880,processed\features\407880_features.csv,1,649,15,23,16,375,0,0.963886748844376,15,15,1.0,70.78099572596902,32.77975474418306,0,0.0,0,1.0,1.0,1.0,1.0,1,PASS
168240,processed\features\168240_features.csv,1,649,15,23,16,375,0,0.963886748844376,15,15,1.0,87.38904039746772,32.63698681667694,0,0.0,0,1.0,1.0,1.0,1.0,1,PASS
17417,processed\features\17417_features.csv,1,649,15,23,16,375,0,0.963886748844376,15,15,1.0,34.13379745050898,28.9319078512024,0,0.0,0,1.0,1.0,1.0,1.0,1,PASS
442117,processed\features\442117_features.csv,1,649,15,23,16,375,0,0.963886748844376,15,15,1.0,92.6609685293577,28.2102897489423,0,0.0,0,1.0,1.0,1.0,1.0,1,PASS
195975,processed\features\195975_features.csv,1,649,15,23,16,375,0,0.963886748844376,15,15,1.0,78.88753086907693,28.088282547757757,0,0.0,0,1.0,1.0,1.0,1.0,1,PASS
172369,processed\features\172369_features.csv,1,649,15,23,16,375,0,0.963886748844376,15,15,1.0,47.49691822667748,27.30135916079689,0,0.0,0,1.0,1.0,1.0,1.0,1,PASS
339808,processed\features\339808_features.csv,1,649,15,23,16,375,0,0.963886748844376,15,15,1.0,88.53500484634569,25.687455679983145,0,0.0,0,1.0,1.0,1.0,1.0,1,PASS
385511,processed\features\385511_features.csv,1,649,15,23,16,375,0,0.963886748844376,15,15,1.0,42.98178250014482,25.628705482539733,0,0.0,0,1.0,1.0,1.0,1.0,1,PASS
398986,processed\features\398986_features.csv,1,649,15,23,16,375,0,0.963886748844376,15,15,1.0,87.04315309012091,24.583587326595264,0,0.0,0,1.0,1.0,1.0,1.0,1,PASS
326127,processed\features\326127_features.csv,1,649,15,23,16,375,0,0.963886748844376,15,15,1.0,78.93213626558301,22.9286923958807,0,0.0,0,1.0,1.0,1.0,1.0,1,PASS
19680,processed\features\19680_features.csv,1,649,15,23,16,375,0,0.963886748844376,15,15,1.0,194.4877992217453,22.421502463682078,0,0.0,4,1.0,1.0,1.0,1.0,1,PASS
215884,processed\features\215884_features.csv,1,649,15,23,16,375,0,0.963886748844376,15,15,1.0,109.9871813669248,20.90875055566973,0,0.0,0,1.0,1.0,1.0,1.0,1,PASS
442169,processed\features\442169_features.csv,1,648,15,23,16,375,0,0.9638310185185185,15,15,1.0,100.24206345203126,71.91988415159207,0,0.0,0,1.0,1.0,1.0,1.0,1,PASS
294386,processed\features\294386_features.csv,1,648,15,23,16,375,0,0.9638310185185185,15,15,1.0,204.0535798894231,70.0741133595964,0,0.0,10,1.0,1.0,1.0,1.0,1,PASS
287994,processed\features\287994_features.csv,1,648,15,23,16,375,0,0.9638310185185185,15,15,1.0,97.5359930907181,60.752768991266834,0,0.0,0,1.0,1.0,1.0,1.0,1,PASS
81426,processed\features\81426_features.csv,1,648,15,23,16,375,0,0.9638310185185185,15,15,1.0,91.66137289744492,58.37043403341207,0,0.0,0,1.0,1.0,1.0,1.0,1,PASS
503393,processed\features\503393_features.csv,1,648,15,23,16,375,0,0.9638310185185185,15,15,1.0,88.68806923178214,42.41496214243571,0,0.0,0,1.0,1.0,1.0,1.0,1,PASS
281253,processed\features\281253_features.csv,1,648,15,23,16,375,0,0.9638310185185185,15,15,1.0,140.0011024669519,37.79861848222955,0,0.0,0,1.0,1.0,1.0,1.0,1,PASS
362848,processed\features\362848_features.csv,1,648,15,23,16,375,0,0.9638310185185185,15,15,1.0,66.85636833163649,36.98694313729052,0,0.0,0,1.0,1.0,1.0,1.0,1,PASS
358405,processed\features\358405_features.csv,1,648,15,23,16,375,0,0.9638310185185185,15,15,1.0,50.80708118331252,32.8109632113961,0,0.0,0,1.0,1.0,1.0,1.0,1,PASS
450654,processed\features\450654_features.csv,1,648,15,23,16,375,0,0.9638310185185185,15,15,1.0,193.9107415585246,31.692393805945038,0,0.0,5,1.0,1.0,1.0,1.0,1,PASS
504275,processed\features\504275_features.csv,1,648,15,23,16,375,0,0.9638310185185185,15,15,1.0,109.14685812473212,29.80400723459016,0,0.0,0,1.0,1.0,1.0,1.0,1,PASS
150207,processed\features\150207_features.csv,1,648,15,23,16,375,0,0.9638310185185185,15,15,1.0,220.06798316650048,26.582664070052076,0,0.0,8,1.0,1.0,1.0,1.0,1,PASS
150498,processed\features\150498_features.csv,1,648,15,23,16,375,0,0.9638310185185185,15,15,1.0,143.0283134743208,26.580340527709616,0,0.0,0,1.0,1.0,1.0,1.0,1,PASS
186527,processed\features\186527_features.csv,1,648,15,23,16,375,0,0.9638310185185185,15,15,1.0,29.91209989351436,23.63568801687115,0,0.0,0,1.0,1.0,1.0,1.0,1,PASS
83930,processed\features\83930_features.csv,1,648,15,23,16,375,0,0.9638310185185185,15,15,1.0,146.67461998477827,22.646042866541347,0,0.0,0,1.0,1.0,1.0,1.0,1,PASS
115737,processed\features\115737_features.csv,1,648,15,23,16,375,0,0.9638310185185185,15,15,1.0,72.06060397699277,22.636481392628685,0,0.0,0,1.0,1.0,1.0,1.0,1,PASS
184958,processed\features\184958_features.csv,1,648,15,23,16,375,0,0.9638310185185185,15,15,1.0,95.26317937047958,19.057741855567247,0,0.0,0,1.0,1.0,1.0,1.0,1,PASS
291350,processed\features\291350_features.csv,1,647,15,23,16,375,0,0.963775115919629,15,15,1.0,410.1053728743128,309.1331056772482,0,0.0,24,1.0,1.0,1.0,1.0,1,PASS
318207,processed\features\318207_features.csv,1,647,15,23,16,375,0,0.963775115919629,15,15,1.0,161.81529479416707,82.59462289350733,0,0.0,0,1.0,1.0,1.0,1.0,1,PASS
455427,processed\features\455427_features.csv,1,647,15,23,16,375,0,0.963775115919629,15,15,1.0,63.08482066901951,41.52126339451927,0,0.0,0,1.0,1.0,1.0,1.0,1,PASS
441805,processed\features\441805_features.csv,1,647,15,23,16,375,0,0.963775115919629,15,15,1.0,74.33895324775048,32.5534107693865,0,0.0,0,1.0,1.0,1.0,1.0,1,PASS
76719,processed\features\76719_features.csv,1,647,15,23,16,375,0,0.963775115919629,15,15,1.0,80.84122569005798,24.02267078772453,0,0.0,0,1.0,1.0,1.0,1.0,1,PASS
47455,processed\features\47455_features.csv,1,647,15,23,16,375,0,0.963775115919629,15,15,1.0,113.31787343835141,23.350659529603725,0,0.0,0,1.0,1.0,1.0,1.0,1,PASS
410763,processed\features\410763_features.csv,1,647,15,23,16,375,0,0.963775115919629,15,15,1.0,39.87115744367049,21.95015103116077,0,0.0,0,1.0,1.0,1.0,1.0,1,PASS
53520,processed\features\53520_features.csv,1,647,15,23,16,375,0,0.963775115919629,15,15,1.0,85.21519848830512,14.646954071249692,0,0.0,0,1.0,1.0,1.0,1.0,1,PASS
384036,processed\features\384036_features.csv,1,647,15,23,16,375,0,0.963775115919629,15,15,1.0,67.05486746241337,12.365991728429153,0,0.0,0,1.0,1.0,1.0,1.0,1,PASS
287211,processed\features\287211_features.csv,1,646,15,23,16,375,0,0.9637190402476781,15,15,1.0,128.04353837409548,76.08435682837138,0,0.0,5,1.0,1.0,1.0,1.0,1,PASS
436670,processed\features\436670_features.csv,1,646,15,23,16,375,0,0.9637190402476781,15,15,1.0,80.42360916469681,44.891520498568596,0,0.0,0,1.0,1.0,1.0,1.0,1,PASS
354098,processed\features\354098_features.csv,1,646,15,23,16,375,0,0.9637190402476781,15,15,1.0,88.37952153325423,40.66398471993635,0,0.0,0,1.0,1.0,1.0,1.0,1,PASS
441563,processed\features\441563_features.csv,1,646,15,23,16,375,0,0.9637190402476781,15,15,1.0,50.886039999356626,40.06840425307101,0,0.0,0,1.0,1.0,1.0,1.0,1,PASS
94346,processed\features\94346_features.csv,1,646,15,23,16,375,0,0.9637190402476781,15,15,1.0,78.73781978200279,39.405437986905945,0,0.0,0,1.0,1.0,1.0,1.0,1,PASS
213811,processed\features\213811_features.csv,1,646,15,23,16,375,0,0.9637190402476781,15,15,1.0,62.014341489458715,38.577466653059716,0,0.0,0,1.0,1.0,1.0,1.0,1,PASS
147454,processed\features\147454_features.csv,1,646,15,23,16,375,0,0.9637190402476781,15,15,1.0,46.0854687939192,27.299114175697586,0,0.0,0,1.0,1.0,1.0,1.0,1,PASS
410153,processed\features\410153_features.csv,1,646,15,23,16,375,0,0.9637190402476781,15,15,1.0,70.10686882030153,19.368386065970327,0,0.0,0,1.0,1.0,1.0,1.0,1,PASS
514814,processed\features\514814_features.csv,1,646,15,23,16,375,0,0.9637190402476781,15,15,1.0,83.70597588857996,19.038084986739616,0,0.0,0,1.0,1.0,1.0,1.0,1,PASS
405011,processed\features\405011_features.csv,1,646,15,23,16,375,0,0.9637190402476781,15,15,1.0,66.90261355423931,18.23336395202765,0,0.0,0,1.0,1.0,1.0,1.0,1,PASS
66689,processed\features\66689_features.csv,1,646,15,23,16,375,0,0.9637190402476781,15,15,1.0,51.69694365871641,15.748005516902152,0,0.0,0,1.0,1.0,1.0,1.0,1,PASS
369439,processed\features\369439_features.csv,1,646,15,23,16,375,0,0.9637190402476781,15,15,1.0,62.420149842700965,13.814185344109763,0,0.0,0,1.0,1.0,1.0,1.0,1,PASS
400431,processed\features\400431_features.csv,1,646,15,23,16,375,0,0.9637190402476781,15,15,1.0,221.1031073479603,11.10365706609931,0,0.0,10,1.0,1.0,1.0,1.0,1,PASS
312295,processed\features\312295_features.csv,1,646,15,23,16,375,0,0.9637190402476781,15,15,1.0,66.73251874844185,10.38596605582071,0,0.0,0,1.0,1.0,1.0,1.0,1,PASS
416992,processed\features\416992_features.csv,1,645,15,23,16,375,0,0.9636627906976745,15,15,1.0,107.59565309040478,101.74983941743086,0,0.0,1,1.0,1.0,1.0,1.0,1,PASS
180331,processed\features\180331_features.csv,1,645,15,23,16,375,0,0.9636627906976745,15,15,1.0,118.61804514095013,61.463749233247526,0,0.0,2,1.0,1.0,1.0,1.0,1,PASS
280946,processed\features\280946_features.csv,1,645,15,23,16,375,0,0.9636627906976745,15,15,1.0,102.83848448018455,25.771480573764862,0,0.0,0,1.0,1.0,1.0,1.0,1,PASS
234924,processed\features\234924_features.csv,1,645,15,23,16,375,0,0.9636627906976745,15,15,1.0,71.93863769958624,25.574729407502645,0,0.0,0,1.0,1.0,1.0,1.0,1,PASS
180974,processed\features\180974_features.csv,1,645,15,23,16,375,0,0.9636627906976745,15,15,1.0,67.12542979699518,19.96869543441665,0,0.0,0,1.0,1.0,1.0,1.0,1,PASS
26691,processed\features\26691_features.csv,1,645,15,23,16,375,0,0.9636627906976745,15,15,1.0,61.44217724241747,15.13281523223251,0,0.0,0,1.0,1.0,1.0,1.0,1,PASS
513286,processed\features\513286_features.csv,1,645,15,23,16,375,0,0.9636627906976745,15,15,1.0,43.9379239832036,12.130179709960979,0,0.0,0,1.0,1.0,1.0,1.0,1,PASS
105614,processed\features\105614_features.csv,1,644,15,23,16,375,0,0.9636063664596274,15,15,1.0,152.1491043939375,52.717604175149916,0,0.0,0,1.0,1.0,1.0,1.0,1,PASS
10931,processed\features\10931_features.csv,1,644,15,23,16,375,0,0.9636063664596274,15,15,1.0,87.75142689974295,52.641866881307685,0,0.0,0,1.0,1.0,1.0,1.0,1,PASS
212620,processed\features\212620_features.csv,1,644,15,23,16,375,0,0.9636063664596274,15,15,1.0,106.26238922483454,41.93196806433933,0,0.0,0,1.0,1.0,1.0,1.0,1,PASS
500575,processed\features\500575_features.csv,1,644,15,23,16,375,0,0.9636063664596274,15,15,1.0,53.18574901008693,40.530996138379635,0,0.0,0,1.0,1.0,1.0,1.0,1,PASS
282758,processed\features\282758_features.csv,1,644,15,23,16,375,0,0.9636063664596274,15,15,1.0,117.87379748821695,38.124129131445194,0,0.0,0,1.0,1.0,1.0,1.0,1,PASS
122642,processed\features\122642_features.csv,1,644,15,23,16,375,0,0.9636063664596274,15,15,1.0,152.0674928479372,28.169888718516574,0,0.0,5,1.0,1.0,1.0,1.0,1,PASS
402896,processed\features\402896_features.csv,1,644,15,23,16,375,0,0.9636063664596274,15,15,1.0,56.00839640103186,23.997559586327185,0,0.0,0,1.0,1.0,1.0,1.0,1,PASS
61150,processed\features\61150_features.csv,1,644,15,23,16,375,0,0.9636063664596274,15,15,1.0,94.55496848357502,22.760627068195618,0,0.0,0,1.0,1.0,1.0,1.0,1,PASS
61646,processed\features\61646_features.csv,1,644,15,23,16,375,0,0.9636063664596274,15,15,1.0,76.47309905264369,20.954698376719456,0,0.0,0,1.0,1.0,1.0,1.0,1,PASS
202294,processed\features\202294_features.csv,1,644,15,23,16,375,0,0.9636063664596274,15,15,1.0,56.40539955763179,18.957989063434546,0,0.0,0,1.0,1.0,1.0,1.0,1,PASS
146506,processed\features\146506_features.csv,1,644,15,23,16,375,0,0.9636063664596274,15,15,1.0,74.13245749401446,18.45041000905998,0,0.0,0,1.0,1.0,1.0,1.0,1,PASS
499052,processed\features\499052_features.csv,1,644,15,23,16,375,0,0.9636063664596274,15,15,1.0,44.03268799076805,16.773283438524885,0,0.0,0,1.0,1.0,1.0,1.0,1,PASS
231622,processed\features\231622_features.csv,1,644,15,23,16,375,0,0.9636063664596274,15,15,1.0,106.13389665928128,14.061521962728845,0,0.0,0,1.0,1.0,1.0,1.0,1,PASS
401620,processed\features\401620_features.csv,1,644,15,23,16,375,0,0.9636063664596274,15,15,1.0,35.23785371317232,10.619060673289232,0,0.0,0,1.0,1.0,1.0,1.0,1,PASS
330625,processed\features\330625_features.csv,1,643,15,23,16,375,0,0.963549766718507,15,15,1.0,89.87853278988318,67.8877482809016,0,0.0,0,1.0,1.0,1.0,1.0,1,PASS
165070,processed\features\165070_features.csv,1,643,15,23,16,375,0,0.963549766718507,15,15,1.0,146.84030549679076,38.15662396292393,0,0.0,5,1.0,1.0,1.0,1.0,1,PASS
495209,processed\features\495209_features.csv,1,643,15,23,16,375,0,0.963549766718507,15,15,1.0,60.5080375382758,34.06823724517624,0,0.0,0,1.0,1.0,1.0,1.0,1,PASS
156768,processed\features\156768_features.csv,1,643,15,23,16,375,0,0.963549766718507,15,15,1.0,53.59231380578259,33.92284672565591,0,0.0,0,1.0,1.0,1.0,1.0,1,PASS
310797,processed\features\310797_features.csv,1,643,15,23,16,375,0,0.963549766718507,15,15,1.0,98.92879039408662,26.201381102259738,0,0.0,0,1.0,1.0,1.0,1.0,1,PASS
95217,processed\features\95217_features.csv,1,643,15,23,16,375,0,0.963549766718507,15,15,1.0,97.84226667552785,25.522823027535086,0,0.0,0,1.0,1.0,1.0,1.0,1,PASS
113637,processed\features\113637_features.csv,1,643,15,23,16,375,0,0.963549766718507,15,15,1.0,308472.64104346285,24.025947352651293,0,0.0,2,1.0,1.0,1.0,1.0,1,PASS
375577,processed\features\375577_features.csv,1,643,15,23,16,375,0,0.963549766718507,15,15,1.0,91.94938389261219,19.084211068166095,0,0.0,0,1.0,1.0,1.0,1.0,1,PASS
86074,processed\features\86074_features.csv,1,643,15,23,16,375,0,0.963549766718507,15,15,1.0,115.27621177494848,16.82583627234341,0,0.0,5,1.0,1.0,1.0,1.0,1,PASS
79300,processed\features\79300_features.csv,1,643,15,23,16,375,0,0.963549766718507,15,15,1.0,90.53943756907812,14.97856528219911,0,0.0,0,1.0,1.0,1.0,1.0,1,PASS
478135,processed\features\478135_features.csv,1,642,15,23,16,375,0,0.9634929906542056,15,15,1.0,151.95861301690192,74.98864769605342,0,0.0,2,1.0,1.0,1.0,1.0,1,PASS
141628,processed\features\141628_features.csv,1,642,15,23,16,375,0,0.9634929906542056,15,15,1.0,107.93380760992454,70.68813696680263,0,0.0,2,1.0,1.0,1.0,1.0,1,PASS
345910,processed\features\345910_features.csv,1,642,15,23,16,375,0,0.9634929906542056,15,15,1.0,77.15220622709643,59.7128954613223,0,0.0,0,1.0,1.0,1.0,1.0,1,PASS
25345,processed\features\25345_features.csv,1,642,15,23,16,375,0,0.9634929906542056,15,15,1.0,58.09730432650342,57.58076108079077,0,0.0,0,1.0,1.0,1.0,1.0,1,PASS
285779,processed\features\285779_features.csv,1,642,15,23,16,375,0,0.9634929906542056,15,15,1.0,137.4014959671446,39.67132455037948,0,0.0,0,1.0,1.0,1.0,1.0,1,PASS
163261,processed\features\163261_features.csv,1,642,15,23,16,375,0,0.9634929906542056,15,15,1.0,1119493.5279787884,35.16660456514364,0,0.0,12,1.0,1.0,1.0,1.0,1,PASS
311205,processed\features\311205_features.csv,1,642,15,23,16,375,0,0.9634929906542056,15,15,1.0,47.157723165828955,32.57484535621903,0,0.0,0,1.0,1.0,1.0,1.0,1,PASS
173246,processed\features\173246_features.csv,1,642,15,23,16,375,0,0.9634929906542056,15,15,1.0,143.59157441005777,26.919828543439873,0,0.0,0,1.0,1.0,1.0,1.0,1,PASS
308447,processed\features\308447_features.csv,1,642,15,23,16,375,0,0.9634929906542056,15,15,1.0,69.43021479933456,24.77388426653222,0,0.0,0,1.0,1.0,1.0,1.0,1,PASS
513448,processed\features\513448_features.csv,1,642,15,23,16,375,0,0.9634929906542056,15,15,1.0,67.09997458852364,22.624754645427473,0,0.0,0,1.0,1.0,1.0,1.0,1,PASS
315049,processed\features\315049_features.csv,1,642,15,23,16,375,0,0.9634929906542056,15,15,1.0,93.36105271090592,11.269031336853079,0,0.0,1,1.0,1.0,1.0,1.0,1,PASS
258873,processed\features\258873_features.csv,1,641,15,23,16,375,0,0.9634360374414976,15,15,1.0,154.03474938219122,43.642618599914215,0,0.0,5,1.0,1.0,1.0,1.0,1,PASS
245233,processed\features\245233_features.csv,1,641,15,23,16,375,0,0.9634360374414976,15,15,1.0,110.61214112760618,40.235976421717965,0,0.0,0,1.0,1.0,1.0,1.0,1,PASS
113331,processed\features\113331_features.csv,1,641,15,23,16,375,0,0.9634360374414976,15,15,1.0,105.38528733433111,33.34820873237505,0,0.0,0,1.0,1.0,1.0,1.0,1,PASS
110346,processed\features\110346_features.csv,1,641,15,23,16,375,0,0.9634360374414976,15,15,1.0,58.524069562821055,21.806881764320153,0,0.0,0,1.0,1.0,1.0,1.0,1,PASS
400054,processed\features\400054_features.csv,1,641,15,23,16,375,0,0.9634360374414976,15,15,1.0,104.45411089198018,19.98509877828394,0,0.0,0,1.0,1.0,1.0,1.0,1,PASS
425299,processed\features\425299_features.csv,1,641,15,23,16,375,0,0.9634360374414976,15,15,1.0,87.18789532251147,18.042842555292818,0,0.0,0,1.0,1.0,1.0,1.0,1,PASS
325372,processed\features\325372_features.csv,1,641,15,23,16,375,0,0.9634360374414976,15,15,1.0,82.74349349932916,8.494628190096774,0,0.0,0,1.0,1.0,1.0,1.0,1,PASS
513464,processed\features\513464_features.csv,1,640,15,23,16,375,0,0.96337890625,15,15,1.0,67.44248729912928,56.77497208817606,0,0.0,0,1.0,1.0,1.0,1.0,1,PASS
161064,processed\features\161064_features.csv,1,640,15,23,16,375,0,0.96337890625,15,15,1.0,257355.58725574755,55.345860773515476,0,0.0,1,1.0,1.0,1.0,1.0,1,PASS
236418,processed\features\236418_features.csv,1,640,15,23,16,375,0,0.96337890625,15,15,1.0,88.46518174005877,48.209339309652535,0,0.0,0,1.0,1.0,1.0,1.0,1,PASS
463479,processed\features\463479_features.csv,1,640,15,23,16,375,0,0.96337890625,15,15,1.0,97.61192900614422,34.2767724372159,0,0.0,0,1.0,1.0,1.0,1.0,1,PASS
135658,processed\features\135658_features.csv,1,640,15,23,16,375,0,0.96337890625,15,15,1.0,232360.5950355503,32.14573464271037,0,0.0,1,1.0,1.0,1.0,1.0,1,PASS
109607,processed\features\109607_features.csv,1,640,15,23,16,375,0,0.96337890625,15,15,1.0,149.77661996534806,31.254477049972238,0,0.0,4,1.0,1.0,1.0,1.0,1,PASS
252054,processed\features\252054_features.csv,1,640,15,23,16,375,0,0.96337890625,15,15,1.0,78.70814383215222,29.535406621041624,0,0.0,0,1.0,1.0,1.0,1.0,1,PASS
452975,processed\features\452975_features.csv,1,640,15,23,16,375,0,0.96337890625,15,15,1.0,25.344786470043857,22.224159825128545,0,0.0,0,1.0,1.0,1.0,1.0,1,PASS
68879,processed\features\68879_features.csv,1,640,15,23,16,375,0,0.96337890625,15,15,1.0,64.38889463742021,21.69390591283227,0,0.0,0,1.0,1.0,1.0,1.0,1,PASS
70381,processed\features\70381_features.csv,1,640,15,23,16,375,0,0.96337890625,15,15,1.0,74.88204063227724,18.258352088521395,0,0.0,0,1.0,1.0,1.0,1.0,1,PASS
52197,processed\features\52197_features.csv,1,640,15,23,16,375,0,0.96337890625,15,15,1.0,114.25346178993735,17.850596728158727,0,0.0,5,1.0,1.0,1.0,1.0,1,PASS
124329,processed\features\124329_features.csv,1,640,15,23,16,375,0,0.96337890625,15,15,1.0,143.51897059260986,15.671710311144494,0,0.0,0,1.0,1.0,1.0,1.0,1,PASS
136243,processed\features\136243_features.csv,1,640,15,23,16,375,0,0.96337890625,15,15,1.0,33.09925988220243,15.59518783489421,0,0.0,0,1.0,1.0,1.0,1.0,1,PASS
57966,processed\features\57966_features.csv,1,639,15,23,16,375,0,0.9633215962441315,15,15,1.0,133.62573192180517,60.13266169644845,0,0.0,0,1.0,1.0,1.0,1.0,1,PASS
234455,processed\features\234455_features.csv,1,639,15,23,16,375,0,0.9633215962441315,15,15,1.0,210.8886303294574,48.54855369848556,0,0.0,6,1.0,1.0,1.0,1.0,1,PASS
83934,processed\features\83934_features.csv,1,639,15,23,16,375,0,0.9633215962441315,15,15,1.0,110.58462051534448,46.22642879355577,0,0.0,0,1.0,1.0,1.0,1.0,1,PASS
53293,processed\features\53293_features.csv,1,639,15,23,16,375,0,0.9633215962441315,15,15,1.0,104.56253334376396,30.35535114424365,0,0.0,0,1.0,1.0,1.0,1.0,1,PASS
32318,processed\features\32318_features.csv,1,639,15,23,16,375,0,0.9633215962441315,15,15,1.0,52.96722123942048,28.967514801361304,0,0.0,0,1.0,1.0,1.0,1.0,1,PASS
134838,processed\features\134838_features.csv,1,639,15,23,16,375,0,0.9633215962441315,15,15,1.0,100.67643753040042,26.31955675875254,0,0.0,0,1.0,1.0,1.0,1.0,1,PASS
376256,processed\features\376256_features.csv,1,639,15,23,16,375,0,0.9633215962441315,15,15,1.0,125.33684193421121,25.107395533445967,0,0.0,0,1.0,1.0,1.0,1.0,1,PASS
234502,processed\features\234502_features.csv,1,639,15,23,16,375,0,0.9633215962441315,15,15,1.0,35.969219545917454,22.761380910818225,0,0.0,0,1.0,1.0,1.0,1.0,1,PASS
299622,processed\features\299622_features.csv,1,639,15,23,16,375,0,0.9633215962441315,15,15,1.0,115.43925944312195,16.887598348159553,0,0.0,0,1.0,1.0,1.0,1.0,1,PASS
387706,processed\features\387706_features.csv,1,639,15,23,16,375,0,0.9633215962441315,15,15,1.0,106.55954642813445,13.494894494567777,0,0.0,0,1.0,1.0,1.0,1.0,1,PASS
135507,processed\features\135507_features.csv,1,638,15,23,16,375,0,0.9632641065830722,15,15,1.0,109.83552539291556,32.1709190186149,0,0.0,0,1.0,1.0,1.0,1.0,1,PASS
84273,processed\features\84273_features.csv,1,638,15,23,16,375,0,0.9632641065830722,15,15,1.0,144.2934202012773,31.223266412091313,0,0.0,0,1.0,1.0,1.0,1.0,1,PASS
360262,processed\features\360262_features.csv,1,638,15,23,16,375,0,0.9632641065830722,15,15,1.0,77.3662831182631,30.875011913892862,0,0.0,0,1.0,1.0,1.0,1.0,1,PASS
75862,processed\features\75862_features.csv,1,638,15,23,16,375,0,0.9632641065830722,15,15,1.0,209.2082136538214,22.88077880064483,0,0.0,7,1.0,1.0,1.0,1.0,1,PASS
120583,processed\features\120583_features.csv,1,638,15,23,16,375,0,0.9632641065830722,15,15,1.0,121.93449220925622,20.684337561784673,0,0.0,0,1.0,1.0,1.0,1.0,1,PASS
358312,processed\features\358312_features.csv,1,638,15,23,16,375,0,0.9632641065830722,15,15,1.0,58.89555884098108,17.57962142439203,0,0.0,0,1.0,1.0,1.0,1.0,1,PASS
357544,processed\features\357544_features.csv,1,637,15,23,16,375,0,0.9632064364207221,15,15,1.0,381.8468430792682,29.584505740475606,0,0.0,65,1.0,1.0,1.0,1.0,1,PASS
48972,processed\features\48972_features.csv,1,637,15,23,16,375,0,0.9632064364207221,15,15,1.0,74.42443821364813,28.575716450679895,0,0.0,0,1.0,1.0,1.0,1.0,1,PASS
250164,processed\features\250164_features.csv,1,637,15,23,16,375,0,0.9632064364207221,15,15,1.0,166.16185820254984,28.02152683806301,0,0.0,8,1.0,1.0,1.0,1.0,1,PASS
33150,processed\features\33150_features.csv,1,637,15,23,16,375,0,0.9632064364207221,15,15,1.0,77.9607864384019,21.249939611859514,0,0.0,0,1.0,1.0,1.0,1.0,1,PASS
266873,processed\features\266873_features.csv,1,637,15,23,16,375,0,0.9632064364207221,15,15,1.0,37.89452841364577,18.993448956810468,0,0.0,0,1.0,1.0,1.0,1.0,1,PASS
259657,processed\features\259657_features.csv,1,637,15,23,16,375,0,0.9632064364207221,15,15,1.0,59.557840941008685,18.865653472915206,0,0.0,0,1.0,1.0,1.0,1.0,1,PASS
402998,processed\features\402998_features.csv,1,637,15,23,16,375,0,0.9632064364207221,15,15,1.0,70.18134606033605,17.149359027849293,0,0.0,0,1.0,1.0,1.0,1.0,1,PASS
375240,processed\features\375240_features.csv,1,636,15,23,16,375,0,0.9631485849056604,15,15,1.0,267.6643271792671,57.5206611990433,0,0.0,12,1.0,1.0,1.0,1.0,1,PASS
212995,processed\features\212995_features.csv,1,636,15,23,16,375,0,0.9631485849056604,15,15,1.0,7650.570914420863,47.390781496130856,0,0.0,6,1.0,1.0,1.0,1.0,1,PASS
203215,processed\features\203215_features.csv,1,636,15,23,16,375,0,0.9631485849056604,15,15,1.0,96.5778222169336,38.377249365851185,0,0.0,0,1.0,1.0,1.0,1.0,1,PASS
293601,processed\features\293601_features.csv,1,636,15,23,16,375,0,0.9631485849056604,15,15,1.0,69.62631006819632,35.00343952502504,0,0.0,0,1.0,1.0,1.0,1.0,1,PASS
29197,processed\features\29197_features.csv,1,636,15,23,16,375,0,0.9631485849056604,15,15,1.0,42.64759782226133,31.529334365261846,0,0.0,0,1.0,1.0,1.0,1.0,1,PASS
20158,processed\features\20158_features.csv,1,636,15,23,16,375,0,0.9631485849056604,15,15,1.0,35.84399699041619,30.058910827750438,0,0.0,0,1.0,1.0,1.0,1.0,1,PASS
96803,processed\features\96803_features.csv,1,636,15,23,16,375,0,0.9631485849056604,15,15,1.0,100.99932739998454,27.709518277042683,0,0.0,0,1.0,1.0,1.0,1.0,1,PASS
336807,processed\features\336807_features.csv,1,636,15,23,16,375,0,0.9631485849056604,15,15,1.0,28.642881804366837,24.86525850097815,0,0.0,0,1.0,1.0,1.0,1.0,1,PASS
346955,processed\features\346955_features.csv,1,636,15,23,16,375,0,0.9631485849056604,15,15,1.0,103.44368429641924,23.934793123009428,0,0.0,0,1.0,1.0,1.0,1.0,1,PASS
348643,processed\features\348643_features.csv,1,636,15,23,16,375,0,0.9631485849056604,15,15,1.0,84.7701622646468,20.611748811904512,0,0.0,0,1.0,1.0,1.0,1.0,1,PASS
280514,processed\features\280514_features.csv,1,636,15,23,16,375,0,0.9631485849056604,15,15,1.0,81.30192555890673,19.199973734216186,0,0.0,0,1.0,1.0,1.0,1.0,1,PASS
74539,processed\features\74539_features.csv,1,636,15,23,16,375,0,0.9631485849056604,15,15,1.0,34.07719851045846,18.53388201783624,0,0.0,0,1.0,1.0,1.0,1.0,1,PASS
376299,processed\features\376299_features.csv,1,636,15,23,16,375,0,0.9631485849056604,15,15,1.0,117.4011543432868,17.093340000497975,0,0.0,0,1.0,1.0,1.0,1.0,1,PASS
26456,processed\features\26456_features.csv,1,636,15,23,16,375,0,0.9631485849056604,15,15,1.0,143.68000231067973,16.34877261502861,0,0.0,0,1.0,1.0,1.0,1.0,1,PASS
84912,processed\features\84912_features.csv,1,635,15,23,16,375,0,0.9630905511811023,15,15,1.0,100.6709618501047,67.07288715556274,0,0.0,0,1.0,1.0,1.0,1.0,1,PASS
260789,processed\features\260789_features.csv,1,635,15,23,16,375,0,0.9630905511811023,15,15,1.0,125.86629852998749,40.93641132640851,0,0.0,0,1.0,1.0,1.0,1.0,1,PASS
449164,processed\features\449164_features.csv,1,635,15,23,16,375,0,0.9630905511811023,15,15,1.0,240856.97650415488,40.294361120371406,0,0.0,1,1.0,1.0,1.0,1.0,1,PASS
37064,processed\features\37064_features.csv,1,635,15,23,16,375,0,0.9630905511811023,15,15,1.0,241046.78005886485,36.2159519499476,0,0.0,2,1.0,1.0,1.0,1.0,1,PASS
435663,processed\features\435663_features.csv,1,635,15,23,16,375,0,0.9630905511811023,15,15,1.0,51.61842236959795,27.004288089720276,0,0.0,0,1.0,1.0,1.0,1.0,1,PASS
270402,processed\features\270402_features.csv,1,635,15,23,16,375,0,0.9630905511811023,15,15,1.0,118.67599499857673,25.403659767354142,0,0.0,0,1.0,1.0,1.0,1.0,1,PASS
325831,processed\features\325831_features.csv,1,635,15,23,16,375,0,0.9630905511811023,15,15,1.0,66.25762592570172,22.980032774239376,0,0.0,0,1.0,1.0,1.0,1.0,1,PASS
394246,processed\features\394246_features.csv,1,635,15,23,16,375,0,0.9630905511811023,15,15,1.0,154.22535099981434,22.22088830047697,0,0.0,5,1.0,1.0,1.0,1.0,1,PASS
158254,processed\features\158254_features.csv,1,635,15,23,16,375,0,0.9630905511811023,15,15,1.0,41.47194192005689,22.096999980648246,0,0.0,0,1.0,1.0,1.0,1.0,1,PASS
37649,processed\features\37649_features.csv,1,635,15,23,16,375,0,0.9630905511811023,15,15,1.0,70.12551250684143,21.657211632286852,0,0.0,0,1.0,1.0,1.0,1.0,1,PASS
197337,processed\features\197337_features.csv,1,635,15,23,16,375,0,0.9630905511811023,15,15,1.0,81.45549296521057,20.31183566189585,0,0.0,0,1.0,1.0,1.0,1.0,1,PASS
119998,processed\features\119998_features.csv,1,635,15,23,16,375,0,0.9630905511811023,15,15,1.0,103.1042891457052,19.30821911497747,0,0.0,0,1.0,1.0,1.0,1.0,1,PASS
265188,processed\features\265188_features.csv,1,635,15,23,16,375,0,0.9630905511811023,15,15,1.0,84.02472067046072,18.756921523382424,0,0.0,0,1.0,1.0,1.0,1.0,1,PASS
450610,processed\features\450610_features.csv,1,635,15,23,16,375,0,0.9630905511811023,15,15,1.0,83.94008609108093,15.750798891071707,0,0.0,0,1.0,1.0,1.0,1.0,1,PASS
165356,processed\features\165356_features.csv,1,634,15,23,16,375,0,0.963032334384858,15,15,1.0,87.17562945084529,54.760999464985304,0,0.0,0,1.0,1.0,1.0,1.0,1,PASS
83450,processed\features\83450_features.csv,1,634,15,23,16,375,0,0.963032334384858,15,15,1.0,150.5899491663166,52.334340375301124,0,0.0,5,1.0,1.0,1.0,1.0,1,PASS
366365,processed\features\366365_features.csv,1,634,15,23,16,375,0,0.963032334384858,15,15,1.0,133.52098531472222,40.349096620114665,0,0.0,0,1.0,1.0,1.0,1.0,1,PASS
184262,processed\features\184262_features.csv,1,634,15,23,16,375,0,0.963032334384858,15,15,1.0,326.1266666209431,40.13690471976135,0,0.0,36,1.0,1.0,1.0,1.0,1,PASS
34165,processed\features\34165_features.csv,1,634,15,23,16,375,0,0.963032334384858,15,15,1.0,98.70048009772405,38.35796641222037,0,0.0,0,1.0,1.0,1.0,1.0,1,PASS
89181,processed\features\89181_features.csv,1,634,15,23,16,375,0,0.963032334384858,15,15,1.0,64.50296646401134,35.294075143245145,0,0.0,0,1.0,1.0,1.0,1.0,1,PASS
336001,processed\features\336001_features.csv,1,634,15,23,16,375,0,0.963032334384858,15,15,1.0,155.58284015359794,21.274106788994086,0,0.0,9,1.0,1.0,1.0,1.0,1,PASS
319288,processed\features\319288_features.csv,1,634,15,23,16,375,0,0.963032334384858,15,15,1.0,79.98257800579994,20.929792626916914,0,0.0,0,1.0,1.0,1.0,1.0,1,PASS
479055,processed\features\479055_features.csv,1,634,15,23,16,375,0,0.963032334384858,15,15,1.0,252.68064666143374,18.380008284979265,0,0.0,11,1.0,1.0,1.0,1.0,1,PASS
32527,processed\features\32527_features.csv,1,634,15,23,16,375,0,0.963032334384858,15,15,1.0,77.96804132175264,18.13304827438259,0,0.0,0,1.0,1.0,1.0,1.0,1,PASS
312757,processed\features\312757_features.csv,1,633,15,23,16,375,0,0.9629739336492891,15,15,1.0,75.1264238220663,38.472807550243,0,0.0,0,1.0,1.0,1.0,1.0,1,PASS
104656,processed\features\104656_features.csv,1,633,15,23,16,375,0,0.9629739336492891,15,15,1.0,153.22387913556642,32.28461067021669,0,0.0,0,1.0,1.0,1.0,1.0,1,PASS
52950,processed\features\52950_features.csv,1,633,15,23,16,375,0,0.9629739336492891,15,15,1.0,172.470516066389,26.419297983245965,0,0.0,5,1.0,1.0,1.0,1.0,1,PASS
5006,processed\features\5006_features.csv,1,633,15,23,16,375,0,0.9629739336492891,15,15,1.0,48.6717323405668,26.165338288969576,0,0.0,0,1.0,1.0,1.0,1.0,1,PASS
105268,processed\features\105268_features.csv,1,633,15,23,16,375,0,0.9629739336492891,15,15,1.0,193.5717344694009,24.948180165323357,0,0.0,5,1.0,1.0,1.0,1.0,1,PASS
471408,processed\features\471408_features.csv,1,633,15,23,16,375,0,0.9629739336492891,15,15,1.0,43.18195799071937,24.13456157599161,0,0.0,0,1.0,1.0,1.0,1.0,1,PASS
494302,processed\features\494302_features.csv,1,633,15,23,16,375,0,0.9629739336492891,15,15,1.0,138.4126754936313,23.32068819849199,0,0.0,0,1.0,1.0,1.0,1.0,1,PASS
252195,processed\features\252195_features.csv,1,633,15,23,16,375,0,0.9629739336492891,15,15,1.0,154.71705104329556,21.87268244565488,0,0.0,0,1.0,1.0,1.0,1.0,1,PASS
28245,processed\features\28245_features.csv,1,633,15,23,16,375,0,0.9629739336492891,15,15,1.0,101.27814593666963,20.5287018195016,0,0.0,0,1.0,1.0,1.0,1.0,1,PASS
334737,processed\features\334737_features.csv,1,633,15,23,16,375,0,0.9629739336492891,15,15,1.0,145.76882839306631,15.928010547691823,0,0.0,0,1.0,1.0,1.0,1.0,1,PASS
191581,processed\features\191581_features.csv,1,632,15,23,16,375,0,0.9629153481012658,15,15,1.0,132.8891025581888,53.350508096845296,0,0.0,0,1.0,1.0,1.0,1.0,1,PASS
112778,processed\features\112778_features.csv,1,632,15,23,16,375,0,0.9629153481012658,15,15,1.0,123.00783287433742,45.24299168151805,0,0.0,0,1.0,1.0,1.0,1.0,1,PASS
96416,processed\features\96416_features.csv,1,632,15,23,16,375,0,0.9629153481012658,15,15,1.0,306.4547277856593,44.579294816688424,0,0.0,15,1.0,1.0,1.0,1.0,1,PASS
416846,processed\features\416846_features.csv,1,632,15,23,16,375,0,0.9629153481012658,15,15,1.0,95.08083131037958,29.51144783403427,0,0.0,0,1.0,1.0,1.0,1.0,1,PASS
87640,processed\features\87640_features.csv,1,632,15,23,16,375,0,0.9629153481012658,15,15,1.0,62.54605359862389,27.902003793322372,0,0.0,0,1.0,1.0,1.0,1.0,1,PASS
250008,processed\features\250008_features.csv,1,632,15,23,16,375,0,0.9629153481012658,15,15,1.0,59.2254209239761,24.892129927446202,0,0.0,0,1.0,1.0,1.0,1.0,1,PASS
450904,processed\features\450904_features.csv,1,632,15,23,16,375,0,0.9629153481012658,15,15,1.0,38.49354581808134,19.658435054556286,0,0.0,0,1.0,1.0,1.0,1.0,1,PASS
495700,processed\features\495700_features.csv,1,632,15,23,16,375,0,0.9629153481012658,15,15,1.0,81.1752748165623,15.658983308908908,0,0.0,0,1.0,1.0,1.0,1.0,1,PASS
52047,processed\features\52047_features.csv,1,632,15,23,16,375,0,0.9629153481012658,15,15,1.0,115.97700067881496,14.761943305244099,0,0.0,0,1.0,1.0,1.0,1.0,1,PASS
154593,processed\features\154593_features.csv,1,632,15,23,16,375,0,0.9629153481012658,15,15,1.0,177.09975794366554,14.362912824589658,0,0.0,7,1.0,1.0,1.0,1.0,1,PASS
495896,processed\features\495896_features.csv,1,632,15,23,16,375,0,0.9629153481012658,15,15,1.0,41.53187335219156,8.828794564909145,0,0.0,0,1.0,1.0,1.0,1.0,1,PASS
131878,processed\features\131878_features.csv,1,631,15,23,16,375,0,0.9628565768621236,15,15,1.0,88.66653911317604,26.726097487787527,0,0.0,0,1.0,1.0,1.0,1.0,1,PASS
247208,processed\features\247208_features.csv,1,631,15,23,16,375,0,0.9628565768621236,15,15,1.0,35.904398543544254,20.069506818343413,0,0.0,0,1.0,1.0,1.0,1.0,1,PASS
387594,processed\features\387594_features.csv,1,631,15,23,16,375,0,0.9628565768621236,15,15,1.0,58.013719470132045,19.149549228530752,0,0.0,0,1.0,1.0,1.0,1.0,1,PASS
36417,processed\features\36417_features.csv,1,631,15,23,16,375,0,0.9628565768621236,15,15,1.0,59.106843374664834,14.296855369720914,0,0.0,0,1.0,1.0,1.0,1.0,1,PASS
459281,processed\features\459281_features.csv,1,631,15,23,16,375,0,0.9628565768621236,15,15,1.0,85.11652675258551,10.72064268183416,0,0.0,0,1.0,1.0,1.0,1.0,1,PASS
324906,processed\features\324906_features.csv,1,630,15,23,16,375,0,0.9627976190476191,15,15,1.0,96.24886491258926,88.85469950222543,0,0.0,0,1.0,1.0,1.0,1.0,1,PASS
51067,processed\features\51067_features.csv,1,630,15,23,16,375,0,0.9627976190476191,15,15,1.0,68.59394410902954,34.449244151803484,0,0.0,0,1.0,1.0,1.0,1.0,1,PASS
500639,processed\features\500639_features.csv,1,630,15,23,16,375,0,0.9627976190476191,15,15,1.0,64.92935573447059,31.76111708332953,0,0.0,0,1.0,1.0,1.0,1.0,1,PASS
309530,processed\features\309530_features.csv,1,630,15,23,16,375,0,0.9627976190476191,15,15,1.0,165.68823008784435,30.81643033119821,0,0.0,2,1.0,1.0,1.0,1.0,1,PASS
214115,processed\features\214115_features.csv,1,630,15,23,16,375,0,0.9627976190476191,15,15,1.0,83.13662327101066,25.642843652125542,0,0.0,0,1.0,1.0,1.0,1.0,1,PASS
419932,processed\features\419932_features.csv,1,630,15,23,16,375,0,0.9627976190476191,15,15,1.0,82.56505326173065,22.4068471884568,0,0.0,0,1.0,1.0,1.0,1.0,1,PASS
42747,processed\features\42747_features.csv,1,630,15,23,16,375,0,0.9627976190476191,15,15,1.0,147.6941199576586,17.259692886032827,0,0.0,4,1.0,1.0,1.0,1.0,1,PASS
444595,processed\features\444595_features.csv,1,630,15,23,16,375,0,0.9627976190476191,15,15,1.0,97.72351911972173,15.738416832048449,0,0.0,0,1.0,1.0,1.0,1.0,1,PASS
158322,processed\features\158322_features.csv,1,629,15,23,16,375,0,0.9627384737678856,15,15,1.0,197.1425030050181,109.13358534279712,0,0.0,8,1.0,1.0,1.0,1.0,1,PASS
352470,processed\features\352470_features.csv,1,629,15,23,16,375,0,0.9627384737678856,15,15,1.0,99.12777421914134,65.54568750380515,0,0.0,0,1.0,1.0,1.0,1.0,1,PASS
7361,processed\features\7361_features.csv,1,629,15,23,16,375,0,0.9627384737678856,15,15,1.0,116.36871301716717,63.157604532105424,0,0.0,0,1.0,1.0,1.0,1.0,1,PASS
455104,processed\features\455104_features.csv,1,629,15,23,16,375,0,0.9627384737678856,15,15,1.0,83.09327728043293,62.43017465643108,0,0.0,0,1.0,1.0,1.0,1.0,1,PASS
111604,processed\features\111604_features.csv,1,629,15,23,16,375,0,0.9627384737678856,15,15,1.0,88.1041102701608,46.178510152628476,0,0.0,0,1.0,1.0,1.0,1.0,1,PASS
87896,processed\features\87896_features.csv,1,629,15,23,16,375,0,0.9627384737678856,15,15,1.0,111.20501361192126,44.95070484828701,0,0.0,0,1.0,1.0,1.0,1.0,1,PASS
289213,processed\features\289213_features.csv,1,629,15,23,16,375,0,0.9627384737678856,15,15,1.0,121.99032830282785,43.74845758727818,0,0.0,6,1.0,1.0,1.0,1.0,1,PASS
482890,processed\features\482890_features.csv,1,629,15,23,16,375,0,0.9627384737678856,15,15,1.0,93.24703717416271,38.8991049838675,0,0.0,0,1.0,1.0,1.0,1.0,1,PASS
80110,processed\features\80110_features.csv,1,629,15,23,16,375,0,0.9627384737678856,15,15,1.0,64.28701484980117,38.303752243394904,0,0.0,0,1.0,1.0,1.0,1.0,1,PASS
193884,processed\features\193884_features.csv,1,629,15,23,16,375,0,0.9627384737678856,15,15,1.0,42.577336346024325,27.976296336227257,0,0.0,0,1.0,1.0,1.0,1.0,1,PASS
421064,processed\features\421064_features.csv,1,629,15,23,16,375,0,0.9627384737678856,15,15,1.0,110.58488166996864,27.701809261481607,0,0.0,0,1.0,1.0,1.0,1.0,1,PASS
52609,processed\features\52609_features.csv,1,629,15,23,16,375,0,0.9627384737678856,15,15,1.0,65.97380436806458,25.019447692700123,0,0.0,0,1.0,1.0,1.0,1.0,1,PASS
299123,processed\features\299123_features.csv,1,629,15,23,16,375,0,0.9627384737678856,15,15,1.0,191.73802415450604,24.8337881054901,0,0.0,8,1.0,1.0,1.0,1.0,1,PASS
247538,processed\features\247538_features.csv,1,629,15,23,16,375,0,0.9627384737678856,15,15,1.0,43.23410785742093,19.97274292870999,0,0.0,0,1.0,1.0,1.0,1.0,1,PASS
222035,processed\features\222035_features.csv,1,629,15,23,16,375,0,0.9627384737678856,15,15,1.0,24.878219623682366,18.88534416465606,0,0.0,0,1.0,1.0,1.0,1.0,1,PASS
343692,processed\features\343692_features.csv,1,628,15,23,16,375,0,0.9626791401273885,15,15,1.0,84.5877351851313,54.422263384433506,0,0.0,0,1.0,1.0,1.0,1.0,1,PASS
176811,processed\features\176811_features.csv,1,628,15,23,16,375,0,0.9626791401273885,15,15,1.0,150.18498117773257,51.200927996785815,0,0.0,10,1.0,1.0,1.0,1.0,1,PASS
507909,processed\features\507909_features.csv,1,628,15,23,16,375,0,0.9626791401273885,15,15,1.0,44.89369667626523,34.5361841706672,0,0.0,0,1.0,1.0,1.0,1.0,1,PASS
202036,processed\features\202036_features.csv,1,628,15,23,16,375,0,0.9626791401273885,15,15,1.0,103.38387880881935,30.844080245478146,0,0.0,0,1.0,1.0,1.0,1.0,1,PASS
507364,processed\features\507364_features.csv,1,628,15,23,16,375,0,0.9626791401273885,15,15,1.0,66.41757102389225,27.64322505473914,0,0.0,0,1.0,1.0,1.0,1.0,1,PASS
20006,processed\features\20006_features.csv,1,628,15,23,16,375,0,0.9626791401273885,15,15,1.0,48.949156281127784,23.281657056738037,0,0.0,0,1.0,1.0,1.0,1.0,1,PASS
235535,processed\features\235535_features.csv,1,628,15,23,16,375,0,0.9626791401273885,15,15,1.0,125.87244730444783,22.52612510472675,0,0.0,0,1.0,1.0,1.0,1.0,1,PASS
173260,processed\features\173260_features.csv,1,628,15,23,16,375,0,0.9626791401273885,15,15,1.0,48.15994857517392,22.377784838392227,0,0.0,0,1.0,1.0,1.0,1.0,1,PASS
55008,processed\features\55008_features.csv,1,628,15,23,16,375,0,0.9626791401273885,15,15,1.0,170.9310343811416,21.472816910500974,0,0.0,1,1.0,1.0,1.0,1.0,1,PASS
469683,processed\features\469683_features.csv,1,628,15,23,16,375,0,0.9626791401273885,15,15,1.0,112.07615562006002,10.243991411378591,0,0.0,2,1.0,1.0,1.0,1.0,1,PASS
18791,processed\features\18791_features.csv,1,627,15,23,16,375,0,0.9626196172248804,15,15,1.0,82.78452507934045,51.8029289906824,0,0.0,0,1.0,1.0,1.0,1.0,1,PASS
190327,processed\features\190327_features.csv,1,627,15,23,16,375,0,0.9626196172248804,15,15,1.0,146.28192389501757,40.002665372073444,0,0.0,5,1.0,1.0,1.0,1.0,1,PASS
23353,processed\features\23353_features.csv,1,627,15,23,16,375,0,0.9626196172248804,15,15,1.0,180.60583857436868,39.648263370193646,0,0.0,10,1.0,1.0,1.0,1.0,1,PASS
456132,processed\features\456132_features.csv,1,627,15,23,16,375,0,0.9626196172248804,15,15,1.0,45.680239494678474,26.636321344458977,0,0.0,0,1.0,1.0,1.0,1.0,1,PASS
283235,processed\features\283235_features.csv,1,627,15,23,16,375,0,0.9626196172248804,15,15,1.0,47.27852719294337,26.11245880080231,0,0.0,0,1.0,1.0,1.0,1.0,1,PASS
513326,processed\features\513326_features.csv,1,627,15,23,16,375,0,0.9626196172248804,15,15,1.0,126.62117269661786,25.269418795538048,0,0.0,0,1.0,1.0,1.0,1.0,1,PASS
368615,processed\features\368615_features.csv,1,627,15,23,16,375,0,0.9626196172248804,15,15,1.0,45.92950534097973,24.52875991874574,0,0.0,0,1.0,1.0,1.0,1.0,1,PASS
326234,processed\features\326234_features.csv,1,627,15,23,16,375,0,0.9626196172248804,15,15,1.0,87.99818408997612,23.000097809091613,0,0.0,0,1.0,1.0,1.0,1.0,1,PASS
18881,processed\features\18881_features.csv,1,627,15,23,16,375,0,0.9626196172248804,15,15,1.0,55.36891938143899,22.691340298442384,0,0.0,0,1.0,1.0,1.0,1.0,1,PASS
434016,processed\features\434016_features.csv,1,627,15,23,16,375,0,0.9626196172248804,15,15,1.0,170.21416607067755,18.587358253472228,0,0.0,1,1.0,1.0,1.0,1.0,1,PASS
234992,processed\features\234992_features.csv,1,627,15,23,16,375,0,0.9626196172248804,15,15,1.0,101.12156707665761,15.042141914332724,0,0.0,0,1.0,1.0,1.0,1.0,1,PASS
444774,processed\features\444774_features.csv,1,626,15,23,16,375,0,0.9625599041533547,15,15,1.0,73.19261627536424,57.9248002820573,0,0.0,0,1.0,1.0,1.0,1.0,1,PASS
362908,processed\features\362908_features.csv,1,626,15,23,16,375,0,0.9625599041533547,15,15,1.0,43.097752173855646,30.310755779067712,0,0.0,0,1.0,1.0,1.0,1.0,1,PASS
377297,processed\features\377297_features.csv,1,626,15,23,16,375,0,0.9625599041533547,15,15,1.0,38.13294570361923,23.739682670768993,0,0.0,0,1.0,1.0,1.0,1.0,1,PASS
381214,processed\features\381214_features.csv,1,626,15,23,16,375,0,0.9625599041533547,15,15,1.0,37.193128205348614,23.647190961753708,0,0.0,0,1.0,1.0,1.0,1.0,1,PASS
465359,processed\features\465359_features.csv,1,626,15,23,16,375,0,0.9625599041533547,15,15,1.0,135.12648646481267,20.813475227182114,0,0.0,5,1.0,1.0,1.0,1.0,1,PASS
255125,processed\features\255125_features.csv,1,626,15,23,16,375,0,0.9625599041533547,15,15,1.0,102.3054260612826,11.52712422123285,0,0.0,0,1.0,1.0,1.0,1.0,1,PASS
39338,processed\features\39338_features.csv,1,625,15,23,16,375,0,0.9625,15,15,1.0,79.11810376227595,59.28175557286429,0,0.0,0,1.0,1.0,1.0,1.0,1,PASS
63361,processed\features\63361_features.csv,1,625,15,23,16,375,0,0.9625,15,15,1.0,136.8618011706617,53.38076468942364,0,0.0,0,1.0,1.0,1.0,1.0,1,PASS
129888,processed\features\129888_features.csv,1,625,15,23,16,375,0,0.9625,15,15,1.0,80.32711583692594,43.71715328032178,0,0.0,0,1.0,1.0,1.0,1.0,1,PASS
133833,processed\features\133833_features.csv,1,625,15,23,16,375,0,0.9625,15,15,1.0,65.5762383455449,36.627417824627,0,0.0,0,1.0,1.0,1.0,1.0,1,PASS
99208,processed\features\99208_features.csv,1,625,15,23,16,375,0,0.9625,15,15,1.0,59.97409769615099,30.597265565723376,0,0.0,0,1.0,1.0,1.0,1.0,1,PASS
393575,processed\features\393575_features.csv,1,625,15,23,16,375,0,0.9625,15,15,1.0,66.59923289211504,30.359513110894284,0,0.0,0,1.0,1.0,1.0,1.0,1,PASS
385683,processed\features\385683_features.csv,1,625,15,23,16,375,0,0.9625,15,15,1.0,46.16268630793689,26.874671023561163,0,0.0,0,1.0,1.0,1.0,1.0,1,PASS
289953,processed\features\289953_features.csv,1,625,15,23,16,375,0,0.9625,15,15,1.0,39.25859019033796,22.404823966235465,0,0.0,0,1.0,1.0,1.0,1.0,1,PASS
322489,processed\features\322489_features.csv,1,625,15,23,16,375,0,0.9625,15,15,1.0,34.889393426956076,20.49887122842445,0,0.0,0,1.0,1.0,1.0,1.0,1,PASS
230076,processed\features\230076_features.csv,1,625,15,23,16,375,0,0.9625,15,15,1.0,60.48089181579532,19.898327690061084,0,0.0,0,1.0,1.0,1.0,1.0,1,PASS
126598,processed\features\126598_features.csv,1,625,15,23,16,375,0,0.9625,15,15,1.0,67.52077770663155,14.905588465003717,0,0.0,0,1.0,1.0,1.0,1.0,1,PASS
439991,processed\features\439991_features.csv,1,624,15,23,16,375,0,0.9624399038461539,15,15,1.0,76.09414326467449,75.86381656509218,0,0.0,0,1.0,1.0,1.0,1.0,1,PASS
392222,processed\features\392222_features.csv,1,624,15,23,16,375,0,0.9624399038461539,15,15,1.0,135.4148406739951,35.386735577136676,0,0.0,4,1.0,1.0,1.0,1.0,1,PASS
458685,processed\features\458685_features.csv,1,624,15,23,16,375,0,0.9624399038461539,15,15,1.0,297.9045287132781,23.966714227011323,0,0.0,20,1.0,1.0,1.0,1.0,1,PASS
54915,processed\features\54915_features.csv,1,624,15,23,16,375,0,0.9624399038461539,15,15,1.0,127.48227416587223,23.576735420193586,0,0.0,0,1.0,1.0,1.0,1.0,1,PASS
462747,processed\features\462747_features.csv,1,624,15,23,16,375,0,0.9624399038461539,15,15,1.0,37.486758796272916,21.627465185051353,0,0.0,0,1.0,1.0,1.0,1.0,1,PASS
283678,processed\features\283678_features.csv,1,624,15,23,16,375,0,0.9624399038461539,15,15,1.0,154.64192001381087,11.49635936167821,0,0.0,4,1.0,1.0,1.0,1.0,1,PASS
192139,processed\features\192139_features.csv,1,623,15,23,16,375,0,0.9623796147672552,15,15,1.0,94.55715395878474,58.13281271036624,0,0.0,0,1.0,1.0,1.0,1.0,1,PASS
482783,processed\features\482783_features.csv,1,623,15,23,16,375,0,0.9623796147672552,15,15,1.0,238141.55745389915,39.967372324464044,0,0.0,1,1.0,1.0,1.0,1.0,1,PASS
17349,processed\features\17349_features.csv,1,623,15,23,16,375,0,0.9623796147672552,15,15,1.0,240.6071163452785,38.24004826367232,0,0.0,12,1.0,1.0,1.0,1.0,1,PASS
481571,processed\features\481571_features.csv,1,623,15,23,16,375,0,0.9623796147672552,15,15,1.0,126.03840045952778,36.765655939171786,0,0.0,0,1.0,1.0,1.0,1.0,1,PASS
496761,processed\features\496761_features.csv,1,623,15,23,16,375,0,0.9623796147672552,15,15,1.0,81.7872856736679,26.42692158127783,0,0.0,0,1.0,1.0,1.0,1.0,1,PASS
450705,processed\features\450705_features.csv,1,623,15,23,16,375,0,0.9623796147672552,15,15,1.0,97.54379481653085,24.899759731158397,0,0.0,0,1.0,1.0,1.0,1.0,1,PASS
438725,processed\features\438725_features.csv,1,623,15,23,16,375,0,0.9623796147672552,15,15,1.0,107.73523027300459,21.043341789193786,0,0.0,0,1.0,1.0,1.0,1.0,1,PASS
407662,processed\features\407662_features.csv,1,623,15,23,16,375,0,0.9623796147672552,15,15,1.0,59.168605026975925,19.672570436872522,0,0.0,0,1.0,1.0,1.0,1.0,1,PASS
145312,processed\features\145312_features.csv,1,623,15,23,16,375,0,0.9623796147672552,15,15,1.0,92.56379266477313,12.51172212768818,0,0.0,0,1.0,1.0,1.0,1.0,1,PASS
196698,processed\features\196698_features.csv,1,622,15,23,16,375,0,0.9623191318327974,15,15,1.0,145.63682368851153,71.27834159391664,0,0.0,2,1.0,1.0,1.0,1.0,1,PASS
99614,processed\features\99614_features.csv,1,622,15,23,16,375,0,0.9623191318327974,15,15,1.0,78.62007551535264,33.76015382080767,0,0.0,0,1.0,1.0,1.0,1.0,1,PASS
46852,processed\features\46852_features.csv,1,622,15,23,16,375,0,0.9623191318327974,15,15,1.0,105.71857801866466,19.368100242499352,0,0.0,0,1.0,1.0,1.0,1.0,1,PASS
95297,processed\features\95297_features.csv,1,622,15,23,16,375,0,0.9623191318327974,15,15,1.0,105.11841728573307,17.233028205443972,0,0.0,0,1.0,1.0,1.0,1.0,1,PASS
343038,processed\features\343038_features.csv,1,622,15,23,16,375,0,0.9623191318327974,15,15,1.0,102.0348354319435,13.55618358019318,0,0.0,1,1.0,1.0,1.0,1.0,1,PASS
49694,processed\features\49694_features.csv,1,622,15,23,16,375,0,0.9623191318327974,15,15,1.0,46.99109867486212,8.51800667229527,0,0.0,0,1.0,1.0,1.0,1.0,1,PASS
339445,processed\features\339445_features.csv,1,621,15,23,16,375,0,0.9622584541062802,15,15,1.0,163.70387761739494,36.9893931870264,0,0.0,5,1.0,1.0,1.0,1.0,1,PASS
194247,processed\features\194247_features.csv,1,621,15,23,16,375,0,0.9622584541062802,15,15,1.0,56.119440173682534,25.84576643250115,0,0.0,0,1.0,1.0,1.0,1.0,1,PASS
15028,processed\features\15028_features.csv,1,621,15,23,16,375,0,0.9622584541062802,15,15,1.0,73.13724292732527,24.203303279332772,0,0.0,0,1.0,1.0,1.0,1.0,1,PASS
44394,processed\features\44394_features.csv,1,621,15,23,16,375,0,0.9622584541062802,15,15,1.0,2583.7774751443785,22.502363544124606,0,0.0,1,1.0,1.0,1.0,1.0,1,PASS
93308,processed\features\93308_features.csv,1,621,15,23,16,375,0,0.9622584541062802,15,15,1.0,101.3254554360634,18.10703550643088,0,0.0,0,1.0,1.0,1.0,1.0,1,PASS
178032,processed\features\178032_features.csv,1,621,15,23,16,375,0,0.9622584541062802,15,15,1.0,59.781279006093285,16.706751317359853,0,0.0,0,1.0,1.0,1.0,1.0,1,PASS
89402,processed\features\89402_features.csv,1,621,15,23,16,375,0,0.9622584541062802,15,15,1.0,96.8059800515083,8.750251277996467,0,0.0,0,1.0,1.0,1.0,1.0,1,PASS
305107,processed\features\305107_features.csv,1,620,15,23,16,375,0,0.9621975806451613,15,15,1.0,188.2052905062045,36.441823378459695,0,0.0,4,1.0,1.0,1.0,1.0,1,PASS
410883,processed\features\410883_features.csv,1,620,15,23,16,375,0,0.9621975806451613,15,15,1.0,47.53472328690348,33.27026955435782,0,0.0,0,1.0,1.0,1.0,1.0,1,PASS
162636,processed\features\162636_features.csv,1,620,15,23,16,375,0,0.9621975806451613,15,15,1.0,68.04763353664393,24.664443945858096,0,0.0,0,1.0,1.0,1.0,1.0,1,PASS
83971,processed\features\83971_features.csv,1,620,15,23,16,375,0,0.9621975806451613,15,15,1.0,188.53000899562073,24.077224674590553,0,0.0,1,1.0,1.0,1.0,1.0,1,PASS
173022,processed\features\173022_features.csv,1,620,15,23,16,375,0,0.9621975806451613,15,15,1.0,108.32137515432112,21.62112612985957,0,0.0,0,1.0,1.0,1.0,1.0,1,PASS
143180,processed\features\143180_features.csv,1,620,15,23,16,375,0,0.9621975806451613,15,15,1.0,177.3080407784555,20.50854550739395,0,0.0,3,1.0,1.0,1.0,1.0,1,PASS
22584,processed\features\22584_features.csv,1,620,15,23,16,375,0,0.9621975806451613,15,15,1.0,67.01853136271359,15.77541983991447,0,0.0,0,1.0,1.0,1.0,1.0,1,PASS
111239,processed\features\111239_features.csv,1,620,15,23,16,375,0,0.9621975806451613,15,15,1.0,123.37669863884838,15.204468064709472,0,0.0,0,1.0,1.0,1.0,1.0,1,PASS
321354,processed\features\321354_features.csv,1,620,15,23,16,375,0,0.9621975806451613,15,15,1.0,168.85421161797416,14.19007974022935,0,0.0,5,1.0,1.0,1.0,1.0,1,PASS
33659,processed\features\33659_features.csv,1,619,15,23,16,375,0,0.9621365105008077,15,15,1.0,73.70372240381599,41.232041483936285,0,0.0,0,1.0,1.0,1.0,1.0,1,PASS
457730,processed\features\457730_features.csv,1,619,15,23,16,375,0,0.9621365105008077,15,15,1.0,145.4986098715651,37.254036105336176,0,0.0,1,1.0,1.0,1.0,1.0,1,PASS
28896,processed\features\28896_features.csv,1,619,15,23,16,375,0,0.9621365105008077,15,15,1.0,94.06180263473263,26.69369955195843,0,0.0,0,1.0,1.0,1.0,1.0,1,PASS
205069,processed\features\205069_features.csv,1,619,15,23,16,375,0,0.9621365105008077,15,15,1.0,157.00310723861233,26.314184458642444,0,0.0,6,1.0,1.0,1.0,1.0,1,PASS
347513,processed\features\347513_features.csv,1,619,15,23,16,375,0,0.9621365105008077,15,15,1.0,106.14061322094234,24.428129025465303,0,0.0,0,1.0,1.0,1.0,1.0,1,PASS
432637,processed\features\432637_features.csv,1,619,15,23,16,375,0,0.9621365105008077,15,15,1.0,51.00340855946599,19.873750822165654,0,0.0,0,1.0,1.0,1.0,1.0,1,PASS
116516,processed\features\116516_features.csv,1,618,15,23,16,375,0,0.9620752427184466,15,15,1.0,240.33232293003,27.056373337209656,0,0.0,10,1.0,1.0,1.0,1.0,1,PASS
344397,processed\features\344397_features.csv,1,618,15,23,16,375,0,0.9620752427184466,15,15,1.0,32.2163473628444,24.0597406693185,0,0.0,0,1.0,1.0,1.0,1.0,1,PASS
428463,processed\features\428463_features.csv,1,618,15,23,16,375,0,0.9620752427184466,15,15,1.0,45.69636075961215,23.217460640264353,0,0.0,0,1.0,1.0,1.0,1.0,1,PASS
494867,processed\features\494867_features.csv,1,618,15,23,16,375,0,0.9620752427184466,15,15,1.0,107.68541060898443,22.3782487264851,0,0.0,0,1.0,1.0,1.0,1.0,1,PASS
162394,processed\features\162394_features.csv,1,618,15,23,16,375,0,0.9620752427184466,15,15,1.0,41.75695481816771,17.779376316254314,0,0.0,0,1.0,1.0,1.0,1.0,1,PASS
197719,processed\features\197719_features.csv,1,618,15,23,16,375,0,0.9620752427184466,15,15,1.0,106.77196985450003,17.405278222791654,0,0.0,0,1.0,1.0,1.0,1.0,1,PASS
390793,processed\features\390793_features.csv,1,618,15,23,16,375,0,0.9620752427184466,15,15,1.0,58.75806575361398,14.745860708611573,0,0.0,0,1.0,1.0,1.0,1.0,1,PASS
116955,processed\features\116955_features.csv,1,618,15,23,16,375,0,0.9620752427184466,15,15,1.0,2582.6996807217765,14.534850401066393,0,0.0,1,1.0,1.0,1.0,1.0,1,PASS
263085,processed\features\263085_features.csv,1,618,15,23,16,375,0,0.9620752427184466,15,15,1.0,52.863694909854146,13.401118136113375,0,0.0,0,1.0,1.0,1.0,1.0,1,PASS
452366,processed\features\452366_features.csv,1,617,15,23,16,375,0,0.962013776337115,15,15,1.0,68.30302092720517,58.477954428121954,0,0.0,0,1.0,1.0,1.0,1.0,1,PASS
115865,processed\features\115865_features.csv,1,617,15,23,16,375,0,0.962013776337115,15,15,1.0,74.35105838929098,31.872808520992244,0,0.0,0,1.0,1.0,1.0,1.0,1,PASS
333652,processed\features\333652_features.csv,1,617,15,23,16,375,0,0.962013776337115,15,15,1.0,50.02559030666187,22.959057089519874,0,0.0,0,1.0,1.0,1.0,1.0,1,PASS
151272,processed\features\151272_features.csv,1,617,15,23,16,375,0,0.962013776337115,15,15,1.0,64.91739012211973,22.311860008092776,0,0.0,0,1.0,1.0,1.0,1.0,1,PASS
48669,processed\features\48669_features.csv,1,617,15,23,16,375,0,0.962013776337115,15,15,1.0,117.58464191482622,18.824873999295214,0,0.0,0,1.0,1.0,1.0,1.0,1,PASS
84510,processed\features\84510_features.csv,1,617,15,23,16,375,0,0.962013776337115,15,15,1.0,70.27270809195939,15.614572121170255,0,0.0,0,1.0,1.0,1.0,1.0,1,PASS
505766,processed\features\505766_features.csv,1,617,15,23,16,375,0,0.962013776337115,15,15,1.0,205.2193866870611,8.154510567293569,0,0.0,12,1.0,1.0,1.0,1.0,1,PASS
5352,processed\features\5352_features.csv,1,616,15,23,16,375,0,0.9619521103896104,15,15,1.0,150.47530619746584,26.92319675040089,0,0.0,0,1.0,1.0,1.0,1.0,1,PASS
503149,processed\features\503149_features.csv,1,616,15,23,16,375,0,0.9619521103896104,15,15,1.0,79.43842550703336,20.649149306628225,0,0.0,0,1.0,1.0,1.0,1.0,1,PASS
488488,processed\features\488488_features.csv,1,616,15,23,16,375,0,0.9619521103896104,15,15,1.0,73.62244908966531,15.6464922870681,0,0.0,0,1.0,1.0,1.0,1.0,1,PASS
349218,processed\features\349218_features.csv,1,615,15,23,16,375,0,0.961890243902439,15,15,1.0,178.81133609824874,74.3847077247529,0,0.0,0,1.0,1.0,1.0,1.0,1,PASS
452652,processed\features\452652_features.csv,1,615,15,23,16,375,0,0.961890243902439,15,15,1.0,109.29910482275429,60.362009187610724,0,0.0,0,1.0,1.0,1.0,1.0,1,PASS
403076,processed\features\403076_features.csv,1,615,15,23,16,375,0,0.961890243902439,15,15,1.0,103.9479586458005,39.100190138986854,0,0.0,0,1.0,1.0,1.0,1.0,1,PASS
230189,processed\features\230189_features.csv,1,615,15,23,16,375,0,0.961890243902439,15,15,1.0,56.19425131972166,37.06040559698188,0,0.0,0,1.0,1.0,1.0,1.0,1,PASS
298023,processed\features\298023_features.csv,1,615,15,23,16,375,0,0.961890243902439,15,15,1.0,88.63745017172313,35.30809681516757,0,0.0,1,1.0,1.0,1.0,1.0,1,PASS
345946,processed\features\345946_features.csv,1,615,15,23,16,375,0,0.961890243902439,15,15,1.0,46.16584426105644,31.471359091395822,0,0.0,0,1.0,1.0,1.0,1.0,1,PASS
326556,processed\features\326556_features.csv,1,615,15,23,16,375,0,0.961890243902439,15,15,1.0,115.22230084052175,25.064110183945495,0,0.0,0,1.0,1.0,1.0,1.0,1,PASS
5458,processed\features\5458_features.csv,1,615,15,23,16,375,0,0.961890243902439,15,15,1.0,82.65847392696493,23.07158749780801,0,0.0,0,1.0,1.0,1.0,1.0,1,PASS
474427,processed\features\474427_features.csv,1,615,15,23,16,375,0,0.961890243902439,15,15,1.0,70.02340632948737,18.298535187679864,0,0.0,0,1.0,1.0,1.0,1.0,1,PASS
138017,processed\features\138017_features.csv,1,615,15,23,16,375,0,0.961890243902439,15,15,1.0,67.28336329844622,12.464813352425614,0,0.0,0,1.0,1.0,1.0,1.0,1,PASS
396532,processed\features\396532_features.csv,1,614,15,23,16,375,0,0.9618281758957655,15,15,1.0,138.15354622482596,111.29438028981724,0,0.0,0,1.0,1.0,1.0,1.0,1,PASS
119705,processed\features\119705_features.csv,1,614,15,23,16,375,0,0.9618281758957655,15,15,1.0,139.2185724266134,65.17627326522212,0,0.0,0,1.0,1.0,1.0,1.0,1,PASS
495383,processed\features\495383_features.csv,1,614,15,23,16,375,0,0.9618281758957655,15,15,1.0,115.13258544759843,55.20883602162524,0,0.0,0,1.0,1.0,1.0,1.0,1,PASS
337899,processed\features\337899_features.csv,1,614,15,23,16,375,0,0.9618281758957655,15,15,1.0,71.69425470318984,41.35973897846256,0,0.0,0,1.0,1.0,1.0,1.0,1,PASS
179896,processed\features\179896_features.csv,1,614,15,23,16,375,0,0.9618281758957655,15,15,1.0,146.95699976181479,21.29510581275341,0,0.0,6,1.0,1.0,1.0,1.0,1,PASS
77310,processed\features\77310_features.csv,1,614,15,23,16,375,0,0.9618281758957655,15,15,1.0,106.76420234805137,18.745612113126956,0,0.0,0,1.0,1.0,1.0,1.0,1,PASS
415866,processed\features\415866_features.csv,1,614,15,23,16,375,0,0.9618281758957655,15,15,1.0,60.92057512095456,18.632091218367645,0,0.0,0,1.0,1.0,1.0,1.0,1,PASS
217146,processed\features\217146_features.csv,1,614,15,23,16,375,0,0.9618281758957655,15,15,1.0,65.99601099468728,11.951121844907686,0,0.0,0,1.0,1.0,1.0,1.0,1,PASS
199142,processed\features\199142_features.csv,1,613,15,23,16,375,0,0.9617659053833605,15,15,1.0,86.65328889968984,44.53135492164505,0,0.0,0,1.0,1.0,1.0,1.0,1,PASS
36066,processed\features\36066_features.csv,1,613,15,23,16,375,0,0.9617659053833605,15,15,1.0,12921.307212092417,35.72912046552325,0,0.0,5,1.0,1.0,1.0,1.0,1,PASS
231456,processed\features\231456_features.csv,1,613,15,23,16,375,0,0.9617659053833605,15,15,1.0,81.11102985783938,18.29602688001997,0,0.0,0,1.0,1.0,1.0,1.0,1,PASS
296341,processed\features\296341_features.csv,1,613,15,23,16,375,0,0.9617659053833605,15,15,1.0,103.42364559515275,15.056170727374958,0,0.0,0,1.0,1.0,1.0,1.0,1,PASS
194726,processed\features\194726_features.csv,1,612,15,23,16,375,0,0.961703431372549,15,15,1.0,170.16441713773108,86.70368744865021,0,0.0,0,1.0,1.0,1.0,1.0,1,PASS
135395,processed\features\135395_features.csv,1,612,15,23,16,375,0,0.961703431372549,15,15,1.0,225.07829712660322,50.36976330098065,0,0.0,9,1.0,1.0,1.0,1.0,1,PASS
88181,processed\features\88181_features.csv,1,612,15,23,16,375,0,0.961703431372549,15,15,1.0,47.15086389469587,30.148771255767507,0,0.0,0,1.0,1.0,1.0,1.0,1,PASS
469750,processed\features\469750_features.csv,1,612,15,23,16,375,0,0.961703431372549,15,15,1.0,145.50803194794523,17.110243206268688,0,0.0,0,1.0,1.0,1.0,1.0,1,PASS
438531,processed\features\438531_features.csv,1,612,15,23,16,375,0,0.961703431372549,15,15,1.0,71.84670244963588,13.623623280621352,0,0.0,0,1.0,1.0,1.0,1.0,1,PASS
263981,processed\features\263981_features.csv,1,611,15,23,16,375,0,0.9616407528641571,15,15,1.0,111.03810651534913,61.601296308179975,0,0.0,0,1.0,1.0,1.0,1.0,1,PASS
79500,processed\features\79500_features.csv,1,611,15,23,16,375,0,0.9616407528641571,15,15,1.0,135.8182014145541,30.876421599992554,0,0.0,1,1.0,1.0,1.0,1.0,1,PASS
290470,processed\features\290470_features.csv,1,611,15,23,16,375,0,0.9616407528641571,15,15,1.0,86.84578825526894,30.307474094476767,0,0.0,0,1.0,1.0,1.0,1.0,1,PASS
105129,processed\features\105129_features.csv,1,611,15,23,16,375,0,0.9616407528641571,15,15,1.0,81.25383453381342,24.828428563622474,0,0.0,0,1.0,1.0,1.0,1.0,1,PASS
109116,processed\features\109116_features.csv,1,611,15,23,16,375,0,0.9616407528641571,15,15,1.0,74.13610130957296,18.884746639243,0,0.0,0,1.0,1.0,1.0,1.0,1,PASS
239439,processed\features\239439_features.csv,1,611,15,23,16,375,0,0.9616407528641571,15,15,1.0,65.1443014954769,18.602769509888127,0,0.0,0,1.0,1.0,1.0,1.0,1,PASS
56635,processed\features\56635_features.csv,1,611,15,23,16,375,0,0.9616407528641571,15,15,1.0,48.08412038450939,15.934525918619102,0,0.0,0,1.0,1.0,1.0,1.0,1,PASS
347524,processed\features\347524_features.csv,1,610,15,23,16,375,0,0.961577868852459,15,15,1.0,56.33785112692126,33.87314146274365,0,0.0,0,1.0,1.0,1.0,1.0,1,PASS
261678,processed\features\261678_features.csv,1,610,15,23,16,375,0,0.961577868852459,15,15,1.0,158.57729756223912,33.582048826288485,0,0.0,5,1.0,1.0,1.0,1.0,1,PASS
497549,processed\features\497549_features.csv,1,610,15,23,16,375,0,0.961577868852459,15,15,1.0,33.185218582803024,25.557909496726822,0,0.0,0,1.0,1.0,1.0,1.0,1,PASS
118255,processed\features\118255_features.csv,1,610,15,23,16,375,0,0.961577868852459,15,15,1.0,37.82127439946513,24.681997581149226,0,0.0,0,1.0,1.0,1.0,1.0,1,PASS
346330,processed\features\346330_features.csv,1,610,15,23,16,375,0,0.961577868852459,15,15,1.0,76.99153984758522,17.470581920941274,0,0.0,0,1.0,1.0,1.0,1.0,1,PASS
330494,processed\features\330494_features.csv,1,610,15,23,16,375,0,0.961577868852459,15,15,1.0,120.06332720448897,15.761173911005878,0,0.0,2,1.0,1.0,1.0,1.0,1,PASS
108260,processed\features\108260_features.csv,1,610,15,23,16,375,0,0.961577868852459,15,15,1.0,29.571456785867664,13.125505944992941,0,0.0,0,1.0,1.0,1.0,1.0,1,PASS
45834,processed\features\45834_features.csv,1,609,15,23,16,375,0,0.9615147783251231,15,15,1.0,348.44378621908504,59.63583269048126,0,0.0,15,1.0,1.0,1.0,1.0,1,PASS
409190,processed\features\409190_features.csv,1,609,15,23,16,375,0,0.9615147783251231,15,15,1.0,94.29493979773903,45.035630907093285,0,0.0,0,1.0,1.0,1.0,1.0,1,PASS
138394,processed\features\138394_features.csv,1,609,15,23,16,375,0,0.9615147783251231,15,15,1.0,534.6743952169346,29.688646521355786,0,0.0,15,1.0,1.0,1.0,1.0,1,PASS
340213,processed\features\340213_features.csv,1,609,15,23,16,375,0,0.9615147783251231,15,15,1.0,108.43389318923991,28.698474300363895,0,0.0,0,1.0,1.0,1.0,1.0,1,PASS
357519,processed\features\357519_features.csv,1,609,15,23,16,375,0,0.9615147783251231,15,15,1.0,37.276949184234866,27.88271969951345,0,0.0,0,1.0,1.0,1.0,1.0,1,PASS
404128,processed\features\404128_features.csv,1,609,15,23,16,375,0,0.9615147783251231,15,15,1.0,59.376287860077724,21.203825949056274,0,0.0,0,1.0,1.0,1.0,1.0,1,PASS
321922,processed\features\321922_features.csv,1,609,15,23,16,375,0,0.9615147783251231,15,15,1.0,94.41126038379264,19.734593620710367,0,0.0,0,1.0,1.0,1.0,1.0,1,PASS
242805,processed\features\242805_features.csv,1,609,15,23,16,375,0,0.9615147783251231,15,15,1.0,57.13406661747657,18.921701669560328,0,0.0,0,1.0,1.0,1.0,1.0,1,PASS
189082,processed\features\189082_features.csv,1,609,15,23,16,375,0,0.9615147783251231,15,15,1.0,68.91677624001113,17.680748456099373,0,0.0,0,1.0,1.0,1.0,1.0,1,PASS
162434,processed\features\162434_features.csv,1,609,15,23,16,375,0,0.9615147783251231,15,15,1.0,28.665508084942324,15.284925179715557,0,0.0,0,1.0,1.0,1.0,1.0,1,PASS
475692,processed\features\475692_features.csv,1,609,15,23,16,375,0,0.9615147783251231,15,15,1.0,62.52779287891934,14.100441833790448,0,0.0,0,1.0,1.0,1.0,1.0,1,PASS
105148,processed\features\105148_features.csv,1,609,15,23,16,375,0,0.9615147783251231,15,15,1.0,125.52991208055826,9.547431479220625,0,0.0,5,1.0,1.0,1.0,1.0,1,PASS
64897,processed\features\64897_features.csv,1,608,15,23,16,375,0,0.9614514802631579,15,15,1.0,79.43210659307059,87.43826841830347,0,0.0,0,1.0,1.0,1.0,1.0,1,PASS
77239,processed\features\77239_features.csv,1,608,15,23,16,375,0,0.9614514802631579,15,15,1.0,82.62920567753915,58.328082125790885,0,0.0,0,1.0,1.0,1.0,1.0,1,PASS
362933,processed\features\362933_features.csv,1,608,15,23,16,375,0,0.9614514802631579,15,15,1.0,214.7787900494007,28.173877120743505,0,0.0,6,1.0,1.0,1.0,1.0,1,PASS
141068,processed\features\141068_features.csv,1,608,15,23,16,375,0,0.9614514802631579,15,15,1.0,129.30882766869843,26.476402218113122,0,0.0,5,1.0,1.0,1.0,1.0,1,PASS
359221,processed\features\359221_features.csv,1,608,15,23,16,375,0,0.9614514802631579,15,15,1.0,97.90690890780066,23.6812243354549,0,0.0,0,1.0,1.0,1.0,1.0,1,PASS
465375,processed\features\465375_features.csv,1,608,15,23,16,375,0,0.9614514802631579,15,15,1.0,97.12570836024028,22.128036915762266,0,0.0,0,1.0,1.0,1.0,1.0,1,PASS
328833,processed\features\328833_features.csv,1,608,15,23,16,375,0,0.9614514802631579,15,15,1.0,169.30624497502876,15.315133523122093,0,0.0,1,1.0,1.0,1.0,1.0,1,PASS
245266,processed\features\245266_features.csv,1,608,15,23,16,375,0,0.9614514802631579,15,15,1.0,39.761489472140944,9.991170775114183,0,0.0,0,1.0,1.0,1.0,1.0,1,PASS
103161,processed\features\103161_features.csv,1,607,15,23,16,375,0,0.9613879736408567,15,15,1.0,146.5739349417878,25.958672763670045,0,0.0,5,1.0,1.0,1.0,1.0,1,PASS
32973,processed\features\32973_features.csv,1,607,15,23,16,375,0,0.9613879736408567,15,15,1.0,108.50311727587395,21.007667665542535,0,0.0,0,1.0,1.0,1.0,1.0,1,PASS
330121,processed\features\330121_features.csv,1,607,15,23,16,375,0,0.9613879736408567,15,15,1.0,30.32027572238122,19.796091996707958,0,0.0,0,1.0,1.0,1.0,1.0,1,PASS
422064,processed\features\422064_features.csv,1,607,15,23,16,375,0,0.9613879736408567,15,15,1.0,193.390176485162,18.519789226657217,0,0.0,0,1.0,1.0,1.0,1.0,1,PASS
151760,processed\features\151760_features.csv,1,607,15,23,16,375,0,0.9613879736408567,15,15,1.0,73.16117867202752,17.46900484093748,0,0.0,0,1.0,1.0,1.0,1.0,1,PASS
401429,processed\features\401429_features.csv,1,607,15,23,16,375,0,0.9613879736408567,15,15,1.0,226.7635746437561,14.484395587817794,0,0.0,14,1.0,1.0,1.0,1.0,1,PASS
366134,processed\features\366134_features.csv,1,606,15,23,16,375,0,0.9613242574257426,15,15,1.0,104.37087605025393,62.220060656592196,0,0.0,0,1.0,1.0,1.0,1.0,1,PASS
295127,processed\features\295127_features.csv,1,606,15,23,16,375,0,0.9613242574257426,15,15,1.0,179.01387050126868,50.845500367388055,0,0.0,6,1.0,1.0,1.0,1.0,1,PASS
104934,processed\features\104934_features.csv,1,606,15,23,16,375,0,0.9613242574257426,15,15,1.0,95.61338999142214,38.21578604781503,0,0.0,1,1.0,1.0,1.0,1.0,1,PASS
382703,processed\features\382703_features.csv,1,606,15,23,16,375,0,0.9613242574257426,15,15,1.0,112.85662868480244,36.51506228891898,0,0.0,0,1.0,1.0,1.0,1.0,1,PASS
395882,processed\features\395882_features.csv,1,606,15,23,16,375,0,0.9613242574257426,15,15,1.0,62.2131192726003,29.68199662953642,0,0.0,0,1.0,1.0,1.0,1.0,1,PASS
250594,processed\features\250594_features.csv,1,606,15,23,16,375,0,0.9613242574257426,15,15,1.0,66.59468993264436,20.435013956774174,0,0.0,0,1.0,1.0,1.0,1.0,1,PASS
331327,processed\features\331327_features.csv,1,606,15,23,16,375,0,0.9613242574257426,15,15,1.0,84.12649295036609,14.444218767511119,0,0.0,0,1.0,1.0,1.0,1.0,1,PASS
248898,processed\features\248898_features.csv,1,606,15,23,16,375,0,0.9613242574257426,15,15,1.0,116.09525110748265,10.136795680651904,0,0.0,0,1.0,1.0,1.0,1.0,1,PASS
184094,processed\features\184094_features.csv,1,605,15,23,16,375,0,0.9612603305785123,15,15,1.0,136.1236675098495,68.85439114746848,0,0.0,0,1.0,1.0,1.0,1.0,1,PASS
411467,processed\features\411467_features.csv,1,605,15,23,16,375,0,0.9612603305785123,15,15,1.0,267449.85086339747,36.28801135170053,0,0.0,1,1.0,1.0,1.0,1.0,1,PASS
323017,processed\features\323017_features.csv,1,605,15,23,16,375,0,0.9612603305785123,15,15,1.0,70.38025740394754,21.811964386924714,0,0.0,0,1.0,1.0,1.0,1.0,1,PASS
52968,processed\features\52968_features.csv,1,605,15,23,16,375,0,0.9612603305785123,15,15,1.0,138.14533423224947,21.662708531029708,0,0.0,4,1.0,1.0,1.0,1.0,1,PASS
121159,processed\features\121159_features.csv,1,605,15,23,16,375,0,0.9612603305785123,15,15,1.0,115.46734850805899,20.373432316763953,0,0.0,0,1.0,1.0,1.0,1.0,1,PASS
301250,processed\features\301250_features.csv,1,605,15,23,16,375,0,0.9612603305785123,15,15,1.0,60.91001083845532,14.468247369420094,0,0.0,0,1.0,1.0,1.0,1.0,1,PASS
415177,processed\features\415177_features.csv,1,604,15,23,16,375,0,0.9611961920529801,15,15,1.0,115.80063517688517,64.38782153042925,0,0.0,0,1.0,1.0,1.0,1.0,1,PASS
181825,processed\features\181825_features.csv,1,604,15,23,16,375,0,0.9611961920529801,15,15,1.0,159.39399175653807,49.39084156030003,0,0.0,0,1.0,1.0,1.0,1.0,1,PASS
60197,processed\features\60197_features.csv,1,604,15,23,16,375,0,0.9611961920529801,15,15,1.0,84.7030426814047,24.588022140279527,0,0.0,0,1.0,1.0,1.0,1.0,1,PASS
438937,processed\features\438937_features.csv,1,604,15,23,16,375,0,0.9611961920529801,15,15,1.0,86.19074896759369,13.631262856832148,0,0.0,0,1.0,1.0,1.0,1.0,1,PASS
421598,processed\features\421598_features.csv,1,603,15,23,16,375,0,0.9611318407960199,15,15,1.0,130.04274981878163,59.92029909562077,0,0.0,0,1.0,1.0,1.0,1.0,1,PASS
275085,processed\features\275085_features.csv,1,603,15,23,16,375,0,0.9611318407960199,15,15,1.0,320.18403914709995,38.60367211583527,0,0.0,25,1.0,1.0,1.0,1.0,1,PASS
459423,processed\features\459423_features.csv,1,603,15,23,16,375,0,0.9611318407960199,15,15,1.0,38.67356742043522,29.46785887287112,0,0.0,0,1.0,1.0,1.0,1.0,1,PASS
56897,processed\features\56897_features.csv,1,603,15,23,16,375,0,0.9611318407960199,15,15,1.0,91.31096865736987,27.261242615551865,0,0.0,0,1.0,1.0,1.0,1.0,1,PASS
4060,processed\features\4060_features.csv,1,603,15,23,16,375,0,0.9611318407960199,15,15,1.0,46.34427967724563,26.25228622761673,0,0.0,0,1.0,1.0,1.0,1.0,1,PASS
175407,processed\features\175407_features.csv,1,603,15,23,16,375,0,0.9611318407960199,15,15,1.0,131.48645332358478,18.21046883787436,0,0.0,0,1.0,1.0,1.0,1.0,1,PASS
250300,processed\features\250300_features.csv,1,602,15,23,16,375,0,0.9610672757475083,15,15,1.0,69.80557594099243,55.643427292193266,0,0.0,0,1.0,1.0,1.0,1.0,1,PASS
183324,processed\features\183324_features.csv,1,602,15,23,16,375,0,0.9610672757475083,15,15,1.0,79.99488861371047,49.9638576417002,0,0.0,0,1.0,1.0,1.0,1.0,1,PASS
499590,processed\features\499590_features.csv,1,602,15,23,16,375,0,0.9610672757475083,15,15,1.0,234.58668578657137,43.176022119508445,0,0.0,11,1.0,1.0,1.0,1.0,1,PASS
130413,processed\features\130413_features.csv,1,602,15,23,16,375,0,0.9610672757475083,15,15,1.0,91.22271682528763,43.098430623743155,0,0.0,0,1.0,1.0,1.0,1.0,1,PASS
407710,processed\features\407710_features.csv,1,602,15,23,16,375,0,0.9610672757475083,15,15,1.0,101.46117956310748,30.035730341276462,0,0.0,0,1.0,1.0,1.0,1.0,1,PASS
195505,processed\features\195505_features.csv,1,602,15,23,16,375,0,0.9610672757475083,15,15,1.0,76.83184170133207,27.379947392572788,0,0.0,0,1.0,1.0,1.0,1.0,1,PASS
322985,processed\features\322985_features.csv,1,602,15,23,16,375,0,0.9610672757475083,15,15,1.0,77.55239554340253,17.80512333543012,0,0.0,0,1.0,1.0,1.0,1.0,1,PASS
343662,processed\features\343662_features.csv,1,602,15,23,16,375,0,0.9610672757475083,15,15,1.0,80.30079706851927,14.164940046988805,0,0.0,0,1.0,1.0,1.0,1.0,1,PASS
282814,processed\features\282814_features.csv,1,602,15,23,16,375,0,0.9610672757475083,15,15,1.0,150.9816802150711,13.793496556320815,0,0.0,1,1.0,1.0,1.0,1.0,1,PASS
335362,processed\features\335362_features.csv,1,602,15,23,16,375,0,0.9610672757475083,15,15,1.0,111.61150926767175,13.521014084010089,0,0.0,0,1.0,1.0,1.0,1.0,1,PASS
460808,processed\features\460808_features.csv,1,601,15,23,16,375,0,0.9610024958402662,15,15,1.0,185.2071978319119,96.47423822949273,0,0.0,0,1.0,1.0,1.0,1.0,1,PASS
134372,processed\features\134372_features.csv,1,601,15,23,16,375,0,0.9610024958402662,15,15,1.0,169.8953580372517,43.008542616144936,0,0.0,1,1.0,1.0,1.0,1.0,1,PASS
373594,processed\features\373594_features.csv,1,601,15,23,16,375,0,0.9610024958402662,15,15,1.0,92.42916113025241,41.65526102815268,0,0.0,0,1.0,1.0,1.0,1.0,1,PASS
127152,processed\features\127152_features.csv,1,601,15,23,16,375,0,0.9610024958402662,15,15,1.0,81.80287471496057,33.72705212010042,0,0.0,0,1.0,1.0,1.0,1.0,1,PASS
108977,processed\features\108977_features.csv,1,601,15,23,16,375,0,0.9610024958402662,15,15,1.0,5263.958037637001,29.25899446628598,0,0.0,1,1.0,1.0,1.0,1.0,1,PASS
20202,processed\features\20202_features.csv,1,601,15,23,16,375,0,0.9610024958402662,15,15,1.0,38.587753883424014,28.367105136789476,0,0.0,0,1.0,1.0,1.0,1.0,1,PASS
303981,processed\features\303981_features.csv,1,601,15,23,16,375,0,0.9610024958402662,15,15,1.0,33.854328594256586,24.870184519418554,0,0.0,0,1.0,1.0,1.0,1.0,1,PASS
352055,processed\features\352055_features.csv,1,601,15,23,16,375,0,0.9610024958402662,15,15,1.0,43.05416159473293,17.392996374626552,0,0.0,0,1.0,1.0,1.0,1.0,1,PASS
297053,processed\features\297053_features.csv,1,600,15,23,16,375,0,0.9609375,15,15,1.0,110.09627419352502,119.14089107745554,0,0.0,0,1.0,1.0,1.0,1.0,1,PASS
135614,processed\features\135614_features.csv,1,600,15,23,16,375,0,0.9609375,15,15,1.0,186.20650284414256,109.6741174303761,0,0.0,2,1.0,1.0,1.0,1.0,1,PASS
114027,processed\features\114027_features.csv,1,600,15,23,16,375,0,0.9609375,15,15,1.0,83.36190421168335,29.369180331464726,0,0.0,0,1.0,1.0,1.0,1.0,1,PASS
309066,processed\features\309066_features.csv,1,600,15,23,16,375,0,0.9609375,15,15,1.0,95.46980433690752,22.33338944508723,0,0.0,0,1.0,1.0,1.0,1.0,1,PASS
31668,processed\features\31668_features.csv,1,1039,15,23,16,375,0,0.9774422521655438,15,15,1.0,207.48436577276175,63.23448601375961,2,0.125,13,0.9500000000000001,1.0,1.0,0.9925,1,PASS
56297,processed\features\56297_features.csv,1,903,15,23,16,375,0,0.9740448504983389,15,15,1.0,158.83418644947997,18.707923753523502,2,0.125,0,0.9500000000000001,1.0,1.0,0.9925,1,PASS
33389,processed\features\33389_features.csv,1,892,15,23,16,375,0,0.9737247757847534,15,15,1.0,951.8270686489813,49.83167545332222,2,0.125,438,0.9500000000000001,1.0,1.0,0.9925,1,PASS
71029,processed\features\71029_features.csv,1,892,15,23,16,375,0,0.9737247757847534,15,15,1.0,118.26889954951479,13.687563880481274,2,0.125,0,0.9500000000000001,1.0,1.0,0.9925,1,PASS
478573,processed\features\478573_features.csv,1,892,15,23,16,375,0,0.9737247757847534,15,15,1.0,116.24944676072072,7.083655028969629,2,0.125,0,0.9500000000000001,1.0,1.0,0.9925,1,PASS
11324,processed\features\11324_features.csv,1,884,15,23,16,375,0,0.9734869909502263,15,15,1.0,240.17976592541856,34.366413278451645,2,0.125,22,0.9500000000000001,1.0,1.0,0.9925,1,PASS
4928,processed\features\4928_features.csv,1,883,15,23,16,375,0,0.9734569648924122,15,15,1.0,83.87057467565515,16.723524920206437,2,0.125,0,0.9500000000000001,1.0,1.0,0.9925,1,PASS
403834,processed\features\403834_features.csv,1,879,15,23,16,375,0,0.9733361774744027,15,15,1.0,144.44791296389582,26.753033996663415,2,0.125,0,0.9500000000000001,1.0,1.0,0.9925,1,PASS
230401,processed\features\230401_features.csv,1,870,15,23,16,375,0,0.9730603448275862,15,15,1.0,181.86368249294497,12.185237565206368,2,0.125,6,0.9500000000000001,1.0,1.0,0.9925,1,PASS
49344,processed\features\49344_features.csv,1,864,15,23,16,375,0,0.9728732638888888,15,15,1.0,141.04160083816362,20.274493272389403,2,0.125,1,0.9500000000000001,1.0,1.0,0.9925,1,PASS
116416,processed\features\116416_features.csv,1,859,15,23,16,375,0,0.9727153667054714,15,15,1.0,294.1662932292629,108.31400649772847,2,0.125,27,0.9500000000000001,1.0,1.0,0.9925,1,PASS
144876,processed\features\144876_features.csv,1,854,15,23,16,375,0,0.9725556206088993,15,15,1.0,157.74958610148616,39.83368690328526,2,0.125,0,0.9500000000000001,1.0,1.0,0.9925,1,PASS
70081,processed\features\70081_features.csv,1,851,15,23,16,375,0,0.9724588719153937,15,15,1.0,109.01591031338813,38.96565263884614,2,0.125,2,0.9500000000000001,1.0,1.0,0.9925,1,PASS
144560,processed\features\144560_features.csv,1,841,15,23,16,375,0,0.9721313912009513,15,15,1.0,129.2628746858815,26.404086360188725,2,0.125,1,0.9500000000000001,1.0,1.0,0.9925,1,PASS
392960,processed\features\392960_features.csv,1,841,15,23,16,375,0,0.9721313912009513,15,15,1.0,106.11639211561042,14.74144287237648,2,0.125,0,0.9500000000000001,1.0,1.0,0.9925,1,PASS
433161,processed\features\433161_features.csv,1,828,15,23,16,375,0,0.9716938405797102,15,15,1.0,176.9363148542413,22.842657070743414,2,0.125,4,0.9500000000000001,1.0,1.0,0.9925,1,PASS
44640,processed\features\44640_features.csv,1,823,15,23,16,375,0,0.9715218712029161,15,15,1.0,98.5319375250568,11.469659585314409,2,0.125,0,0.9500000000000001,1.0,1.0,0.9925,1,PASS
22140,processed\features\22140_features.csv,1,821,15,23,16,375,0,0.971452496954933,15,15,1.0,184.66270252443434,33.49858437838355,2,0.125,0,0.9500000000000001,1.0,1.0,0.9925,1,PASS
415598,processed\features\415598_features.csv,1,816,15,23,16,375,0,0.9712775735294118,15,15,1.0,401.81319823271997,16.64250963937747,2,0.125,50,0.9500000000000001,1.0,1.0,0.9925,1,PASS
461391,processed\features\461391_features.csv,1,815,15,23,16,375,0,0.9712423312883436,15,15,1.0,160.53837973920955,15.170089655013856,2,0.125,5,0.9500000000000001,1.0,1.0,0.9925,1,PASS
201828,processed\features\201828_features.csv,1,810,15,23,16,375,0,0.9710648148148148,15,15,1.0,125.08898800197282,18.603464253436602,2,0.125,0,0.9500000000000001,1.0,1.0,0.9925,1,PASS
36273,processed\features\36273_features.csv,1,809,15,23,16,375,0,0.9710290482076638,15,15,1.0,618.6368770598015,46.95128226456611,2,0.125,63,0.9500000000000001,1.0,1.0,0.9925,1,PASS
97110,processed\features\97110_features.csv,1,807,15,23,16,375,0,0.970957249070632,15,15,1.0,212.08678905529027,28.973689551220154,2,0.125,10,0.9500000000000001,1.0,1.0,0.9925,1,PASS
186578,processed\features\186578_features.csv,1,802,15,23,16,375,0,0.9707761845386533,15,15,1.0,143.66114890660694,91.35266901298381,2,0.125,1,0.9500000000000001,1.0,1.0,0.9925,1,PASS
172687,processed\features\172687_features.csv,1,800,15,23,16,375,0,0.970703125,15,15,1.0,123.55741721693694,19.837213714778734,2,0.125,4,0.9500000000000001,1.0,1.0,0.9925,1,PASS
354892,processed\features\354892_features.csv,1,796,15,23,16,375,0,0.9705559045226131,15,15,1.0,145.4293572591962,14.556516406603095,2,0.125,0,0.9500000000000001,1.0,1.0,0.9925,1,PASS
327869,processed\features\327869_features.csv,1,794,15,23,16,375,0,0.9704817380352645,15,15,1.0,74.83525576990813,10.17636177454055,2,0.125,0,0.9500000000000001,1.0,1.0,0.9925,1,PASS
249773,processed\features\249773_features.csv,1,792,15,23,16,375,0,0.970407196969697,15,15,1.0,216.68156488219913,29.898264194951658,2,0.125,16,0.9500000000000001,1.0,1.0,0.9925,1,PASS
87290,processed\features\87290_features.csv,1,788,15,23,16,375,0,0.9702569796954315,15,15,1.0,514.8856941569882,26.25469230322386,2,0.125,96,0.9500000000000001,1.0,1.0,0.9925,1,PASS
463532,processed\features\463532_features.csv,1,786,15,23,16,375,0,0.9701812977099237,15,15,1.0,365.1262178909666,47.13314935867379,2,0.125,35,0.9500000000000001,1.0,1.0,0.9925,1,PASS
376274,processed\features\376274_features.csv,1,786,15,23,16,375,0,0.9701812977099237,15,15,1.0,162073.08624427576,25.00482020296276,2,0.125,1,0.9500000000000001,1.0,1.0,0.9925,1,PASS
176600,processed\features\176600_features.csv,1,784,15,23,16,375,0,0.9701052295918368,15,15,1.0,142.90260887533543,12.056068304703288,2,0.125,5,0.9500000000000001,1.0,1.0,0.9925,1,PASS
181238,processed\features\181238_features.csv,1,781,15,23,16,375,0,0.9699903969270166,15,15,1.0,99.16935354416658,29.3418449673364,2,0.125,0,0.9500000000000001,1.0,1.0,0.9925,1,PASS
20389,processed\features\20389_features.csv,1,781,15,23,16,375,0,0.9699903969270166,15,15,1.0,119.79111718762249,14.75303186530877,2,0.125,2,0.9500000000000001,1.0,1.0,0.9925,1,PASS
122753,processed\features\122753_features.csv,1,780,15,23,16,375,0,0.9699519230769231,15,15,1.0,237.34416632776225,6.20774673659672,2,0.125,14,0.9500000000000001,1.0,1.0,0.9925,1,PASS
86013,processed\features\86013_features.csv,1,779,15,23,16,375,0,0.9699133504492939,15,15,1.0,311.5381362803577,28.152415360461237,2,0.125,39,0.9500000000000001,1.0,1.0,0.9925,1,PASS
301651,processed\features\301651_features.csv,1,768,15,23,16,375,0,0.969482421875,15,15,1.0,95.82716368813685,8.611406119677323,2,0.125,0,0.9500000000000001,1.0,1.0,0.9925,1,PASS
393129,processed\features\393129_features.csv,1,767,15,23,16,375,0,0.9694426336375489,15,15,1.0,137.43569721333475,11.408100516780092,2,0.125,0,0.9500000000000001,1.0,1.0,0.9925,1,PASS
26871,processed\features\26871_features.csv,1,766,15,23,16,375,0,0.9694027415143603,15,15,1.0,157.4797465525902,21.533324672316155,2,0.125,4,0.9500000000000001,1.0,1.0,0.9925,1,PASS
338929,processed\features\338929_features.csv,1,765,15,23,16,375,0,0.9693627450980392,15,15,1.0,227.98991618198323,21.91206482643183,2,0.125,6,0.9500000000000001,1.0,1.0,0.9925,1,PASS
173663,processed\features\173663_features.csv,1,764,15,23,16,375,0,0.9693226439790575,15,15,1.0,100.97402600770965,22.456585543175635,2,0.125,0,0.9500000000000001,1.0,1.0,0.9925,1,PASS
86009,processed\features\86009_features.csv,1,758,15,23,16,375,0,0.9690798153034301,15,15,1.0,199.15217041219887,40.24339475836008,2,0.125,11,0.9500000000000001,1.0,1.0,0.9925,1,PASS
135281,processed\features\135281_features.csv,1,755,15,23,16,375,0,0.9689569536423841,15,15,1.0,135.1533367942836,42.85780646687529,2,0.125,1,0.9500000000000001,1.0,1.0,0.9925,1,PASS
438523,processed\features\438523_features.csv,1,754,15,23,16,375,0,0.9689157824933687,15,15,1.0,211.38392182411394,17.428727495316277,2,0.125,12,0.9500000000000001,1.0,1.0,0.9925,1,PASS
135233,processed\features\135233_features.csv,1,754,15,23,16,375,0,0.9689157824933687,15,15,1.0,98.30913432080129,16.544436094781357,2,0.125,0,0.9500000000000001,1.0,1.0,0.9925,1,PASS
399673,processed\features\399673_features.csv,1,750,15,23,16,375,0,0.96875,15,15,1.0,295.2764917155335,9.104518455895496,2,0.125,20,0.9500000000000001,1.0,1.0,0.9925,1,PASS
495094,processed\features\495094_features.csv,1,749,15,23,16,375,0,0.9687082777036048,15,15,1.0,193.2328176894114,8.414151627014682,2,0.125,10,0.9500000000000001,1.0,1.0,0.9925,1,PASS
56379,processed\features\56379_features.csv,1,745,15,23,16,375,0,0.9685402684563759,15,15,1.0,159.13356343004276,47.84138444745865,2,0.125,1,0.9500000000000001,1.0,1.0,0.9925,1,PASS
385377,processed\features\385377_features.csv,1,745,15,23,16,375,0,0.9685402684563759,15,15,1.0,704597.4010753586,27.442406964635417,2,0.125,19,0.9500000000000001,1.0,1.0,0.9925,1,PASS
407599,processed\features\407599_features.csv,1,744,15,23,16,375,0,0.9684979838709677,15,15,1.0,160.41397781409543,24.746912946474612,2,0.125,0,0.9500000000000001,1.0,1.0,0.9925,1,PASS
120494,processed\features\120494_features.csv,1,744,15,23,16,375,0,0.9684979838709677,15,15,1.0,74.67747765294742,16.56934793891702,2,0.125,0,0.9500000000000001,1.0,1.0,0.9925,1,PASS
136141,processed\features\136141_features.csv,1,743,15,23,16,375,0,0.9684555854643337,15,15,1.0,115.4473624763053,20.981846099338803,2,0.125,0,0.9500000000000001,1.0,1.0,0.9925,1,PASS
159324,processed\features\159324_features.csv,1,743,15,23,16,375,0,0.9684555854643337,15,15,1.0,121.89922733484022,15.583983700493206,2,0.125,0,0.9500000000000001,1.0,1.0,0.9925,1,PASS
321495,processed\features\321495_features.csv,1,743,15,23,16,375,0,0.9684555854643337,15,15,1.0,147.0918289718414,10.490959277376266,2,0.125,5,0.9500000000000001,1.0,1.0,0.9925,1,PASS
376644,processed\features\376644_features.csv,1,739,15,23,16,375,0,0.9682848443843031,15,15,1.0,137.06932751500872,21.114021668400483,2,0.125,0,0.9500000000000001,1.0,1.0,0.9925,1,PASS
149251,processed\features\149251_features.csv,1,738,15,23,16,375,0,0.9682418699186992,15,15,1.0,102.09775978174241,17.698482527535994,2,0.125,0,0.9500000000000001,1.0,1.0,0.9925,1,PASS
152256,processed\features\152256_features.csv,1,737,15,23,16,375,0,0.9681987788331072,15,15,1.0,148.49294906286954,13.863564755702825,2,0.125,5,0.9500000000000001,1.0,1.0,0.9925,1,PASS
40506,processed\features\40506_features.csv,1,737,15,23,16,375,0,0.9681987788331072,15,15,1.0,93.74132041548785,11.380853052531934,2,0.125,1,0.9500000000000001,1.0,1.0,0.9925,1,PASS
335740,processed\features\335740_features.csv,1,737,15,23,16,375,0,0.9681987788331072,15,15,1.0,124.9923288422405,10.733389947057791,2,0.125,0,0.9500000000000001,1.0,1.0,0.9925,1,PASS
211961,processed\features\211961_features.csv,1,736,15,23,16,375,0,0.968155570652174,15,15,1.0,79.54232512181834,20.466426555082695,2,0.125,0,0.9500000000000001,1.0,1.0,0.9925,1,PASS
246824,processed\features\246824_features.csv,1,733,15,23,16,375,0,0.968025238744884,15,15,1.0,276.14257086652094,16.277774360665305,2,0.125,11,0.9500000000000001,1.0,1.0,0.9925,1,PASS
513444,processed\features\513444_features.csv,1,732,15,23,16,375,0,0.9679815573770492,15,15,1.0,319.5153558513477,19.98826070098299,2,0.125,46,0.9500000000000001,1.0,1.0,0.9925,1,PASS
173741,processed\features\173741_features.csv,1,730,15,23,16,375,0,0.9678938356164384,15,15,1.0,87.71518198767399,26.058531832675737,2,0.125,0,0.9500000000000001,1.0,1.0,0.9925,1,PASS
301544,processed\features\301544_features.csv,1,730,15,23,16,375,0,0.9678938356164384,15,15,1.0,171.34939320947774,13.734991052794921,2,0.125,0,0.9500000000000001,1.0,1.0,0.9925,1,PASS
213829,processed\features\213829_features.csv,1,728,15,23,16,375,0,0.9678056318681318,15,15,1.0,215.8522671643399,68.27523572219349,2,0.125,6,0.9500000000000001,1.0,1.0,0.9925,1,PASS
297374,processed\features\297374_features.csv,1,726,15,23,16,375,0,0.9677169421487604,15,15,1.0,150.21470836121364,26.824600533007654,2,0.125,5,0.9500000000000001,1.0,1.0,0.9925,1,PASS
255112,processed\features\255112_features.csv,1,725,15,23,16,375,0,0.9676724137931034,15,15,1.0,100.89143203990318,32.772025272427754,2,0.125,0,0.9500000000000001,1.0,1.0,0.9925,1,PASS
494356,processed\features\494356_features.csv,1,725,15,23,16,375,0,0.9676724137931034,15,15,1.0,208.4318317711427,27.21381005551139,2,0.125,5,0.9500000000000001,1.0,1.0,0.9925,1,PASS
411625,processed\features\411625_features.csv,1,723,15,23,16,375,0,0.9675829875518672,15,15,1.0,350.13354124290186,21.86726594109813,2,0.125,20,0.9500000000000001,1.0,1.0,0.9925,1,PASS
176628,processed\features\176628_features.csv,1,722,15,23,16,375,0,0.9675380886426593,15,15,1.0,208.46365187187166,13.134298615912408,2,0.125,7,0.9500000000000001,1.0,1.0,0.9925,1,PASS
141719,processed\features\141719_features.csv,1,721,15,23,16,375,0,0.96749306518724,15,15,1.0,108.23666094279531,19.509969637095143,2,0.125,0,0.9500000000000001,1.0,1.0,0.9925,1,PASS
46760,processed\features\46760_features.csv,1,720,15,23,16,375,0,0.9674479166666666,15,15,1.0,194.2241791094097,19.790768217867367,2,0.125,1,0.9500000000000001,1.0,1.0,0.9925,1,PASS
56360,processed\features\56360_features.csv,1,719,15,23,16,375,0,0.9674026425591099,15,15,1.0,308.78093014736737,38.11718971168054,2,0.125,29,0.9500000000000001,1.0,1.0,0.9925,1,PASS
463552,processed\features\463552_features.csv,1,717,15,23,16,375,0,0.9673117154811716,15,15,1.0,219.21899620536365,16.263438046568147,2,0.125,7,0.9500000000000001,1.0,1.0,0.9925,1,PASS
364520,processed\features\364520_features.csv,1,717,15,23,16,375,0,0.9673117154811716,15,15,1.0,78.64719986344188,11.826439859557091,2,0.125,0,0.9500000000000001,1.0,1.0,0.9925,1,PASS
74549,processed\features\74549_features.csv,1,716,15,23,16,375,0,0.9672660614525139,15,15,1.0,226.05829872156332,19.57263423347302,2,0.125,13,0.9500000000000001,1.0,1.0,0.9925,1,PASS
513072,processed\features\513072_features.csv,1,716,15,23,16,375,0,0.9672660614525139,15,15,1.0,108.07041176837383,15.61686313307169,2,0.125,0,0.9500000000000001,1.0,1.0,0.9925,1,PASS
465626,processed\features\465626_features.csv,1,715,15,23,16,375,0,0.9672202797202797,15,15,1.0,129.9422751318164,15.246647854498718,2,0.125,0,0.9500000000000001,1.0,1.0,0.9925,1,PASS
485948,processed\features\485948_features.csv,1,714,15,23,16,375,0,0.9671743697478992,15,15,1.0,222.4084736951621,66.98519189163524,2,0.125,9,0.9500000000000001,1.0,1.0,0.9925,1,PASS
30138,processed\features\30138_features.csv,1,710,15,23,16,375,0,0.9669894366197183,15,15,1.0,229.2542535442641,20.90108167807806,2,0.125,15,0.9500000000000001,1.0,1.0,0.9925,1,PASS
37180,processed\features\37180_features.csv,1,709,15,23,16,375,0,0.9669428772919605,15,15,1.0,87.92048389924345,13.05907381867759,2,0.125,0,0.9500000000000001,1.0,1.0,0.9925,1,PASS
265830,processed\features\265830_features.csv,1,697,15,23,16,375,0,0.9663737446197992,15,15,1.0,79.26894194711596,16.614642328487133,2,0.125,0,0.9500000000000001,1.0,1.0,0.9925,1,PASS
321754,processed\features\321754_features.csv,1,696,15,23,16,375,0,0.9663254310344828,15,15,1.0,315.6461290534129,29.382987012890712,2,0.125,36,0.9500000000000001,1.0,1.0,0.9925,1,PASS
347244,processed\features\347244_features.csv,1,693,15,23,16,375,0,0.9661796536796536,15,15,1.0,60.209065496796164,10.687141247065934,2,0.125,0,0.9500000000000001,1.0,1.0,0.9925,1,PASS
151637,processed\features\151637_features.csv,1,688,15,23,16,375,0,0.9659338662790697,15,15,1.0,77.68781254883942,13.844115923686317,2,0.125,0,0.9500000000000001,1.0,1.0,0.9925,1,PASS
106988,processed\features\106988_features.csv,1,687,15,23,16,375,0,0.9658842794759825,15,15,1.0,183.30177503966618,89.16922153092194,2,0.125,5,0.9500000000000001,1.0,1.0,0.9925,1,PASS
487555,processed\features\487555_features.csv,1,687,15,23,16,375,0,0.9658842794759825,15,15,1.0,243.7875408360446,19.959171782725907,2,0.125,12,0.9500000000000001,1.0,1.0,0.9925,1,PASS
111804,processed\features\111804_features.csv,1,687,15,23,16,375,0,0.9658842794759825,15,15,1.0,176.1516176124964,13.531565210185562,2,0.125,10,0.9500000000000001,1.0,1.0,0.9925,1,PASS
86056,processed\features\86056_features.csv,1,683,15,23,16,375,0,0.9656844802342606,15,15,1.0,163.67525433697494,25.36900374612201,2,0.125,1,0.9500000000000001,1.0,1.0,0.9925,1,PASS
60612,processed\features\60612_features.csv,1,682,15,23,16,375,0,0.9656341642228738,15,15,1.0,119.96748661852368,14.768712571945208,2,0.125,0,0.9500000000000001,1.0,1.0,0.9925,1,PASS
485811,processed\features\485811_features.csv,1,682,15,23,16,375,0,0.9656341642228738,15,15,1.0,152.5640725109931,10.942013954972026,2,0.125,5,0.9500000000000001,1.0,1.0,0.9925,1,PASS
265790,processed\features\265790_features.csv,1,682,15,23,16,375,0,0.9656341642228738,15,15,1.0,126.9179629060558,8.532621468456924,2,0.125,4,0.9500000000000001,1.0,1.0,0.9925,1,PASS
348824,processed\features\348824_features.csv,1,679,15,23,16,375,0,0.9654823269513991,15,15,1.0,178.1203961704296,85.65822559875954,2,0.125,5,0.9500000000000001,1.0,1.0,0.9925,1,PASS
13245,processed\features\13245_features.csv,1,676,15,23,16,375,0,0.9653291420118343,15,15,1.0,144.7191983121799,13.495357355527183,2,0.125,5,0.9500000000000001,1.0,1.0,0.9925,1,PASS
284147,processed\features\284147_features.csv,1,676,15,23,16,375,0,0.9653291420118343,15,15,1.0,147.7276588759345,11.366166552907107,2,0.125,5,0.9500000000000001,1.0,1.0,0.9925,1,PASS
298054,processed\features\298054_features.csv,1,674,15,23,16,375,0,0.9652262611275965,15,15,1.0,556392.5003143263,78.88005457354222,2,0.125,4,0.9500000000000001,1.0,1.0,0.9925,1,PASS
430835,processed\features\430835_features.csv,1,674,15,23,16,375,0,0.9652262611275965,15,15,1.0,140.4027328074444,24.347625722966068,2,0.125,0,0.9500000000000001,1.0,1.0,0.9925,1,PASS
509881,processed\features\509881_features.csv,1,674,15,23,16,375,0,0.9652262611275965,15,15,1.0,116.28271735318368,24.29331382919218,2,0.125,0,0.9500000000000001,1.0,1.0,0.9925,1,PASS
79719,processed\features\79719_features.csv,1,671,15,23,16,375,0,0.9650707898658718,15,15,1.0,136.87226273955307,15.524167748107098,2,0.125,1,0.9500000000000001,1.0,1.0,0.9925,1,PASS
98947,processed\features\98947_features.csv,1,669,15,23,16,375,0,0.9649663677130045,15,15,1.0,92.33662101083158,8.377961246563556,2,0.125,0,0.9500000000000001,1.0,1.0,0.9925,1,PASS
198416,processed\features\198416_features.csv,1,669,15,23,16,375,0,0.9649663677130045,15,15,1.0,62.835698398555365,4.814621847965466,2,0.125,0,0.9500000000000001,1.0,1.0,0.9925,1,PASS
260736,processed\features\260736_features.csv,1,667,15,23,16,375,0,0.9648613193403298,15,15,1.0,128.0823229559862,17.892253592400458,2,0.125,5,0.9500000000000001,1.0,1.0,0.9925,1,PASS
108068,processed\features\108068_features.csv,1,667,15,23,16,375,0,0.9648613193403298,15,15,1.0,89.47173107761449,10.522926014657926,2,0.125,0,0.9500000000000001,1.0,1.0,0.9925,1,PASS
507278,processed\features\507278_features.csv,1,666,15,23,16,375,0,0.9648085585585585,15,15,1.0,122.77235557890351,12.88329637254715,2,0.125,0,0.9500000000000001,1.0,1.0,0.9925,1,PASS
88584,processed\features\88584_features.csv,1,664,15,23,16,375,0,0.9647025602409639,15,15,1.0,125.88564850869211,14.903362317088693,2,0.125,0,0.9500000000000001,1.0,1.0,0.9925,1,PASS
494587,processed\features\494587_features.csv,1,661,15,23,16,375,0,0.9645423600605144,15,15,1.0,139.5274639717581,17.583854424705784,2,0.125,0,0.9500000000000001,1.0,1.0,0.9925,1,PASS
177257,processed\features\177257_features.csv,1,654,15,23,16,375,0,0.9641628440366973,15,15,1.0,115.08600779115503,10.331991891806451,2,0.125,0,0.9500000000000001,1.0,1.0,0.9925,1,PASS
32714,processed\features\32714_features.csv,1,651,15,23,16,375,0,0.9639976958525346,15,15,1.0,123.95996950964329,9.554406417380827,2,0.125,0,0.9500000000000001,1.0,1.0,0.9925,1,PASS
132108,processed\features\132108_features.csv,1,649,15,23,16,375,0,0.963886748844376,15,15,1.0,75.85631671215222,15.13807848987135,2,0.125,0,0.9500000000000001,1.0,1.0,0.9925,1,PASS
14178,processed\features\14178_features.csv,1,649,15,23,16,375,0,0.963886748844376,15,15,1.0,108.77336411755017,8.073788994365616,2,0.125,0,0.9500000000000001,1.0,1.0,0.9925,1,PASS
386238,processed\features\386238_features.csv,1,647,15,23,16,375,0,0.963775115919629,15,15,1.0,126.58454589635816,10.281223534742779,2,0.125,0,0.9500000000000001,1.0,1.0,0.9925,1,PASS
114437,processed\features\114437_features.csv,1,642,15,23,16,375,0,0.9634929906542056,15,15,1.0,127.62189191519133,29.006641199496308,2,0.125,0,0.9500000000000001,1.0,1.0,0.9925,1,PASS
121824,processed\features\121824_features.csv,1,642,15,23,16,375,0,0.9634929906542056,15,15,1.0,61.96038620454025,3.758517863596027,2,0.125,0,0.9500000000000001,1.0,1.0,0.9925,1,PASS
181313,processed\features\181313_features.csv,1,641,15,23,16,375,0,0.9634360374414976,15,15,1.0,67.05766815041727,1.1986253289906676,2,0.125,0,0.9500000000000001,1.0,1.0,0.9925,1,PASS
109272,processed\features\109272_features.csv,1,638,15,23,16,375,0,0.9632641065830722,15,15,1.0,107.96734947503113,12.012019356692058,2,0.125,0,0.9500000000000001,1.0,1.0,0.9925,1,PASS
39550,processed\features\39550_features.csv,1,637,15,23,16,375,0,0.9632064364207221,15,15,1.0,146.12211839391773,23.459083517164245,2,0.125,4,0.9500000000000001,1.0,1.0,0.9925,1,PASS
205436,processed\features\205436_features.csv,1,635,15,23,16,375,0,0.9630905511811023,15,15,1.0,265.85925493961753,30.834733039050178,2,0.125,11,0.9500000000000001,1.0,1.0,0.9925,1,PASS
64123,processed\features\64123_features.csv,1,630,15,23,16,375,0,0.9627976190476191,15,15,1.0,166.20449089081416,23.697099311771005,2,0.125,1,0.9500000000000001,1.0,1.0,0.9925,1,PASS
156879,processed\features\156879_features.csv,1,630,15,23,16,375,0,0.9627976190476191,15,15,1.0,113.79539854454396,8.454827559055788,2,0.125,0,0.9500000000000001,1.0,1.0,0.9925,1,PASS
204028,processed\features\204028_features.csv,1,629,15,23,16,375,0,0.9627384737678856,15,15,1.0,131.45826900269444,54.443221130917024,2,0.125,0,0.9500000000000001,1.0,1.0,0.9925,1,PASS
212994,processed\features\212994_features.csv,1,626,15,23,16,375,0,0.9625599041533547,15,15,1.0,132.6807094924999,10.070395564122155,2,0.125,0,0.9500000000000001,1.0,1.0,0.9925,1,PASS
460740,processed\features\460740_features.csv,1,625,15,23,16,375,0,0.9625,15,15,1.0,59.75495687352297,15.779500744133008,2,0.125,0,0.9500000000000001,1.0,1.0,0.9925,1,PASS
495379,processed\features\495379_features.csv,1,624,15,23,16,375,0,0.9624399038461539,15,15,1.0,91.71573475192997,16.55646930576743,2,0.125,0,0.9500000000000001,1.0,1.0,0.9925,1,PASS
273414,processed\features\273414_features.csv,1,622,15,23,16,375,0,0.9623191318327974,15,15,1.0,142.04232072510533,16.297702282710404,2,0.125,0,0.9500000000000001,1.0,1.0,0.9925,1,PASS
19752,processed\features\19752_features.csv,1,621,15,23,16,375,0,0.9622584541062802,15,15,1.0,78.84760320463373,15.604599651012064,2,0.125,0,0.9500000000000001,1.0,1.0,0.9925,1,PASS
496645,processed\features\496645_features.csv,1,621,15,23,16,375,0,0.9622584541062802,15,15,1.0,138.70367268170386,15.319762798739173,2,0.125,5,0.9500000000000001,1.0,1.0,0.9925,1,PASS
97465,processed\features\97465_features.csv,1,618,15,23,16,375,0,0.9620752427184466,15,15,1.0,109.87219280541116,4.703556301042047,2,0.125,0,0.9500000000000001,1.0,1.0,0.9925,1,PASS
136582,processed\features\136582_features.csv,1,617,15,23,16,375,0,0.962013776337115,15,15,1.0,127.10249736212153,12.261323666283445,2,0.125,0,0.9500000000000001,1.0,1.0,0.9925,1,PASS
5126,processed\features\5126_features.csv,1,616,15,23,16,375,0,0.9619521103896104,15,15,1.0,47.56428993870611,8.908330805220332,2,0.125,0,0.9500000000000001,1.0,1.0,0.9925,1,PASS
26177,processed\features\26177_features.csv,1,615,15,23,16,375,0,0.961890243902439,15,15,1.0,195.1652626354823,13.34772028387013,2,0.125,4,0.9500000000000001,1.0,1.0,0.9925,1,PASS
386124,processed\features\386124_features.csv,1,612,15,23,16,375,0,0.961703431372549,15,15,1.0,152.87979896580333,25.985047095354705,2,0.125,0,0.9500000000000001,1.0,1.0,0.9925,1,PASS
208412,processed\features\208412_features.csv,1,612,15,23,16,375,0,0.961703431372549,15,15,1.0,110.3098607110734,23.44493375676168,2,0.125,0,0.9500000000000001,1.0,1.0,0.9925,1,PASS
288096,processed\features\288096_features.csv,1,611,15,23,16,375,0,0.9616407528641571,15,15,1.0,182.41526402361728,25.972012055713428,2,0.125,0,0.9500000000000001,1.0,1.0,0.9925,1,PASS
49320,processed\features\49320_features.csv,1,609,15,23,16,375,0,0.9615147783251231,15,15,1.0,319.1588800496183,15.706778935934278,2,0.125,34,0.9500000000000001,1.0,1.0,0.9925,1,PASS
286639,processed\features\286639_features.csv,1,604,15,23,16,375,0,0.9611961920529801,15,15,1.0,490.77810923021275,26.792629351698157,2,0.125,95,0.9500000000000001,1.0,1.0,0.9925,1,PASS
575,processed\features\575_features.csv,1,604,15,23,16,375,0,0.9611961920529801,15,15,1.0,207.47376375259586,17.741632894509763,2,0.125,10,0.9500000000000001,1.0,1.0,0.9925,1,PASS
