timestamp,event_type,user_id,layer,risk_percent,decision,context,active_alerts,details
2026-08-20T01:04:45.766047,agent_score,9001,3,1,ALLOW,normal_browsing,,similarity=0.9905;action=VIEW_ACCOUNT
2026-08-20T01:04:50.831725,agent_score,9001,3,1,ALLOW,normal_browsing,,similarity=0.9963;action=VIEW_ACCOUNT
2026-08-20T01:04:55.865895,agent_score,9001,3,1,ALLOW,normal_browsing,,similarity=0.9906;action=VIEW_ACCOUNT
2026-08-20T01:05:00.898044,agent_score,9001,3,1,ALLOW,normal_browsing,,similarity=0.9893;action=VIEW_ACCOUNT
2026-08-20T01:05:05.963030,agent_score,9001,3,1,ALLOW,normal_browsing,,similarity=0.9933;action=VIEW_ACCOUNT
2026-08-20T01:05:11.001164,agent_score,9001,3,1,ALLOW,normal_browsing,,similarity=0.9935;action=VIEW_ACCOUNT
2026-08-20T01:05:16.053582,agent_score,9001,3,1,ALLOW,normal_browsing,,similarity=0.9959;action=VIEW_ACCOUNT
2026-08-20T01:05:21.125542,agent_score,9001,3,1,ALLOW,normal_browsing,,similarity=0.9820;action=VIEW_ACCOUNT
2026-08-20T01:05:26.182709,agent_score,9001,3,2,ALLOW,normal_browsing,,similarity=0.9705;action=VIEW_ACCOUNT
2026-08-20T01:05:31.250853,agent_score,9001,3,1,ALLOW,normal_browsing,,similarity=0.9850;action=VIEW_ACCOUNT
2026-08-20T01:05:36.291834,agent_score,9001,3,1,ALLOW,normal_browsing,,similarity=0.9984;action=VIEW_ACCOUNT
2026-08-20T01:05:41.336171,agent_score,9001,3,1,ALLOW,normal_browsing,,similarity=0.9972;action=VIEW_ACCOUNT
2026-08-20T01:05:46.388349,agent_score,9001,3,1,ALLOW,normal_browsing,,similarity=0.9940;action=VIEW_ACCOUNT
2026-08-20T01:05:51.459702,agent_score,9001,3,1,ALLOW,normal_browsing,,similarity=0.9937;action=VIEW_ACCOUNT
2026-08-20T01:05:56.523968,agent_score,9001,3,3,ALLOW,normal_browsing,,similarity=0.9582;action=VIEW_ACCOUNT
2026-08-20T01:06:01.598959,agent_score,9001,3,2,ALLOW,normal_browsing,,similarity=0.9681;action=VIEW_ACCOUNT
2026-08-20T01:06:06.648622,agent_score,9001,3,4,ALLOW,normal_browsing,,similarity=0.9208;action=VIEW_ACCOUNT
2026-08-20T01:06:11.720718,agent_score,9001,3,2,ALLOW,normal_browsing,,similarity=0.9633;action=VIEW_ACCOUNT
2026-08-20T01:06:16.776548,agent_score,9001,3,7,ALLOW,normal_browsing,,similarity=0.8643;action=VIEW_ACCOUNT
2026-08-20T01:06:21.815737,agent_score,9001,3,10,MONITOR,normal_browsing,,similarity=0.8075;action=VIEW_ACCOUNT
2026-08-20T01:06:26.880764,agent_score,9001,3,10,MONITOR,normal_browsing,,similarity=0.8075;action=VIEW_ACCOUNT
2026-08-20T01:06:31.943844,agent_score,9001,3,8,ALLOW,normal_browsing,,similarity=0.8511;action=VIEW_ACCOUNT
2026-08-20T01:06:36.988647,agent_score,9001,3,1,ALLOW,normal_browsing,,similarity=0.9961;action=VIEW_ACCOUNT
2026-08-20T01:06:42.049136,agent_score,9001,3,1,ALLOW,normal_browsing,,similarity=0.9962;action=VIEW_ACCOUNT
2026-08-20T01:06:47.130192,agent_score,9001,3,1,ALLOW,normal_browsing,,similarity=0.9938;action=VIEW_ACCOUNT
2026-08-20T01:06:52.185763,agent_score,9001,3,1,ALLOW,normal_browsing,,similarity=0.9938;action=VIEW_ACCOUNT
2026-08-20T01:06:57.246445,agent_score,9001,3,1,ALLOW,normal_browsing,,similarity=0.9938;action=VIEW_ACCOUNT
2026-08-20T01:07:02.287065,agent_score,9001,3,1,ALLOW,normal_browsing,,similarity=0.9823;action=VIEW_ACCOUNT
2026-08-20T01:07:07.344248,agent_score,9001,3,1,ALLOW,normal_browsing,,similarity=0.9823;action=VIEW_ACCOUNT
2026-08-20T01:07:12.411249,agent_score,9001,3,1,ALLOW,normal_browsing,,similarity=0.9823;action=VIEW_ACCOUNT
2026-08-20T01:07:17.449856,agent_score,9001,3,1,ALLOW,normal_browsing,,similarity=0.9823;action=VIEW_ACCOUNT
2026-08-20T01:07:22.518608,agent_score,9001,3,1,ALLOW,normal_browsing,,similarity=0.9823;action=VIEW_ACCOUNT
2026-08-20T01:07:27.563950,agent_score,9001,3,1,ALLOW,normal_browsing,,similarity=0.9823;action=VIEW_ACCOUNT
2026-08-20T01:07:32.595445,agent_score,9001,3,1,ALLOW,normal_browsing,,similarity=0.9823;action=VIEW_ACCOUNT
2026-08-20T01:07:37.642991,agent_score,9001,3,1,ALLOW,normal_browsing,,similarity=0.9823;action=VIEW_ACCOUNT
2026-08-20T01:07:42.693447,agent_score,9001,3,1,ALLOW,normal_browsing,,similarity=0.9823;action=VIEW_ACCOUNT
2026-08-20T01:07:47.770322,agent_score,9001,3,1,ALLOW,normal_browsing,,similarity=0.9823;action=VIEW_ACCOUNT
2026-08-20T01:07:52.838983,agent_score,9001,3,1,ALLOW,normal_browsing,,similarity=0.9823;action=VIEW_ACCOUNT
2026-08-20T01:07:57.905167,agent_score,9001,3,1,ALLOW,normal_browsing,,similarity=0.9823;action=VIEW_ACCOUNT
2026-08-20T01:08:02.957271,agent_score,9001,3,1,ALLOW,normal_browsing,,similarity=0.9823;action=VIEW_ACCOUNT
2026-08-20T01:08:08.019114,agent_score,9001,3,1,ALLOW,normal_browsing,,similarity=0.9823;action=VIEW_ACCOUNT
2026-08-20T01:08:13.072059,agent_score,9001,3,8,ALLOW,normal_browsing,,similarity=0.8552;action=VIEW_ACCOUNT
2026-08-20T01:08:18.153444,agent_score,9001,3,8,ALLOW,normal_browsing,,similarity=0.8552;action=VIEW_ACCOUNT
2026-08-20T01:08:23.211181,agent_score,9001,3,8,ALLOW,normal_browsing,,similarity=0.8552;action=VIEW_ACCOUNT
2026-08-20T01:08:28.261667,agent_score,9001,3,8,ALLOW,normal_browsing,,similarity=0.8552;action=VIEW_ACCOUNT
2026-08-20T01:08:33.303677,agent_score,9001,3,8,ALLOW,normal_browsing,,similarity=0.8552;action=VIEW_ACCOUNT
2026-08-20T01:08:38.365018,agent_score,9001,3,8,ALLOW,normal_browsing,,similarity=0.8552;action=VIEW_ACCOUNT
2026-08-20T01:08:43.440165,agent_score,9001,3,8,ALLOW,normal_browsing,,similarity=0.8552;action=VIEW_ACCOUNT
2026-08-20T01:08:48.505161,agent_score,9001,3,8,ALLOW,normal_browsing,,similarity=0.8552;action=VIEW_ACCOUNT
2026-08-20T01:08:53.559524,agent_score,9001,3,8,ALLOW,normal_browsing,,similarity=0.8552;action=VIEW_ACCOUNT
2026-08-20T01:08:58.622509,agent_score,9001,3,8,ALLOW,normal_browsing,,similarity=0.8552;action=VIEW_ACCOUNT
2026-08-20T01:09:03.677095,agent_score,9001,3,8,ALLOW,normal_browsing,,similarity=0.8552;action=VIEW_ACCOUNT
2026-08-20T01:09:08.715761,agent_score,9001,3,8,ALLOW,normal_browsing,,similarity=0.8552;action=VIEW_ACCOUNT
2026-08-20T01:09:13.759010,agent_score,9001,3,8,ALLOW,normal_browsing,,similarity=0.8552;action=VIEW_ACCOUNT
2026-08-20T01:09:18.833797,agent_score,9001,3,8,ALLOW,normal_browsing,,similarity=0.8552;action=VIEW_ACCOUNT
2026-08-20T01:09:23.887859,agent_score,9001,3,8,ALLOW,normal_browsing,,similarity=0.8552;action=VIEW_ACCOUNT
2026-08-20T01:09:28.937519,agent_score,9001,3,8,ALLOW,normal_browsing,,similarity=0.8552;action=VIEW_ACCOUNT
2026-08-20T01:09:33.993615,agent_score,9001,3,8,ALLOW,normal_browsing,,similarity=0.8552;action=VIEW_ACCOUNT
2026-08-20T01:09:39.062506,agent_score,9001,3,8,ALLOW,normal_browsing,,similarity=0.8552;action=VIEW_ACCOUNT
2026-08-20T01:09:44.127888,agent_score,9001,3,8,ALLOW,normal_browsing,,similarity=0.8552;action=VIEW_ACCOUNT
2026-08-20T01:09:49.184530,agent_score,9001,3,8,ALLOW,normal_browsing,,similarity=0.8552;action=VIEW_ACCOUNT
2026-08-20T01:09:54.235238,agent_score,9001,3,8,ALLOW,normal_browsing,,similarity=0.8552;action=VIEW_ACCOUNT
2026-08-20T01:09:59.289904,agent_score,9001,3,8,ALLOW,normal_browsing,,similarity=0.8552;action=VIEW_ACCOUNT
2026-08-20T01:10:04.337837,agent_score,9001,3,8,ALLOW,normal_browsing,,similarity=0.8552;action=VIEW_ACCOUNT
2026-08-20T01:10:09.392122,agent_score,9001,3,8,ALLOW,normal_browsing,,similarity=0.8552;action=VIEW_ACCOUNT
2026-08-20T01:10:14.427409,agent_score,9001,3,17,REAUTHENTICATE,financial,,similarity=0.8552;action=FINANCIAL_TRANSACTION
2026-08-20T01:10:19.496847,agent_score,9001,3,8,ALLOW,normal_browsing,,similarity=0.8552;action=VIEW_ACCOUNT
2026-08-20T01:10:24.552379,agent_score,9001,3,8,ALLOW,normal_browsing,,similarity=0.8552;action=VIEW_ACCOUNT
2026-08-20T01:10:29.602107,agent_score,9001,3,8,ALLOW,normal_browsing,,similarity=0.8552;action=VIEW_ACCOUNT
2026-08-20T01:10:34.651662,agent_score,9001,3,8,ALLOW,normal_browsing,,similarity=0.8552;action=VIEW_ACCOUNT
2026-08-20T01:10:39.693992,agent_score,9001,3,8,ALLOW,normal_browsing,,similarity=0.8552;action=VIEW_ACCOUNT
2026-08-20T01:10:44.743845,agent_score,9001,3,8,ALLOW,normal_browsing,,similarity=0.8552;action=VIEW_ACCOUNT
2026-08-20T01:10:49.799193,agent_score,9001,3,8,ALLOW,normal_browsing,,similarity=0.8552;action=VIEW_ACCOUNT
2026-08-20T01:10:54.838416,agent_score,9001,3,8,ALLOW,normal_browsing,,similarity=0.8552;action=VIEW_ACCOUNT
2026-08-20T01:10:59.897841,agent_score,9001,3,8,ALLOW,normal_browsing,,similarity=0.8552;action=VIEW_ACCOUNT
2026-08-20T01:11:04.951904,agent_score,9001,3,8,ALLOW,normal_browsing,,similarity=0.8552;action=VIEW_ACCOUNT
2026-08-20T01:11:10.003084,agent_score,9001,3,8,ALLOW,normal_browsing,,similarity=0.8552;action=VIEW_ACCOUNT
2026-08-20T01:11:15.065163,agent_score,9001,3,11,MONITOR,normal_browsing,,similarity=0.7989;action=VIEW_ACCOUNT
2026-08-20T01:11:20.098853,agent_score,9001,3,6,ALLOW,normal_browsing,,similarity=0.8847;action=VIEW_ACCOUNT
2026-08-20T01:11:25.172251,agent_score,9001,3,18,REAUTHENTICATE,normal_browsing,,similarity=0.6590;action=VIEW_ACCOUNT
2026-08-20T01:11:30.227699,agent_score,9001,3,1,ALLOW,normal_browsing,,similarity=0.9946;action=VIEW_ACCOUNT
2026-08-20T01:11:35.288620,agent_score,9001,3,1,ALLOW,normal_browsing,,similarity=0.9925;action=VIEW_ACCOUNT
2026-08-20T01:11:40.338717,agent_score,9001,3,1,ALLOW,normal_browsing,,similarity=0.9994;action=VIEW_ACCOUNT
2026-08-20T01:11:45.409097,agent_score,9001,3,1,ALLOW,normal_browsing,,similarity=0.9822;action=VIEW_ACCOUNT
2026-08-20T01:11:50.459475,agent_score,9001,3,33,REAUTHENTICATE,normal_browsing,,similarity=0.3424;action=VIEW_ACCOUNT
2026-08-20T01:11:55.522663,agent_score,9001,3,28,REAUTHENTICATE,normal_browsing,,similarity=0.4512;action=VIEW_ACCOUNT
2026-08-20T01:12:00.567682,agent_score,9001,3,19,REAUTHENTICATE,normal_browsing,,similarity=0.6362;action=VIEW_ACCOUNT
2026-08-20T01:12:05.638054,agent_score,9001,3,8,MONITOR,normal_browsing,,similarity=0.8447;action=VIEW_ACCOUNT
2026-08-20T01:12:10.708137,agent_score,9001,3,8,MONITOR,normal_browsing,,similarity=0.8447;action=VIEW_ACCOUNT
2026-08-20T01:12:15.781363,agent_score,9001,3,4,ALLOW,normal_browsing,,similarity=0.9242;action=VIEW_ACCOUNT
2026-08-20T01:12:20.834324,agent_score,9001,3,1,ALLOW,normal_browsing,,similarity=0.9964;action=VIEW_ACCOUNT
2026-08-20T01:12:25.879711,agent_score,9001,3,1,ALLOW,normal_browsing,,similarity=0.9991;action=VIEW_ACCOUNT
2026-08-20T01:12:30.927055,agent_score,9001,3,1,ALLOW,normal_browsing,,similarity=0.9979;action=VIEW_ACCOUNT
2026-08-20T01:12:35.987958,agent_score,9001,3,1,ALLOW,normal_browsing,,similarity=0.9975;action=VIEW_ACCOUNT
2026-08-20T01:12:41.044803,agent_score,9001,3,1,ALLOW,normal_browsing,,similarity=0.9978;action=VIEW_ACCOUNT
2026-08-20T01:12:46.104506,agent_score,9001,3,1,ALLOW,normal_browsing,,similarity=0.9945;action=VIEW_ACCOUNT
2026-08-20T01:12:51.183639,agent_score,9001,3,1,ALLOW,normal_browsing,,similarity=0.9985;action=VIEW_ACCOUNT
2026-08-20T01:12:56.250776,agent_score,9001,3,1,ALLOW,normal_browsing,,similarity=0.9971;action=VIEW_ACCOUNT
2026-08-20T01:13:01.320874,agent_score,9001,3,1,ALLOW,normal_browsing,,similarity=0.9882;action=VIEW_ACCOUNT
2026-08-20T01:13:06.351368,agent_score,9001,3,1,ALLOW,normal_browsing,,similarity=0.9985;action=VIEW_ACCOUNT
2026-08-20T01:13:11.407905,agent_score,9001,3,1,ALLOW,normal_browsing,,similarity=0.9955;action=VIEW_ACCOUNT
2026-08-20T01:13:16.461342,agent_score,9001,3,1,ALLOW,normal_browsing,,similarity=0.9999;action=VIEW_ACCOUNT
2026-08-20T01:13:21.502210,agent_score,9001,3,1,ALLOW,normal_browsing,,similarity=0.9992;action=VIEW_ACCOUNT
2026-08-20T01:13:26.553143,agent_score,9001,3,1,ALLOW,normal_browsing,,similarity=0.9983;action=VIEW_ACCOUNT
2026-08-20T01:13:31.594395,agent_score,9001,3,1,ALLOW,normal_browsing,,similarity=0.9990;action=VIEW_ACCOUNT
2026-08-20T01:13:36.639897,agent_score,9001,3,1,ALLOW,normal_browsing,,similarity=0.9943;action=VIEW_ACCOUNT
2026-08-20T01:13:41.697937,agent_score,9001,3,1,ALLOW,normal_browsing,,similarity=0.9832;action=VIEW_ACCOUNT
2026-08-20T01:13:46.743751,agent_score,9001,3,1,ALLOW,normal_browsing,,similarity=0.9824;action=VIEW_ACCOUNT
2026-08-20T01:13:51.809154,agent_score,9001,3,1,ALLOW,normal_browsing,,similarity=0.9829;action=VIEW_ACCOUNT
2026-08-20T01:13:56.863707,agent_score,9001,3,1,ALLOW,normal_browsing,,similarity=0.9829;action=VIEW_ACCOUNT
2026-08-20T01:14:01.926663,agent_score,9001,3,1,ALLOW,normal_browsing,,similarity=0.9829;action=VIEW_ACCOUNT
2026-08-20T01:14:06.967972,agent_score,9001,3,1,ALLOW,normal_browsing,,similarity=0.9829;action=VIEW_ACCOUNT
2026-08-20T01:14:12.029491,agent_score,9001,3,1,ALLOW,normal_browsing,,similarity=0.9829;action=VIEW_ACCOUNT
2026-08-20T01:14:17.100712,agent_score,9001,3,1,ALLOW,normal_browsing,,similarity=0.9829;action=VIEW_ACCOUNT
2026-08-20T01:14:22.188212,agent_score,9001,3,1,ALLOW,normal_browsing,,similarity=0.9829;action=VIEW_ACCOUNT
2026-08-20T01:14:27.252832,agent_score,9001,3,1,ALLOW,normal_browsing,,similarity=0.9829;action=VIEW_ACCOUNT
2026-08-20T01:14:32.319657,agent_score,9001,3,1,ALLOW,normal_browsing,,similarity=0.9829;action=VIEW_ACCOUNT
2026-08-20T01:14:37.360139,agent_score,9001,3,1,ALLOW,normal_browsing,,similarity=0.9829;action=VIEW_ACCOUNT
2026-08-20T01:14:42.409032,agent_score,9001,3,1,ALLOW,normal_browsing,,similarity=0.9829;action=VIEW_ACCOUNT
2026-08-20T01:14:47.454565,agent_score,9001,3,2,ALLOW,normal_browsing,,similarity=0.9633;action=VIEW_ACCOUNT
2026-08-20T01:14:52.524487,agent_score,9001,3,1,ALLOW,normal_browsing,,similarity=0.9907;action=VIEW_ACCOUNT
2026-08-20T01:14:57.578540,agent_score,9001,3,1,ALLOW,normal_browsing,,similarity=0.9941;action=VIEW_ACCOUNT
2026-08-20T01:15:02.627181,agent_score,9001,3,1,ALLOW,normal_browsing,,similarity=0.9952;action=VIEW_ACCOUNT
2026-08-20T01:15:07.696715,agent_score,9001,3,1,ALLOW,normal_browsing,,similarity=0.9892;action=VIEW_ACCOUNT
2026-08-20T01:15:12.760257,agent_score,9001,3,1,ALLOW,normal_browsing,,similarity=0.9892;action=VIEW_ACCOUNT
2026-08-20T01:15:17.815842,agent_score,9001,3,1,ALLOW,normal_browsing,,similarity=0.9892;action=VIEW_ACCOUNT
2026-08-20T01:15:22.882577,agent_score,9001,3,1,ALLOW,normal_browsing,,similarity=0.9892;action=VIEW_ACCOUNT
2026-08-20T01:15:27.951320,agent_score,9001,3,1,ALLOW,normal_browsing,,similarity=0.9892;action=VIEW_ACCOUNT
2026-08-20T01:15:32.985431,agent_score,9001,3,1,ALLOW,normal_browsing,,similarity=0.9892;action=VIEW_ACCOUNT
2026-08-20T01:15:38.062504,agent_score,9001,3,1,ALLOW,normal_browsing,,similarity=0.9892;action=VIEW_ACCOUNT
2026-08-20T01:15:43.120371,agent_score,9001,3,1,ALLOW,normal_browsing,,similarity=0.9892;action=VIEW_ACCOUNT
2026-08-20T01:15:48.170400,agent_score,9001,3,2,ALLOW,normal_browsing,,similarity=0.9750;action=VIEW_ACCOUNT
2026-08-20T01:15:53.238006,agent_score,9001,3,8,MONITOR,normal_browsing,,similarity=0.8444;action=VIEW_ACCOUNT
2026-08-20T01:15:58.293457,agent_score,9001,3,6,ALLOW,normal_browsing,,similarity=0.8881;action=VIEW_ACCOUNT
2026-08-20T01:16:03.369818,agent_score,9001,3,11,REAUTHENTICATE,normal_browsing,,similarity=0.7811;action=VIEW_ACCOUNT
2026-08-20T01:16:08.421895,agent_score,9001,3,13,REAUTHENTICATE,normal_browsing,,similarity=0.7582;action=VIEW_ACCOUNT
2026-08-20T01:16:13.481023,agent_score,9001,3,15,REAUTHENTICATE,normal_browsing,,similarity=0.7022;action=VIEW_ACCOUNT
2026-08-20T01:16:18.545021,agent_score,9001,3,23,REAUTHENTICATE,normal_browsing,,similarity=0.5505;action=VIEW_ACCOUNT
2026-08-20T01:16:23.592425,agent_score,9001,3,24,REAUTHENTICATE,normal_browsing,,similarity=0.5225;action=VIEW_ACCOUNT
2026-08-20T01:16:28.625501,agent_score,9001,3,24,REAUTHENTICATE,normal_browsing,,similarity=0.5225;action=VIEW_ACCOUNT
2026-08-20T01:16:33.680683,agent_score,9001,3,24,REAUTHENTICATE,normal_browsing,,similarity=0.5225;action=VIEW_ACCOUNT
2026-08-20T01:16:38.741125,agent_score,9001,3,24,REAUTHENTICATE,normal_browsing,,similarity=0.5225;action=VIEW_ACCOUNT
2026-08-20T01:16:43.807767,agent_score,9001,3,24,REAUTHENTICATE,normal_browsing,,similarity=0.5225;action=VIEW_ACCOUNT
2026-08-20T01:16:48.883649,agent_score,9001,3,24,REAUTHENTICATE,normal_browsing,,similarity=0.5225;action=VIEW_ACCOUNT
2026-08-20T01:16:53.923506,agent_score,9001,3,24,REAUTHENTICATE,normal_browsing,,similarity=0.5225;action=VIEW_ACCOUNT
2026-08-20T01:16:58.979381,agent_score,9001,3,14,REAUTHENTICATE,normal_browsing,,similarity=0.7391;action=VIEW_ACCOUNT
2026-08-20T01:17:04.026472,agent_score,9001,3,23,REAUTHENTICATE,normal_browsing,,similarity=0.5426;action=VIEW_ACCOUNT
2026-08-20T01:17:09.083604,agent_score,9001,3,1,ALLOW,normal_browsing,,similarity=0.9960;action=VIEW_ACCOUNT
2026-08-20T01:17:14.147490,agent_score,9001,3,1,ALLOW,normal_browsing,,similarity=0.9926;action=VIEW_ACCOUNT
2026-08-20T01:17:19.181904,agent_score,9001,3,1,ALLOW,normal_browsing,,similarity=0.9962;action=VIEW_ACCOUNT
2026-08-20T01:17:24.241795,agent_score,9001,3,1,ALLOW,normal_browsing,,similarity=0.9962;action=VIEW_ACCOUNT
2026-08-20T01:17:29.311459,agent_score,9001,3,1,ALLOW,normal_browsing,,similarity=0.9962;action=VIEW_ACCOUNT
2026-08-20T01:17:34.370920,agent_score,9001,3,1,ALLOW,normal_browsing,,similarity=0.9962;action=VIEW_ACCOUNT
2026-08-20T01:17:39.437413,agent_score,9001,3,1,ALLOW,normal_browsing,,similarity=0.9962;action=VIEW_ACCOUNT
2026-08-20T01:17:44.478458,agent_score,9001,3,1,ALLOW,normal_browsing,,similarity=0.9962;action=VIEW_ACCOUNT
2026-08-20T01:17:49.533573,agent_score,9001,3,1,ALLOW,normal_browsing,,similarity=0.9962;action=VIEW_ACCOUNT
2026-08-20T01:17:54.601902,agent_score,9001,3,1,ALLOW,normal_browsing,,similarity=0.9962;action=VIEW_ACCOUNT
2026-08-20T01:17:59.678030,agent_score,9001,3,1,ALLOW,normal_browsing,,similarity=0.9962;action=VIEW_ACCOUNT
2026-08-20T01:18:04.719656,agent_score,9001,3,1,ALLOW,normal_browsing,,similarity=0.9962;action=VIEW_ACCOUNT
2026-08-20T01:18:09.769507,agent_score,9001,3,1,ALLOW,normal_browsing,,similarity=0.9962;action=VIEW_ACCOUNT
2026-08-20T01:18:14.838930,agent_score,9001,3,1,ALLOW,normal_browsing,,similarity=0.9962;action=VIEW_ACCOUNT
2026-08-20T01:18:19.893217,agent_score,9001,3,1,ALLOW,normal_browsing,,similarity=0.9962;action=VIEW_ACCOUNT
2026-08-20T01:18:24.949904,agent_score,9001,3,1,ALLOW,normal_browsing,,similarity=0.9962;action=VIEW_ACCOUNT
2026-08-20T01:18:30.003041,agent_score,9001,3,1,ALLOW,normal_browsing,,similarity=0.9962;action=VIEW_ACCOUNT
2026-08-20T01:18:35.050903,agent_score,9001,3,1,ALLOW,normal_browsing,,similarity=0.9962;action=VIEW_ACCOUNT
2026-08-20T01:18:40.106826,agent_score,9001,3,1,ALLOW,normal_browsing,,similarity=0.9962;action=VIEW_ACCOUNT
2026-08-20T01:18:45.174893,agent_score,9001,3,1,ALLOW,normal_browsing,,similarity=0.9962;action=VIEW_ACCOUNT
2026-08-20T01:18:50.224406,agent_score,9001,3,1,ALLOW,normal_browsing,,similarity=0.9962;action=VIEW_ACCOUNT
2026-08-20T01:18:55.277560,agent_score,9001,3,1,ALLOW,normal_browsing,,similarity=0.9962;action=VIEW_ACCOUNT
2026-08-20T01:19:00.321302,agent_score,9001,3,1,ALLOW,normal_browsing,,similarity=0.9962;action=VIEW_ACCOUNT
2026-08-20T01:19:05.385276,agent_score,9001,3,1,ALLOW,normal_browsing,,similarity=0.9962;action=VIEW_ACCOUNT
2026-08-20T01:19:10.434084,agent_score,9001,3,1,ALLOW,normal_browsing,,similarity=0.9962;action=VIEW_ACCOUNT
2026-08-20T01:19:15.479073,agent_score,9001,3,1,ALLOW,normal_browsing,,similarity=0.9962;action=VIEW_ACCOUNT
2026-08-20T01:19:20.541292,agent_score,9001,3,1,ALLOW,normal_browsing,,similarity=0.9962;action=VIEW_ACCOUNT
2026-08-20T01:19:25.596045,agent_score,9001,3,1,ALLOW,normal_browsing,,similarity=0.9962;action=VIEW_ACCOUNT
2026-08-20T01:19:30.638771,agent_score,9001,3,14,ALLOW,normal_browsing,content_threat_detection,similarity=0.9962;action=VIEW_ACCOUNT
2026-08-20T01:19:35.698145,agent_score,9001,3,14,ALLOW,normal_browsing,content_threat_detection,similarity=0.9962;action=VIEW_ACCOUNT
2026-08-20T01:19:40.749249,agent_score,9001,3,14,ALLOW,normal_browsing,content_threat_detection,similarity=0.9962;action=VIEW_ACCOUNT
2026-08-20T01:19:45.791239,agent_score,9001,3,14,ALLOW,normal_browsing,content_threat_detection,similarity=0.9962;action=VIEW_ACCOUNT
2026-08-20T01:19:50.835653,agent_score,9001,3,14,ALLOW,normal_browsing,content_threat_detection,similarity=0.9962;action=VIEW_ACCOUNT
2026-08-20T01:19:55.889284,agent_score,9001,3,14,ALLOW,normal_browsing,content_threat_detection,similarity=0.9962;action=VIEW_ACCOUNT
2026-08-20T01:20:00.957650,agent_score,9001,3,14,ALLOW,normal_browsing,content_threat_detection,similarity=0.9962;action=VIEW_ACCOUNT
2026-08-20T01:20:06.026403,agent_score,9001,3,14,ALLOW,normal_browsing,content_threat_detection,similarity=0.9962;action=VIEW_ACCOUNT
2026-08-20T01:20:11.069586,agent_score,9001,3,14,ALLOW,normal_browsing,content_threat_detection,similarity=0.9962;action=VIEW_ACCOUNT
2026-08-20T01:20:16.117997,agent_score,9001,3,1,ALLOW,normal_browsing,,similarity=0.9962;action=VIEW_ACCOUNT
2026-08-20T01:20:21.166439,agent_score,9001,3,1,ALLOW,normal_browsing,,similarity=0.9962;action=VIEW_ACCOUNT
2026-08-20T01:20:26.230340,agent_score,9001,3,1,ALLOW,normal_browsing,,similarity=0.9962;action=VIEW_ACCOUNT
2026-08-20T01:20:31.296187,agent_score,9001,3,1,ALLOW,normal_browsing,,similarity=0.9962;action=VIEW_ACCOUNT
2026-08-20T01:20:36.341463,agent_score,9001,3,1,ALLOW,normal_browsing,,similarity=0.9962;action=VIEW_ACCOUNT
2026-08-20T11:18:41.586307,agent_score,9001,3,1,ALLOW,normal_browsing,,similarity=0.9922;action=VIEW_ACCOUNT,0000000000000000000000000000000000000000000000000000000000000000,082425c6c7e7139e84d93428e1716bb189f8de6b70c74a27be78c5c2fcaf3266
2026-08-20T11:18:46.658851,agent_score,9001,3,1,ALLOW,normal_browsing,,similarity=0.9937;action=VIEW_ACCOUNT,082425c6c7e7139e84d93428e1716bb189f8de6b70c74a27be78c5c2fcaf3266,7c199164e43e535d1d35033612638a5605619af1e456cf4164a7788cf8245d0c
2026-08-20T11:18:51.705980,agent_score,9001,3,1,ALLOW,normal_browsing,,similarity=0.9918;action=VIEW_ACCOUNT,7c199164e43e535d1d35033612638a5605619af1e456cf4164a7788cf8245d0c,a8e1032019dbf9ae40eea1fbf7fdc9f1208c0d698f365ff27fbb1ceae59f2b5c
2026-08-20T11:18:56.759712,agent_score,9001,3,1,ALLOW,normal_browsing,,similarity=0.9958;action=VIEW_ACCOUNT,a8e1032019dbf9ae40eea1fbf7fdc9f1208c0d698f365ff27fbb1ceae59f2b5c,8424f503a9225227888019325b5638dcb32da51bee3e171103baca610ead8a6e
2026-08-20T11:19:01.823047,agent_score,9001,3,1,ALLOW,normal_browsing,,similarity=0.9934;action=VIEW_ACCOUNT,8424f503a9225227888019325b5638dcb32da51bee3e171103baca610ead8a6e,6592b0dda3fd9f79f9ad1f8e0e7d501057220c492b729c79f672f00ad2fbaf9d
2026-08-20T11:19:06.878466,agent_score,9001,3,1,ALLOW,normal_browsing,,similarity=0.9885;action=VIEW_ACCOUNT,6592b0dda3fd9f79f9ad1f8e0e7d501057220c492b729c79f672f00ad2fbaf9d,5c4097ec11f89db8ffbf77f92a67de07447de73c4c35e634e47aeb3a5061c010
2026-08-20T11:19:11.960406,agent_score,9001,3,2,ALLOW,normal_browsing,,similarity=0.9709;action=VIEW_ACCOUNT,5c4097ec11f89db8ffbf77f92a67de07447de73c4c35e634e47aeb3a5061c010,36ee739d56c24994cf9fdb0275d4272d44f832b7bd566593ceee7640a38f7af0
2026-08-20T11:19:17.028965,agent_score,9001,3,1,ALLOW,normal_browsing,,similarity=0.9939;action=VIEW_ACCOUNT,36ee739d56c24994cf9fdb0275d4272d44f832b7bd566593ceee7640a38f7af0,a7249778bf60dcc34c0cd47aadb25a8e90344854b8217a584c78f022740d92a4
2026-08-20T11:19:22.087904,agent_score,9001,3,1,ALLOW,normal_browsing,,similarity=0.9869;action=VIEW_ACCOUNT,a7249778bf60dcc34c0cd47aadb25a8e90344854b8217a584c78f022740d92a4,5e770eebbf68ff42c36b6b8bde19663499fb6e999c180caa821aadbf9df4686f
2026-08-20T11:19:27.159479,agent_score,9001,3,1,ALLOW,normal_browsing,,similarity=0.9982;action=VIEW_ACCOUNT,5e770eebbf68ff42c36b6b8bde19663499fb6e999c180caa821aadbf9df4686f,b69c509b2b22f8751dc359d03f882f11e31d2e0f1cb65908f8c7f3d687fca7dc
2026-08-20T11:19:32.221671,agent_score,9001,3,1,ALLOW,normal_browsing,,similarity=0.9959;action=VIEW_ACCOUNT,b69c509b2b22f8751dc359d03f882f11e31d2e0f1cb65908f8c7f3d687fca7dc,89ac2d96f831d6196446d0ecc6ed54b7ea242e15e491b24a2fa39154929c9e26
2026-08-20T11:19:37.289838,agent_score,9001,3,1,ALLOW,normal_browsing,,similarity=0.9960;action=VIEW_ACCOUNT,89ac2d96f831d6196446d0ecc6ed54b7ea242e15e491b24a2fa39154929c9e26,4ebe3a7e1f7dc4f5dd1b9f2b5e679d1e34a0eccf88bbd143cac64587e42bc471
2026-08-20T11:19:42.331708,agent_score,9001,3,1,ALLOW,normal_browsing,,similarity=0.9967;action=VIEW_ACCOUNT,4ebe3a7e1f7dc4f5dd1b9f2b5e679d1e34a0eccf88bbd143cac64587e42bc471,6cb83c3e3d6e301fb2d187899e4e9edad7b9e3707120ab5fc7ab35ff11b401fd
2026-08-20T11:19:47.407583,agent_score,9001,3,3,ALLOW,normal_browsing,,similarity=0.9466;action=VIEW_ACCOUNT,6cb83c3e3d6e301fb2d187899e4e9edad7b9e3707120ab5fc7ab35ff11b401fd,ce9fa18e7fd5ba47735c0e42880a71c31d04821e917d7d2bc1fbbeb50e8de0f9
2026-08-20T11:19:52.467541,agent_score,9001,3,1,ALLOW,normal_browsing,,similarity=0.9881;action=VIEW_ACCOUNT,ce9fa18e7fd5ba47735c0e42880a71c31d04821e917d7d2bc1fbbeb50e8de0f9,335a037bf2637000b8fe8d7607e04edfdab228ab9332471e50951b174b1f3d60
2026-08-20T11:19:57.513530,agent_score,9001,3,1,ALLOW,normal_browsing,,similarity=0.9923;action=VIEW_ACCOUNT,335a037bf2637000b8fe8d7607e04edfdab228ab9332471e50951b174b1f3d60,e4035c80e61363c5a7abe85c924fcd85b17f0e659166192e389220b7225ba56a
2026-08-20T11:20:02.555326,agent_score,9001,3,1,ALLOW,normal_browsing,,similarity=0.9991;action=VIEW_ACCOUNT,e4035c80e61363c5a7abe85c924fcd85b17f0e659166192e389220b7225ba56a,8be6ae99de8d16652c839434a8af9be9d717d73fae94f6bde874171380b321ab
2026-08-20T11:20:07.613844,agent_score,9001,3,1,ALLOW,normal_browsing,,similarity=0.9985;action=VIEW_ACCOUNT,8be6ae99de8d16652c839434a8af9be9d717d73fae94f6bde874171380b321ab,259983f22e6369c4ddfdfe3efe475f53c84a6a8b3581706d9c2310c673482997
2026-08-20T11:20:12.683143,agent_score,9001,3,1,ALLOW,normal_browsing,,similarity=0.9989;action=VIEW_ACCOUNT,259983f22e6369c4ddfdfe3efe475f53c84a6a8b3581706d9c2310c673482997,c98750134bbd66649922084668ce9997b4111918ccf6bc6a63634b168f35f204
2026-08-20T11:20:17.742390,agent_score,9001,3,1,ALLOW,normal_browsing,,similarity=0.9935;action=VIEW_ACCOUNT,c98750134bbd66649922084668ce9997b4111918ccf6bc6a63634b168f35f204,d2083893524568b4ade52def9796474702c8e39f5929aaaf737f5728a10f170d
2026-08-20T11:20:22.819107,agent_score,9001,3,1,ALLOW,normal_browsing,,similarity=0.9942;action=VIEW_ACCOUNT,d2083893524568b4ade52def9796474702c8e39f5929aaaf737f5728a10f170d,bf8ec3292cf0b1fea38363c1ca7793654b5183ce9df32d164a1fd2b431ccd98e
2026-08-20T11:20:27.887895,agent_score,9001,3,1,ALLOW,normal_browsing,,similarity=0.9992;action=VIEW_ACCOUNT,bf8ec3292cf0b1fea38363c1ca7793654b5183ce9df32d164a1fd2b431ccd98e,85a99133eede506019800b35eaac5bb99ac0ed06262b51a5b436d98efad45cfa
2026-08-20T11:20:32.942000,agent_score,9001,3,1,ALLOW,normal_browsing,,similarity=0.9992;action=VIEW_ACCOUNT,85a99133eede506019800b35eaac5bb99ac0ed06262b51a5b436d98efad45cfa,d017c840957b3698c7c1f788c8dcefc77988284dfda1f1253090ec77fee6ab93
2026-08-20T11:20:37.986535,agent_score,9001,3,1,ALLOW,normal_browsing,,similarity=0.9992;action=VIEW_ACCOUNT,d017c840957b3698c7c1f788c8dcefc77988284dfda1f1253090ec77fee6ab93,61b81e331875ef5a2765b381f786bdac5a048f0b25b4a66050f3c90689e5fb1c
2026-08-20T11:20:43.037836,agent_score,9001,3,1,ALLOW,normal_browsing,,similarity=0.9992;action=VIEW_ACCOUNT,61b81e331875ef5a2765b381f786bdac5a048f0b25b4a66050f3c90689e5fb1c,ff58de6bf34d31fb3a0ca1ada5ae69dac4e26e0a45d063e21dc475ca97cdac7f
2026-08-20T11:20:48.092695,agent_score,9001,3,1,ALLOW,normal_browsing,,similarity=0.9992;action=VIEW_ACCOUNT,ff58de6bf34d31fb3a0ca1ada5ae69dac4e26e0a45d063e21dc475ca97cdac7f,f6e049b1e52700d8561d071e04a2f7853f0e792db0593cc9491b145188596421
2026-08-20T11:20:53.164953,agent_score,9001,3,1,ALLOW,normal_browsing,,similarity=0.9992;action=VIEW_ACCOUNT,f6e049b1e52700d8561d071e04a2f7853f0e792db0593cc9491b145188596421,672944e4a7adc3f204ddef78d464f5b65491b27648c7951f8491915a2f88dfdc
2026-08-20T11:20:58.252222,agent_score,9001,3,1,ALLOW,normal_browsing,,similarity=0.9992;action=VIEW_ACCOUNT,672944e4a7adc3f204ddef78d464f5b65491b27648c7951f8491915a2f88dfdc,c359a0dec8105d438b87f27532eb020d8856ec86785a108d4331eda6a4f2c955
2026-08-20T11:21:03.292264,agent_score,9001,3,1,ALLOW,normal_browsing,,similarity=0.9992;action=VIEW_ACCOUNT,c359a0dec8105d438b87f27532eb020d8856ec86785a108d4331eda6a4f2c955,0a247bbdaf39e37a84860b49636914c53978b58a805e442031a1f87f4913d3f6
2026-08-20T11:21:08.382044,agent_score,9001,3,1,ALLOW,normal_browsing,,similarity=0.9992;action=VIEW_ACCOUNT,0a247bbdaf39e37a84860b49636914c53978b58a805e442031a1f87f4913d3f6,b500b64f9c975ed39b4cf42b0781c6ada8839791703c480d00bfb6261750b36a
2026-08-20T11:21:13.429149,agent_score,9001,3,1,ALLOW,normal_browsing,,similarity=0.9992;action=VIEW_ACCOUNT,b500b64f9c975ed39b4cf42b0781c6ada8839791703c480d00bfb6261750b36a,a8ba477b29e7b1a3a0d54fd76aa5b447c158b11362334760cc4e4b6b05df0b04
2026-08-20T11:21:18.479587,agent_score,9001,3,1,ALLOW,normal_browsing,,similarity=0.9992;action=VIEW_ACCOUNT,a8ba477b29e7b1a3a0d54fd76aa5b447c158b11362334760cc4e4b6b05df0b04,685b13cfe72980993b3d30d89eb4096a517ac6ecbdde366d34a11dfe43ff6908
2026-08-20T11:21:23.539527,agent_score,9001,3,1,ALLOW,normal_browsing,,similarity=0.9992;action=VIEW_ACCOUNT,685b13cfe72980993b3d30d89eb4096a517ac6ecbdde366d34a11dfe43ff6908,f1d32066d67ea400ac921eed59e807551c44bd6e57ca4f354b180ad945577bf5
2026-08-20T11:21:28.624249,agent_score,9001,3,1,ALLOW,normal_browsing,,similarity=0.9955;action=VIEW_ACCOUNT,f1d32066d67ea400ac921eed59e807551c44bd6e57ca4f354b180ad945577bf5,3703ecb5a6b9f403d4ed89be63bf2e1adc22a7a18760e754fe0f2acec24e46ab
2026-08-20T11:21:33.686610,agent_score,9001,3,3,ALLOW,normal_browsing,,similarity=0.9457;action=VIEW_ACCOUNT,3703ecb5a6b9f403d4ed89be63bf2e1adc22a7a18760e754fe0f2acec24e46ab,b9a45a78a0ad4554a2db81284c803283259471dfc64aebe4fe2c216871083882
2026-08-20T11:21:38.782935,agent_score,9001,3,6,ALLOW,normal_browsing,,similarity=0.8967;action=VIEW_ACCOUNT,b9a45a78a0ad4554a2db81284c803283259471dfc64aebe4fe2c216871083882,135551dff08561c21f42431c0f1c41d5fcee40a0a846f2a7b173e38fe737e17b
2026-08-20T11:21:43.858935,agent_score,9001,3,9,MONITOR,normal_browsing,,similarity=0.8232;action=VIEW_ACCOUNT,135551dff08561c21f42431c0f1c41d5fcee40a0a846f2a7b173e38fe737e17b,1570fe5d5b81ce3073d5e73ee540a4a29da6bf0c9f458a8e6f9517aa68952681
2026-08-20T11:21:48.918196,agent_score,9001,3,10,MONITOR,normal_browsing,,similarity=0.8040;action=VIEW_ACCOUNT,1570fe5d5b81ce3073d5e73ee540a4a29da6bf0c9f458a8e6f9517aa68952681,72cb261571b99f5e9974cd37db0c727ebe6c722149c0523f7166b48c3a227901
2026-08-20T11:21:53.982264,agent_score,9001,3,11,MONITOR,normal_browsing,,similarity=0.7975;action=VIEW_ACCOUNT,72cb261571b99f5e9974cd37db0c727ebe6c722149c0523f7166b48c3a227901,3afc8cdb82421ea92bc910b9bb785ead662ea5dcce3088c658e34b4de81a392a
2026-08-20T11:21:59.043960,agent_score,9001,3,10,MONITOR,normal_browsing,,similarity=0.8137;action=VIEW_ACCOUNT,3afc8cdb82421ea92bc910b9bb785ead662ea5dcce3088c658e34b4de81a392a,becf9242b7f24a812f3b6035e9b08e40ac1aebde3e58802ea7224ed067ca2ebb
2026-08-20T11:22:04.088146,agent_score,9001,3,11,MONITOR,normal_browsing,,similarity=0.7907;action=VIEW_ACCOUNT,becf9242b7f24a812f3b6035e9b08e40ac1aebde3e58802ea7224ed067ca2ebb,55e4e4356a525a6e18faac01e1b8b793f7b346b3eed42a60aef0e2033a0f2f20
2026-08-20T11:22:09.160396,agent_score,9001,3,11,REAUTHENTICATE,normal_browsing,,similarity=0.7837;action=VIEW_ACCOUNT,55e4e4356a525a6e18faac01e1b8b793f7b346b3eed42a60aef0e2033a0f2f20,788bd0987843245f9c9cb3c7ae0f93223e310c26b5d4f77546863663277a23ba
2026-08-20T11:22:09.509164,liveness_error,9001,3,,,,,module 'cv2' has no attribute 'CascadeClassifier',788bd0987843245f9c9cb3c7ae0f93223e310c26b5d4f77546863663277a23ba,cc768a75bc9665ebf549764fd25768642fef774ae40987f99a090ca7b98eb644
2026-08-20T11:22:14.238422,agent_score,9001,3,12,REAUTHENTICATE,normal_browsing,,similarity=0.7690;action=VIEW_ACCOUNT,cc768a75bc9665ebf549764fd25768642fef774ae40987f99a090ca7b98eb644,a62da3a9b150665999f4fc7605c558d35f2a698800d9a9f9e4e0ef3842e8dd49
2026-08-20T11:22:14.240459,liveness_error,9001,3,,,,,module 'cv2' has no attribute 'CascadeClassifier',a62da3a9b150665999f4fc7605c558d35f2a698800d9a9f9e4e0ef3842e8dd49,689eee72f7bd147e60ef49d108782c39da6ea4a7b5ff421e14a8d8d02b75351c
2026-08-20T11:22:19.292005,agent_score,9001,3,12,REAUTHENTICATE,normal_browsing,,similarity=0.7690;action=VIEW_ACCOUNT,689eee72f7bd147e60ef49d108782c39da6ea4a7b5ff421e14a8d8d02b75351c,4d22f0296ddc4457e821f782524f41e15d8f79ff373b26a4116a2231f5baf108
2026-08-20T11:22:19.294960,liveness_error,9001,3,,,,,module 'cv2' has no attribute 'CascadeClassifier',4d22f0296ddc4457e821f782524f41e15d8f79ff373b26a4116a2231f5baf108,baf0d77cb9ab42d097933e8bbd5e30279aa397ed275239332e70fbf3f0f5d0d2
2026-08-20T11:22:24.351235,agent_score,9001,3,12,REAUTHENTICATE,normal_browsing,,similarity=0.7690;action=VIEW_ACCOUNT,baf0d77cb9ab42d097933e8bbd5e30279aa397ed275239332e70fbf3f0f5d0d2,e12fd3185cc55958aa46b9c4987eb074b43982a7af06365df403bb4ffc9efa64
2026-08-20T11:22:24.355373,liveness_error,9001,3,,,,,module 'cv2' has no attribute 'CascadeClassifier',e12fd3185cc55958aa46b9c4987eb074b43982a7af06365df403bb4ffc9efa64,96ef7af30fcc7d3b8d2fc3b67f9a35a70843b80263577455cc2a1ac506cfd227
2026-08-20T11:22:29.393252,agent_score,9001,3,12,REAUTHENTICATE,normal_browsing,,similarity=0.7690;action=VIEW_ACCOUNT,96ef7af30fcc7d3b8d2fc3b67f9a35a70843b80263577455cc2a1ac506cfd227,f203471de7c3cd8b750040a5d2e2e8a6ad4748aace19d818f600dd82b21a4188
2026-08-20T11:22:29.396211,liveness_error,9001,3,,,,,module 'cv2' has no attribute 'CascadeClassifier',f203471de7c3cd8b750040a5d2e2e8a6ad4748aace19d818f600dd82b21a4188,ecd1455c348f3fba37e3884cbfad391fc98c2c091c8809995506f6b9c1a6fa04
2026-08-20T11:22:34.440133,agent_score,9001,3,12,REAUTHENTICATE,normal_browsing,,similarity=0.7690;action=VIEW_ACCOUNT,ecd1455c348f3fba37e3884cbfad391fc98c2c091c8809995506f6b9c1a6fa04,cf93d50dcc8f0f9e73ca76478099b606d1a5716624061df0d58ae18eee20c5d6
2026-08-20T11:22:34.443433,liveness_error,9001,3,,,,,module 'cv2' has no attribute 'CascadeClassifier',cf93d50dcc8f0f9e73ca76478099b606d1a5716624061df0d58ae18eee20c5d6,4043650b2f7cc76763652d7f12a9f445d2c8a5ca0e8c54cd2773752cf26bc11c
2026-08-20T11:22:39.476501,agent_score,9001,3,12,REAUTHENTICATE,normal_browsing,,similarity=0.7690;action=VIEW_ACCOUNT,4043650b2f7cc76763652d7f12a9f445d2c8a5ca0e8c54cd2773752cf26bc11c,14e1086c468e0e1e7e09c4f862df6c8cada057b928402a91cf536cacdcb9f7c4
2026-08-20T11:22:39.478499,liveness_error,9001,3,,,,,module 'cv2' has no attribute 'CascadeClassifier',14e1086c468e0e1e7e09c4f862df6c8cada057b928402a91cf536cacdcb9f7c4,4df8dae15c045b40a287d736025e8b16858a63a883ea612ff28eec03b7d38ea1
2026-08-20T11:22:44.533140,agent_score,9001,3,12,REAUTHENTICATE,normal_browsing,,similarity=0.7624;action=VIEW_ACCOUNT,4df8dae15c045b40a287d736025e8b16858a63a883ea612ff28eec03b7d38ea1,b4155975d815911d74a068a4383d6696f9cae64ce67eb7b3feb250cb1c5c2294
2026-08-20T11:22:44.536125,liveness_error,9001,3,,,,,module 'cv2' has no attribute 'CascadeClassifier',b4155975d815911d74a068a4383d6696f9cae64ce67eb7b3feb250cb1c5c2294,1a9f9e8c83ce03a1f30a024aa9c377c4245b554ac99f819d7bea69ad793dc4a7
2026-08-20T11:22:49.593148,agent_score,9001,3,6,ALLOW,normal_browsing,,similarity=0.8978;action=VIEW_ACCOUNT,1a9f9e8c83ce03a1f30a024aa9c377c4245b554ac99f819d7bea69ad793dc4a7,013574e118633a210f7fd2813bcb591c2339b30703845b1d66a124bb3ca563eb
2026-08-20T11:22:54.647657,agent_score,9001,3,2,ALLOW,normal_browsing,,similarity=0.9782;action=VIEW_ACCOUNT,013574e118633a210f7fd2813bcb591c2339b30703845b1d66a124bb3ca563eb,bae8ad04b120b62b1352d13cd3b2c04590d9de92e07006f454f7829ed8cc6fb7
2026-08-20T11:22:59.726449,agent_score,9001,3,1,ALLOW,normal_browsing,,similarity=0.9998;action=VIEW_ACCOUNT,bae8ad04b120b62b1352d13cd3b2c04590d9de92e07006f454f7829ed8cc6fb7,80646b5e17a99fd1a21de3316fbc7997abf3087d5d76c4a809da80141a5aa828
2026-08-20T11:23:04.792175,agent_score,9001,3,1,ALLOW,normal_browsing,,similarity=0.9951;action=VIEW_ACCOUNT,80646b5e17a99fd1a21de3316fbc7997abf3087d5d76c4a809da80141a5aa828,6dc4f176721467c12243707c09cc05cfc942e4c4c5f81254b959568ceffde7ff
2026-08-20T11:23:09.852416,agent_score,9001,3,1,ALLOW,normal_browsing,,similarity=0.9951;action=VIEW_ACCOUNT,6dc4f176721467c12243707c09cc05cfc942e4c4c5f81254b959568ceffde7ff,559db3b463731453e527dcc1d420322eb72f5cabe902417c0fce532dd86197bb
2026-08-20T11:23:14.917187,agent_score,9001,3,1,ALLOW,normal_browsing,,similarity=0.9951;action=VIEW_ACCOUNT,559db3b463731453e527dcc1d420322eb72f5cabe902417c0fce532dd86197bb,3459bdb58b23cbfbae07af661652f2fd5287ac0bc718ad8f99c8cce8bdbb936a
2026-08-20T11:23:19.976251,agent_score,9001,3,1,ALLOW,normal_browsing,,similarity=0.9951;action=VIEW_ACCOUNT,3459bdb58b23cbfbae07af661652f2fd5287ac0bc718ad8f99c8cce8bdbb936a,4171ef1cf65c465a2763bb794b2cbaf629d738c15d9f53d4687c98523ae947ae
2026-08-20T11:23:25.011660,agent_score,9001,3,10,ALLOW,financial,,similarity=0.9951;action=FINANCIAL_TRANSACTION,4171ef1cf65c465a2763bb794b2cbaf629d738c15d9f53d4687c98523ae947ae,ebf2d6770702f34a44abe5ce59af973a09aeb39a5aeee365e6c8028bde831551
2026-08-20T11:23:30.089247,agent_score,9001,3,1,ALLOW,normal_browsing,,similarity=0.9951;action=VIEW_ACCOUNT,ebf2d6770702f34a44abe5ce59af973a09aeb39a5aeee365e6c8028bde831551,fa6657e4e8e0fc5e23c1c0afca14074c691c9d073373ad384abf7c0c71a98df2
2026-08-20T11:23:35.135185,agent_score,9001,3,1,ALLOW,normal_browsing,,similarity=0.9951;action=VIEW_ACCOUNT,fa6657e4e8e0fc5e23c1c0afca14074c691c9d073373ad384abf7c0c71a98df2,795cb52fd54c53b3e897f0704613d944b91e2406ec2d72a0dc75e4cb1956feec
2026-08-20T11:23:40.196109,agent_score,9001,3,1,ALLOW,normal_browsing,,similarity=0.9951;action=VIEW_ACCOUNT,795cb52fd54c53b3e897f0704613d944b91e2406ec2d72a0dc75e4cb1956feec,869bb76fc78dc2915e02fad1f781e7b302d750a24e14f21af9289a202e31150c
2026-08-20T11:23:45.264666,agent_score,9001,3,10,ALLOW,financial,,similarity=0.9951;action=FINANCIAL_TRANSACTION,869bb76fc78dc2915e02fad1f781e7b302d750a24e14f21af9289a202e31150c,89f2ebd390a878a2622c7d7afc9866af78812f6b72220d51dea9b0443ea8f0b5
2026-08-20T11:23:50.320681,agent_score,9001,3,10,ALLOW,financial,,similarity=0.9951;action=FINANCIAL_TRANSACTION,89f2ebd390a878a2622c7d7afc9866af78812f6b72220d51dea9b0443ea8f0b5,c815abee4a08274af79a2a3a77ea40f07445d0269676cdeb1e376e0cd9ff4c07
2026-08-20T11:23:55.382927,agent_score,9001,3,10,ALLOW,financial,,similarity=0.9951;action=FINANCIAL_TRANSACTION,c815abee4a08274af79a2a3a77ea40f07445d0269676cdeb1e376e0cd9ff4c07,3aa9006827f9819a0fc155f67b9203d5ea49f0a3a4f04031d1924d324f16e5f8
2026-08-20T11:24:00.452985,agent_score,9001,3,10,ALLOW,financial,,similarity=0.9951;action=FINANCIAL_TRANSACTION,3aa9006827f9819a0fc155f67b9203d5ea49f0a3a4f04031d1924d324f16e5f8,42ab1ad3dc27f3a293ac05e9abb12a5e550405b1067cb3ef9bb4c1257d42fd93
2026-08-20T11:24:05.506537,agent_score,9001,3,10,ALLOW,financial,,similarity=0.9951;action=FINANCIAL_TRANSACTION,42ab1ad3dc27f3a293ac05e9abb12a5e550405b1067cb3ef9bb4c1257d42fd93,35a90fcab4d78673c54afb47f6cc3ab9341d1fd99642705df374b7492d1448ec
2026-08-20T11:24:10.550118,agent_score,9001,3,10,ALLOW,financial,,similarity=0.9951;action=FINANCIAL_TRANSACTION,35a90fcab4d78673c54afb47f6cc3ab9341d1fd99642705df374b7492d1448ec,9bfcb9235a747808c1c61fbe7dd234e9324fcc00bb5f13513d7f6cd2f25dfdef
2026-08-20T11:24:15.638542,agent_score,9001,3,10,ALLOW,financial,,similarity=0.9951;action=FINANCIAL_TRANSACTION,9bfcb9235a747808c1c61fbe7dd234e9324fcc00bb5f13513d7f6cd2f25dfdef,eca9a7414d66e1997e33da821b2f3e49eeea8fc2c01a05308d452d5d93422b2c
2026-08-20T11:24:20.669525,agent_score,9001,3,10,ALLOW,financial,,similarity=0.9951;action=FINANCIAL_TRANSACTION,eca9a7414d66e1997e33da821b2f3e49eeea8fc2c01a05308d452d5d93422b2c,da694cf1fabeb864391e37144c7a7a0cab7d153b82665169fc43bf009b223cfd
2026-08-20T11:24:25.738406,agent_score,9001,3,10,ALLOW,financial,,similarity=0.9951;action=FINANCIAL_TRANSACTION,da694cf1fabeb864391e37144c7a7a0cab7d153b82665169fc43bf009b223cfd,e88054f6609840ba48469d0c4d771eca4c4341ad6482b560ae6d552dd25d2359
2026-08-20T11:24:30.778157,agent_score,9001,3,10,ALLOW,financial,,similarity=0.9951;action=FINANCIAL_TRANSACTION,e88054f6609840ba48469d0c4d771eca4c4341ad6482b560ae6d552dd25d2359,0273007086d83447c13537a545c4cfceafd9ace93b43a94c3a021778be9f2aef
2026-08-20T11:24:35.833588,agent_score,9001,3,10,ALLOW,financial,,similarity=0.9951;action=FINANCIAL_TRANSACTION,0273007086d83447c13537a545c4cfceafd9ace93b43a94c3a021778be9f2aef,88ea5b4edb7d3cc143c12943f6e707e1dbd1c8cdd58778e8a6e96f0c735d5982
2026-08-20T11:24:40.890608,agent_score,9001,3,1,ALLOW,normal_browsing,,similarity=0.9951;action=VIEW_ACCOUNT,88ea5b4edb7d3cc143c12943f6e707e1dbd1c8cdd58778e8a6e96f0c735d5982,c5ff0be4494be9b5d55757c69662acbb7f92d22e7cfb63a0c719d8e2408fde83
2026-08-20T11:24:45.959449,agent_score,9001,3,14,ALLOW,normal_browsing,content_threat_detection,similarity=0.9951;action=VIEW_ACCOUNT,c5ff0be4494be9b5d55757c69662acbb7f92d22e7cfb63a0c719d8e2408fde83,b54b44ce3d5899a120a50ff663141d876ab3e031c9c8b69f71ea82bdaef160ed
2026-08-20T11:24:51.056842,agent_score,9001,3,14,ALLOW,normal_browsing,content_threat_detection,similarity=0.9951;action=VIEW_ACCOUNT,b54b44ce3d5899a120a50ff663141d876ab3e031c9c8b69f71ea82bdaef160ed,1648e301357c50ce640b9045b0b6289c7dd3cfe28a0a95a45c9586f2d94da6c9
2026-08-20T11:24:56.104204,agent_score,9001,3,14,ALLOW,normal_browsing,content_threat_detection,similarity=0.9951;action=VIEW_ACCOUNT,1648e301357c50ce640b9045b0b6289c7dd3cfe28a0a95a45c9586f2d94da6c9,9a812a79bb975415f98b255e91da44450b8612e1d76401be2904e9d90bb9211f
2026-08-20T11:25:01.185862,agent_score,9001,3,23,ALLOW,financial,content_threat_detection,similarity=0.9951;action=FINANCIAL_TRANSACTION,9a812a79bb975415f98b255e91da44450b8612e1d76401be2904e9d90bb9211f,88cd61ee18c001c6078b874b7f5a0b7481b9afb467392a8c4c4e2a65cb628c0c
2026-08-20T11:25:06.231688,agent_score,9001,3,23,ALLOW,financial,content_threat_detection,similarity=0.9951;action=FINANCIAL_TRANSACTION,88cd61ee18c001c6078b874b7f5a0b7481b9afb467392a8c4c4e2a65cb628c0c,749ef7cb11d7c8105f79118133e69778c6b85cdaa2ea8883783d8a7f37a8531c
2026-08-20T11:25:11.279274,agent_score,9001,3,23,ALLOW,financial,content_threat_detection,similarity=0.9951;action=FINANCIAL_TRANSACTION,749ef7cb11d7c8105f79118133e69778c6b85cdaa2ea8883783d8a7f37a8531c,305d2fd2dc09e84dbac0546032c14efb84a71edfb74c7cbbfca26bda4dfb3511
2026-08-20T11:25:16.340867,agent_score,9001,3,23,ALLOW,financial,content_threat_detection,similarity=0.9951;action=FINANCIAL_TRANSACTION,305d2fd2dc09e84dbac0546032c14efb84a71edfb74c7cbbfca26bda4dfb3511,1534ad526e5c1a97ff9d02778cba2b88fd1fb8ab194092575810ec5bcb4c5e78
2026-08-20T11:25:21.405336,agent_score,9001,3,29,MONITOR,financial,content_threat_detection,similarity=0.8760;action=FINANCIAL_TRANSACTION,1534ad526e5c1a97ff9d02778cba2b88fd1fb8ab194092575810ec5bcb4c5e78,e5a6434bc4f9415059b03f65dee2f93d10fbfa3a9d9c6d6411024cebef68fcba
2026-08-20T11:25:26.454982,agent_score,9001,3,32,REAUTHENTICATE,financial,content_threat_detection,similarity=0.8296;action=FINANCIAL_TRANSACTION,e5a6434bc4f9415059b03f65dee2f93d10fbfa3a9d9c6d6411024cebef68fcba,59e50c533b7c6638102b1f85e0114e1730880352a63ee5be8f12a7e9af34a2b6
2026-08-20T11:25:26.457984,liveness_error,9001,3,,,,,module 'cv2' has no attribute 'CascadeClassifier',59e50c533b7c6638102b1f85e0114e1730880352a63ee5be8f12a7e9af34a2b6,ac7e6f7e3be3decd7ee6ea594e43cf3093fded28de951a7c5b70bbfdcc5f8df5
2026-08-20T11:25:31.521661,agent_score,9001,3,34,REAUTHENTICATE,financial,content_threat_detection,similarity=0.7709;action=FINANCIAL_TRANSACTION,ac7e6f7e3be3decd7ee6ea594e43cf3093fded28de951a7c5b70bbfdcc5f8df5,1c815f4a68d97de239a3d8d4fe01178c642c31553aecf166b085cdac73b03bc0
2026-08-20T11:25:31.521661,liveness_error,9001,3,,,,,module 'cv2' has no attribute 'CascadeClassifier',1c815f4a68d97de239a3d8d4fe01178c642c31553aecf166b085cdac73b03bc0,359d54859dee404654413efb44e3104197a080205a1c73551fd5df5740b4e533
2026-08-20T11:25:36.578781,agent_score,9001,3,36,REAUTHENTICATE,financial,content_threat_detection,similarity=0.7455;action=FINANCIAL_TRANSACTION,359d54859dee404654413efb44e3104197a080205a1c73551fd5df5740b4e533,63f83995fbcb9ec0c127b4c754da6f36c1f78324b1aae8aef402abc8a6a1f561
2026-08-20T11:25:36.582102,liveness_error,9001,3,,,,,module 'cv2' has no attribute 'CascadeClassifier',63f83995fbcb9ec0c127b4c754da6f36c1f78324b1aae8aef402abc8a6a1f561,5539a1ddb984957e2248f522db70609663dcf8fa05c5fd9419a14f0244938440
2026-08-20T11:25:41.637599,agent_score,9001,3,37,REAUTHENTICATE,financial,content_threat_detection,similarity=0.7154;action=FINANCIAL_TRANSACTION,5539a1ddb984957e2248f522db70609663dcf8fa05c5fd9419a14f0244938440,98bdad31b7262dbd49d33d4319407854790882a8a5a629fd55a3a8069788e3f9
2026-08-20T11:25:41.639489,liveness_error,9001,3,,,,,module 'cv2' has no attribute 'CascadeClassifier',98bdad31b7262dbd49d33d4319407854790882a8a5a629fd55a3a8069788e3f9,e0fa6b7f35280472c2e3ba5f1b36c33fdd8c839d8c168c12fac120edc85ab7f5
2026-08-20T11:25:46.709910,agent_score,9001,3,39,REAUTHENTICATE,financial,content_threat_detection,similarity=0.6782;action=FINANCIAL_TRANSACTION,e0fa6b7f35280472c2e3ba5f1b36c33fdd8c839d8c168c12fac120edc85ab7f5,1e121f5e6c1ae8a6fc873fda9e01a4000db41a3409d8b2756244cbb05efdc9ca
2026-08-20T11:25:46.711976,liveness_error,9001,3,,,,,module 'cv2' has no attribute 'CascadeClassifier',1e121f5e6c1ae8a6fc873fda9e01a4000db41a3409d8b2756244cbb05efdc9ca,1c66ef3da482f415120211dd0a0dfe622651959f2c9fe07a12743ea893d78e72
2026-08-20T11:25:51.778945,agent_score,9001,3,40,REAUTHENTICATE,financial,content_threat_detection,similarity=0.6595;action=FINANCIAL_TRANSACTION,1c66ef3da482f415120211dd0a0dfe622651959f2c9fe07a12743ea893d78e72,2f4f8b92aa0c6484427f67fe1986f6753ed54b127d15984f9db73b258709decb
2026-08-20T11:25:51.781374,liveness_error,9001,3,,,,,module 'cv2' has no attribute 'CascadeClassifier',2f4f8b92aa0c6484427f67fe1986f6753ed54b127d15984f9db73b258709decb,18f93bb5f008a27f21711987123994b8af6c6583266fd406c083c9487e639e30
2026-08-20T11:25:56.844886,agent_score,9001,3,40,REAUTHENTICATE,financial,content_threat_detection,similarity=0.6595;action=FINANCIAL_TRANSACTION,18f93bb5f008a27f21711987123994b8af6c6583266fd406c083c9487e639e30,01ae4ca5e858cb97797dfe8042fbda06dad64348e56fc961de33c501fb4b0cea
2026-08-20T11:25:56.847938,liveness_error,9001,3,,,,,module 'cv2' has no attribute 'CascadeClassifier',01ae4ca5e858cb97797dfe8042fbda06dad64348e56fc961de33c501fb4b0cea,8d96509ec3f7ed5bd49d3b7b89fb28a6e63f27117916cd15bd3829c745d3507b
2026-08-20T11:26:01.907865,agent_score,9001,3,41,REAUTHENTICATE,financial,content_threat_detection,similarity=0.6323;action=FINANCIAL_TRANSACTION,8d96509ec3f7ed5bd49d3b7b89fb28a6e63f27117916cd15bd3829c745d3507b,ea1fb468af5a54de1227555993e422ef1147739e460e117ba5680e8d001dacad
2026-08-20T11:26:01.913725,liveness_error,9001,3,,,,,module 'cv2' has no attribute 'CascadeClassifier',ea1fb468af5a54de1227555993e422ef1147739e460e117ba5680e8d001dacad,2deb61242580a1e5dcad052e3c7f297085a5023f147d936b81142557f77f11cd
2026-08-20T11:26:06.991708,agent_score,9001,3,46,REAUTHENTICATE,financial,content_threat_detection,similarity=0.5472;action=FINANCIAL_TRANSACTION,2deb61242580a1e5dcad052e3c7f297085a5023f147d936b81142557f77f11cd,9d5d6c9088da0dfa52375819614bf7fd1755a90d69eeb6645ad8c58eb510a66f
2026-08-20T11:26:06.997708,liveness_error,9001,3,,,,,module 'cv2' has no attribute 'CascadeClassifier',9d5d6c9088da0dfa52375819614bf7fd1755a90d69eeb6645ad8c58eb510a66f,72464e1470c21a83c79e537d4f9f6a3925d230d9f63530181a37baf67beb740f
2026-08-20T11:26:12.048657,agent_score,9001,3,39,REAUTHENTICATE,financial,content_threat_detection,similarity=0.6786;action=FINANCIAL_TRANSACTION,72464e1470c21a83c79e537d4f9f6a3925d230d9f63530181a37baf67beb740f,df3bdb5738e027dc456e3a6f5752eafa51744219119e8131a91cb3d1fe247dd2
2026-08-20T11:26:12.051294,liveness_error,9001,3,,,,,module 'cv2' has no attribute 'CascadeClassifier',df3bdb5738e027dc456e3a6f5752eafa51744219119e8131a91cb3d1fe247dd2,4078dcefdf2f724bfafffc3172e5d63951bfc5991b0e30cd81fda33a9bd36c5b
2026-08-20T11:26:17.099939,agent_score,9001,3,39,REAUTHENTICATE,financial,content_threat_detection,similarity=0.6786;action=FINANCIAL_TRANSACTION,4078dcefdf2f724bfafffc3172e5d63951bfc5991b0e30cd81fda33a9bd36c5b,156c03699cfd62b4c57cf8312d4215e99f027ac8a06a4468bae3d4c8b97f3fc1
2026-08-20T11:26:17.099939,liveness_error,9001,3,,,,,module 'cv2' has no attribute 'CascadeClassifier',156c03699cfd62b4c57cf8312d4215e99f027ac8a06a4468bae3d4c8b97f3fc1,3f959d19022093c5514f8b417238d82c0d74aab7e915e7ccb2de55274d49a735
2026-08-20T11:26:22.176552,agent_score,9001,3,39,REAUTHENTICATE,financial,content_threat_detection,similarity=0.6786;action=FINANCIAL_TRANSACTION,3f959d19022093c5514f8b417238d82c0d74aab7e915e7ccb2de55274d49a735,7b7b37f8256f7e84e699ec8bdf46bdc9c1ae921ae5afc781bfe51a51054ec8a1
2026-08-20T11:26:22.180576,liveness_error,9001,3,,,,,module 'cv2' has no attribute 'CascadeClassifier',7b7b37f8256f7e84e699ec8bdf46bdc9c1ae921ae5afc781bfe51a51054ec8a1,db1dab259ad18f47f2ccc588cdad06eb2213684c02d5932eb4c86064456c79fc
2026-08-20T11:26:27.246272,agent_score,9001,3,39,REAUTHENTICATE,financial,content_threat_detection,similarity=0.6786;action=FINANCIAL_TRANSACTION,db1dab259ad18f47f2ccc588cdad06eb2213684c02d5932eb4c86064456c79fc,76fdebb532fe0ba9e1c89c6025f3b2ec3c48bb2761b8ba7c13b9de49533ec67d
2026-08-20T11:26:27.249090,liveness_error,9001,3,,,,,module 'cv2' has no attribute 'CascadeClassifier',76fdebb532fe0ba9e1c89c6025f3b2ec3c48bb2761b8ba7c13b9de49533ec67d,cc576d5bb07c47aa983595f52d37c9a2ed3c34393b69b81b4d2d0dc9abf9e86c
2026-08-20T11:26:32.337950,agent_score,9001,3,39,REAUTHENTICATE,financial,content_threat_detection,similarity=0.6786;action=FINANCIAL_TRANSACTION,cc576d5bb07c47aa983595f52d37c9a2ed3c34393b69b81b4d2d0dc9abf9e86c,f69dd0eff679c8ff9723b2c94e88be82f336913b8de32e1db7846131581fc8a5
2026-08-20T11:26:32.340467,liveness_error,9001,3,,,,,module 'cv2' has no attribute 'CascadeClassifier',f69dd0eff679c8ff9723b2c94e88be82f336913b8de32e1db7846131581fc8a5,2876e77d8396d9972820a36e8119b905027d5964cf0824a418bd7b0ec39a40a9
2026-08-20T11:26:37.402168,agent_score,9001,3,39,REAUTHENTICATE,financial,content_threat_detection,similarity=0.6704;action=FINANCIAL_TRANSACTION,2876e77d8396d9972820a36e8119b905027d5964cf0824a418bd7b0ec39a40a9,5cd77fef47e42e661017d443ce152535162158ac0857cd45333f832b2aca1b5e
2026-08-20T11:26:37.406368,liveness_error,9001,3,,,,,module 'cv2' has no attribute 'CascadeClassifier',5cd77fef47e42e661017d443ce152535162158ac0857cd45333f832b2aca1b5e,05f7b27511d424f317f9e0de955bd791fdccb73d54fdfff5df6f07a89173dc09
2026-08-20T11:26:42.466849,agent_score,9001,3,27,MONITOR,financial,content_threat_detection,similarity=0.9157;action=FINANCIAL_TRANSACTION,05f7b27511d424f317f9e0de955bd791fdccb73d54fdfff5df6f07a89173dc09,65e8c0b720f237b0c323ab48c7d7d977f90230be8038aa5f365853182d81602f
2026-08-20T11:26:47.530081,agent_score,9001,3,23,ALLOW,financial,content_threat_detection,similarity=0.9956;action=FINANCIAL_TRANSACTION,65e8c0b720f237b0c323ab48c7d7d977f90230be8038aa5f365853182d81602f,ee1a6db4e6612a4ae6a8176f5948ba19ea038927e98a8090b69816a629056b21
2026-08-20T11:26:52.604598,agent_score,9001,3,23,ALLOW,financial,content_threat_detection,similarity=0.9966;action=FINANCIAL_TRANSACTION,ee1a6db4e6612a4ae6a8176f5948ba19ea038927e98a8090b69816a629056b21,3a7916d396da71366f3f158561b49496f087192f759896913a90d6bc3292e864
2026-08-20T11:26:57.680420,agent_score,9001,3,23,ALLOW,financial,content_threat_detection,similarity=0.9966;action=FINANCIAL_TRANSACTION,3a7916d396da71366f3f158561b49496f087192f759896913a90d6bc3292e864,c93ff3988a1945639a875bb899967b3d82af97369c2a97af8de96d031c130a32
2026-08-20T11:27:02.744915,agent_score,9001,3,14,ALLOW,normal_browsing,content_threat_detection,similarity=0.9966;action=VIEW_ACCOUNT,c93ff3988a1945639a875bb899967b3d82af97369c2a97af8de96d031c130a32,0a2f2d808a10386e4d6e49f3d4535a859e30e5e6e09af517cf2056481a968b11
2026-08-20T11:27:07.792437,agent_score,9001,3,14,ALLOW,normal_browsing,content_threat_detection,similarity=0.9978;action=VIEW_ACCOUNT,0a2f2d808a10386e4d6e49f3d4535a859e30e5e6e09af517cf2056481a968b11,632264deaf0f3ae83826490a339a190db249716e8cfbeffd5071ac3a4b5d1835
2026-08-20T11:27:12.832596,agent_score,9001,3,14,ALLOW,normal_browsing,content_threat_detection,similarity=0.9995;action=VIEW_ACCOUNT,632264deaf0f3ae83826490a339a190db249716e8cfbeffd5071ac3a4b5d1835,adf09f2c96e4fc7fb3d932939ce723d6c909b11286b67ca49b30477c1f2c2bb4
2026-08-20T11:27:17.920158,agent_score,9001,3,14,ALLOW,normal_browsing,content_threat_detection,similarity=0.9946;action=VIEW_ACCOUNT,adf09f2c96e4fc7fb3d932939ce723d6c909b11286b67ca49b30477c1f2c2bb4,04647ce7873549b8478b78dfe8b20da7c15bf000467ad736067da5f1f76ebda9
2026-08-20T11:27:22.978789,agent_score,9001,3,14,ALLOW,normal_browsing,content_threat_detection,similarity=0.9998;action=VIEW_ACCOUNT,04647ce7873549b8478b78dfe8b20da7c15bf000467ad736067da5f1f76ebda9,3af699039f68bc54398cbcb3a20bddbbd43ea41b636ff83c94a1561f8b52c562
2026-08-20T11:27:28.044072,agent_score,9001,3,14,ALLOW,normal_browsing,content_threat_detection,similarity=0.9997;action=VIEW_ACCOUNT,3af699039f68bc54398cbcb3a20bddbbd43ea41b636ff83c94a1561f8b52c562,1ebda05052281435519e0fab7f2ddef76b2766e87de76635d7d411c7a3651efb
2026-08-20T11:27:33.098060,agent_score,9001,3,14,ALLOW,normal_browsing,content_threat_detection,similarity=0.9957;action=VIEW_ACCOUNT,1ebda05052281435519e0fab7f2ddef76b2766e87de76635d7d411c7a3651efb,d6fbc9fbeec5bfb566eee43ca0947dc897c58ab3a098c9436581129b72ae4ef8
2026-08-20T11:27:38.149797,agent_score,9001,3,14,ALLOW,normal_browsing,content_threat_detection,similarity=0.9913;action=VIEW_ACCOUNT,d6fbc9fbeec5bfb566eee43ca0947dc897c58ab3a098c9436581129b72ae4ef8,5dfeb26a837e90ea4493a86b086e11d6c16d95e282332e55a565b7c09aa9b770
2026-08-20T11:27:43.214251,agent_score,9001,3,14,ALLOW,normal_browsing,content_threat_detection,similarity=0.9944;action=VIEW_ACCOUNT,5dfeb26a837e90ea4493a86b086e11d6c16d95e282332e55a565b7c09aa9b770,a1c94d9b281c8106e89972da7dec02ccf59a95d1b5475b23cc8e3dfe93f062a3
2026-08-20T11:27:48.284191,agent_score,9001,3,14,ALLOW,normal_browsing,content_threat_detection,similarity=0.9981;action=VIEW_ACCOUNT,a1c94d9b281c8106e89972da7dec02ccf59a95d1b5475b23cc8e3dfe93f062a3,184384f70ba41fe9a633e0783e105469c063b3bbe0ce409b97fcb07c8ecabac0
2026-08-20T11:27:53.352533,agent_score,9001,3,14,ALLOW,normal_browsing,content_threat_detection,similarity=0.9998;action=VIEW_ACCOUNT,184384f70ba41fe9a633e0783e105469c063b3bbe0ce409b97fcb07c8ecabac0,cdcdcf9acb70fe8c17efa99dca145a40c4e2e641aa7baebf79094b7b50a4d898
2026-08-20T11:27:58.422306,agent_score,9001,3,14,ALLOW,normal_browsing,content_threat_detection,similarity=0.9998;action=VIEW_ACCOUNT,cdcdcf9acb70fe8c17efa99dca145a40c4e2e641aa7baebf79094b7b50a4d898,c79077b1d144c3e63812879bf3a65126371a6f0f28074af1262bfcb2257a0ba6
2026-08-20T11:28:03.488796,agent_score,9001,3,14,ALLOW,normal_browsing,content_threat_detection,similarity=0.9998;action=VIEW_ACCOUNT,c79077b1d144c3e63812879bf3a65126371a6f0f28074af1262bfcb2257a0ba6,fcad2a3556720a1d3fe956cc4a5f633c1eb8dd5530ad4d28f030a126e60115e3
2026-08-20T11:28:08.543414,agent_score,9001,3,14,ALLOW,normal_browsing,content_threat_detection,similarity=0.9998;action=VIEW_ACCOUNT,fcad2a3556720a1d3fe956cc4a5f633c1eb8dd5530ad4d28f030a126e60115e3,059394d4cb2217d7cb42bb5c3d33a9566846699a5b51df8f5c9daf8e2a8270db
2026-08-20T11:28:13.621276,agent_score,9001,3,14,ALLOW,normal_browsing,content_threat_detection,similarity=0.9998;action=VIEW_ACCOUNT,059394d4cb2217d7cb42bb5c3d33a9566846699a5b51df8f5c9daf8e2a8270db,489958c260b0fe67de9ff13d0ebb86550a5da46afb1b20eab21b9f65052217e8
2026-08-20T11:28:18.689007,agent_score,9001,3,1,ALLOW,normal_browsing,,similarity=0.9998;action=VIEW_ACCOUNT,489958c260b0fe67de9ff13d0ebb86550a5da46afb1b20eab21b9f65052217e8,0a6483dff1fa0e81bb531b875b7b9a2c6523c6751b8f4bba1b349a2c436acedf
2026-08-20T11:28:23.747844,agent_score,9001,3,1,ALLOW,normal_browsing,,similarity=0.9983;action=VIEW_ACCOUNT,0a6483dff1fa0e81bb531b875b7b9a2c6523c6751b8f4bba1b349a2c436acedf,8ef0f41e3b4972c6b14d9adf7546d86da2c76d610d628f198186457519db1dcc
2026-08-20T11:28:28.801233,agent_score,9001,3,1,ALLOW,normal_browsing,,similarity=0.9842;action=VIEW_ACCOUNT,8ef0f41e3b4972c6b14d9adf7546d86da2c76d610d628f198186457519db1dcc,ec7572780e20156c6918ecac65703448e8dab76c933b213a372a95bc2c9eadb8
2026-08-20T11:28:33.889730,agent_score,9001,3,1,ALLOW,normal_browsing,,similarity=0.9938;action=VIEW_ACCOUNT,ec7572780e20156c6918ecac65703448e8dab76c933b213a372a95bc2c9eadb8,a5e6063b7626689ef9bfead83957507e7b794c386dad618a474da29c4950e88e
2026-08-20T11:28:38.954313,agent_score,9001,3,1,ALLOW,normal_browsing,,similarity=0.9991;action=VIEW_ACCOUNT,a5e6063b7626689ef9bfead83957507e7b794c386dad618a474da29c4950e88e,0fe969b98de040d07d2c4c89f8a5fa3320caf33ca0260de7ace5d778498efc14
2026-08-20T11:28:44.003670,agent_score,9001,3,1,ALLOW,normal_browsing,,similarity=0.9966;action=VIEW_ACCOUNT,0fe969b98de040d07d2c4c89f8a5fa3320caf33ca0260de7ace5d778498efc14,8c09726a1a9e5f3640b675c9054e7b883284a8066d6c41f7ce84c27ef7e8b95d
2026-08-20T11:28:49.049707,agent_score,9001,3,1,ALLOW,normal_browsing,,similarity=0.9981;action=VIEW_ACCOUNT,8c09726a1a9e5f3640b675c9054e7b883284a8066d6c41f7ce84c27ef7e8b95d,0b12c4f095dfce307a4e8624c9260bd664c553a47b32ee7ab26d93beb36339b9
2026-08-20T11:28:54.114099,agent_score,9001,3,1,ALLOW,normal_browsing,,similarity=0.9849;action=VIEW_ACCOUNT,0b12c4f095dfce307a4e8624c9260bd664c553a47b32ee7ab26d93beb36339b9,482fab5c0660f4375c3a80d1e6e166a47828811d9dada4629b93031b53c1d35e
2026-08-20T11:28:59.178960,agent_score,9001,3,1,ALLOW,normal_browsing,,similarity=0.9894;action=VIEW_ACCOUNT,482fab5c0660f4375c3a80d1e6e166a47828811d9dada4629b93031b53c1d35e,68d2c0e853534078b4cc2ea6ebfc24e4a46966faa3959e45b4da2f01f9fde237
2026-08-20T11:29:04.245255,agent_score,9001,3,1,ALLOW,normal_browsing,,similarity=0.9974;action=VIEW_ACCOUNT,68d2c0e853534078b4cc2ea6ebfc24e4a46966faa3959e45b4da2f01f9fde237,cc1ffc970ea77b1126b63bccdacbb747490cff784a1529680f63d50749a5f68c
2026-08-20T11:29:09.323667,agent_score,9001,3,1,ALLOW,normal_browsing,,similarity=0.9882;action=VIEW_ACCOUNT,cc1ffc970ea77b1126b63bccdacbb747490cff784a1529680f63d50749a5f68c,84ab64e3809ffa8322bc186779fa5edd5c64a78dac985c753bb881c532205a57
2026-08-20T11:29:14.391662,agent_score,9001,3,3,ALLOW,normal_browsing,,similarity=0.9584;action=VIEW_ACCOUNT,84ab64e3809ffa8322bc186779fa5edd5c64a78dac985c753bb881c532205a57,762ec448e0ca73d67ba7ddde70e627a929a9b586102e15386dfacd69df9b1d3f
2026-08-20T11:29:19.438248,agent_score,9001,3,2,ALLOW,normal_browsing,,similarity=0.9693;action=VIEW_ACCOUNT,762ec448e0ca73d67ba7ddde70e627a929a9b586102e15386dfacd69df9b1d3f,23ac6abddfce2b59b6221bcb35f6ca32bf4576bba36f935111e54936ba88d857
2026-08-20T11:29:24.498945,agent_score,9001,3,5,ALLOW,normal_browsing,,similarity=0.9173;action=VIEW_ACCOUNT,23ac6abddfce2b59b6221bcb35f6ca32bf4576bba36f935111e54936ba88d857,e7c8d412ef9bb2f1549a69fed5fb78db40fefd0a2ba6d440d433ae474e4dbcb8
2026-08-20T11:29:29.542095,agent_score,9001,3,1,ALLOW,normal_browsing,,similarity=0.9995;action=VIEW_ACCOUNT,e7c8d412ef9bb2f1549a69fed5fb78db40fefd0a2ba6d440d433ae474e4dbcb8,4e9de2a9332aea97a3dae768c6af304e69a6b01e00075d941c574fc37fcd6bda
2026-08-20T11:29:34.574008,agent_score,9001,3,1,ALLOW,normal_browsing,,similarity=0.9989;action=VIEW_ACCOUNT,4e9de2a9332aea97a3dae768c6af304e69a6b01e00075d941c574fc37fcd6bda,f8451604f158322ae2841f09b6b08ca518d39eb6641879118678f5864c508b15
2026-08-20T11:29:39.626394,agent_score,9001,3,1,ALLOW,normal_browsing,,similarity=0.9826;action=VIEW_ACCOUNT,f8451604f158322ae2841f09b6b08ca518d39eb6641879118678f5864c508b15,6b5b1ce793c8fb023d7940cb3a2881c740841bc3ff1c8068c6b4e82ee07a41e2
2026-08-20T11:29:44.693369,agent_score,9001,3,1,ALLOW,normal_browsing,,similarity=0.9972;action=VIEW_ACCOUNT,6b5b1ce793c8fb023d7940cb3a2881c740841bc3ff1c8068c6b4e82ee07a41e2,a4f8ab933eb46ede6af4a2044b469f2cb2cd5bbe75c9388d61c50bf27ee6d063
2026-08-20T11:29:49.756972,agent_score,9001,3,1,ALLOW,normal_browsing,,similarity=0.9984;action=VIEW_ACCOUNT,a4f8ab933eb46ede6af4a2044b469f2cb2cd5bbe75c9388d61c50bf27ee6d063,f75884f4fe7947ed0184057c22af1eb472880c10a364c7b3e9ecce140e9136b3
2026-08-20T11:29:54.828442,agent_score,9001,3,1,ALLOW,normal_browsing,,similarity=0.9945;action=VIEW_ACCOUNT,f75884f4fe7947ed0184057c22af1eb472880c10a364c7b3e9ecce140e9136b3,7a1fac65320cf31184c22344f7cd092933209f79129b8bd07ce700b46eaa0366
2026-08-20T11:29:59.862590,agent_score,9001,3,1,ALLOW,normal_browsing,,similarity=0.9834;action=VIEW_ACCOUNT,7a1fac65320cf31184c22344f7cd092933209f79129b8bd07ce700b46eaa0366,d0a5408b198732cfc45881207c07ed0728e18ca1ee542fb16edb236fd84d41e8
2026-08-20T11:30:04.931610,agent_score,9001,3,1,ALLOW,normal_browsing,,similarity=0.9924;action=VIEW_ACCOUNT,d0a5408b198732cfc45881207c07ed0728e18ca1ee542fb16edb236fd84d41e8,d713e73f232a93bb41543e6d23d373e86d32ee2f7a2c0e4865c5c300f2916185
2026-08-20T11:30:10.017272,agent_score,9001,3,1,ALLOW,normal_browsing,,similarity=0.9941;action=VIEW_ACCOUNT,d713e73f232a93bb41543e6d23d373e86d32ee2f7a2c0e4865c5c300f2916185,12abe1c06438294a4db9cdb2a77233b6b30db776c742cb03b5eecbd997820d7b
2026-08-20T11:30:15.093251,agent_score,9001,3,1,ALLOW,normal_browsing,,similarity=0.9899;action=VIEW_ACCOUNT,12abe1c06438294a4db9cdb2a77233b6b30db776c742cb03b5eecbd997820d7b,92d8cf1df938f0d4bc52ad2a37a51d525b126b3e4f19026987feb69151b9db8f
2026-08-20T11:30:20.140896,agent_score,9001,3,5,ALLOW,normal_browsing,,similarity=0.9181;action=VIEW_ACCOUNT,92d8cf1df938f0d4bc52ad2a37a51d525b126b3e4f19026987feb69151b9db8f,5563f76cebe32aee819d5285013bafd4f526d71e9a82725d780463561d82dcf8
2026-08-20T11:30:25.230877,agent_score,9001,3,2,ALLOW,normal_browsing,,similarity=0.9745;action=VIEW_ACCOUNT,5563f76cebe32aee819d5285013bafd4f526d71e9a82725d780463561d82dcf8,9c082a9233b44e6fe48d7363a04969850e062c3c6bfdd84d31c63f12ae0e86b8
2026-08-20T11:30:30.289963,agent_score,9001,3,1,ALLOW,normal_browsing,,similarity=0.9886;action=VIEW_ACCOUNT,9c082a9233b44e6fe48d7363a04969850e062c3c6bfdd84d31c63f12ae0e86b8,edfbc3003e843f3dc223f5df30e9010662672dc95997d679d1fc6faf1a3de25e
2026-08-20T11:30:35.365505,agent_score,9001,3,1,ALLOW,normal_browsing,,similarity=0.9886;action=VIEW_ACCOUNT,edfbc3003e843f3dc223f5df30e9010662672dc95997d679d1fc6faf1a3de25e,bfd897a8afe9d93a83b8117aa7677161de53abcc53a580f85d42118ce808a140
2026-08-20T11:30:40.429066,agent_score,9001,3,1,ALLOW,normal_browsing,,similarity=0.9892;action=VIEW_ACCOUNT,bfd897a8afe9d93a83b8117aa7677161de53abcc53a580f85d42118ce808a140,7611699da267b024b4e8decb774563a3d003decfae1bf85246b94cb7f424417d
2026-08-20T11:30:45.488339,agent_score,9001,3,1,ALLOW,normal_browsing,,similarity=0.9925;action=VIEW_ACCOUNT,7611699da267b024b4e8decb774563a3d003decfae1bf85246b94cb7f424417d,9b88ea716a6af9526e030f5fe1ad209a5847b490ecaf29048124c3fe4ee71a58
2026-08-20T11:30:50.550065,agent_score,9001,3,3,ALLOW,normal_browsing,,similarity=0.9574;action=VIEW_ACCOUNT,9b88ea716a6af9526e030f5fe1ad209a5847b490ecaf29048124c3fe4ee71a58,49db1bd8618f6a233aa8c2e7934ad3d5c0c6d5c5dc50e0babdf0ac0e2bd070dc
2026-08-20T11:30:55.591475,agent_score,9001,3,2,ALLOW,normal_browsing,,similarity=0.9795;action=VIEW_ACCOUNT,49db1bd8618f6a233aa8c2e7934ad3d5c0c6d5c5dc50e0babdf0ac0e2bd070dc,24b0451d365ac0d9209f17bfaaf0bec04c8ce4be177d5268ac6c45c6c77091e4
2026-08-20T11:31:00.663251,agent_score,9001,3,1,ALLOW,normal_browsing,,similarity=0.9893;action=VIEW_ACCOUNT,24b0451d365ac0d9209f17bfaaf0bec04c8ce4be177d5268ac6c45c6c77091e4,edc0fc75f90841dbb890be3869a23ae524a80da57296a17582f3ad9d074e30e4
2026-08-20T11:31:05.717412,agent_score,9001,3,1,ALLOW,normal_browsing,,similarity=0.9924;action=VIEW_ACCOUNT,edc0fc75f90841dbb890be3869a23ae524a80da57296a17582f3ad9d074e30e4,769f1e84ac36682e3c99e8a8bf96e2d50ebc690131cdcb000eb8f7308da73079
2026-08-20T11:31:10.780753,agent_score,9001,3,1,ALLOW,normal_browsing,,similarity=0.9916;action=VIEW_ACCOUNT,769f1e84ac36682e3c99e8a8bf96e2d50ebc690131cdcb000eb8f7308da73079,609841097c49b38e4a7dfed16286d03981aae26ca3aadbcb769cc123e7a9b3a2
2026-08-20T11:31:15.841988,agent_score,9001,3,1,ALLOW,normal_browsing,,similarity=0.9878;action=VIEW_ACCOUNT,609841097c49b38e4a7dfed16286d03981aae26ca3aadbcb769cc123e7a9b3a2,469e6cdf615fceccc146daec7c89fa05726dc47f26e704e293d766ea5ab6eef0
2026-08-20T11:31:20.897018,agent_score,9001,3,2,ALLOW,normal_browsing,,similarity=0.9762;action=VIEW_ACCOUNT,469e6cdf615fceccc146daec7c89fa05726dc47f26e704e293d766ea5ab6eef0,c5e2e7987382307682394b554b4e7d1a85614b5594a5769c079c8e060e5079d7
2026-08-20T11:31:25.954037,agent_score,9001,3,6,ALLOW,normal_browsing,,similarity=0.8990;action=VIEW_ACCOUNT,c5e2e7987382307682394b554b4e7d1a85614b5594a5769c079c8e060e5079d7,8a0e48b7a99bbb12ab090723a0c371af756e1539bf97f49c47343eb4cfde855e
2026-08-20T11:31:31.001482,agent_score,9001,3,1,ALLOW,normal_browsing,,similarity=0.9857;action=VIEW_ACCOUNT,8a0e48b7a99bbb12ab090723a0c371af756e1539bf97f49c47343eb4cfde855e,272ad0dfeae425d0d00395f34cf9a35be3ce662120d6c7d0dc8ad772c54667c2
2026-08-20T11:31:36.072586,agent_score,9001,3,1,ALLOW,normal_browsing,,similarity=0.9945;action=VIEW_ACCOUNT,272ad0dfeae425d0d00395f34cf9a35be3ce662120d6c7d0dc8ad772c54667c2,57ec50107708c55e4143817ff4f10f66d4a496ed20a32f5bef2b88ebf5e009de
2026-08-20T11:31:41.142999,agent_score,9001,3,1,ALLOW,normal_browsing,,similarity=0.9945;action=VIEW_ACCOUNT,57ec50107708c55e4143817ff4f10f66d4a496ed20a32f5bef2b88ebf5e009de,579731c9f04e49e5be8a5eaac81bad96f20e4c5143453f89e844420d96abc952
2026-08-20T11:31:46.239384,agent_score,9001,3,1,ALLOW,normal_browsing,,similarity=0.9945;action=VIEW_ACCOUNT,579731c9f04e49e5be8a5eaac81bad96f20e4c5143453f89e844420d96abc952,1a41aa136720fb0aed1bd35c2e992d61e46eae70dbaac9f9c52a9841dc67f434
2026-08-20T11:31:51.295396,agent_score,9001,3,1,ALLOW,normal_browsing,,similarity=0.9872;action=VIEW_ACCOUNT,1a41aa136720fb0aed1bd35c2e992d61e46eae70dbaac9f9c52a9841dc67f434,14e9ab23b86b8a4a1e5d8d0dee056082580d14b6b97ef1b206badd62227b0e00
2026-08-20T11:31:56.366273,agent_score,9001,3,1,ALLOW,normal_browsing,,similarity=0.9872;action=VIEW_ACCOUNT,14e9ab23b86b8a4a1e5d8d0dee056082580d14b6b97ef1b206badd62227b0e00,4f4b472177dd4aab3f91f434f14fd8e69acee676ca92d62537630c547adb2e57
2026-08-20T11:32:01.440574,agent_score,9001,3,1,ALLOW,normal_browsing,,similarity=0.9872;action=VIEW_ACCOUNT,4f4b472177dd4aab3f91f434f14fd8e69acee676ca92d62537630c547adb2e57,962a2787e89e1e74ef4eb427c79240b355d20201bf8f25fcc9e096ff24544a03
2026-08-20T11:32:06.508003,agent_score,9001,3,1,ALLOW,normal_browsing,,similarity=0.9872;action=VIEW_ACCOUNT,962a2787e89e1e74ef4eb427c79240b355d20201bf8f25fcc9e096ff24544a03,40a9a50befeef59b32516e1928b46c931ac17e54f3c72dcf3f9a1fcd5a402eff
2026-08-20T11:32:11.573332,agent_score,9001,3,1,ALLOW,normal_browsing,,similarity=0.9872;action=VIEW_ACCOUNT,40a9a50befeef59b32516e1928b46c931ac17e54f3c72dcf3f9a1fcd5a402eff,46dcd289315f2a89803fff0e66574fbed4c2b301fce2816958f5ed2508c5bd21
2026-08-20T11:32:16.638389,agent_score,9001,3,1,ALLOW,normal_browsing,,similarity=0.9872;action=VIEW_ACCOUNT,46dcd289315f2a89803fff0e66574fbed4c2b301fce2816958f5ed2508c5bd21,81bde053efa4e766b2a661483ad2ac3d10ebc53c8174d2d25978bb2c36543486
2026-08-20T11:32:21.677800,agent_score,9001,3,1,ALLOW,normal_browsing,,similarity=0.9872;action=VIEW_ACCOUNT,81bde053efa4e766b2a661483ad2ac3d10ebc53c8174d2d25978bb2c36543486,99a2ffb7f28e85934cec9829aa31429838c3acfb5f17371b5f0bb1aea9fa78da
2026-08-20T11:32:26.722820,agent_score,9001,3,1,ALLOW,normal_browsing,,similarity=0.9872;action=VIEW_ACCOUNT,99a2ffb7f28e85934cec9829aa31429838c3acfb5f17371b5f0bb1aea9fa78da,c8d949f937a9a620c1e85201a02220940c156e547cc3d9ef15e2e6cb59dc903d
2026-08-20T11:32:31.766105,agent_score,9001,3,1,ALLOW,normal_browsing,,similarity=0.9872;action=VIEW_ACCOUNT,c8d949f937a9a620c1e85201a02220940c156e547cc3d9ef15e2e6cb59dc903d,6ad7a663a0670f3ec1cb6cd73ca0c58a9f81afc4c6642f66638f8a964fa83719
2026-08-20T11:32:36.828956,agent_score,9001,3,1,ALLOW,normal_browsing,,similarity=0.9872;action=VIEW_ACCOUNT,6ad7a663a0670f3ec1cb6cd73ca0c58a9f81afc4c6642f66638f8a964fa83719,6b9ea998f2cd74c428459edb5bc4ea30bab6d50d08578b7c35cb000b6f633995
2026-08-20T11:32:41.898691,agent_score,9001,3,1,ALLOW,normal_browsing,,similarity=0.9872;action=VIEW_ACCOUNT,6b9ea998f2cd74c428459edb5bc4ea30bab6d50d08578b7c35cb000b6f633995,1909d76f507eb5f0fcc5c03a6fab6d288618d678ba1a73263a5bec12e533d46e
2026-08-20T11:32:46.982283,agent_score,9001,3,1,ALLOW,normal_browsing,,similarity=0.9872;action=VIEW_ACCOUNT,1909d76f507eb5f0fcc5c03a6fab6d288618d678ba1a73263a5bec12e533d46e,40c00a8f142759f31ba8d5c67740cbcbc008238d4036972f8eb1dc613a57a058
2026-08-20T11:32:52.050786,agent_score,9001,3,1,ALLOW,normal_browsing,,similarity=0.9872;action=VIEW_ACCOUNT,40c00a8f142759f31ba8d5c67740cbcbc008238d4036972f8eb1dc613a57a058,c660c68b57b979d31e4400e8a8820b60b201c0d20ff08ed28a30af101647414b
2026-08-20T11:32:57.111910,agent_score,9001,3,1,ALLOW,normal_browsing,,similarity=0.9872;action=VIEW_ACCOUNT,c660c68b57b979d31e4400e8a8820b60b201c0d20ff08ed28a30af101647414b,48edc3fba1fca24144f60620ca3762918134c7da0d72282e9d3a65e11b60b1a3
2026-08-20T11:33:02.179892,agent_score,9001,3,1,ALLOW,normal_browsing,,similarity=0.9872;action=VIEW_ACCOUNT,48edc3fba1fca24144f60620ca3762918134c7da0d72282e9d3a65e11b60b1a3,9867d5586957b195f79281b1b42acdd5996468e5616b07fdefe44ff18aef950a
2026-08-20T11:33:07.236362,agent_score,9001,3,1,ALLOW,normal_browsing,,similarity=0.9872;action=VIEW_ACCOUNT,9867d5586957b195f79281b1b42acdd5996468e5616b07fdefe44ff18aef950a,88bbacab1ea000e34211dda5a9d446460c3d097a746aa0b78742a8628d8d760a
2026-08-20T11:33:12.298312,agent_score,9001,3,1,ALLOW,normal_browsing,,similarity=0.9872;action=VIEW_ACCOUNT,88bbacab1ea000e34211dda5a9d446460c3d097a746aa0b78742a8628d8d760a,c26a9ed9f71d512981925c7122c38b056a3b6daeb0cbdbf82a386703257c153d
2026-08-20T11:33:17.349014,agent_score,9001,3,1,ALLOW,normal_browsing,,similarity=0.9872;action=VIEW_ACCOUNT,c26a9ed9f71d512981925c7122c38b056a3b6daeb0cbdbf82a386703257c153d,b52e04626813714e42409e699bdb849d805773f7c448828be0eb626aaf48f2f9
2026-08-20T11:33:22.393295,agent_score,9001,3,1,ALLOW,normal_browsing,,similarity=0.9872;action=VIEW_ACCOUNT,b52e04626813714e42409e699bdb849d805773f7c448828be0eb626aaf48f2f9,4a416b3212d5b3ac06aa2b8cc9ad4e79bd7d08e5476eb523cf4eec01dd43eb15
2026-08-20T11:33:27.454970,agent_score,9001,3,1,ALLOW,normal_browsing,,similarity=0.9872;action=VIEW_ACCOUNT,4a416b3212d5b3ac06aa2b8cc9ad4e79bd7d08e5476eb523cf4eec01dd43eb15,462fbcff6da7e17cfc85318956fc55300f4505ec04914a7e5d3588c3a3ac35c6
2026-08-20T11:33:32.515925,agent_score,9001,3,1,ALLOW,normal_browsing,,similarity=0.9872;action=VIEW_ACCOUNT,462fbcff6da7e17cfc85318956fc55300f4505ec04914a7e5d3588c3a3ac35c6,605ad760b7e7a0163578af771869f52dee8b9a0be6a4ae635a884001927f0526
2026-08-20T11:33:37.578880,agent_score,9001,3,1,ALLOW,normal_browsing,,similarity=0.9872;action=VIEW_ACCOUNT,605ad760b7e7a0163578af771869f52dee8b9a0be6a4ae635a884001927f0526,63db404e96a64b5062f6fe2b7f251dfa93644ee7454749726f15320649291e41
2026-08-20T11:33:42.626845,agent_score,9001,3,1,ALLOW,normal_browsing,,similarity=0.9872;action=VIEW_ACCOUNT,63db404e96a64b5062f6fe2b7f251dfa93644ee7454749726f15320649291e41,aa56f923c9f77aa3bc0ad217e59f83add936f1ddba0dcfea7bb3e1598354b0ca
2026-08-20T11:33:47.689661,agent_score,9001,3,1,ALLOW,normal_browsing,,similarity=0.9872;action=VIEW_ACCOUNT,aa56f923c9f77aa3bc0ad217e59f83add936f1ddba0dcfea7bb3e1598354b0ca,80755402d9957ab5f037bd5da338a85b185971ebb4ff26d3d6f72a2903fb6503
2026-08-20T11:33:52.764511,agent_score,9001,3,1,ALLOW,normal_browsing,,similarity=0.9872;action=VIEW_ACCOUNT,80755402d9957ab5f037bd5da338a85b185971ebb4ff26d3d6f72a2903fb6503,df9a84fbe54beb3f85587c86d0666edc393a59c52cf7858b8ae48bb2d13075a8
2026-08-20T11:33:57.840808,agent_score,9001,3,1,ALLOW,normal_browsing,,similarity=0.9872;action=VIEW_ACCOUNT,df9a84fbe54beb3f85587c86d0666edc393a59c52cf7858b8ae48bb2d13075a8,751ef8448f6f91436dabc948311ba90f8932d317ef06b25560d5ca0386454b7f
2026-08-20T11:34:02.901468,agent_score,9001,3,1,ALLOW,normal_browsing,,similarity=0.9872;action=VIEW_ACCOUNT,751ef8448f6f91436dabc948311ba90f8932d317ef06b25560d5ca0386454b7f,8367f36858c0bf4fff4bd8eb46ece06d31f1e19e68058c7d2d026b784b44d2f5
2026-08-20T11:34:07.971257,agent_score,9001,3,1,ALLOW,normal_browsing,,similarity=0.9872;action=VIEW_ACCOUNT,8367f36858c0bf4fff4bd8eb46ece06d31f1e19e68058c7d2d026b784b44d2f5,997a92198af8808c460b21be414966ac945f23b5b42d35b7fc18e52a1c273e16
2026-08-20T11:34:13.025925,agent_score,9001,3,1,ALLOW,normal_browsing,,similarity=0.9872;action=VIEW_ACCOUNT,997a92198af8808c460b21be414966ac945f23b5b42d35b7fc18e52a1c273e16,270de0771df7d6c1bee8c0eb29acd1150e13ca6db0bfde816ea69090d6bcf9d3
2026-08-20T11:34:18.116357,agent_score,9001,3,1,ALLOW,normal_browsing,,similarity=0.9872;action=VIEW_ACCOUNT,270de0771df7d6c1bee8c0eb29acd1150e13ca6db0bfde816ea69090d6bcf9d3,fb8ab93955a222049227c23306f5c58c15992730c9b7a170d518da238463fe0a
2026-08-20T11:34:23.205018,agent_score,9001,3,1,ALLOW,normal_browsing,,similarity=0.9872;action=VIEW_ACCOUNT,fb8ab93955a222049227c23306f5c58c15992730c9b7a170d518da238463fe0a,039fdab2d292befe83f2e8c86798cb3edb1b4833efd9ed3caf0434d68a06b15d
2026-08-20T11:34:28.265732,agent_score,9001,3,1,ALLOW,normal_browsing,,similarity=0.9872;action=VIEW_ACCOUNT,039fdab2d292befe83f2e8c86798cb3edb1b4833efd9ed3caf0434d68a06b15d,959a8b200139585978331b9f9764c79b245564e418ac73551917babaa80e1a66
2026-08-20T11:34:33.328597,agent_score,9001,3,1,ALLOW,normal_browsing,,similarity=0.9872;action=VIEW_ACCOUNT,959a8b200139585978331b9f9764c79b245564e418ac73551917babaa80e1a66,20f4c7b8d523beb6dc65a1f478ef4068e8215935631fbb0f3be0b2ebcc490a6c
2026-08-20T11:34:38.377606,agent_score,9001,3,1,ALLOW,normal_browsing,,similarity=0.9872;action=VIEW_ACCOUNT,20f4c7b8d523beb6dc65a1f478ef4068e8215935631fbb0f3be0b2ebcc490a6c,9e47b1eb5deb79f19cc9a5b35dc2d0b9b43198a44e3375f26d2fcb13b07f0b22
2026-08-20T11:34:43.443493,agent_score,9001,3,1,ALLOW,normal_browsing,,similarity=0.9872;action=VIEW_ACCOUNT,9e47b1eb5deb79f19cc9a5b35dc2d0b9b43198a44e3375f26d2fcb13b07f0b22,9ecbf9b926d916a5d4e5ed4a9cfa44c039bd2db78ab4d26e5b131938e1a4551a
2026-08-20T11:34:48.483856,agent_score,9001,3,1,ALLOW,normal_browsing,,similarity=0.9872;action=VIEW_ACCOUNT,9ecbf9b926d916a5d4e5ed4a9cfa44c039bd2db78ab4d26e5b131938e1a4551a,54e6831586aca8f9f542a4fdd86c5ba07509fd551f8e8a0ca86acd5b1c624f8c
2026-08-20T11:34:53.526784,agent_score,9001,3,1,ALLOW,normal_browsing,,similarity=0.9872;action=VIEW_ACCOUNT,54e6831586aca8f9f542a4fdd86c5ba07509fd551f8e8a0ca86acd5b1c624f8c,4241456fd79057031575aa9d0388ef9492ec73ef1bb0cb672690b7c8da43912f
2026-08-20T11:34:58.599709,agent_score,9001,3,1,ALLOW,normal_browsing,,similarity=0.9872;action=VIEW_ACCOUNT,4241456fd79057031575aa9d0388ef9492ec73ef1bb0cb672690b7c8da43912f,aa69097c2816e38145ac088703033a8ee33a0e854caf020cd8f5a77680bc008a
2026-08-20T11:35:03.641867,agent_score,9001,3,1,ALLOW,normal_browsing,,similarity=0.9872;action=VIEW_ACCOUNT,aa69097c2816e38145ac088703033a8ee33a0e854caf020cd8f5a77680bc008a,be67d06f0615686df9f9cf63d2d91f1ba36607102aecb41009433e01396811bf
2026-08-20T11:35:08.700035,agent_score,9001,3,1,ALLOW,normal_browsing,,similarity=0.9872;action=VIEW_ACCOUNT,be67d06f0615686df9f9cf63d2d91f1ba36607102aecb41009433e01396811bf,2dbf1add1d02c5f571761604afc5eeb2e431aa8ab2c4f58c9adb0bc21187baf4
2026-08-20T11:35:13.769524,agent_score,9001,3,1,ALLOW,normal_browsing,,similarity=0.9872;action=VIEW_ACCOUNT,2dbf1add1d02c5f571761604afc5eeb2e431aa8ab2c4f58c9adb0bc21187baf4,1d761762bf0f0ca0f18a25189d26862128a2b017fa2d8da551f615cfa7654ecc
2026-08-20T11:35:18.822790,agent_score,9001,3,1,ALLOW,normal_browsing,,similarity=0.9872;action=VIEW_ACCOUNT,1d761762bf0f0ca0f18a25189d26862128a2b017fa2d8da551f615cfa7654ecc,5d0290939e67a3838c58639b353418e7d7c0121bdea581e0cb0f9d039967ac83
2026-08-20T11:35:23.898526,agent_score,9001,3,1,ALLOW,normal_browsing,,similarity=0.9872;action=VIEW_ACCOUNT,5d0290939e67a3838c58639b353418e7d7c0121bdea581e0cb0f9d039967ac83,aa1ea9cd2ee5faff5b5c17950fe04cc4cd845e4cfebcd65f14a5c10a04719a1a
2026-08-20T11:35:28.973799,agent_score,9001,3,1,ALLOW,normal_browsing,,similarity=0.9872;action=VIEW_ACCOUNT,aa1ea9cd2ee5faff5b5c17950fe04cc4cd845e4cfebcd65f14a5c10a04719a1a,530449d32cb745698f3155e2e47d17aefcb0f1986d60dc4e7ee174ac5d97d3d3
2026-08-20T11:35:34.043415,agent_score,9001,3,1,ALLOW,normal_browsing,,similarity=0.9872;action=VIEW_ACCOUNT,530449d32cb745698f3155e2e47d17aefcb0f1986d60dc4e7ee174ac5d97d3d3,403642c581f7e0e442617cdd19fad6de8d32ceb905a265efad9e72a5d2981467
2026-08-20T11:35:39.111029,agent_score,9001,3,1,ALLOW,normal_browsing,,similarity=0.9872;action=VIEW_ACCOUNT,403642c581f7e0e442617cdd19fad6de8d32ceb905a265efad9e72a5d2981467,7cef2f591d5b6c1ea7d37a894dd7f1ca7f28b0baec7597469a6e7e9d32ff4e3d
2026-08-20T11:35:44.195037,agent_score,9001,3,1,ALLOW,normal_browsing,,similarity=0.9872;action=VIEW_ACCOUNT,7cef2f591d5b6c1ea7d37a894dd7f1ca7f28b0baec7597469a6e7e9d32ff4e3d,5719d250432ec6bf7ef6116d19cfce7fee356bfde7e956982bf6102f75db605e
2026-08-20T11:35:49.270261,agent_score,9001,3,1,ALLOW,normal_browsing,,similarity=0.9872;action=VIEW_ACCOUNT,5719d250432ec6bf7ef6116d19cfce7fee356bfde7e956982bf6102f75db605e,d400269117725a8475ae4f898799b7aacd743cd3407595d1d172dbdb18fdce64
2026-08-20T11:35:54.339812,agent_score,9001,3,1,ALLOW,normal_browsing,,similarity=0.9872;action=VIEW_ACCOUNT,d400269117725a8475ae4f898799b7aacd743cd3407595d1d172dbdb18fdce64,42d1a7b6e7086be44854e90d11e9cc9c3e61ad130255a3ee8d09f3bf60fbf1c0
2026-08-20T11:35:59.387269,agent_score,9001,3,1,ALLOW,normal_browsing,,similarity=0.9872;action=VIEW_ACCOUNT,42d1a7b6e7086be44854e90d11e9cc9c3e61ad130255a3ee8d09f3bf60fbf1c0,42e13f388dca15c08d8cb6d24a25cf08572f22d120c17d164386ca7b2d6a3cc5
2026-08-20T11:36:04.456983,agent_score,9001,3,1,ALLOW,normal_browsing,,similarity=0.9872;action=VIEW_ACCOUNT,42e13f388dca15c08d8cb6d24a25cf08572f22d120c17d164386ca7b2d6a3cc5,fedfddb0d6b7ab61c542aef83acb4fe37adf16c0f1645a8241afd27c19b2e277
2026-08-20T11:36:09.506160,agent_score,9001,3,1,ALLOW,normal_browsing,,similarity=0.9872;action=VIEW_ACCOUNT,fedfddb0d6b7ab61c542aef83acb4fe37adf16c0f1645a8241afd27c19b2e277,5db1f5bffc34aa49a2b949cd93a59f5d9785d57190ead07c4fd24c3e0c52f6fe
2026-08-20T11:36:14.543514,agent_score,9001,3,1,ALLOW,normal_browsing,,similarity=0.9872;action=VIEW_ACCOUNT,5db1f5bffc34aa49a2b949cd93a59f5d9785d57190ead07c4fd24c3e0c52f6fe,74d307ba7e6c6e6129258e544e93cc84dbb74a8982a61d1872ebf8e431e50f12
2026-08-20T11:36:19.594011,agent_score,9001,3,1,ALLOW,normal_browsing,,similarity=0.9872;action=VIEW_ACCOUNT,74d307ba7e6c6e6129258e544e93cc84dbb74a8982a61d1872ebf8e431e50f12,9ef79724724319344b1d3c4bb975f325e0ba052fc2e4c2fdf3808de8199df059
2026-08-20T11:36:24.644834,agent_score,9001,3,1,ALLOW,normal_browsing,,similarity=0.9872;action=VIEW_ACCOUNT,9ef79724724319344b1d3c4bb975f325e0ba052fc2e4c2fdf3808de8199df059,b0d78e3f29ff71e6a37b49257d483041e0014b23c46505ac8877eaac10c0ed1b
2026-08-20T11:36:29.718244,agent_score,9001,3,1,ALLOW,normal_browsing,,similarity=0.9872;action=VIEW_ACCOUNT,b0d78e3f29ff71e6a37b49257d483041e0014b23c46505ac8877eaac10c0ed1b,80915cd05283e6bb5e712f993fc6513854a6b1ffd5b7233658c8830e5b516575
2026-08-20T11:36:34.786334,agent_score,9001,3,1,ALLOW,normal_browsing,,similarity=0.9872;action=VIEW_ACCOUNT,80915cd05283e6bb5e712f993fc6513854a6b1ffd5b7233658c8830e5b516575,c31bd9ee8e740986d5f19c56ab7d2a4b0c0b17c1ef90a7e05ef561c72542e5f5
2026-08-20T11:36:39.845968,agent_score,9001,3,1,ALLOW,normal_browsing,,similarity=0.9872;action=VIEW_ACCOUNT,c31bd9ee8e740986d5f19c56ab7d2a4b0c0b17c1ef90a7e05ef561c72542e5f5,0f2f255cc425c45f077dbec54a0ec5077cc933431f32c645024bd5e23a9ecada
2026-08-20T11:36:44.929205,agent_score,9001,3,1,ALLOW,normal_browsing,,similarity=0.9872;action=VIEW_ACCOUNT,0f2f255cc425c45f077dbec54a0ec5077cc933431f32c645024bd5e23a9ecada,372b3d82c1b9bef4cc4ac2dbc5c22c32fdf5988defb940979eb231649f986a70
2026-08-20T11:36:49.970970,agent_score,9001,3,1,ALLOW,normal_browsing,,similarity=0.9872;action=VIEW_ACCOUNT,372b3d82c1b9bef4cc4ac2dbc5c22c32fdf5988defb940979eb231649f986a70,aae0fa97800b5384d7ff345bfdd7dfe33ae87ab04b191de9cf3ab6132902a69a
2026-08-20T11:36:55.030480,agent_score,9001,3,1,ALLOW,normal_browsing,,similarity=0.9872;action=VIEW_ACCOUNT,aae0fa97800b5384d7ff345bfdd7dfe33ae87ab04b191de9cf3ab6132902a69a,eee035592dff897de7d97053b9716ff3fb2ee6577a8fad2936603e90edd808cd
2026-08-20T11:37:00.102477,agent_score,9001,3,1,ALLOW,normal_browsing,,similarity=0.9872;action=VIEW_ACCOUNT,eee035592dff897de7d97053b9716ff3fb2ee6577a8fad2936603e90edd808cd,fca5f76560a6a2c5503e7fbc42dc5dd602be6e7fe52eab77e171680f43eb6a5a
2026-08-20T11:37:05.162814,agent_score,9001,3,1,ALLOW,normal_browsing,,similarity=0.9872;action=VIEW_ACCOUNT,fca5f76560a6a2c5503e7fbc42dc5dd602be6e7fe52eab77e171680f43eb6a5a,24bea1a2d976a741084faa5705848ec96ae98015495adc6e59f56c5f78413e43
2026-08-20T11:37:10.226942,agent_score,9001,3,1,ALLOW,normal_browsing,,similarity=0.9872;action=VIEW_ACCOUNT,24bea1a2d976a741084faa5705848ec96ae98015495adc6e59f56c5f78413e43,0193c25b338f340c2fe04331cc97ba2eb30199f54ef49afd3f2b092d1e2e9350
2026-08-20T11:37:15.281155,agent_score,9001,3,10,ALLOW,financial,,similarity=0.9872;action=FINANCIAL_TRANSACTION,0193c25b338f340c2fe04331cc97ba2eb30199f54ef49afd3f2b092d1e2e9350,bcb2ab8ded3faa810ae1762f43623f4e61e36fa7f4eaaf9f9c85383650a07fb5
2026-08-20T11:37:20.364955,agent_score,9001,3,1,ALLOW,normal_browsing,,similarity=0.9872;action=VIEW_ACCOUNT,bcb2ab8ded3faa810ae1762f43623f4e61e36fa7f4eaaf9f9c85383650a07fb5,f4b451c788102415bd128a5607fbf588d9f2577ee905b877932201d5fb3f617d
2026-08-20T11:37:25.433235,agent_score,9001,3,1,ALLOW,normal_browsing,,similarity=0.9872;action=VIEW_ACCOUNT,f4b451c788102415bd128a5607fbf588d9f2577ee905b877932201d5fb3f617d,6da1ef324247657120fb826ee4b9b04a658f0e3a5bcb851821b67bd2433eb6e5
2026-08-20T11:37:30.501374,agent_score,9001,3,1,ALLOW,normal_browsing,,similarity=0.9872;action=VIEW_ACCOUNT,6da1ef324247657120fb826ee4b9b04a658f0e3a5bcb851821b67bd2433eb6e5,70d46902968bdd57101c6cc3e7e04b9c51bcc850ba9ec6aec20b97fbfcacbe43
2026-08-20T11:37:35.554314,agent_score,9001,3,1,ALLOW,normal_browsing,,similarity=0.9872;action=VIEW_ACCOUNT,70d46902968bdd57101c6cc3e7e04b9c51bcc850ba9ec6aec20b97fbfcacbe43,c2c5277049d8716e069eddc9c0367ff1663202dc0e341fa4797649b686a36937
2026-08-20T11:37:40.611755,agent_score,9001,3,1,ALLOW,normal_browsing,,similarity=0.9872;action=VIEW_ACCOUNT,c2c5277049d8716e069eddc9c0367ff1663202dc0e341fa4797649b686a36937,ef2dd2534db329f48e301e06565120fc3239ca5b1b501f73128cd4d5e0c13f95
2026-08-20T11:37:45.661570,agent_score,9001,3,1,ALLOW,normal_browsing,,similarity=0.9872;action=VIEW_ACCOUNT,ef2dd2534db329f48e301e06565120fc3239ca5b1b501f73128cd4d5e0c13f95,c1fc85c83259a7c43a35ff8d1c3ecff6fd11265628cd0a370e9049b11e0664a9
2026-08-20T11:37:50.712215,agent_score,9001,3,1,ALLOW,normal_browsing,,similarity=0.9872;action=VIEW_ACCOUNT,c1fc85c83259a7c43a35ff8d1c3ecff6fd11265628cd0a370e9049b11e0664a9,a6730042ff4240da07202e84bc88da12dab3d0538bdcae39c0580b10120f9f5b
2026-08-20T11:37:55.782351,agent_score,9001,3,1,ALLOW,normal_browsing,,similarity=0.9988;action=VIEW_ACCOUNT,a6730042ff4240da07202e84bc88da12dab3d0538bdcae39c0580b10120f9f5b,9c2b664f9cdfa0ae048380a9a7b750f7959a1155f208cb6432969d2d46fbd896
2026-08-20T11:38:00.844760,agent_score,9001,3,6,ALLOW,normal_browsing,,similarity=0.8853;action=VIEW_ACCOUNT,9c2b664f9cdfa0ae048380a9a7b750f7959a1155f208cb6432969d2d46fbd896,4201ee0ecce95942a77d1734a31ec445e1e23b8d59b1e0d29cfffd57ae731c4c
2026-08-20T11:38:05.890650,agent_score,9001,3,7,ALLOW,normal_browsing,,similarity=0.8782;action=VIEW_ACCOUNT,4201ee0ecce95942a77d1734a31ec445e1e23b8d59b1e0d29cfffd57ae731c4c,049607c11c16d3a02ab989f80ff77e2eb3a9aad73c86ed2d4f32d6fbe418e809
2026-08-20T11:38:10.928491,agent_score,9001,3,3,ALLOW,normal_browsing,,similarity=0.9416;action=VIEW_ACCOUNT,049607c11c16d3a02ab989f80ff77e2eb3a9aad73c86ed2d4f32d6fbe418e809,801c6c6773206388b376665add65a9d6a8d424b907f7f6abee954b126abf11ab
2026-08-20T11:38:15.988640,agent_score,9001,3,3,ALLOW,normal_browsing,,similarity=0.9416;action=VIEW_ACCOUNT,801c6c6773206388b376665add65a9d6a8d424b907f7f6abee954b126abf11ab,f4a763180839aeb0e4b3411a4591a8736aac294ca23146a008e7b5babf6df4b9
2026-08-20T11:38:21.025482,agent_score,9001,3,3,ALLOW,normal_browsing,,similarity=0.9416;action=VIEW_ACCOUNT,f4a763180839aeb0e4b3411a4591a8736aac294ca23146a008e7b5babf6df4b9,c99abe07bf4cd358a2bc17cc259102b20eecab074ff1105435a3eeb84d2f8f5f
2026-08-20T11:38:26.062839,agent_score,9001,3,3,ALLOW,normal_browsing,,similarity=0.9416;action=VIEW_ACCOUNT,c99abe07bf4cd358a2bc17cc259102b20eecab074ff1105435a3eeb84d2f8f5f,aef28ec1cb580342d101c1911f114d0ee784847ef7421861f9efbac795f42211
2026-08-20T11:38:31.102569,agent_score,9001,3,3,ALLOW,normal_browsing,,similarity=0.9416;action=VIEW_ACCOUNT,aef28ec1cb580342d101c1911f114d0ee784847ef7421861f9efbac795f42211,114083b0534a390f9883462f1285a5efce0b7a9da028cebf5c91000739d61427
2026-08-20T11:38:36.141305,agent_score,9001,3,3,ALLOW,normal_browsing,,similarity=0.9416;action=VIEW_ACCOUNT,114083b0534a390f9883462f1285a5efce0b7a9da028cebf5c91000739d61427,97809252e4e2b2a819700f30b05ee91b2ce06068c2b9bf665a1c6a24befd8d12
2026-08-20T11:38:41.219909,agent_score,9001,3,3,ALLOW,normal_browsing,,similarity=0.9416;action=VIEW_ACCOUNT,97809252e4e2b2a819700f30b05ee91b2ce06068c2b9bf665a1c6a24befd8d12,9266f727ba450aec81d58e6286f476214987ede12863203223ceaf8c7d1ee9ae
2026-08-20T11:38:46.256628,agent_score,9001,3,3,ALLOW,normal_browsing,,similarity=0.9416;action=VIEW_ACCOUNT,9266f727ba450aec81d58e6286f476214987ede12863203223ceaf8c7d1ee9ae,ee0c11d66ab1d5e81da3ff45b5c415be3d2af5775ff42451779221b366e836d0
2026-08-20T11:38:51.299365,agent_score,9001,3,3,ALLOW,normal_browsing,,similarity=0.9416;action=VIEW_ACCOUNT,ee0c11d66ab1d5e81da3ff45b5c415be3d2af5775ff42451779221b366e836d0,c65fcab6688b9aaa0ab159f45382f06dc70ee813e4e4d6367e63cf4cd5b6f05c
2026-08-20T11:38:56.337832,agent_score,9001,3,3,ALLOW,normal_browsing,,similarity=0.9416;action=VIEW_ACCOUNT,c65fcab6688b9aaa0ab159f45382f06dc70ee813e4e4d6367e63cf4cd5b6f05c,840842b66e79f9f9d816b4a55b9fd1d95439a3987a36921aee5855b606824483
2026-08-20T11:39:01.375922,agent_score,9001,3,3,ALLOW,normal_browsing,,similarity=0.9416;action=VIEW_ACCOUNT,840842b66e79f9f9d816b4a55b9fd1d95439a3987a36921aee5855b606824483,24ff5c00a133550e39c84f0f93885c206272d7b1e6010cd295603c327295ac24
2026-08-20T11:39:06.416785,agent_score,9001,3,3,ALLOW,normal_browsing,,similarity=0.9416;action=VIEW_ACCOUNT,24ff5c00a133550e39c84f0f93885c206272d7b1e6010cd295603c327295ac24,33b47d44fa28b7941a256bafed1dfdfa6c086f887132fb7a7b904da460b23c59
2026-08-20T11:39:11.487423,agent_score,9001,3,3,ALLOW,normal_browsing,,similarity=0.9416;action=VIEW_ACCOUNT,33b47d44fa28b7941a256bafed1dfdfa6c086f887132fb7a7b904da460b23c59,136c079e2f449468ad29711c869434d0c58f62e37276037742723c04327cf458
2026-08-20T11:39:16.536825,agent_score,9001,3,3,ALLOW,normal_browsing,,similarity=0.9416;action=VIEW_ACCOUNT,136c079e2f449468ad29711c869434d0c58f62e37276037742723c04327cf458,e4f72813ed06d382af9a4779f490fe4d8a24213f1f139b46d58e3c768f51be21
2026-08-20T11:39:21.590733,agent_score,9001,3,3,ALLOW,normal_browsing,,similarity=0.9416;action=VIEW_ACCOUNT,e4f72813ed06d382af9a4779f490fe4d8a24213f1f139b46d58e3c768f51be21,09ff56decb14c4937b0ebff9fabf2ef0b08cd96060d5244b318977d5a8053b2b
2026-08-20T11:39:26.629462,agent_score,9001,3,3,ALLOW,normal_browsing,,similarity=0.9416;action=VIEW_ACCOUNT,09ff56decb14c4937b0ebff9fabf2ef0b08cd96060d5244b318977d5a8053b2b,717881c4a67179390217be343ba575f494666dbb5b86f1daafe1e9c127fa34f1
2026-08-20T11:39:31.712318,agent_score,9001,3,3,ALLOW,normal_browsing,,similarity=0.9416;action=VIEW_ACCOUNT,717881c4a67179390217be343ba575f494666dbb5b86f1daafe1e9c127fa34f1,f4c967f9152058f5b9fb6a96a608a27ff381f9caf86756fdbbc075137593a34d
2026-08-20T11:39:36.749959,agent_score,9001,3,3,ALLOW,normal_browsing,,similarity=0.9416;action=VIEW_ACCOUNT,f4c967f9152058f5b9fb6a96a608a27ff381f9caf86756fdbbc075137593a34d,e00885e81909730993d57d33c323ef7aeef62c6426df15993ea5a74c95370c3b
2026-08-20T11:39:41.811149,agent_score,9001,3,3,ALLOW,normal_browsing,,similarity=0.9416;action=VIEW_ACCOUNT,e00885e81909730993d57d33c323ef7aeef62c6426df15993ea5a74c95370c3b,ec57aa92812a60461187e7d38dd6266ca4da2e442a07ee9e4807f4f128e0ea8d
2026-08-20T11:39:46.874049,agent_score,9001,3,3,ALLOW,normal_browsing,,similarity=0.9416;action=VIEW_ACCOUNT,ec57aa92812a60461187e7d38dd6266ca4da2e442a07ee9e4807f4f128e0ea8d,6fd0bd4840800d0d86960a9cb43f9e56fefb052a63f766b51556e525301b127a
2026-08-20T11:39:51.909550,agent_score,9001,3,3,ALLOW,normal_browsing,,similarity=0.9416;action=VIEW_ACCOUNT,6fd0bd4840800d0d86960a9cb43f9e56fefb052a63f766b51556e525301b127a,b9b12f6dffe57025adb45c758b006adeb62282a2c818dbb54e9f9a9535f84cd6
2026-08-20T11:39:56.973905,agent_score,9001,3,3,ALLOW,normal_browsing,,similarity=0.9416;action=VIEW_ACCOUNT,b9b12f6dffe57025adb45c758b006adeb62282a2c818dbb54e9f9a9535f84cd6,2ecb00b193c41e91c9afbaa83dd059fc273d9d904101859e104e7af72d0874b1
2026-08-20T11:40:02.012892,agent_score,9001,3,3,ALLOW,normal_browsing,,similarity=0.9416;action=VIEW_ACCOUNT,2ecb00b193c41e91c9afbaa83dd059fc273d9d904101859e104e7af72d0874b1,fda43330bff6126dbc597db0c8ed326bd186c3f464e6bd2f7220845b4b92dfc0
2026-08-20T11:40:07.059609,agent_score,9001,3,3,ALLOW,normal_browsing,,similarity=0.9416;action=VIEW_ACCOUNT,fda43330bff6126dbc597db0c8ed326bd186c3f464e6bd2f7220845b4b92dfc0,2a0b825096317289214facf42f3c4fe605eb60ce586a5be85da3befca85eed8d
2026-08-20T11:40:12.114494,agent_score,9001,3,3,ALLOW,normal_browsing,,similarity=0.9416;action=VIEW_ACCOUNT,2a0b825096317289214facf42f3c4fe605eb60ce586a5be85da3befca85eed8d,7ab76b2764fe9915018bf6aa54afc3da2195537bd4f7149950af48e2248abb6b
2026-08-20T11:40:17.167258,agent_score,9001,3,3,ALLOW,normal_browsing,,similarity=0.9416;action=VIEW_ACCOUNT,7ab76b2764fe9915018bf6aa54afc3da2195537bd4f7149950af48e2248abb6b,f7f1e7219c394cb40332d74a5788a8de3f1c3a2fb183fc3e4dca143b274b43a4
2026-08-20T11:40:22.222004,agent_score,9001,3,3,ALLOW,normal_browsing,,similarity=0.9416;action=VIEW_ACCOUNT,f7f1e7219c394cb40332d74a5788a8de3f1c3a2fb183fc3e4dca143b274b43a4,de80170977da26f3b7649b81455828aaab0cf7ee9eea8a47fabadcb56a4a49ad
2026-08-20T11:40:27.279819,agent_score,9001,3,3,ALLOW,normal_browsing,,similarity=0.9416;action=VIEW_ACCOUNT,de80170977da26f3b7649b81455828aaab0cf7ee9eea8a47fabadcb56a4a49ad,073965acca75f35e913e72d5a600986874d7f34c76f68679c5fd02f0751cc682
2026-08-20T11:40:32.314898,agent_score,9001,3,3,ALLOW,normal_browsing,,similarity=0.9416;action=VIEW_ACCOUNT,073965acca75f35e913e72d5a600986874d7f34c76f68679c5fd02f0751cc682,edfd06198fe94e0aafb3dcb767f029e3c16c9dc28b9d80e7b3b87e8eb403a919
2026-08-20T11:40:37.343567,agent_score,9001,3,3,ALLOW,normal_browsing,,similarity=0.9416;action=VIEW_ACCOUNT,edfd06198fe94e0aafb3dcb767f029e3c16c9dc28b9d80e7b3b87e8eb403a919,222f6f126dd823c8c8e82cb8ecca9962e8ce35726033f16f7f6eb98a61ab7b4f
2026-08-20T11:40:42.405500,agent_score,9001,3,3,ALLOW,normal_browsing,,similarity=0.9416;action=VIEW_ACCOUNT,222f6f126dd823c8c8e82cb8ecca9962e8ce35726033f16f7f6eb98a61ab7b4f,45e4c8aa3e98b19884270e2f37c8a0f76595d9d2e0087a4561573650e3de305b
2026-08-20T11:40:47.461244,agent_score,9001,3,3,ALLOW,normal_browsing,,similarity=0.9416;action=VIEW_ACCOUNT,45e4c8aa3e98b19884270e2f37c8a0f76595d9d2e0087a4561573650e3de305b,a58eedd29cdb2fa99b323895d6e34225e8ea0a39d5dd9cad2b4ed55b1ba46064
2026-08-20T11:40:52.505560,agent_score,9001,3,3,ALLOW,normal_browsing,,similarity=0.9416;action=VIEW_ACCOUNT,a58eedd29cdb2fa99b323895d6e34225e8ea0a39d5dd9cad2b4ed55b1ba46064,c97d5f6d0f6a08706b70615cbe64ec7880fb9e4d7ad43c23f27994ebb261be2e
2026-08-20T11:40:57.540853,agent_score,9001,3,3,ALLOW,normal_browsing,,similarity=0.9416;action=VIEW_ACCOUNT,c97d5f6d0f6a08706b70615cbe64ec7880fb9e4d7ad43c23f27994ebb261be2e,0bf6fa8bc7e86c711b170352871e359b6ad27da5859faa73d70784b017905245
2026-08-20T11:41:02.597576,agent_score,9001,3,3,ALLOW,normal_browsing,,similarity=0.9416;action=VIEW_ACCOUNT,0bf6fa8bc7e86c711b170352871e359b6ad27da5859faa73d70784b017905245,597c2713a1a02b43b63c9807f265ff037cf98f59f45bd34eef8b69a5974e08de
2026-08-20T11:41:07.687002,agent_score,9001,3,3,ALLOW,normal_browsing,,similarity=0.9416;action=VIEW_ACCOUNT,597c2713a1a02b43b63c9807f265ff037cf98f59f45bd34eef8b69a5974e08de,69d48183b520becbd7760141c0e3c483c8142e2700a42aa5b650d2d5ec02095c
2026-08-20T11:41:12.732258,agent_score,9001,3,3,ALLOW,normal_browsing,,similarity=0.9416;action=VIEW_ACCOUNT,69d48183b520becbd7760141c0e3c483c8142e2700a42aa5b650d2d5ec02095c,977b6a927f0786fbececbdd46559f0c78d808c8fb41c9a98fe1f87568f227ad9
2026-08-20T11:41:17.789099,agent_score,9001,3,3,ALLOW,normal_browsing,,similarity=0.9416;action=VIEW_ACCOUNT,977b6a927f0786fbececbdd46559f0c78d808c8fb41c9a98fe1f87568f227ad9,909a48a165a2c5d56b17f00269b6e6186c6298c5985c5492a2dbfdfe236838eb
2026-08-20T11:41:22.875135,agent_score,9001,3,3,ALLOW,normal_browsing,,similarity=0.9416;action=VIEW_ACCOUNT,909a48a165a2c5d56b17f00269b6e6186c6298c5985c5492a2dbfdfe236838eb,fc648cbd7635c63befba42416a5f4e318c56b6609b513e6b4371f4bfa4a95242
2026-08-20T11:41:27.917139,agent_score,9001,3,3,ALLOW,normal_browsing,,similarity=0.9416;action=VIEW_ACCOUNT,fc648cbd7635c63befba42416a5f4e318c56b6609b513e6b4371f4bfa4a95242,44985869bca442632201b46e2e38b40576732e8e050923169c3950c6606f1848
2026-08-20T11:41:32.969243,agent_score,9001,3,3,ALLOW,normal_browsing,,similarity=0.9416;action=VIEW_ACCOUNT,44985869bca442632201b46e2e38b40576732e8e050923169c3950c6606f1848,8cd78ebb47b3d1ea0865b81f64f8be65b802c7570b23ab42609f02c47f2529d4
2026-08-20T11:41:38.023452,agent_score,9001,3,3,ALLOW,normal_browsing,,similarity=0.9416;action=VIEW_ACCOUNT,8cd78ebb47b3d1ea0865b81f64f8be65b802c7570b23ab42609f02c47f2529d4,b70712e588d513ef1ffcd0c3afb9b9b4f4007d6384e19da12ccdd0098a8e038c
2026-08-20T11:41:43.072986,agent_score,9001,3,3,ALLOW,normal_browsing,,similarity=0.9416;action=VIEW_ACCOUNT,b70712e588d513ef1ffcd0c3afb9b9b4f4007d6384e19da12ccdd0098a8e038c,bf0e5d09dd0336bdb89a110d1f55bf744e64ef088cc83d56d3b2e8ec56a85d84
2026-08-20T11:41:48.111175,agent_score,9001,3,3,ALLOW,normal_browsing,,similarity=0.9416;action=VIEW_ACCOUNT,bf0e5d09dd0336bdb89a110d1f55bf744e64ef088cc83d56d3b2e8ec56a85d84,d5ac8ce518ed641016e72cc46dc13e8b3ac1a1d8aeb1579296f6466bcd8073b4
2026-08-20T11:41:53.149995,agent_score,9001,3,3,ALLOW,normal_browsing,,similarity=0.9416;action=VIEW_ACCOUNT,d5ac8ce518ed641016e72cc46dc13e8b3ac1a1d8aeb1579296f6466bcd8073b4,44e72f62d40e04d6658f3ffbd186012d1a567e9c874fe1a2daeaa55872ce51dc
2026-08-20T11:41:58.223521,agent_score,9001,3,3,ALLOW,normal_browsing,,similarity=0.9416;action=VIEW_ACCOUNT,44e72f62d40e04d6658f3ffbd186012d1a567e9c874fe1a2daeaa55872ce51dc,7f6d9731ca36205aea26056145f5f84f41de92d455e0f4858671620cc78c211f
2026-08-20T11:42:03.287378,agent_score,9001,3,3,ALLOW,normal_browsing,,similarity=0.9416;action=VIEW_ACCOUNT,7f6d9731ca36205aea26056145f5f84f41de92d455e0f4858671620cc78c211f,53558af92e5209186a9270f146d8f007493062386134b2d12b5ce78c0e0e2c15
2026-08-20T11:42:08.338401,agent_score,9001,3,3,ALLOW,normal_browsing,,similarity=0.9416;action=VIEW_ACCOUNT,53558af92e5209186a9270f146d8f007493062386134b2d12b5ce78c0e0e2c15,205e98f4472a2151568a306c052cf126db7d3fdb10322e7a998df4b7ce106b2d
2026-08-20T11:42:13.393870,agent_score,9001,3,3,ALLOW,normal_browsing,,similarity=0.9416;action=VIEW_ACCOUNT,205e98f4472a2151568a306c052cf126db7d3fdb10322e7a998df4b7ce106b2d,50f87f4e68145fd307bdb0053000ac20e0fd4c139be358f883845a70f3f56e32
2026-08-22T03:27:42.202789,agent_score,9001,3,1,ALLOW,normal_browsing,,similarity=0.9956;action=VIEW_ACCOUNT,0000000000000000000000000000000000000000000000000000000000000000,31dbc23d10cd8aef4e8add8a3cf49233b82455e68002490049d783eb132fcbb6
2026-08-22T03:27:47.262861,agent_score,9001,3,1,ALLOW,normal_browsing,,similarity=0.9987;action=VIEW_ACCOUNT,31dbc23d10cd8aef4e8add8a3cf49233b82455e68002490049d783eb132fcbb6,c71e7a46b6aae094a3deda64bc40946352561558fa0c42d9cbf4f8a4733a0e19
2026-08-22T03:27:52.313069,agent_score,9001,3,1,ALLOW,normal_browsing,,similarity=0.9987;action=VIEW_ACCOUNT,c71e7a46b6aae094a3deda64bc40946352561558fa0c42d9cbf4f8a4733a0e19,9e70fca554c0d7f3a18d6592287f2c188866ec20afadb5871222dfd8dbf28536
2026-08-22T03:27:57.385627,agent_score,9001,3,1,ALLOW,normal_browsing,,similarity=0.9980;action=VIEW_ACCOUNT,9e70fca554c0d7f3a18d6592287f2c188866ec20afadb5871222dfd8dbf28536,683775f7e7dd75c5d8d96a565593cdfd29f9e3bfeb6a785e8e932c350648147e
2026-08-22T03:28:02.457224,agent_score,9001,3,1,ALLOW,normal_browsing,,similarity=0.9993;action=VIEW_ACCOUNT,683775f7e7dd75c5d8d96a565593cdfd29f9e3bfeb6a785e8e932c350648147e,abbbfb923e8d6aef56f0828ad0ae7ce5b0e57d3f9894e6cc68992bfdf3a17441
2026-08-22T03:28:07.528597,agent_score,9001,3,1,ALLOW,normal_browsing,,similarity=0.9911;action=VIEW_ACCOUNT,abbbfb923e8d6aef56f0828ad0ae7ce5b0e57d3f9894e6cc68992bfdf3a17441,b4f506968325a5a9e1af34dc3f144fc1c6fbdbcb726876ac287f2d226f692e80
2026-08-22T03:28:12.595046,agent_score,9001,3,1,ALLOW,normal_browsing,,similarity=0.9875;action=VIEW_ACCOUNT,b4f506968325a5a9e1af34dc3f144fc1c6fbdbcb726876ac287f2d226f692e80,59b7b11e63253d060c1c4e18b13ff4c9bdbd1a8ce446be4bfdfe6f2f2c03d962
2026-08-22T03:28:17.660636,agent_score,9001,3,1,ALLOW,normal_browsing,,similarity=0.9979;action=VIEW_ACCOUNT,59b7b11e63253d060c1c4e18b13ff4c9bdbd1a8ce446be4bfdfe6f2f2c03d962,e93ae2b8ceeb79ba4f06bade9649d720ebe1ac9539920104c26501f4368dd3ad
2026-08-22T03:28:22.737785,agent_score,9001,3,2,ALLOW,normal_browsing,,similarity=0.9794;action=VIEW_ACCOUNT,e93ae2b8ceeb79ba4f06bade9649d720ebe1ac9539920104c26501f4368dd3ad,fce72ddf7572ba694dfdca7ac277f3e91da907d309d9db1e1700e62e3bee1d1b
2026-08-22T03:28:27.796473,agent_score,9001,3,6,ALLOW,normal_browsing,,similarity=0.8954;action=VIEW_ACCOUNT,fce72ddf7572ba694dfdca7ac277f3e91da907d309d9db1e1700e62e3bee1d1b,700aba44dbf8fd1642480953374c792823ed353552ec061cad1bfd99fc717b60
2026-08-22T03:28:32.863370,agent_score,9001,3,10,MONITOR,normal_browsing,,similarity=0.8157;action=VIEW_ACCOUNT,700aba44dbf8fd1642480953374c792823ed353552ec061cad1bfd99fc717b60,5a30f81c111f47f636e740d667db3b57e0512df79aba054f0319fd267ce9a117
2026-08-22T03:28:37.921678,agent_score,9001,3,12,MONITOR,normal_browsing,,similarity=0.7701;action=VIEW_ACCOUNT,5a30f81c111f47f636e740d667db3b57e0512df79aba054f0319fd267ce9a117,f00da132960bce59b2872205f2fd9ea48f403a44202f44269b46ef302b693161
2026-08-22T03:28:42.983749,agent_score,9001,3,6,ALLOW,normal_browsing,,similarity=0.8809;action=VIEW_ACCOUNT,f00da132960bce59b2872205f2fd9ea48f403a44202f44269b46ef302b693161,14a390f86e2602292ba711fe45a409d02095dd5798e6bcc10dc50bd643523f31
2026-08-22T03:28:48.049774,agent_score,9001,3,2,ALLOW,normal_browsing,,similarity=0.9684;action=VIEW_ACCOUNT,14a390f86e2602292ba711fe45a409d02095dd5798e6bcc10dc50bd643523f31,e5f7a56601ce26868d81ab0ad1747f614bf08de40ff48380ae4c113cc643ef2d
2026-08-22T03:28:53.117436,agent_score,9001,3,1,ALLOW,normal_browsing,,similarity=0.9941;action=VIEW_ACCOUNT,e5f7a56601ce26868d81ab0ad1747f614bf08de40ff48380ae4c113cc643ef2d,f894ccb300e0c274775c15d146de5f879dcf64ae33df9f79795068ab2212beec
2026-08-22T03:28:58.184721,agent_score,9001,3,1,ALLOW,normal_browsing,,similarity=0.9976;action=VIEW_ACCOUNT,f894ccb300e0c274775c15d146de5f879dcf64ae33df9f79795068ab2212beec,6c9b8c6e95021c737650ec08a986e7be39dade3af8a6f0ace2a6fe593ba48546
2026-08-22T03:29:03.253538,agent_score,9001,3,1,ALLOW,normal_browsing,,similarity=0.9976;action=VIEW_ACCOUNT,6c9b8c6e95021c737650ec08a986e7be39dade3af8a6f0ace2a6fe593ba48546,8b9fb59d65d0ec32721849a3c851a7b9f42d4195dfafe0694fc2492b9f022323
2026-08-22T03:29:08.308384,agent_score,9001,3,1,ALLOW,normal_browsing,,similarity=0.9877;action=VIEW_ACCOUNT,8b9fb59d65d0ec32721849a3c851a7b9f42d4195dfafe0694fc2492b9f022323,a4de6b4fd21d86d8f5f4ccdb47666810be9939fd3fe6b8e434b2a3050e49ca1e
2026-08-22T03:29:13.362331,agent_score,9001,3,1,ALLOW,normal_browsing,,similarity=0.9885;action=VIEW_ACCOUNT,a4de6b4fd21d86d8f5f4ccdb47666810be9939fd3fe6b8e434b2a3050e49ca1e,83c3d6bcd585b6a4e9d3e06f3be60456d649bed592102594ddee9b28424b5a3e
2026-08-22T03:29:18.434677,agent_score,9001,3,10,MONITOR,normal_browsing,,similarity=0.8167;action=VIEW_ACCOUNT,83c3d6bcd585b6a4e9d3e06f3be60456d649bed592102594ddee9b28424b5a3e,f4768a3fb9b1cccf48fc3501a25626815cc80ca6c524e3827286ab1b55c20f25
2026-08-22T03:29:23.507284,agent_score,9001,3,20,MONITOR,normal_browsing,,similarity=0.6074;action=VIEW_ACCOUNT,f4768a3fb9b1cccf48fc3501a25626815cc80ca6c524e3827286ab1b55c20f25,9d6ac79211f42c075efa3b2e4e4325b00ec6cd6eaf9496da35f30b2745fe385f
2026-08-22T03:29:28.591874,agent_score,9001,3,23,REAUTHENTICATE,normal_browsing,,similarity=0.5536;action=VIEW_ACCOUNT,9d6ac79211f42c075efa3b2e4e4325b00ec6cd6eaf9496da35f30b2745fe385f,2033eddb3cf2414b85dba4d29bbc80a99487d2d66f0261cb22fdfe460e619ad2
2026-08-22T03:29:31.964655,liveness,9001,3,,passed,,,Liveness confirmed — 1 blink(s) (no face reference enrolled — identity not verified),2033eddb3cf2414b85dba4d29bbc80a99487d2d66f0261cb22fdfe460e619ad2,c53bb972476bb9718432027b3be574a22c41904b1b17e53a41991beaf8e28018
2026-08-22T03:29:33.653771,agent_score,9001,3,23,MONITOR,normal_browsing,,similarity=0.5536;action=VIEW_ACCOUNT,c53bb972476bb9718432027b3be574a22c41904b1b17e53a41991beaf8e28018,148b87a11b5b4e0b718082242092d359ca2a6feb0e82e3482721232511b31010
2026-08-22T03:29:38.731762,agent_score,9001,3,23,REAUTHENTICATE,normal_browsing,,similarity=0.5536;action=VIEW_ACCOUNT,148b87a11b5b4e0b718082242092d359ca2a6feb0e82e3482721232511b31010,e93555af0ed1fbe76de1b167870b16059c23d4c53211e24822d4535ae7133b48
2026-08-22T03:29:43.795948,agent_score,9001,3,23,REAUTHENTICATE,normal_browsing,,similarity=0.5536;action=VIEW_ACCOUNT,e93555af0ed1fbe76de1b167870b16059c23d4c53211e24822d4535ae7133b48,9fe486318dab41a5fb4a5bfde1bbe09b8fc208391e9cec8afa5fe65f2ed01512
2026-08-22T03:29:44.379025,liveness,9001,3,,passed,,,Liveness confirmed — 1 blink(s) (no face reference enrolled — identity not verified),9fe486318dab41a5fb4a5bfde1bbe09b8fc208391e9cec8afa5fe65f2ed01512,7217ecaf89fc002657701249a6b7d3c096c23a79f52af4d56576227ea25c2dc4
2026-08-22T03:29:48.844918,agent_score,9001,3,23,MONITOR,normal_browsing,,similarity=0.5536;action=VIEW_ACCOUNT,7217ecaf89fc002657701249a6b7d3c096c23a79f52af4d56576227ea25c2dc4,aa011724e3307a2769f1431a738f007c825151d29f0bef5422ebe050666f92f4
2026-08-22T03:29:53.907644,agent_score,9001,3,23,REAUTHENTICATE,normal_browsing,,similarity=0.5536;action=VIEW_ACCOUNT,aa011724e3307a2769f1431a738f007c825151d29f0bef5422ebe050666f92f4,4b24c2126b90a26178b372508b871a521e6d60845416162f08e64b1ec4e843b3
2026-08-22T03:29:56.882495,liveness,9001,3,,passed,,,Liveness confirmed — 1 blink(s) (no face reference enrolled — identity not verified),4b24c2126b90a26178b372508b871a521e6d60845416162f08e64b1ec4e843b3,61fb4fcc6665e7945deb154af57f032d322a131679b5b6d09884b42b3468fdcf
2026-08-22T03:29:58.955505,agent_score,9001,3,23,MONITOR,normal_browsing,,similarity=0.5536;action=VIEW_ACCOUNT,61fb4fcc6665e7945deb154af57f032d322a131679b5b6d09884b42b3468fdcf,6e8a55d614ebb8d41d41b5371256b25b88b80e6babab8c99e1b91e3405a269fc
2026-08-22T03:30:04.021803,agent_score,9001,3,18,REAUTHENTICATE,normal_browsing,,similarity=0.6582;action=VIEW_ACCOUNT,6e8a55d614ebb8d41d41b5371256b25b88b80e6babab8c99e1b91e3405a269fc,57a7085a501fda3a9d73ee5a026a2d9c22d51a5a4223df12e7e33612befbd67d
2026-08-22T03:30:08.960369,liveness,9001,3,,passed,,,Liveness confirmed — 1 blink(s) (no face reference enrolled — identity not verified),57a7085a501fda3a9d73ee5a026a2d9c22d51a5a4223df12e7e33612befbd67d,e41a92c748992220a0aec69192610f86e68d88baf36cc3d36dbfd7f30ce9313a
2026-08-22T03:30:09.084959,agent_score,9001,3,6,ALLOW,normal_browsing,,similarity=0.8982;action=VIEW_ACCOUNT,e41a92c748992220a0aec69192610f86e68d88baf36cc3d36dbfd7f30ce9313a,eaa45ab6ee5f9c2a94910dd1e5e449e605014d8984420213e830ba5e617bd7a3
2026-08-22T03:30:14.125787,agent_score,9001,3,6,ALLOW,normal_browsing,,similarity=0.8982;action=VIEW_ACCOUNT,eaa45ab6ee5f9c2a94910dd1e5e449e605014d8984420213e830ba5e617bd7a3,bd09eb911a4f2b30c2c724f6c4e35bb443d42d1b0291411b6cff0058b479e70a
2026-08-22T03:30:19.194356,agent_score,9001,3,1,ALLOW,normal_browsing,,similarity=0.9850;action=VIEW_ACCOUNT,bd09eb911a4f2b30c2c724f6c4e35bb443d42d1b0291411b6cff0058b479e70a,5095228534f8f82cd620920503c3d9965d02e2b75301a818a147b92998385563
2026-08-22T03:30:24.260934,agent_score,9001,3,1,ALLOW,normal_browsing,,similarity=0.9984;action=VIEW_ACCOUNT,5095228534f8f82cd620920503c3d9965d02e2b75301a818a147b92998385563,b75b961b9fa0561e11f6aa6380a76a3ba505cecb83f83aa02ba1a913183a7beb
2026-08-22T03:30:29.310374,agent_score,9001,3,1,ALLOW,normal_browsing,,similarity=0.9932;action=VIEW_ACCOUNT,b75b961b9fa0561e11f6aa6380a76a3ba505cecb83f83aa02ba1a913183a7beb,6bc825ca9596223e84f4e2e088554e51da82e8b4eba2334394e0d2d7c9c50cf3
2026-08-22T03:30:34.361835,agent_score,9001,3,1,ALLOW,normal_browsing,,similarity=0.9955;action=VIEW_ACCOUNT,6bc825ca9596223e84f4e2e088554e51da82e8b4eba2334394e0d2d7c9c50cf3,c2d7c48ec870563700f4dcd5e0f3d997056390c75273c4e8a12ade5e37a7dcb6
2026-08-22T03:30:39.427416,agent_score,9001,3,1,ALLOW,normal_browsing,,similarity=0.9993;action=VIEW_ACCOUNT,c2d7c48ec870563700f4dcd5e0f3d997056390c75273c4e8a12ade5e37a7dcb6,11d9686c01cb4557baa929d79c15ffd8fc72a452e69bf0098cb99cfa999cae90
2026-08-22T03:30:44.485232,agent_score,9001,3,1,ALLOW,normal_browsing,,similarity=0.9940;action=VIEW_ACCOUNT,11d9686c01cb4557baa929d79c15ffd8fc72a452e69bf0098cb99cfa999cae90,9ce9994737698f2034af63ce7528db99bacef82447e546829c8236dc4a29bc16
2026-08-22T03:30:49.516457,agent_score,9001,3,1,ALLOW,normal_browsing,,similarity=0.9913;action=VIEW_ACCOUNT,9ce9994737698f2034af63ce7528db99bacef82447e546829c8236dc4a29bc16,9959a44489cb3d41710f4b541e64f68ab4fdd4f35d0b3c58f32c1a9327e4d1eb
2026-08-22T03:30:54.580134,agent_score,9001,3,1,ALLOW,normal_browsing,,similarity=0.9936;action=VIEW_ACCOUNT,9959a44489cb3d41710f4b541e64f68ab4fdd4f35d0b3c58f32c1a9327e4d1eb,46e590d9c737ce7a61062d021188cebbd411ad9c361f71703d54a8d3e4a5b081
2026-08-22T03:31:04.619220,face_enroll,9001,3,,saved,,,Face reference saved,46e590d9c737ce7a61062d021188cebbd411ad9c361f71703d54a8d3e4a5b081,6d179ab659c90b891792dd98c7cd093d10eb70b012cc525122bad8eaf1c33308
2026-08-22T03:31:04.652685,agent_score,9001,3,1,ALLOW,normal_browsing,,similarity=0.9936;action=VIEW_ACCOUNT,6d179ab659c90b891792dd98c7cd093d10eb70b012cc525122bad8eaf1c33308,8a830ff9c13550a01d45264717143ae4d7ac0cacdd91a13a94636256914dc16f
2026-08-22T03:31:09.721338,agent_score,9001,3,1,ALLOW,normal_browsing,,similarity=0.9990;action=VIEW_ACCOUNT,8a830ff9c13550a01d45264717143ae4d7ac0cacdd91a13a94636256914dc16f,c298a7bcd423496dd74d0068424711772a2b4b94e5f80870a0367676a53ce57b
2026-08-22T03:31:14.781473,agent_score,9001,3,1,ALLOW,normal_browsing,,similarity=0.9990;action=VIEW_ACCOUNT,c298a7bcd423496dd74d0068424711772a2b4b94e5f80870a0367676a53ce57b,8843be6e233deab95dc70dbcba855fe4a38dc4df4a20c66cd97ac8faeef261f9
2026-08-22T03:31:19.834115,agent_score,9001,3,1,ALLOW,normal_browsing,,similarity=0.9990;action=VIEW_ACCOUNT,8843be6e233deab95dc70dbcba855fe4a38dc4df4a20c66cd97ac8faeef261f9,ed9692c826c01428ccdbb3fafcb3f593446de8892a9b28861701a075891c853d
2026-08-22T03:31:24.895759,agent_score,9001,3,7,ALLOW,normal_browsing,,similarity=0.8719;action=VIEW_ACCOUNT,ed9692c826c01428ccdbb3fafcb3f593446de8892a9b28861701a075891c853d,477e7a438d6e754d482553d2d696743e5ba90d2bae40e80f68b4541c1637cc03
2026-08-22T03:31:29.958992,agent_score,9001,3,4,ALLOW,normal_browsing,,similarity=0.9379;action=VIEW_ACCOUNT,477e7a438d6e754d482553d2d696743e5ba90d2bae40e80f68b4541c1637cc03,5ffdec38e7ea81753b0ec84cc69cdb4e31ca4f80e2e023795e5167a52dca019a
2026-08-22T03:31:35.015788,agent_score,9001,3,12,MONITOR,normal_browsing,,similarity=0.7717;action=VIEW_ACCOUNT,5ffdec38e7ea81753b0ec84cc69cdb4e31ca4f80e2e023795e5167a52dca019a,8f96a9520892f5157988bc99ca5efdf669a6aa2d17832d45d9c4e8fc51a4d77e
2026-08-22T03:31:40.062933,agent_score,9001,3,17,REAUTHENTICATE,normal_browsing,,similarity=0.6622;action=VIEW_ACCOUNT,8f96a9520892f5157988bc99ca5efdf669a6aa2d17832d45d9c4e8fc51a4d77e,19339f1cc6a595f6ec7741a5b780837bc43227d7ec946d0f8a8307f61cacf261
2026-08-22T03:31:45.121357,agent_score,9001,3,17,REAUTHENTICATE,normal_browsing,,similarity=0.6622;action=VIEW_ACCOUNT,19339f1cc6a595f6ec7741a5b780837bc43227d7ec946d0f8a8307f61cacf261,a272a98902b94f353be0903174cd19c87563ee8ff3b74be536238dd015a7dcc1
2026-08-22T03:31:45.306806,liveness,9001,3,,passed,,,Liveness confirmed — 1 blink(s); face match=0.897 | face_similarity=0.8975,a272a98902b94f353be0903174cd19c87563ee8ff3b74be536238dd015a7dcc1,018b06033abcf62b4b22ae54cd9e4a2d9c259dd1a312f9fdd3258bb44f03c408
2026-08-22T03:31:50.175133,agent_score,9001,3,17,MONITOR,normal_browsing,,similarity=0.6622;action=VIEW_ACCOUNT,018b06033abcf62b4b22ae54cd9e4a2d9c259dd1a312f9fdd3258bb44f03c408,9333f47ffc8589e417977c32b83236b32862d03e06f9ccbf36d6791e75f07f25
2026-08-22T03:31:55.228771,agent_score,9001,3,17,REAUTHENTICATE,normal_browsing,,similarity=0.6622;action=VIEW_ACCOUNT,9333f47ffc8589e417977c32b83236b32862d03e06f9ccbf36d6791e75f07f25,c5f54b4de9cc711acd836f0cb4aa07c39283068fbb11101f32a2cde0ce137b27
2026-08-22T03:32:00.289440,agent_score,9001,3,17,REAUTHENTICATE,normal_browsing,,similarity=0.6622;action=VIEW_ACCOUNT,c5f54b4de9cc711acd836f0cb4aa07c39283068fbb11101f32a2cde0ce137b27,b43de64848dbf4fb07e06e38386555f2ae2fa61c4cb56e8be44614ba4f040034
2026-08-22T03:32:02.497254,liveness,9001,3,,passed,,,Liveness confirmed — 1 blink(s); face match=0.854 | face_similarity=0.8538,b43de64848dbf4fb07e06e38386555f2ae2fa61c4cb56e8be44614ba4f040034,1a44c8c68a9c8fbe21fe429106a746530beb7f1ee57cf2a0913adb950c9fa677
2026-08-22T03:32:05.332898,agent_score,9001,3,17,MONITOR,normal_browsing,,similarity=0.6622;action=VIEW_ACCOUNT,1a44c8c68a9c8fbe21fe429106a746530beb7f1ee57cf2a0913adb950c9fa677,7d15a37a2f9de5b65fede03d3dd031be9b35763ddb6340d88bca750694b22ca9
2026-08-22T21:17:08.465919,face_enroll,9001,3,,saved,,,Face reference saved,0000000000000000000000000000000000000000000000000000000000000000,7b3c23b79c753adff3bfd9f7078cb3ae86bb753f6795f76553fc196367446241
