bidirectional_duration_ms,bidirectional_packets,bidirectional_bytes,src2dst_packets,src2dst_bytes,dst2src_packets,dst2src_bytes,bidirectional_min_ps,bidirectional_mean_ps,bidirectional_stddev_ps,bidirectional_max_ps,bidirectional_mean_piat_ms,bidirectional_stddev_piat_ms,bidirectional_min_piat_ms,bidirectional_max_piat_ms,bidirectional_syn_packets,bidirectional_ack_packets,bidirectional_rst_packets,bidirectional_fin_packets,bidirectional_psh_packets
707.0,12,2787,7.199999999999999,1672.2,4.800000000000001,1114.8,116.125,232.25,46.45,348.375,58.916666666666664,17.674999999999997,0.1,707.0,1,11,0,1,6
897.0,21,3959,12.6,2375.4,8.4,1583.6000000000001,94.26,188.52,37.704,282.78000000000003,42.714285714285715,12.814285714285715,0.1,897.0,1,20,0,1,10
859.0,11,5134,6.6,3080.4,4.4,2053.6,233.365,466.73,93.346,700.095,78.0909090909091,23.427272727272726,0.1,859.0,1,10,0,1,5
417.0,12,2794,7.199999999999999,1676.3999999999999,4.800000000000001,1117.6000000000001,116.415,232.83,46.566,349.245,34.75,10.424999999999999,0.1,417.0,1,11,0,1,6
557.0,13,3417,7.8,2050.2,5.2,1366.8000000000002,131.425,262.85,52.57000000000001,394.27500000000003,42.84615384615385,12.853846153846154,0.1,557.0,1,12,0,1,6
756.0,13,3417,7.8,2050.2,5.2,1366.8000000000002,131.425,262.85,52.57000000000001,394.27500000000003,58.15384615384615,17.446153846153845,0.1,756.0,1,12,0,1,6
679.0,10,5130,6.0,3078.0,4.0,2052.0,256.5,513.0,102.60000000000001,769.5,67.9,20.37,0.1,679.0,1,9,0,1,5
735.0,12,5700,7.199999999999999,3420.0,4.800000000000001,2280.0,237.5,475.0,95.0,712.5,61.25,18.375,0.1,735.0,1,11,0,1,6
14958.0,11,1246,6.6,747.6,4.4,498.40000000000003,56.635,113.27,22.654,169.905,1359.8181818181818,407.94545454545454,0.1,14958.0,1,10,0,1,5
495.0,11,2650,6.6,1590.0,4.4,1060.0,120.455,240.91,48.182,361.365,45.0,13.5,0.1,495.0,1,10,0,1,5
518.0,11,4553,6.6,2731.7999999999997,4.4,1821.2,206.955,413.91,82.78200000000001,620.865,47.09090909090909,14.127272727272727,0.1,518.0,1,10,0,1,5
1.0,2,190,1.2,114.0,0.8,76.0,47.5,95.0,19.0,142.5,0.5,0.15,0.1,1.0,0,1,0,0,1
58.0,2,234,1.2,140.4,0.8,93.60000000000001,58.5,117.0,23.400000000000002,175.5,29.0,8.7,0.1,58.0,0,1,0,0,1
427.0,12,1412,7.199999999999999,847.1999999999999,4.800000000000001,564.8000000000001,58.835,117.67,23.534000000000002,176.505,35.583333333333336,10.675,0.1,427.0,1,11,0,1,6
329.0,11,4035,6.6,2421.0,4.4,1614.0,183.41,366.82,73.364,550.23,29.90909090909091,8.972727272727273,0.1,329.0,1,10,0,1,5
2.0,2,266,1.2,159.6,0.8,106.4,66.5,133.0,26.6,199.5,1.0,0.3,0.1,2.0,0,1,0,0,1
1292.0,15,3389,9.0,2033.3999999999999,6.0,1355.6000000000001,112.965,225.93,45.18600000000001,338.895,86.13333333333334,25.84,0.1,1292.0,1,14,0,1,7
1.0,2,194,1.2,116.39999999999999,0.8,77.60000000000001,48.5,97.0,19.400000000000002,145.5,0.5,0.15,0.1,1.0,0,1,0,0,1
1.0,2,310,1.2,186.0,0.8,124.0,77.5,155.0,31.0,232.5,0.5,0.15,0.1,1.0,0,1,0,0,1
1335.0,14,1587,8.4,952.1999999999999,5.6000000000000005,634.8000000000001,56.68,113.36,22.672,170.04,95.35714285714286,28.607142857142858,0.1,1335.0,1,13,0,1,7
1188.0,16,5947,9.6,3568.2,6.4,2378.8,185.845,371.69,74.33800000000001,557.535,74.25,22.275,0.1,1188.0,1,15,0,1,8
1.0,2,218,1.2,130.79999999999998,0.8,87.2,54.5,109.0,21.8,163.5,0.5,0.15,0.1,1.0,0,1,0,0,1
1.0,2,214,1.2,128.4,0.8,85.60000000000001,53.5,107.0,21.400000000000002,160.5,0.5,0.15,0.1,1.0,0,1,0,0,1
1056.0,15,3043,9.0,1825.8,6.0,1217.2,101.435,202.87,40.574000000000005,304.305,70.4,21.12,0.1,1056.0,1,14,0,1,7
1.0,1,103,0.6,61.8,0.4,41.2,51.5,103.0,20.6,154.5,1.0,0.3,0.1,1.0,0,0,0,0,0
44.0,2,230,1.2,138.0,0.8,92.0,57.5,115.0,23.0,172.5,22.0,6.6,0.1,44.0,0,1,0,0,1
2.0,2,234,1.2,140.4,0.8,93.60000000000001,58.5,117.0,23.400000000000002,175.5,1.0,0.3,0.1,2.0,0,1,0,0,1
1.0,1,151,0.6,90.6,0.4,60.400000000000006,75.5,151.0,30.200000000000003,226.5,1.0,0.3,0.1,1.0,0,0,0,0,0
1.0,1,195,0.6,117.0,0.4,78.0,97.5,195.0,39.0,292.5,1.0,0.3,0.1,1.0,0,0,0,0,0
1.0,2,402,1.2,241.2,0.8,160.8,100.5,201.0,40.2,301.5,0.5,0.15,0.1,1.0,0,1,0,0,1
922.0,12,4782,7.199999999999999,2869.2,4.800000000000001,1912.8000000000002,199.25,398.5,79.7,597.75,76.83333333333333,23.049999999999997,0.1,922.0,1,11,0,1,6
1.0,1,104,0.6,62.4,0.4,41.6,52.0,104.0,20.8,156.0,1.0,0.3,0.1,1.0,0,0,0,0,0
1.0,2,208,1.2,124.8,0.8,83.2,52.0,104.0,20.8,156.0,0.5,0.15,0.1,1.0,0,1,0,0,1
1242.0,9,2587,5.3999999999999995,1552.2,3.6,1034.8,143.72,287.44,57.488,431.15999999999997,138.0,41.4,0.1,1242.0,1,8,0,1,4
1.0,2,318,1.2,190.79999999999998,0.8,127.2,79.5,159.0,31.8,238.5,0.5,0.15,0.1,1.0,0,1,0,0,1
1093.0,8,2463,4.8,1477.8,3.2,985.2,153.94,307.88,61.576,461.82,136.625,40.9875,0.1,1093.0,1,7,0,1,4
1.0,1,198,0.6,118.8,0.4,79.2,99.0,198.0,39.6,297.0,1.0,0.3,0.1,1.0,0,0,0,0,0
859.0,13,2942,7.8,1765.2,5.2,1176.8,113.155,226.31,45.262,339.46500000000003,66.07692307692308,19.823076923076922,0.1,859.0,1,12,0,1,6
914.0,12,5344,7.199999999999999,3206.4,4.800000000000001,2137.6,222.665,445.33,89.066,667.995,76.16666666666667,22.85,0.1,914.0,1,11,0,1,6
6989.0,14,4636,8.4,2781.6,5.6000000000000005,1854.4,165.57,331.14,66.228,496.71,499.2142857142857,149.7642857142857,0.1,6989.0,1,13,0,1,7
11590.0,19,3192,11.4,1915.1999999999998,7.6000000000000005,1276.8000000000002,84.0,168.0,33.6,252.0,610.0,183.0,0.1,11590.0,1,18,0,1,9
11673.0,18,3138,10.799999999999999,1882.8,7.2,1255.2,87.165,174.33,34.86600000000001,261.495,648.5,194.54999999999998,0.1,11673.0,1,17,0,1,9
11884.0,18,3138,10.799999999999999,1882.8,7.2,1255.2,87.165,174.33,34.86600000000001,261.495,660.2222222222222,198.06666666666663,0.1,11884.0,1,17,0,1,9
10346.0,19,3186,11.4,1911.6,7.6000000000000005,1274.4,83.84,167.68,33.536,251.52,544.5263157894736,163.3578947368421,0.1,10346.0,1,18,0,1,9
10333.0,23,5446,13.799999999999999,3267.6,9.200000000000001,2178.4,118.39,236.78,47.356,355.17,449.2608695652174,134.7782608695652,0.1,10333.0,1,22,0,1,11
10271.0,24,5500,14.399999999999999,3300.0,9.600000000000001,2200.0,114.585,229.17,45.834,343.755,427.9583333333333,128.3875,0.1,10271.0,1,23,0,1,12
10302.0,23,5446,13.799999999999999,3267.6,9.200000000000001,2178.4,118.39,236.78,47.356,355.17,447.9130434782609,134.37391304347827,0.1,10302.0,1,22,0,1,11
9883.0,15,6727,9.0,4036.2,6.0,2690.8,224.235,448.47,89.69400000000002,672.705,658.8666666666667,197.66,0.1,9883.0,1,14,0,1,7
9819.0,15,6727,9.0,4036.2,6.0,2690.8,224.235,448.47,89.69400000000002,672.705,654.6,196.38,0.1,9819.0,1,14,0,1,7
9982.0,15,6726,9.0,4035.6,6.0,2690.4,224.2,448.4,89.68,672.5999999999999,665.4666666666667,199.64000000000001,0.1,9982.0,1,14,0,1,7
8269.0,15,7582,9.0,4549.2,6.0,3032.8,252.735,505.47,101.09400000000001,758.205,551.2666666666667,165.38,0.1,8269.0,1,14,0,1,7
9581.0,23,5319,13.799999999999999,3191.4,9.200000000000001,2127.6,115.63,231.26,46.252,346.89,416.5652173913044,124.9695652173913,0.1,9581.0,1,22,0,1,11
8122.0,20,7629,12.0,4577.4,8.0,3051.6000000000004,190.725,381.45,76.29,572.175,406.1,121.83,0.1,8122.0,1,19,0,1,10
7636.0,21,7684,12.6,4610.4,8.4,3073.6000000000004,182.95,365.9,73.17999999999999,548.8499999999999,363.6190476190476,109.08571428571427,0.1,7636.0,1,20,0,1,10
7692.0,20,7629,12.0,4577.4,8.0,3051.6000000000004,190.725,381.45,76.29,572.175,384.6,115.38,0.1,7692.0,1,19,0,1,10
11321.0,23,3448,13.799999999999999,2068.7999999999997,9.200000000000001,1379.2,74.955,149.91,29.982,224.865,492.2173913043478,147.66521739130434,0.1,11321.0,1,22,0,1,11
8392.0,17,3095,10.2,1857.0,6.800000000000001,1238.0,91.03,182.06,36.412,273.09000000000003,493.6470588235294,148.09411764705882,0.1,8392.0,1,16,0,1,8
8240.0,16,3041,9.6,1824.6,6.4,1216.4,95.03,190.06,38.012,285.09000000000003,515.0,154.5,0.1,8240.0,1,15,0,1,8
8477.0,16,3041,9.6,1824.6,6.4,1216.4,95.03,190.06,38.012,285.09000000000003,529.8125,158.94375,0.1,8477.0,1,15,0,1,8
8230.0,15,2987,9.0,1792.2,6.0,1194.8,99.565,199.13,39.826,298.695,548.6666666666666,164.6,0.1,8230.0,1,14,0,1,7
5374.0,19,3703,11.4,2221.7999999999997,7.6000000000000005,1481.2,97.445,194.89,38.978,292.335,282.8421052631579,84.85263157894737,0.1,5374.0,1,18,0,1,9
5756.0,14,4824,8.4,2894.4,5.6000000000000005,1929.6000000000001,172.285,344.57,68.914,516.855,411.14285714285717,123.34285714285714,0.1,5756.0,1,13,0,1,7
5655.0,13,4749,7.8,2849.4,5.2,1899.6000000000001,182.655,365.31,73.062,547.965,435.0,130.5,0.1,5655.0,1,12,0,1,6
4593.0,17,3064,10.2,1838.3999999999999,6.800000000000001,1225.6000000000001,90.12,180.24,36.048,270.36,270.1764705882353,81.05294117647058,0.1,4593.0,1,16,0,1,8
5999.0,14,4824,8.4,2894.4,5.6000000000000005,1929.6000000000001,172.285,344.57,68.914,516.855,428.5,128.54999999999998,0.1,5999.0,1,13,0,1,7
5900.0,14,4801,8.4,2880.6,5.6000000000000005,1920.4,171.465,342.93,68.586,514.395,421.42857142857144,126.42857142857143,0.1,5900.0,1,13,0,1,7
4933.0,16,3010,9.6,1806.0,6.4,1204.0,94.06,188.12,37.624,282.18,308.3125,92.49374999999999,0.1,4933.0,1,15,0,1,8
6960.0,14,7256,8.4,4353.599999999999,5.6000000000000005,2902.4,259.145,518.29,103.658,777.435,497.14285714285717,149.14285714285714,0.1,6960.0,1,13,0,1,7
8806.0,14,7256,8.4,4353.599999999999,5.6000000000000005,2902.4,259.145,518.29,103.658,777.435,629.0,188.7,0.1,8806.0,1,13,0,1,7
8899.0,16,3734,9.6,2240.4,6.4,1493.6000000000001,116.69,233.38,46.676,350.07,556.1875,166.85625,0.1,8899.0,1,15,0,1,8
8931.0,17,3788,10.2,2272.7999999999997,6.800000000000001,1515.2,111.41,222.82,44.564,334.23,525.3529411764706,157.60588235294117,0.1,8931.0,1,16,0,1,8
8989.0,17,3788,10.2,2272.7999999999997,6.800000000000001,1515.2,111.41,222.82,44.564,334.23,528.7647058823529,158.62941176470588,0.1,8989.0,1,16,0,1,8
8457.0,13,5571,7.8,3342.6,5.2,2228.4,214.27,428.54,85.70800000000001,642.8100000000001,650.5384615384615,195.16153846153847,0.1,8457.0,1,12,0,1,6
8493.0,15,5677,9.0,3406.2,6.0,2270.8,189.235,378.47,75.694,567.705,566.2,169.86,0.1,8493.0,1,14,0,1,7
8506.0,15,5677,9.0,3406.2,6.0,2270.8,189.235,378.47,75.694,567.705,567.0666666666667,170.12,0.1,8506.0,1,14,0,1,7
11002.0,18,3705,10.799999999999999,2223.0,7.2,1482.0,102.915,205.83,41.166000000000004,308.745,611.2222222222222,183.36666666666665,0.1,11002.0,1,17,0,1,9
11174.0,19,3759,11.4,2255.4,7.6000000000000005,1503.6000000000001,98.92,197.84,39.568000000000005,296.76,588.1052631578947,176.4315789473684,0.1,11174.0,1,18,0,1,9
11251.0,19,3759,11.4,2255.4,7.6000000000000005,1503.6000000000001,98.92,197.84,39.568000000000005,296.76,592.1578947368421,177.64736842105262,0.1,11251.0,1,18,0,1,9
11277.0,18,3693,10.799999999999999,2215.7999999999997,7.2,1477.2,102.585,205.17,41.034,307.755,626.5,187.95,0.1,11277.0,1,17,0,1,9
11307.0,18,3693,10.799999999999999,2215.7999999999997,7.2,1477.2,102.585,205.17,41.034,307.755,628.1666666666666,188.45,0.1,11307.0,1,17,0,1,9
1.0,1,217,0.6,130.2,0.4,86.80000000000001,108.5,217.0,43.400000000000006,325.5,1.0,0.3,0.1,1.0,0,0,0,0,0
10172.0,17,9268,10.2,5560.8,6.800000000000001,3707.2000000000003,272.59,545.18,109.036,817.77,598.3529411764706,179.50588235294117,0.1,10172.0,1,16,0,1,8
2.0,2,232,1.2,139.2,0.8,92.80000000000001,58.0,116.0,23.200000000000003,174.0,1.0,0.3,0.1,2.0,0,1,0,0,1
462.0,10,2586,6.0,1551.6,4.0,1034.4,129.3,258.6,51.720000000000006,387.90000000000003,46.2,13.860000000000001,0.1,462.0,1,9,0,1,5
492.0,8,4379,4.8,2627.4,3.2,1751.6000000000001,273.69,547.38,109.476,821.0699999999999,61.5,18.45,0.1,492.0,1,7,0,1,4
10425.0,17,9271,10.2,5562.599999999999,6.800000000000001,3708.4,272.675,545.35,109.07000000000001,818.0250000000001,613.2352941176471,183.97058823529412,0.1,10425.0,1,16,0,1,8
13015.0,15,3604,9.0,2162.4,6.0,1441.6000000000001,120.135,240.27,48.054,360.40500000000003,867.6666666666666,260.29999999999995,0.1,13015.0,1,14,0,1,7
13155.0,16,3658,9.6,2194.7999999999997,6.4,1463.2,114.31,228.62,45.724000000000004,342.93,822.1875,246.65625,0.1,13155.0,1,15,0,1,8
12159.0,15,4915,9.0,2949.0,6.0,1966.0,163.835,327.67,65.534,491.505,810.6,243.18,0.1,12159.0,1,14,0,1,7
12361.0,15,4935,9.0,2961.0,6.0,1974.0,164.5,329.0,65.8,493.5,824.0666666666667,247.22,0.1,12361.0,1,14,0,1,7
8186.999999999999,16,3043,9.6,1825.8,6.4,1217.2,95.095,190.19,38.038000000000004,285.28499999999997,511.68749999999994,153.50624999999997,0.1,8186.999999999999,1,15,0,1,8
8263.0,13,8937,7.8,5362.2,5.2,3574.8,343.73,687.46,137.49200000000002,1031.19,635.6153846153846,190.6846153846154,0.1,8263.0,1,12,0,1,6
992.0,15,3044,9.0,1826.3999999999999,6.0,1217.6000000000001,101.465,202.93,40.586000000000006,304.395,66.13333333333334,19.84,0.1,992.0,1,14,0,1,7
1294.0,14,6910,8.4,4146.0,5.6000000000000005,2764.0,246.785,493.57,98.714,740.355,92.42857142857143,27.728571428571428,0.1,1294.0,1,13,0,1,7
1740.0,20,3734,12.0,2240.4,8.0,1493.6000000000001,93.35,186.7,37.339999999999996,280.04999999999995,87.0,26.099999999999998,0.1,1740.0,1,19,0,1,10
1864.0,21,7954,12.6,4772.4,8.4,3181.6000000000004,189.38,378.76,75.752,568.14,88.76190476190476,26.628571428571426,0.1,1864.0,1,20,0,1,10
1289.0,15,2935,9.0,1761.0,6.0,1174.0,97.835,195.67,39.134,293.505,85.93333333333334,25.78,0.1,1289.0,1,14,0,1,7
1.0,1,99,0.6,59.4,0.4,39.6,49.5,99.0,19.8,148.5,1.0,0.3,0.1,1.0,0,0,0,0,0
3.0,2,500,1.2,300.0,0.8,200.0,125.0,250.0,50.0,375.0,1.5,0.44999999999999996,0.1,3.0,0,1,0,0,1
913.0,12,2785,7.199999999999999,1671.0,4.800000000000001,1114.0,116.04,232.08,46.416000000000004,348.12,76.08333333333333,22.825,0.1,913.0,1,11,0,1,6
2409.0,12,6506,7.199999999999999,3903.6,4.800000000000001,2602.4,271.085,542.17,108.434,813.2549999999999,200.75,60.224999999999994,0.1,2409.0,1,11,0,1,6
1.0,1,132,0.6,79.2,0.4,52.800000000000004,66.0,132.0,26.400000000000002,198.0,1.0,0.3,0.1,1.0,0,0,0,0,0
1.0,2,194,1.2,116.39999999999999,0.8,77.60000000000001,48.5,97.0,19.400000000000002,145.5,0.5,0.15,0.1,1.0,0,1,0,0,1
1.0,1,102,0.6,61.199999999999996,0.4,40.800000000000004,51.0,102.0,20.400000000000002,153.0,1.0,0.3,0.1,1.0,0,0,0,0,0
2.0,2,198,1.2,118.8,0.8,79.2,49.5,99.0,19.8,148.5,1.0,0.3,0.1,2.0,0,1,0,0,1
1.0,1,109,0.6,65.39999999999999,0.4,43.6,54.5,109.0,21.8,163.5,1.0,0.3,0.1,1.0,0,0,0,0,0
2.0,2,212,1.2,127.19999999999999,0.8,84.80000000000001,53.0,106.0,21.200000000000003,159.0,1.0,0.3,0.1,2.0,0,1,0,0,1
11834.0,16,3020,9.6,1812.0,6.4,1208.0,94.375,188.75,37.75,283.125,739.625,221.8875,0.1,11834.0,1,15,0,1,8
1.0,1,135,0.6,81.0,0.4,54.0,67.5,135.0,27.0,202.5,1.0,0.3,0.1,1.0,0,0,0,0,0
2.0,2,200,1.2,120.0,0.8,80.0,50.0,100.0,20.0,150.0,1.0,0.3,0.1,2.0,0,1,0,0,1
10570.0,19,3176,11.4,1905.6,7.6000000000000005,1270.4,83.58,167.16,33.432,250.74,556.3157894736842,166.89473684210523,0.1,10570.0,1,18,0,1,9
1.0,1,141,0.6,84.6,0.4,56.400000000000006,70.5,141.0,28.200000000000003,211.5,1.0,0.3,0.1,1.0,0,0,0,0,0
2.0,2,212,1.2,127.19999999999999,0.8,84.80000000000001,53.0,106.0,21.200000000000003,159.0,1.0,0.3,0.1,2.0,0,1,0,0,1
10305.0,21,5311,12.6,3186.6,8.4,2124.4,126.45,252.9,50.580000000000005,379.35,490.7142857142857,147.21428571428572,0.1,10305.0,1,20,0,1,10
1.0,1,138,0.6,82.8,0.4,55.2,69.0,138.0,27.6,207.0,1.0,0.3,0.1,1.0,0,0,0,0,0
2.0,2,220,1.2,132.0,0.8,88.0,55.0,110.0,22.0,165.0,1.0,0.3,0.1,2.0,0,1,0,0,1
11314.0,21,3330,12.6,1998.0,8.4,1332.0,79.285,158.57,31.714,237.855,538.7619047619048,161.62857142857143,0.1,11314.0,1,20,0,1,10
10174.0,13,6607,7.8,3964.2,5.2,2642.8,254.115,508.23,101.64600000000002,762.345,782.6153846153846,234.7846153846154,0.1,10174.0,1,12,0,1,6
1.0,1,125,0.6,75.0,0.4,50.0,62.5,125.0,25.0,187.5,1.0,0.3,0.1,1.0,0,0,0,0,0
2.0,2,194,1.2,116.39999999999999,0.8,77.60000000000001,48.5,97.0,19.400000000000002,145.5,1.0,0.3,0.1,2.0,0,1,0,0,1
9520.0,21,5201,12.6,3120.6,8.4,2080.4,123.835,247.67,49.534,371.505,453.3333333333333,136.0,0.1,9520.0,1,20,0,1,10
1.0,1,148,0.6,88.8,0.4,59.2,74.0,148.0,29.6,222.0,1.0,0.3,0.1,1.0,0,0,0,0,0
209.0,2,238,1.2,142.79999999999998,0.8,95.2,59.5,119.0,23.8,178.5,104.5,31.349999999999998,0.1,209.0,0,1,0,0,1
8549.0,14,7517,8.4,4510.2,5.6000000000000005,3006.8,268.465,536.93,107.386,805.395,610.6428571428571,183.19285714285712,0.1,8549.0,1,13,0,1,7
8892.0,14,2923,8.4,1753.8,5.6000000000000005,1169.2,104.395,208.79,41.758,313.185,635.1428571428571,190.54285714285712,0.1,8892.0,1,13,0,1,7
8079.000000000001,20,7628,12.0,4576.8,8.0,3051.2000000000003,190.7,381.4,76.28,572.0999999999999,403.95000000000005,121.185,0.1,8079.000000000001,1,19,0,1,10
4549.0,14,7628,8.4,4576.8,5.6000000000000005,3051.2000000000003,272.43,544.86,108.97200000000001,817.29,324.92857142857144,97.47857142857143,0.1,4549.0,1,13,0,1,7
6121.0,12,4681,7.199999999999999,2808.6,4.800000000000001,1872.4,195.04,390.08,78.016,585.12,510.0833333333333,153.02499999999998,0.1,6121.0,1,11,0,1,6
5398.0,17,3585,10.2,2151.0,6.800000000000001,1434.0,105.44,210.88,42.176,316.32,317.52941176470586,95.25882352941176,0.1,5398.0,1,16,0,1,8
1.0,1,141,0.6,84.6,0.4,56.400000000000006,70.5,141.0,28.200000000000003,211.5,1.0,0.3,0.1,1.0,0,0,0,0,0
1.0,2,212,1.2,127.19999999999999,0.8,84.80000000000001,53.0,106.0,21.200000000000003,159.0,0.5,0.15,0.1,1.0,0,1,0,0,1
5657.0,16,9272,9.6,5563.2,6.4,3708.8,289.75,579.5,115.9,869.25,353.5625,106.06875,0.1,5657.0,1,15,0,1,8
1.0,1,152,0.6,91.2,0.4,60.800000000000004,76.0,152.0,30.400000000000002,228.0,1.0,0.3,0.1,1.0,0,0,0,0,0
89.0,2,246,1.2,147.6,0.8,98.4,61.5,123.0,24.6,184.5,44.5,13.35,0.1,89.0,0,1,0,0,1
8876.0,16,3643,9.6,2185.7999999999997,6.4,1457.2,113.845,227.69,45.538000000000004,341.53499999999997,554.75,166.42499999999998,0.1,8876.0,1,15,0,1,8
8457.0,14,5611,8.4,3366.6,5.6000000000000005,2244.4,200.395,400.79,80.15800000000002,601.1850000000001,604.0714285714286,181.22142857142856,0.1,8457.0,1,13,0,1,7
14541.0,22,3991,13.2,2394.6,8.8,1596.4,90.705,181.41,36.282000000000004,272.115,660.9545454545455,198.28636363636363,0.1,14541.0,1,21,0,1,11
14375.0,25,8241,15.0,4944.599999999999,10.0,3296.4,164.82,329.64,65.928,494.46,575.0,172.5,0.1,14375.0,1,24,0,1,12
1022.0,16,2993,9.6,1795.8,6.4,1197.2,93.53,187.06,37.412,280.59000000000003,63.875,19.162499999999998,0.1,1022.0,1,15,0,1,8
1042.0,18,3210,10.799999999999999,1926.0,7.2,1284.0,89.165,178.33,35.666000000000004,267.495,57.888888888888886,17.366666666666664,0.1,1042.0,1,17,0,1,9
2279.0,19,5446,11.4,3267.6,7.6000000000000005,2178.4,143.315,286.63,57.326,429.945,119.94736842105263,35.984210526315785,0.1,2279.0,1,18,0,1,9
2545.0,10,2456,6.0,1473.6,4.0,982.4000000000001,122.8,245.6,49.120000000000005,368.4,254.5,76.35,0.1,2545.0,1,9,0,1,5
7113.0,21,3444,12.6,2066.4,8.4,1377.6000000000001,82.0,164.0,32.800000000000004,246.0,338.7142857142857,101.61428571428571,0.1,7113.0,1,20,0,1,10
6940.0,17,3168,10.2,1900.8,6.800000000000001,1267.2,93.175,186.35,37.27,279.525,408.2352941176471,122.47058823529412,0.1,6940.0,1,16,0,1,8
6960.0,20,3378,12.0,2026.8,8.0,1351.2,84.45,168.9,33.78,253.35000000000002,348.0,104.39999999999999,0.1,6960.0,1,19,0,1,10
6974.0,14,6957,8.4,4174.2,5.6000000000000005,2782.8,248.465,496.93,99.38600000000001,745.395,498.14285714285717,149.44285714285715,0.1,6974.0,1,13,0,1,7
5807.0,16,1873,9.6,1123.8,6.4,749.2,58.53,117.06,23.412000000000003,175.59,362.9375,108.88125,0.1,5807.0,1,15,0,1,8
5822.0,16,2991,9.6,1794.6,6.4,1196.4,93.47,186.94,37.388,280.40999999999997,363.875,109.1625,0.1,5822.0,1,15,0,1,8
5786.0,12,5565,7.199999999999999,3339.0,4.800000000000001,2226.0,231.875,463.75,92.75,695.625,482.1666666666667,144.65,0.1,5786.0,1,11,0,1,6
5800.0,15,7799,9.0,4679.4,6.0,3119.6000000000004,259.965,519.93,103.98599999999999,779.895,386.6666666666667,116.0,0.1,5800.0,1,14,0,1,7
5887.0,16,2957,9.6,1774.2,6.4,1182.8,92.405,184.81,36.962,277.21500000000003,367.9375,110.38125,0.1,5887.0,1,15,0,1,8
5953.0,16,2957,9.6,1774.2,6.4,1182.8,92.405,184.81,36.962,277.21500000000003,372.0625,111.61874999999999,0.1,5953.0,1,15,0,1,8
5961.0,14,10245,8.4,6147.0,5.6000000000000005,4098.0,365.895,731.79,146.358,1097.685,425.7857142857143,127.73571428571428,0.1,5961.0,1,13,0,1,7
6644.0,15,10290,9.0,6174.0,6.0,4116.0,343.0,686.0,137.20000000000002,1029.0,442.93333333333334,132.88,0.1,6644.0,1,14,0,1,7
17692.0,11,1066,6.6,639.6,4.4,426.40000000000003,48.455,96.91,19.382,145.365,1608.3636363636363,482.50909090909084,0.1,17692.0,1,10,0,1,5
17704.0,11,1066,6.6,639.6,4.4,426.40000000000003,48.455,96.91,19.382,145.365,1609.4545454545455,482.8363636363636,0.1,17704.0,1,10,0,1,5
1.0,1,159,0.6,95.39999999999999,0.4,63.6,79.5,159.0,31.8,238.5,1.0,0.3,0.1,1.0,0,0,0,0,0
2.0,2,266,1.2,159.6,0.8,106.4,66.5,133.0,26.6,199.5,1.0,0.3,0.1,2.0,0,1,0,0,1
12966.0,36,4610,21.599999999999998,2766.0,14.4,1844.0,64.03,128.06,25.612000000000002,192.09,360.1666666666667,108.05,0.1,12966.0,1,35,0,1,18
7002.0,4,912,2.4,547.1999999999999,1.6,364.8,114.0,228.0,45.6,342.0,1750.5,525.15,0.1,7002.0,0,3,0,0,2
1.0,1,99,0.6,59.4,0.4,39.6,49.5,99.0,19.8,148.5,1.0,0.3,0.1,1.0,0,0,0,0,0
1.0,2,500,1.2,300.0,0.8,200.0,125.0,250.0,50.0,375.0,0.5,0.15,0.1,1.0,0,1,0,0,1
1.0,1,143,0.6,85.8,0.4,57.2,71.5,143.0,28.6,214.5,1.0,0.3,0.1,1.0,0,0,0,0,0
3.0,2,342,1.2,205.2,0.8,136.8,85.5,171.0,34.2,256.5,1.5,0.44999999999999996,0.1,3.0,0,1,0,0,1
1100.0,14,2874,8.4,1724.3999999999999,5.6000000000000005,1149.6000000000001,102.645,205.29,41.058,307.935,78.57142857142857,23.57142857142857,0.1,1100.0,1,13,0,1,7
3441.0,17,3152,10.2,1891.1999999999998,6.800000000000001,1260.8000000000002,92.705,185.41,37.082,278.115,202.41176470588235,60.7235294117647,0.1,3441.0,1,16,0,1,8
3280.0,18,3206,10.799999999999999,1923.6,7.2,1282.4,89.055,178.11,35.62200000000001,267.165,182.22222222222223,54.666666666666664,0.1,3280.0,1,17,0,1,9
5979.0,12,2693,7.199999999999999,1615.8,4.800000000000001,1077.2,112.21,224.42,44.884,336.63,498.25,149.475,0.1,5979.0,1,11,0,1,6
6043.0,12,2693,7.199999999999999,1615.8,4.800000000000001,1077.2,112.21,224.42,44.884,336.63,503.5833333333333,151.075,0.1,6043.0,1,11,0,1,6
3497.0,13,7257,7.8,4354.2,5.2,2902.8,279.115,558.23,111.64600000000002,837.345,269.0,80.7,0.1,3497.0,1,12,0,1,6
6078.0,11,5568,6.6,3340.7999999999997,4.4,2227.2000000000003,253.09,506.18,101.236,759.27,552.5454545454545,165.76363636363635,0.1,6078.0,1,10,0,1,5
6146.0,11,5566,6.6,3339.6,4.4,2226.4,253.0,506.0,101.2,759.0,558.7272727272727,167.61818181818182,0.1,6146.0,1,10,0,1,5
3252.0,15,7365,9.0,4419.0,6.0,2946.0,245.5,491.0,98.2,736.5,216.8,65.04,0.1,3252.0,1,14,0,1,7
2267.0,14,2989,8.4,1793.3999999999999,5.6000000000000005,1195.6000000000001,106.75,213.5,42.7,320.25,161.92857142857142,48.57857142857142,0.1,2267.0,1,13,0,1,7
2051.0,13,6828,7.8,4096.8,5.2,2731.2000000000003,262.615,525.23,105.046,787.845,157.76923076923077,47.33076923076923,0.1,2051.0,1,12,0,1,6
6293.0,40,5413,24.0,3247.7999999999997,16.0,2165.2000000000003,67.66,135.32,27.064,202.98,157.325,47.1975,0.1,6293.0,1,39,0,1,20
5500.0,11,2627,6.6,1576.2,4.4,1050.8,119.41,238.82,47.764,358.23,500.0,150.0,0.1,5500.0,1,10,0,1,5
5501.0,10,2573,6.0,1543.8,4.0,1029.2,128.65,257.3,51.46000000000001,385.95000000000005,550.1,165.03,0.1,5501.0,1,9,0,1,5
3034.0,22,3496,13.2,2097.6,8.8,1398.4,79.455,158.91,31.782,238.365,137.9090909090909,41.37272727272727,0.1,3034.0,1,21,0,1,11
5475.0,10,5078,6.0,3046.7999999999997,4.0,2031.2,253.9,507.8,101.56,761.7,547.5,164.25,0.1,5475.0,1,9,0,1,5
5556.0,11,5133,6.6,3079.7999999999997,4.4,2053.2000000000003,233.32,466.64,93.328,699.96,505.09090909090907,151.5272727272727,0.1,5556.0,1,10,0,1,5
2510.0,16,3112,9.6,1867.1999999999998,6.4,1244.8000000000002,97.25,194.5,38.900000000000006,291.75,156.875,47.0625,0.1,2510.0,1,15,0,1,8
2564.0,13,6891,7.8,4134.599999999999,5.2,2756.4,265.04,530.08,106.01600000000002,795.1200000000001,197.23076923076923,59.169230769230765,0.1,2564.0,1,12,0,1,6
6636.0,36,7115,21.599999999999998,4269.0,14.4,2846.0,98.82,197.64,39.528,296.46,184.33333333333334,55.300000000000004,0.1,6636.0,1,35,0,1,18
852.0,13,2818,7.8,1690.8,5.2,1127.2,108.385,216.77,43.354000000000006,325.15500000000003,65.53846153846153,19.66153846153846,0.1,852.0,1,12,0,1,6
1.0,1,124,0.6,74.39999999999999,0.4,49.6,62.0,124.0,24.8,186.0,1.0,0.3,0.1,1.0,0,0,0,0,0
2.0,2,586,1.2,351.59999999999997,0.8,234.4,146.5,293.0,58.6,439.5,1.0,0.3,0.1,2.0,0,1,0,0,1
1.0,2,534,1.2,320.4,0.8,213.60000000000002,133.5,267.0,53.400000000000006,400.5,0.5,0.15,0.1,1.0,0,1,0,0,1
1.0,1,128,0.6,76.8,0.4,51.2,64.0,128.0,25.6,192.0,1.0,0.3,0.1,1.0,0,0,0,0,0
2.0,2,430,1.2,258.0,0.8,172.0,107.5,215.0,43.0,322.5,1.0,0.3,0.1,2.0,0,1,0,0,1
1.0,1,137,0.6,82.2,0.4,54.800000000000004,68.5,137.0,27.400000000000002,205.5,1.0,0.3,0.1,1.0,0,0,0,0,0
2.0,2,204,1.2,122.39999999999999,0.8,81.60000000000001,51.0,102.0,20.400000000000002,153.0,1.0,0.3,0.1,2.0,0,1,0,0,1
2495.0,27,4866,16.2,2919.6,10.8,1946.4,90.11,180.22,36.044000000000004,270.33,92.4074074074074,27.72222222222222,0.1,2495.0,1,26,0,1,13
1.0,1,102,0.6,61.199999999999996,0.4,40.800000000000004,51.0,102.0,20.400000000000002,153.0,1.0,0.3,0.1,1.0,0,0,0,0,0
1.0,2,198,1.2,118.8,0.8,79.2,49.5,99.0,19.8,148.5,0.5,0.15,0.1,1.0,0,1,0,0,1
1.0,2,254,1.2,152.4,0.8,101.60000000000001,63.5,127.0,25.400000000000002,190.5,0.5,0.15,0.1,1.0,0,1,0,0,1
1.0,1,112,0.6,67.2,0.4,44.800000000000004,56.0,112.0,22.400000000000002,168.0,1.0,0.3,0.1,1.0,0,0,0,0,0
1.0,1,99,0.6,59.4,0.4,39.6,49.5,99.0,19.8,148.5,1.0,0.3,0.1,1.0,0,0,0,0,0
1.0,2,500,1.2,300.0,0.8,200.0,125.0,250.0,50.0,375.0,0.5,0.15,0.1,1.0,0,1,0,0,1
1.0,1,93,0.6,55.8,0.4,37.2,46.5,93.0,18.6,139.5,1.0,0.3,0.1,1.0,0,0,0,0,0
1.0,2,186,1.2,111.6,0.8,74.4,46.5,93.0,18.6,139.5,0.5,0.15,0.1,1.0,0,1,0,0,1
1.0,1,129,0.6,77.39999999999999,0.4,51.6,64.5,129.0,25.8,193.5,1.0,0.3,0.1,1.0,0,0,0,0,0
16.0,2,202,1.2,121.19999999999999,0.8,80.80000000000001,50.5,101.0,20.200000000000003,151.5,8.0,2.4,0.1,16.0,0,1,0,0,1
7596.0,20,3355,12.0,2013.0,8.0,1342.0,83.875,167.75,33.550000000000004,251.625,379.8,113.94,0.1,7596.0,1,19,0,1,10
1.0,1,132,0.6,79.2,0.4,52.800000000000004,66.0,132.0,26.400000000000002,198.0,1.0,0.3,0.1,1.0,0,0,0,0,0
1171.0,2,194,1.2,116.39999999999999,0.8,77.60000000000001,48.5,97.0,19.400000000000002,145.5,585.5,175.65,0.1,1171.0,0,1,0,0,1
2.0,2,218,1.2,130.79999999999998,0.8,87.2,54.5,109.0,21.8,163.5,1.0,0.3,0.1,2.0,0,1,0,0,1
7558.0,22,3483,13.2,2089.7999999999997,8.8,1393.2,79.16,158.32,31.664,237.48,343.54545454545456,103.06363636363636,0.1,7558.0,1,21,0,1,11
7363.0,17,13931,10.2,8358.6,6.800000000000001,5572.400000000001,409.735,819.47,163.894,1229.205,433.11764705882354,129.93529411764706,0.1,7363.0,1,16,0,1,8
1.0,1,150,0.6,90.0,0.4,60.0,75.0,150.0,30.0,225.0,1.0,0.3,0.1,1.0,0,0,0,0,0
2.0,2,300,1.2,180.0,0.8,120.0,75.0,150.0,30.0,225.0,1.0,0.3,0.1,2.0,0,1,0,0,1
1.0,2,186,1.2,111.6,0.8,74.4,46.5,93.0,18.6,139.5,0.5,0.15,0.1,1.0,0,1,0,0,1
1.0,2,300,1.2,180.0,0.8,120.0,75.0,150.0,30.0,225.0,0.5,0.15,0.1,1.0,0,1,0,0,1
1.0,2,186,1.2,111.6,0.8,74.4,46.5,93.0,18.6,139.5,0.5,0.15,0.1,1.0,0,1,0,0,1
1.0,2,300,1.2,180.0,0.8,120.0,75.0,150.0,30.0,225.0,0.5,0.15,0.1,1.0,0,1,0,0,1
1.0,2,186,1.2,111.6,0.8,74.4,46.5,93.0,18.6,139.5,0.5,0.15,0.1,1.0,0,1,0,0,1
1.0,2,300,1.2,180.0,0.8,120.0,75.0,150.0,30.0,225.0,0.5,0.15,0.1,1.0,0,1,0,0,1
1.0,1,130,0.6,78.0,0.4,52.0,65.0,130.0,26.0,195.0,1.0,0.3,0.1,1.0,0,0,0,0,0
2.0,2,434,1.2,260.4,0.8,173.60000000000002,108.5,217.0,43.400000000000006,325.5,1.0,0.3,0.1,2.0,0,1,0,0,1
1.0,1,133,0.6,79.8,0.4,53.2,66.5,133.0,26.6,199.5,1.0,0.3,0.1,1.0,0,0,0,0,0
2.0,2,190,1.2,114.0,0.8,76.0,47.5,95.0,19.0,142.5,1.0,0.3,0.1,2.0,0,1,0,0,1
8237.0,27,3806,16.2,2283.6,10.8,1522.4,70.48,140.96,28.192000000000004,211.44,305.0740740740741,91.52222222222223,0.1,8237.0,1,26,0,1,13
6012.0,15,3019,9.0,1811.3999999999999,6.0,1207.6000000000001,100.635,201.27,40.254000000000005,301.90500000000003,400.8,120.24,0.1,6012.0,1,14,0,1,7
5982.0,12,7639,7.199999999999999,4583.4,4.800000000000001,3055.6000000000004,318.29,636.58,127.31600000000002,954.8700000000001,498.5,149.54999999999998,0.1,5982.0,1,11,0,1,6
1.0,1,100,0.6,60.0,0.4,40.0,50.0,100.0,20.0,150.0,1.0,0.3,0.1,1.0,0,0,0,0,0
1.0,2,200,1.2,120.0,0.8,80.0,50.0,100.0,20.0,150.0,0.5,0.15,0.1,1.0,0,1,0,0,1
1.0,1,159,0.6,95.39999999999999,0.4,63.6,79.5,159.0,31.8,238.5,1.0,0.3,0.1,1.0,0,0,0,0,0
5.0,2,318,1.2,190.79999999999998,0.8,127.2,79.5,159.0,31.8,238.5,2.5,0.75,0.1,5.0,0,1,0,0,1
1.0,2,196,1.2,117.6,0.8,78.4,49.0,98.0,19.6,147.0,0.5,0.15,0.1,1.0,0,1,0,0,1
1.0,2,240,1.2,144.0,0.8,96.0,60.0,120.0,24.0,180.0,0.5,0.15,0.1,1.0,0,1,0,0,1
1.0,2,238,1.2,142.79999999999998,0.8,95.2,59.5,119.0,23.8,178.5,0.5,0.15,0.1,1.0,0,1,0,0,1
1.0,1,100,0.6,60.0,0.4,40.0,50.0,100.0,20.0,150.0,1.0,0.3,0.1,1.0,0,0,0,0,0
1.0,2,200,1.2,120.0,0.8,80.0,50.0,100.0,20.0,150.0,0.5,0.15,0.1,1.0,0,1,0,0,1
1.0,1,159,0.6,95.39999999999999,0.4,63.6,79.5,159.0,31.8,238.5,1.0,0.3,0.1,1.0,0,0,0,0,0
2.0,2,318,1.2,190.79999999999998,0.8,127.2,79.5,159.0,31.8,238.5,1.0,0.3,0.1,2.0,0,1,0,0,1
1.0,2,196,1.2,117.6,0.8,78.4,49.0,98.0,19.6,147.0,0.5,0.15,0.1,1.0,0,1,0,0,1
1.0,2,240,1.2,144.0,0.8,96.0,60.0,120.0,24.0,180.0,0.5,0.15,0.1,1.0,0,1,0,0,1
1.0,1,142,0.6,85.2,0.4,56.800000000000004,71.0,142.0,28.400000000000002,213.0,1.0,0.3,0.1,1.0,0,0,0,0,0
1.0,2,214,1.2,128.4,0.8,85.60000000000001,53.5,107.0,21.400000000000002,160.5,0.5,0.15,0.1,1.0,0,1,0,0,1
4745.0,16,3097,9.6,1858.1999999999998,6.4,1238.8000000000002,96.78,193.56,38.712,290.34000000000003,296.5625,88.96875,0.1,4745.0,1,15,0,1,8
4530.0,13,8362,7.8,5017.2,5.2,3344.8,321.615,643.23,128.64600000000002,964.845,348.46153846153845,104.53846153846153,0.1,4530.0,1,12,0,1,6
1.0,1,143,0.6,85.8,0.4,57.2,71.5,143.0,28.6,214.5,1.0,0.3,0.1,1.0,0,0,0,0,0
2.0,2,216,1.2,129.6,0.8,86.4,54.0,108.0,21.6,162.0,1.0,0.3,0.1,2.0,0,1,0,0,1
1.0,1,128,0.6,76.8,0.4,51.2,64.0,128.0,25.6,192.0,1.0,0.3,0.1,1.0,0,0,0,0,0
1.0,2,430,1.2,258.0,0.8,172.0,107.5,215.0,43.0,322.5,0.5,0.15,0.1,1.0,0,1,0,0,1
1.0,1,112,0.6,67.2,0.4,44.800000000000004,56.0,112.0,22.400000000000002,168.0,1.0,0.3,0.1,1.0,0,0,0,0,0
1.0,1,114,0.6,68.39999999999999,0.4,45.6,57.0,114.0,22.8,171.0,1.0,0.3,0.1,1.0,0,0,0,0,0
1.0,1,142,0.6,85.2,0.4,56.800000000000004,71.0,142.0,28.400000000000002,213.0,1.0,0.3,0.1,1.0,0,0,0,0,0
2.0,2,208,1.2,124.8,0.8,83.2,52.0,104.0,20.8,156.0,1.0,0.3,0.1,2.0,0,1,0,0,1
2483.0,15,3028,9.0,1816.8,6.0,1211.2,100.935,201.87,40.374,302.805,165.53333333333333,49.66,0.1,2483.0,1,14,0,1,7
2.0,2,222,1.2,133.2,0.8,88.80000000000001,55.5,111.0,22.200000000000003,166.5,1.0,0.3,0.1,2.0,0,1,0,0,1
1.0,1,114,0.6,68.39999999999999,0.4,45.6,57.0,114.0,22.8,171.0,1.0,0.3,0.1,1.0,0,0,0,0,0
1.0,2,222,1.2,133.2,0.8,88.80000000000001,55.5,111.0,22.200000000000003,166.5,0.5,0.15,0.1,1.0,0,1,0,0,1
922.0,12,2769,7.199999999999999,1661.3999999999999,4.800000000000001,1107.6000000000001,115.375,230.75,46.150000000000006,346.125,76.83333333333333,23.049999999999997,0.1,922.0,1,11,0,1,6
1.0,1,100,0.6,60.0,0.4,40.0,50.0,100.0,20.0,150.0,1.0,0.3,0.1,1.0,0,0,0,0,0
1.0,2,200,1.2,120.0,0.8,80.0,50.0,100.0,20.0,150.0,0.5,0.15,0.1,1.0,0,1,0,0,1
1.0,1,159,0.6,95.39999999999999,0.4,63.6,79.5,159.0,31.8,238.5,1.0,0.3,0.1,1.0,0,0,0,0,0
1.0,2,318,1.2,190.79999999999998,0.8,127.2,79.5,159.0,31.8,238.5,0.5,0.15,0.1,1.0,0,1,0,0,1
1.0,2,196,1.2,117.6,0.8,78.4,49.0,98.0,19.6,147.0,0.5,0.15,0.1,1.0,0,1,0,0,1
1.0,2,240,1.2,144.0,0.8,96.0,60.0,120.0,24.0,180.0,0.5,0.15,0.1,1.0,0,1,0,0,1
1.0,1,103,0.6,61.8,0.4,41.2,51.5,103.0,20.6,154.5,1.0,0.3,0.1,1.0,0,0,0,0,0
6.0,2,200,1.2,120.0,0.8,80.0,50.0,100.0,20.0,150.0,3.0,0.8999999999999999,0.1,6.0,0,1,0,0,1
1.0,1,142,0.6,85.2,0.4,56.800000000000004,71.0,142.0,28.400000000000002,213.0,1.0,0.3,0.1,1.0,0,0,0,0,0
1.0,2,214,1.2,128.4,0.8,85.60000000000001,53.5,107.0,21.400000000000002,160.5,0.5,0.15,0.1,1.0,0,1,0,0,1
3571.0,23,4246,13.799999999999999,2547.6,9.200000000000001,1698.4,92.305,184.61,36.922000000000004,276.915,155.2608695652174,46.57826086956522,0.1,3571.0,1,22,0,1,11
975.0,12,2754,7.199999999999999,1652.3999999999999,4.800000000000001,1101.6000000000001,114.75,229.5,45.900000000000006,344.25,81.25,24.375,0.1,975.0,1,11,0,1,6
6.0,6,3956,3.5999999999999996,2373.6,2.4000000000000004,1582.4,329.665,659.33,131.866,988.9950000000001,1.0,0.3,0.1,6.0,0,5,0,0,3
1.0,2,342,1.2,205.2,0.8,136.8,85.5,171.0,34.2,256.5,0.5,0.15,0.1,1.0,0,1,0,0,1
1.0,2,586,1.2,351.59999999999997,0.8,234.4,146.5,293.0,58.6,439.5,0.5,0.15,0.1,1.0,0,1,0,0,1
19593.0,13,1332,7.8,799.1999999999999,5.2,532.8000000000001,51.23,102.46,20.492,153.69,1507.1538461538462,452.1461538461538,0.1,19593.0,1,12,0,1,6
20556.0,12,1218,7.199999999999999,730.8,4.800000000000001,487.20000000000005,50.75,101.5,20.3,152.25,1713.0,513.9,0.1,20556.0,1,11,0,1,6
17771.0,11,1131,6.6,678.6,4.4,452.40000000000003,51.41,102.82,20.564,154.23,1615.5454545454545,484.66363636363633,0.1,17771.0,1,10,0,1,5
5339.0,15,2896,9.0,1737.6,6.0,1158.4,96.535,193.07,38.614000000000004,289.605,355.93333333333334,106.78,0.1,5339.0,1,14,0,1,7
5480.0,15,10632,9.0,6379.2,6.0,4252.8,354.4,708.8,141.76,1063.1999999999998,365.3333333333333,109.6,0.1,5480.0,1,14,0,1,7
3196.0,2,430,1.2,258.0,0.8,172.0,107.5,215.0,43.0,322.5,1598.0,479.4,0.1,3196.0,0,1,0,0,1
1.0,2,194,1.2,116.39999999999999,0.8,77.60000000000001,48.5,97.0,19.400000000000002,145.5,0.5,0.15,0.1,1.0,0,1,0,0,1
1.0,2,434,1.2,260.4,0.8,173.60000000000002,108.5,217.0,43.400000000000006,325.5,0.5,0.15,0.1,1.0,0,1,0,0,1
10470.0,22,3483,13.2,2089.7999999999997,8.8,1393.2,79.16,158.32,31.664,237.48,475.90909090909093,142.77272727272728,0.1,10470.0,1,21,0,1,11
1.0,2,218,1.2,130.79999999999998,0.8,87.2,54.5,109.0,21.8,163.5,0.5,0.15,0.1,1.0,0,1,0,0,1
1.0,1,143,0.6,85.8,0.4,57.2,71.5,143.0,28.6,214.5,1.0,0.3,0.1,1.0,0,0,0,0,0
24.0,2,216,1.2,129.6,0.8,86.4,54.0,108.0,21.6,162.0,12.0,3.5999999999999996,0.1,24.0,0,1,0,0,1
7635.0,22,3494,13.2,2096.4,8.8,1397.6000000000001,79.41,158.82,31.764,238.23,347.04545454545456,104.11363636363636,0.1,7635.0,1,21,0,1,11
20064.0,7,873,4.2,523.8,2.8000000000000003,349.20000000000005,62.355,124.71,24.942,187.065,2866.285714285714,859.8857142857142,0.1,20064.0,1,6,0,1,3
1.0,2,500,1.2,300.0,0.8,200.0,125.0,250.0,50.0,375.0,0.5,0.15,0.1,1.0,0,1,0,0,1
17115.0,6,812,3.5999999999999996,487.2,2.4000000000000004,324.8,67.665,135.33,27.066000000000003,202.995,2852.5,855.75,0.1,17115.0,1,5,0,1,3
4230.0,20,2483,12.0,1489.8,8.0,993.2,62.075,124.15,24.830000000000002,186.22500000000002,211.5,63.449999999999996,0.1,4230.0,1,19,0,1,10
2833.0,2,190,1.2,114.0,0.8,76.0,47.5,95.0,19.0,142.5,1416.5,424.95,0.1,2833.0,0,1,0,0,1
1.0,2,200,1.2,120.0,0.8,80.0,50.0,100.0,20.0,150.0,0.5,0.15,0.1,1.0,0,1,0,0,1
1.0,2,318,1.2,190.79999999999998,0.8,127.2,79.5,159.0,31.8,238.5,0.5,0.15,0.1,1.0,0,1,0,0,1
2.0,2,500,1.2,300.0,0.8,200.0,125.0,250.0,50.0,375.0,1.0,0.3,0.1,2.0,0,1,0,0,1
1.0,2,194,1.2,116.39999999999999,0.8,77.60000000000001,48.5,97.0,19.400000000000002,145.5,0.5,0.15,0.1,1.0,0,1,0,0,1
538.0,2,198,1.2,118.8,0.8,79.2,49.5,99.0,19.8,148.5,269.0,80.7,0.1,538.0,0,1,0,0,1
1.0,2,200,1.2,120.0,0.8,80.0,50.0,100.0,20.0,150.0,0.5,0.15,0.1,1.0,0,1,0,0,1
1.0,2,212,1.2,127.19999999999999,0.8,84.80000000000001,53.0,106.0,21.200000000000003,159.0,0.5,0.15,0.1,1.0,0,1,0,0,1
959.0,2,212,1.2,127.19999999999999,0.8,84.80000000000001,53.0,106.0,21.200000000000003,159.0,479.5,143.85,0.1,959.0,0,1,0,0,1
988.0,2,220,1.2,132.0,0.8,88.0,55.0,110.0,22.0,165.0,494.0,148.2,0.1,988.0,0,1,0,0,1
6470.0,13,2832,7.8,1699.2,5.2,1132.8,108.925,217.85,43.57,326.775,497.6923076923077,149.3076923076923,0.1,6470.0,1,12,0,1,6
6548.0,12,2778,7.199999999999999,1666.8,4.800000000000001,1111.2,115.75,231.5,46.300000000000004,347.25,545.6666666666666,163.7,0.1,6548.0,1,11,0,1,6
10890.0,23,3665,13.799999999999999,2199.0,9.200000000000001,1466.0,79.675,159.35,31.87,239.02499999999998,473.4782608695652,142.04347826086956,0.1,10890.0,1,22,0,1,11
8299.0,18,3260,10.799999999999999,1956.0,7.2,1304.0,90.555,181.11,36.222,271.665,461.05555555555554,138.31666666666666,0.1,8299.0,1,17,0,1,9
8448.0,17,10496,10.2,6297.599999999999,6.800000000000001,4198.400000000001,308.705,617.41,123.482,926.115,496.94117647058823,149.08235294117645,0.1,8448.0,1,16,0,1,8
8927.0,22,3518,13.2,2110.7999999999997,8.8,1407.2,79.955,159.91,31.982,239.865,405.77272727272725,121.73181818181817,0.1,8927.0,1,21,0,1,11
10468.0,18,3260,10.799999999999999,1956.0,7.2,1304.0,90.555,181.11,36.222,271.665,581.5555555555555,174.46666666666667,0.1,10468.0,1,17,0,1,9
11313.0,21,3455,12.6,2073.0,8.4,1382.0,82.26,164.52,32.904,246.78000000000003,538.7142857142857,161.6142857142857,0.1,11313.0,1,20,0,1,10
11463.0,19,3314,11.4,1988.3999999999999,7.6000000000000005,1325.6000000000001,87.21,174.42,34.884,261.63,603.3157894736842,180.99473684210525,0.1,11463.0,1,18,0,1,9
11560.0,17,3097,10.2,1858.1999999999998,6.800000000000001,1238.8000000000002,91.09,182.18,36.436,273.27,680.0,204.0,0.1,11560.0,1,16,0,1,8
11587.0,20,3277,12.0,1966.1999999999998,8.0,1310.8000000000002,81.925,163.85,32.77,245.77499999999998,579.35,173.805,0.1,11587.0,1,19,0,1,10
17149.0,10,903,6.0,541.8,4.0,361.20000000000005,45.15,90.3,18.06,135.45,1714.9,514.47,0.1,17149.0,1,9,0,1,5
2.0,2,194,1.2,116.39999999999999,0.8,77.60000000000001,48.5,97.0,19.400000000000002,145.5,1.0,0.3,0.1,2.0,0,1,0,0,1
9161.0,18,3671,10.799999999999999,2202.6,7.2,1468.4,101.97,203.94,40.788000000000004,305.90999999999997,508.94444444444446,152.68333333333334,0.1,9161.0,1,17,0,1,9
9190.0,20,3374,12.0,2024.3999999999999,8.0,1349.6000000000001,84.35,168.7,33.74,253.04999999999998,459.5,137.85,0.1,9190.0,1,19,0,1,10
1.0,1,93,0.6,55.8,0.4,37.2,46.5,93.0,18.6,139.5,1.0,0.3,0.1,1.0,0,0,0,0,0
1.0,2,186,1.2,111.6,0.8,74.4,46.5,93.0,18.6,139.5,0.5,0.15,0.1,1.0,0,1,0,0,1
1.0,1,145,0.6,87.0,0.4,58.0,72.5,145.0,29.0,217.5,1.0,0.3,0.1,1.0,0,0,0,0,0
2.0,2,290,1.2,174.0,0.8,116.0,72.5,145.0,29.0,217.5,1.0,0.3,0.1,2.0,0,1,0,0,1
1.0,2,226,1.2,135.6,0.8,90.4,56.5,113.0,22.6,169.5,0.5,0.15,0.1,1.0,0,1,0,0,1
1.0,1,132,0.6,79.2,0.4,52.800000000000004,66.0,132.0,26.400000000000002,198.0,1.0,0.3,0.1,1.0,0,0,0,0,0
2.0,2,194,1.2,116.39999999999999,0.8,77.60000000000001,48.5,97.0,19.400000000000002,145.5,1.0,0.3,0.1,2.0,0,1,0,0,1
9134.0,16,4958,9.6,2974.7999999999997,6.4,1983.2,154.94,309.88,61.976,464.82,570.875,171.2625,0.1,9134.0,1,15,0,1,8
1.0,2,194,1.2,116.39999999999999,0.8,77.60000000000001,48.5,97.0,19.400000000000002,145.5,0.5,0.15,0.1,1.0,0,1,0,0,1
1.0,1,132,0.6,79.2,0.4,52.800000000000004,66.0,132.0,26.400000000000002,198.0,1.0,0.3,0.1,1.0,0,0,0,0,0
14446.0,34,4825,20.4,2895.0,13.600000000000001,1930.0,70.955,141.91,28.382,212.865,424.88235294117646,127.46470588235293,0.1,14446.0,1,33,0,1,17
9732.0,15,3049,9.0,1829.3999999999999,6.0,1219.6000000000001,101.635,203.27,40.654,304.90500000000003,648.8,194.64,0.1,9732.0,1,14,0,1,7
7825.0,14,6683,8.4,4009.7999999999997,5.6000000000000005,2673.2000000000003,238.68,477.36,95.47200000000001,716.04,558.9285714285714,167.67857142857142,0.1,7825.0,1,13,0,1,7
2880.0,15,2780,9.0,1668.0,6.0,1112.0,92.665,185.33,37.066,277.995,192.0,57.599999999999994,0.1,2880.0,1,14,0,1,7
2647.0,16,4270,9.6,2562.0,6.4,1708.0,133.44,266.88,53.376000000000005,400.32,165.4375,49.63125,0.1,2647.0,1,15,0,1,8
10888.0,21,3329,12.6,1997.3999999999999,8.4,1331.6000000000001,79.26,158.52,31.704000000000004,237.78000000000003,518.4761904761905,155.54285714285714,0.1,10888.0,1,20,0,1,10
11161.0,21,3438,12.6,2062.7999999999997,8.4,1375.2,81.855,163.71,32.742000000000004,245.565,531.4761904761905,159.44285714285715,0.1,11161.0,1,20,0,1,10
11295.0,21,3341,12.6,2004.6,8.4,1336.4,79.55,159.1,31.82,238.64999999999998,537.8571428571429,161.35714285714286,0.1,11295.0,1,20,0,1,10
11472.0,24,3612,14.399999999999999,2167.2,9.600000000000001,1444.8000000000002,75.25,150.5,30.1,225.75,478.0,143.4,0.1,11472.0,1,23,0,1,12
11613.0,22,3395,13.2,2037.0,8.8,1358.0,77.16,154.32,30.864,231.48,527.8636363636364,158.3590909090909,0.1,11613.0,1,21,0,1,11
7258.0,12,2681,7.199999999999999,1608.6,4.800000000000001,1072.4,111.71,223.42,44.684,335.13,604.8333333333334,181.45000000000002,0.1,7258.0,1,11,0,1,6
7152.0,12,5210,7.199999999999999,3126.0,4.800000000000001,2084.0,217.085,434.17,86.834,651.255,596.0,178.79999999999998,0.1,7152.0,1,11,0,1,6
7842.0,12,2681,7.199999999999999,1608.6,4.800000000000001,1072.4,111.71,223.42,44.684,335.13,653.5,196.04999999999998,0.1,7842.0,1,11,0,1,6
7806.0,12,5210,7.199999999999999,3126.0,4.800000000000001,2084.0,217.085,434.17,86.834,651.255,650.5,195.15,0.1,7806.0,1,11,0,1,6
14541.0,17,3647,10.2,2188.2,6.800000000000001,1458.8000000000002,107.265,214.53,42.906000000000006,321.795,855.3529411764706,256.6058823529412,0.1,14541.0,1,16,0,1,8
14746.0,21,3452,12.6,2071.2,8.4,1380.8000000000002,82.19,164.38,32.876,246.57,702.1904761904761,210.65714285714284,0.1,14746.0,1,20,0,1,10
14937.0,21,3452,12.6,2071.2,8.4,1380.8000000000002,82.19,164.38,32.876,246.57,711.2857142857143,213.3857142857143,0.1,14937.0,1,20,0,1,10
16193.999999999998,16,3135,9.6,1881.0,6.4,1254.0,97.97,195.94,39.188,293.90999999999997,1012.1249999999999,303.63749999999993,0.1,16193.999999999998,1,15,0,1,8
16913.0,18,3255,10.799999999999999,1953.0,7.2,1302.0,90.415,180.83,36.166000000000004,271.245,939.6111111111111,281.8833333333333,0.1,16913.0,1,17,0,1,9
17042.0,21,3417,12.6,2050.2,8.4,1366.8000000000002,81.355,162.71,32.542,244.065,811.5238095238095,243.45714285714286,0.1,17042.0,1,20,0,1,10
16992.0,18,3255,10.799999999999999,1953.0,7.2,1302.0,90.415,180.83,36.166000000000004,271.245,944.0,283.2,0.1,16992.0,1,17,0,1,9
17098.0,18,3255,10.799999999999999,1953.0,7.2,1302.0,90.415,180.83,36.166000000000004,271.245,949.8888888888889,284.96666666666664,0.1,17098.0,1,17,0,1,9
17194.0,17,3100,10.2,1860.0,6.800000000000001,1240.0,91.175,182.35,36.47,273.525,1011.4117647058823,303.42352941176466,0.1,17194.0,1,16,0,1,8
22010.0,38,4787,22.8,2872.2,15.200000000000001,1914.8000000000002,62.985,125.97,25.194000000000003,188.95499999999998,579.2105263157895,173.76315789473685,0.1,22010.0,1,37,0,1,19
2.0,2,300,1.2,180.0,0.8,120.0,75.0,150.0,30.0,225.0,1.0,0.3,0.1,2.0,0,1,0,0,1
1.0,1,179,0.6,107.39999999999999,0.4,71.60000000000001,89.5,179.0,35.800000000000004,268.5,1.0,0.3,0.1,1.0,0,0,0,0,0
12070.0,19,3002,11.4,1801.2,7.6000000000000005,1200.8,79.0,158.0,31.6,237.0,635.2631578947369,190.57894736842107,0.1,12070.0,1,18,0,1,9
11833.0,20,7211,12.0,4326.599999999999,8.0,2884.4,180.275,360.55,72.11,540.825,591.65,177.49499999999998,0.1,11833.0,1,19,0,1,10
1.0,2,586,1.2,351.59999999999997,0.8,234.4,146.5,293.0,58.6,439.5,0.5,0.15,0.1,1.0,0,1,0,0,1
1.0,1,124,0.6,74.39999999999999,0.4,49.6,62.0,124.0,24.8,186.0,1.0,0.3,0.1,1.0,0,0,0,0,0
1.0,1,147,0.6,88.2,0.4,58.800000000000004,73.5,147.0,29.400000000000002,220.5,1.0,0.3,0.1,1.0,0,0,0,0,0
2.0,2,242,1.2,145.2,0.8,96.80000000000001,60.5,121.0,24.200000000000003,181.5,1.0,0.3,0.1,2.0,0,1,0,0,1
10728.0,23,3987,13.799999999999999,2392.2,9.200000000000001,1594.8000000000002,86.675,173.35,34.67,260.025,466.4347826086956,139.93043478260867,0.1,10728.0,1,22,0,1,11
27.0,2,422,1.2,253.2,0.8,168.8,105.5,211.0,42.2,316.5,13.5,4.05,0.1,27.0,0,1,0,0,1
1.0,1,136,0.6,81.6,0.4,54.400000000000006,68.0,136.0,27.200000000000003,204.0,1.0,0.3,0.1,1.0,0,0,0,0,0
38.0,2,202,1.2,121.19999999999999,0.8,80.80000000000001,50.5,101.0,20.200000000000003,151.5,19.0,5.7,0.1,38.0,0,1,0,0,1
78.0,2,398,1.2,238.79999999999998,0.8,159.20000000000002,99.5,199.0,39.800000000000004,298.5,39.0,11.7,0.1,78.0,0,1,0,0,1
3.0,2,418,1.2,250.79999999999998,0.8,167.20000000000002,104.5,209.0,41.800000000000004,313.5,1.5,0.44999999999999996,0.1,3.0,0,1,0,0,1
1.0,1,228,0.6,136.79999999999998,0.4,91.2,114.0,228.0,45.6,342.0,1.0,0.3,0.1,1.0,0,0,0,0,0
1.0,1,224,0.6,134.4,0.4,89.60000000000001,112.0,224.0,44.800000000000004,336.0,1.0,0.3,0.1,1.0,0,0,0,0,0
142.0,2,536,1.2,321.59999999999997,0.8,214.4,134.0,268.0,53.6,402.0,71.0,21.3,0.1,142.0,0,1,0,0,1
1.0,1,146,0.6,87.6,0.4,58.400000000000006,73.0,146.0,29.200000000000003,219.0,1.0,0.3,0.1,1.0,0,0,0,0,0
1.0,2,466,1.2,279.59999999999997,0.8,186.4,116.5,233.0,46.6,349.5,0.5,0.15,0.1,1.0,0,1,0,0,1
1.0,1,223,0.6,133.79999999999998,0.4,89.2,111.5,223.0,44.6,334.5,1.0,0.3,0.1,1.0,0,0,0,0,0
1.0,1,134,0.6,80.39999999999999,0.4,53.6,67.0,134.0,26.8,201.0,1.0,0.3,0.1,1.0,0,0,0,0,0
2.0,2,188,1.2,112.8,0.8,75.2,47.0,94.0,18.8,141.0,1.0,0.3,0.1,2.0,0,1,0,0,1
1.0,1,153,0.6,91.8,0.4,61.2,76.5,153.0,30.6,229.5,1.0,0.3,0.1,1.0,0,0,0,0,0
2.0,2,248,1.2,148.79999999999998,0.8,99.2,62.0,124.0,24.8,186.0,1.0,0.3,0.1,2.0,0,1,0,0,1
1.0,2,200,1.2,120.0,0.8,80.0,50.0,100.0,20.0,150.0,0.5,0.15,0.1,1.0,0,1,0,0,1
1.0,2,196,1.2,117.6,0.8,78.4,49.0,98.0,19.6,147.0,0.5,0.15,0.1,1.0,0,1,0,0,1
1.0,2,240,1.2,144.0,0.8,96.0,60.0,120.0,24.0,180.0,0.5,0.15,0.1,1.0,0,1,0,0,1
1.0,2,318,1.2,190.79999999999998,0.8,127.2,79.5,159.0,31.8,238.5,0.5,0.15,0.1,1.0,0,1,0,0,1
9639.0,20,6453,12.0,3871.7999999999997,8.0,2581.2000000000003,161.325,322.65,64.53,483.97499999999997,481.95,144.58499999999998,0.1,9639.0,1,19,0,1,10
12090.0,29,6023,17.4,3613.7999999999997,11.600000000000001,2409.2000000000003,103.845,207.69,41.538000000000004,311.53499999999997,416.8965517241379,125.06896551724137,0.1,12090.0,1,28,0,1,14
11927.0,28,5969,16.8,3581.4,11.200000000000001,2387.6,106.59,213.18,42.636,319.77,425.9642857142857,127.78928571428571,0.1,11927.0,1,27,0,1,14
8140.000000000001,15,2911,9.0,1746.6,6.0,1164.4,97.035,194.07,38.814,291.105,542.6666666666667,162.8,0.1,8140.000000000001,1,14,0,1,7
11799.0,11,2583,6.6,1549.8,4.4,1033.2,117.41,234.82,46.964,352.23,1072.6363636363637,321.7909090909091,0.1,11799.0,1,10,0,1,5
12024.0,11,2573,6.6,1543.8,4.4,1029.2,116.955,233.91,46.782000000000004,350.865,1093.090909090909,327.9272727272727,0.1,12024.0,1,10,0,1,5
12055.0,11,2583,6.6,1549.8,4.4,1033.2,117.41,234.82,46.964,352.23,1095.909090909091,328.7727272727273,0.1,12055.0,1,10,0,1,5
12994.0,20,3644,12.0,2186.4,8.0,1457.6000000000001,91.1,182.2,36.44,273.29999999999995,649.7,194.91,0.1,12994.0,1,19,0,1,10
10209.0,16,4830,9.6,2898.0,6.4,1932.0,150.94,301.88,60.376000000000005,452.82,638.0625,191.41875,0.1,10209.0,1,15,0,1,8
13508.0,25,5552,15.0,3331.2,10.0,2220.8,111.04,222.08,44.416000000000004,333.12,540.32,162.096,0.1,13508.0,1,24,0,1,12
13416.0,25,5550,15.0,3330.0,10.0,2220.0,111.0,222.0,44.400000000000006,333.0,536.64,160.992,0.1,13416.0,1,24,0,1,12
11372.0,18,7752,10.799999999999999,4651.2,7.2,3100.8,215.335,430.67,86.13400000000001,646.005,631.7777777777778,189.53333333333333,0.1,11372.0,1,17,0,1,9
13134.0,10,4075,6.0,2445.0,4.0,1630.0,203.75,407.5,81.5,611.25,1313.4,394.02000000000004,0.1,13134.0,1,9,0,1,5
13296.0,10,4075,6.0,2445.0,4.0,1630.0,203.75,407.5,81.5,611.25,1329.6,398.87999999999994,0.1,13296.0,1,9,0,1,5
14985.0,21,7290,12.6,4374.0,8.4,2916.0,173.57,347.14,69.428,520.71,713.5714285714286,214.07142857142856,0.1,14985.0,1,20,0,1,10
20188.0,18,5301,10.799999999999999,3180.6,7.2,2120.4,147.25,294.5,58.900000000000006,441.75,1121.5555555555557,336.4666666666667,0.1,20188.0,1,17,0,1,9
20373.0,21,5487,12.6,3292.2,8.4,2194.8,130.645,261.29,52.25800000000001,391.93500000000006,970.1428571428571,291.04285714285714,0.1,20373.0,1,20,0,1,10
20564.0,20,5409,12.0,3245.4,8.0,2163.6,135.225,270.45,54.09,405.67499999999995,1028.2,308.46,0.1,20564.0,1,19,0,1,10
20361.0,18,3168,10.799999999999999,1900.8,7.2,1267.2,88.0,176.0,35.2,264.0,1131.1666666666667,339.35,0.1,20361.0,1,17,0,1,9
1310.0,2,214,1.2,128.4,0.8,85.60000000000001,53.5,107.0,21.400000000000002,160.5,655.0,196.5,0.1,1310.0,1,1,0,1,1
20373.0,20,5106,12.0,3063.6,8.0,2042.4,127.65,255.3,51.06,382.95000000000005,1018.65,305.59499999999997,0.1,20373.0,1,19,0,1,10
10419.0,17,1531,10.2,918.6,6.800000000000001,612.4,45.03,90.06,18.012,135.09,612.8823529411765,183.86470588235292,0.1,10419.0,1,16,0,1,8
13553.0,16,3674,9.6,2204.4,6.4,1469.6000000000001,114.81,229.62,45.92400000000001,344.43,847.0625,254.11874999999998,0.1,13553.0,1,15,0,1,8
13576.0,16,2498,9.6,1498.8,6.4,999.2,78.06,156.12,31.224000000000004,234.18,848.5,254.54999999999998,0.1,13576.0,1,15,0,1,8
1346.0,2,234,1.2,140.4,0.8,93.60000000000001,58.5,117.0,23.400000000000002,175.5,673.0,201.9,0.1,1346.0,1,1,0,1,1
14341.0,21,6535,12.6,3921.0,8.4,2614.0,155.595,311.19,62.238,466.78499999999997,682.9047619047619,204.87142857142857,0.1,14341.0,1,20,0,1,10
20618.0,21,7421,12.6,4452.599999999999,8.4,2968.4,176.69,353.38,70.676,530.0699999999999,981.8095238095239,294.54285714285714,0.1,20618.0,1,20,0,1,10
8467.0,12,4501,7.199999999999999,2700.6,4.800000000000001,1800.4,187.54,375.08,75.016,562.62,705.5833333333334,211.675,0.1,8467.0,1,11,0,1,6
8131.0,6,582,3.5999999999999996,349.2,2.4000000000000004,232.8,48.5,97.0,19.400000000000002,145.5,1355.1666666666667,406.55,0.1,8131.0,1,5,0,1,3
9845.0,6,582,3.5999999999999996,349.2,2.4000000000000004,232.8,48.5,97.0,19.400000000000002,145.5,1640.8333333333333,492.24999999999994,0.1,9845.0,1,5,0,1,3
11925.0,13,2429,7.8,1457.3999999999999,5.2,971.6,93.425,186.85,37.37,280.275,917.3076923076923,275.1923076923077,0.1,11925.0,1,12,0,1,6
1.0,2,300,1.2,180.0,0.8,120.0,75.0,150.0,30.0,225.0,0.5,0.15,0.1,1.0,0,1,0,0,1
1.0,2,430,1.2,258.0,0.8,172.0,107.5,215.0,43.0,322.5,0.5,0.15,0.1,1.0,0,1,0,0,1
10787.0,19,6422,11.4,3853.2,7.6000000000000005,2568.8,169.0,338.0,67.60000000000001,507.0,567.7368421052631,170.32105263157894,0.1,10787.0,1,18,0,1,9
1.0,1,127,0.6,76.2,0.4,50.800000000000004,63.5,127.0,25.400000000000002,190.5,1.0,0.3,0.1,1.0,0,0,0,0,0
1.0,1,154,0.6,92.39999999999999,0.4,61.6,77.0,154.0,30.8,231.0,1.0,0.3,0.1,1.0,0,0,0,0,0
3.0,2,256,1.2,153.6,0.8,102.4,64.0,128.0,25.6,192.0,1.5,0.44999999999999996,0.1,3.0,0,1,0,0,1
8.0,2,568,1.2,340.8,0.8,227.20000000000002,142.0,284.0,56.800000000000004,426.0,4.0,1.2,0.1,8.0,0,1,0,0,1
1.0,1,134,0.6,80.39999999999999,0.4,53.6,67.0,134.0,26.8,201.0,1.0,0.3,0.1,1.0,0,0,0,0,0
2.0,2,188,1.2,112.8,0.8,75.2,47.0,94.0,18.8,141.0,1.0,0.3,0.1,2.0,0,1,0,0,1
4.0,2,386,1.2,231.6,0.8,154.4,96.5,193.0,38.6,289.5,2.0,0.6,0.1,4.0,0,1,0,0,1
10280.0,15,2869,9.0,1721.3999999999999,6.0,1147.6000000000001,95.635,191.27,38.254000000000005,286.90500000000003,685.3333333333334,205.6,0.1,10280.0,1,14,0,1,7
1.0,2,586,1.2,351.59999999999997,0.8,234.4,146.5,293.0,58.6,439.5,0.5,0.15,0.1,1.0,0,1,0,0,1
6912.0,13,2749,7.8,1649.3999999999999,5.2,1099.6000000000001,105.73,211.46,42.292,317.19,531.6923076923077,159.5076923076923,0.1,6912.0,1,12,0,1,6
1.0,1,278,0.6,166.79999999999998,0.4,111.2,139.0,278.0,55.6,417.0,1.0,0.3,0.1,1.0,0,0,0,0,0
1.0,1,213,0.6,127.8,0.4,85.2,106.5,213.0,42.6,319.5,1.0,0.3,0.1,1.0,0,0,0,0,0
4225.0,2,434,1.2,260.4,0.8,173.60000000000002,108.5,217.0,43.400000000000006,325.5,2112.5,633.75,0.1,4225.0,0,1,0,0,1
1.0,2,430,1.2,258.0,0.8,172.0,107.5,215.0,43.0,322.5,0.5,0.15,0.1,1.0,0,1,0,0,1
1.0,2,500,1.2,300.0,0.8,200.0,125.0,250.0,50.0,375.0,0.5,0.15,0.1,1.0,0,1,0,0,1
4475.0,2,194,1.2,116.39999999999999,0.8,77.60000000000001,48.5,97.0,19.400000000000002,145.5,2237.5,671.25,0.1,4475.0,0,1,0,0,1
1.0,2,198,1.2,118.8,0.8,79.2,49.5,99.0,19.8,148.5,0.5,0.15,0.1,1.0,0,1,0,0,1
4728.0,2,212,1.2,127.19999999999999,0.8,84.80000000000001,53.0,106.0,21.200000000000003,159.0,2364.0,709.1999999999999,0.1,4728.0,0,1,0,0,1
4757.0,2,212,1.2,127.19999999999999,0.8,84.80000000000001,53.0,106.0,21.200000000000003,159.0,2378.5,713.55,0.1,4757.0,0,1,0,0,1
1.0,2,220,1.2,132.0,0.8,88.0,55.0,110.0,22.0,165.0,0.5,0.15,0.1,1.0,0,1,0,0,1
1.0,1,100,0.6,60.0,0.4,40.0,50.0,100.0,20.0,150.0,1.0,0.3,0.1,1.0,0,0,0,0,0
1.0,2,194,1.2,116.39999999999999,0.8,77.60000000000001,48.5,97.0,19.400000000000002,145.5,0.5,0.15,0.1,1.0,0,1,0,0,1
1.0,1,129,0.6,77.39999999999999,0.4,51.6,64.5,129.0,25.8,193.5,1.0,0.3,0.1,1.0,0,0,0,0,0
3.0,2,352,1.2,211.2,0.8,140.8,88.0,176.0,35.2,264.0,1.5,0.44999999999999996,0.1,3.0,0,1,0,0,1
1.0,2,200,1.2,120.0,0.8,80.0,50.0,100.0,20.0,150.0,0.5,0.15,0.1,1.0,0,1,0,0,1
21733.0,23,6690,13.799999999999999,4014.0,9.200000000000001,2676.0,145.435,290.87,58.17400000000001,436.305,944.9130434782609,283.47391304347826,0.1,21733.0,1,22,0,1,11
18756.0,19,5060,11.4,3036.0,7.6000000000000005,2024.0,133.16,266.32,53.264,399.48,987.1578947368421,296.1473684210526,0.1,18756.0,1,18,0,1,9
9050.0,10,2334,6.0,1400.3999999999999,4.0,933.6,116.7,233.4,46.68000000000001,350.1,905.0,271.5,0.1,9050.0,1,9,0,1,5
16984.0,17,4928,10.2,2956.7999999999997,6.800000000000001,1971.2,144.94,289.88,57.976,434.82,999.0588235294117,299.7176470588235,0.1,16984.0,1,16,0,1,8
14049.0,16,4862,9.6,2917.2,6.4,1944.8000000000002,151.94,303.88,60.776,455.82,878.0625,263.41875,0.1,14049.0,1,15,0,1,8
7232.0,3,798,1.7999999999999998,478.79999999999995,1.2000000000000002,319.20000000000005,133.0,266.0,53.2,399.0,2410.6666666666665,723.1999999999999,0.1,7232.0,0,2,0,0,1
9593.0,3,321,1.7999999999999998,192.6,1.2000000000000002,128.4,53.5,107.0,21.400000000000002,160.5,3197.6666666666665,959.3,0.1,9593.0,0,2,0,0,1
1.0,2,200,1.2,120.0,0.8,80.0,50.0,100.0,20.0,150.0,0.5,0.15,0.1,1.0,0,1,0,0,1
2772.0,12,3392,7.199999999999999,2035.1999999999998,4.800000000000001,1356.8000000000002,141.335,282.67,56.534000000000006,424.005,231.0,69.3,0.1,2772.0,1,11,0,1,6
3213.0,11,3972,6.6,2383.2,4.4,1588.8000000000002,180.545,361.09,72.218,541.635,292.09090909090907,87.62727272727271,0.1,3213.0,1,10,0,1,5
10782.0,29,3929,17.4,2357.4,11.600000000000001,1571.6000000000001,67.74,135.48,27.096,203.21999999999997,371.7931034482759,111.53793103448275,0.1,10782.0,1,28,0,1,14
5381.0,14,3492,8.4,2095.2,5.6000000000000005,1396.8000000000002,124.715,249.43,49.886,374.145,384.35714285714283,115.30714285714285,0.1,5381.0,1,13,0,1,7
5068.0,12,2671,7.199999999999999,1602.6,4.800000000000001,1068.4,111.29,222.58,44.516000000000005,333.87,422.3333333333333,126.69999999999999,0.1,5068.0,1,11,0,1,6
10704.0,16,3051,9.6,1830.6,6.4,1220.4,95.345,190.69,38.138,286.03499999999997,669.0,200.7,0.1,10704.0,1,15,0,1,8
10438.0,17,8465,10.2,5079.0,6.800000000000001,3386.0,248.97,497.94,99.58800000000001,746.91,614.0,184.2,0.1,10438.0,1,16,0,1,8
11011.0,19,3213,11.4,1927.8,7.6000000000000005,1285.2,84.555,169.11,33.822,253.66500000000002,579.5263157894736,173.8578947368421,0.1,11011.0,1,18,0,1,9
11477.0,19,3213,11.4,1927.8,7.6000000000000005,1285.2,84.555,169.11,33.822,253.66500000000002,604.0526315789474,181.21578947368423,0.1,11477.0,1,18,0,1,9
11551.0,19,3213,11.4,1927.8,7.6000000000000005,1285.2,84.555,169.11,33.822,253.66500000000002,607.9473684210526,182.38421052631577,0.1,11551.0,1,18,0,1,9
1936.0,2,318,1.2,190.79999999999998,0.8,127.2,79.5,159.0,31.8,238.5,968.0,290.4,0.1,1936.0,0,1,0,0,1
11935.0,16,3051,9.6,1830.6,6.4,1220.4,95.345,190.69,38.138,286.03499999999997,745.9375,223.78125,0.1,11935.0,1,15,0,1,8
1.0,2,586,1.2,351.59999999999997,0.8,234.4,146.5,293.0,58.6,439.5,0.5,0.15,0.1,1.0,0,1,0,0,1
1.0,2,430,1.2,258.0,0.8,172.0,107.5,215.0,43.0,322.5,0.5,0.15,0.1,1.0,0,1,0,0,1
4292.0,2,500,1.2,300.0,0.8,200.0,125.0,250.0,50.0,375.0,2146.0,643.8,0.1,4292.0,0,1,0,0,1
1.0,2,194,1.2,116.39999999999999,0.8,77.60000000000001,48.5,97.0,19.400000000000002,145.5,0.5,0.15,0.1,1.0,0,1,0,0,1
1.0,1,100,0.6,60.0,0.4,40.0,50.0,100.0,20.0,150.0,1.0,0.3,0.1,1.0,0,0,0,0,0
19511.0,33,4433,19.8,2659.7999999999997,13.200000000000001,1773.2,67.165,134.33,26.866000000000003,201.495,591.2424242424242,177.37272727272727,0.1,19511.0,1,32,0,1,16
4831.0,17,3176,10.2,1905.6,6.800000000000001,1270.4,93.41,186.82,37.364,280.23,284.1764705882353,85.25294117647059,0.1,4831.0,1,16,0,1,8
4976.0,17,3165,10.2,1899.0,6.800000000000001,1266.0,93.09,186.18,37.236000000000004,279.27,292.70588235294116,87.81176470588234,0.1,4976.0,1,16,0,1,8
4796.0,13,7177,7.8,4306.2,5.2,2870.8,276.04,552.08,110.41600000000001,828.1200000000001,368.9230769230769,110.67692307692307,0.1,4796.0,1,12,0,1,6
5086.0,17,3165,10.2,1899.0,6.800000000000001,1266.0,93.09,186.18,37.236000000000004,279.27,299.1764705882353,89.75294117647059,0.1,5086.0,1,16,0,1,8
5184.0,18,3230,10.799999999999999,1938.0,7.2,1292.0,89.72,179.44,35.888,269.15999999999997,288.0,86.39999999999999,0.1,5184.0,1,17,0,1,9
5222.0,16,2992,9.6,1795.2,6.4,1196.8,93.5,187.0,37.4,280.5,326.375,97.9125,0.1,5222.0,1,15,0,1,8
4987.0,14,7609,8.4,4565.4,5.6000000000000005,3043.6000000000004,271.75,543.5,108.7,815.25,356.2142857142857,106.86428571428571,0.1,4987.0,1,13,0,1,7
5054.0,15,7677,9.0,4606.2,6.0,3070.8,255.9,511.8,102.36000000000001,767.7,336.93333333333334,101.08,0.1,5054.0,1,14,0,1,7
5129.0,15,7297,9.0,4378.2,6.0,2918.8,243.235,486.47,97.29400000000001,729.705,341.93333333333334,102.58,0.1,5129.0,1,14,0,1,7
5231.0,15,7785,9.0,4671.0,6.0,3114.0,259.5,519.0,103.80000000000001,778.5,348.73333333333335,104.62,0.1,5231.0,1,14,0,1,7
5687.0,16,3034,9.6,1820.3999999999999,6.4,1213.6000000000001,94.81,189.62,37.924,284.43,355.4375,106.63125,0.1,5687.0,1,15,0,1,8
5669.0,15,9115,9.0,5469.0,6.0,3646.0,303.835,607.67,121.53399999999999,911.5049999999999,377.93333333333334,113.38,0.1,5669.0,1,14,0,1,7
7177.0,35,4673,21.0,2803.7999999999997,14.0,1869.2,66.755,133.51,26.701999999999998,200.265,205.05714285714285,61.51714285714285,0.1,7177.0,1,34,0,1,17
7115.0,16,3033,9.6,1819.8,6.4,1213.2,94.78,189.56,37.912,284.34000000000003,444.6875,133.40625,0.1,7115.0,1,15,0,1,8
7228.0,17,3197,10.2,1918.1999999999998,6.800000000000001,1278.8000000000002,94.03,188.06,37.612,282.09000000000003,425.1764705882353,127.55294117647058,0.1,7228.0,1,16,0,1,8
7079.0,14,9009,8.4,5405.4,5.6000000000000005,3603.6000000000004,321.75,643.5,128.70000000000002,965.25,505.64285714285717,151.69285714285715,0.1,7079.0,1,13,0,1,7
7500.0,18,3251,10.799999999999999,1950.6,7.2,1300.4,90.305,180.61,36.12200000000001,270.915,416.6666666666667,125.0,0.1,7500.0,1,17,0,1,9
7220.0,16,9203,9.6,5521.8,6.4,3681.2000000000003,287.595,575.19,115.03800000000001,862.7850000000001,451.25,135.375,0.1,7220.0,1,15,0,1,8
7457.0,16,9203,9.6,5521.8,6.4,3681.2000000000003,287.595,575.19,115.03800000000001,862.7850000000001,466.0625,139.81875,0.1,7457.0,1,15,0,1,8
7831.0,24,3513,14.399999999999999,2107.7999999999997,9.600000000000001,1405.2,73.19,146.38,29.276,219.57,326.2916666666667,97.8875,0.1,7831.0,1,23,0,1,12
7638.0,11,1809,6.6,1085.3999999999999,4.4,723.6,82.225,164.45,32.89,246.67499999999998,694.3636363636364,208.3090909090909,0.1,7638.0,1,10,0,1,5
8224.0,13,3548,7.8,2128.7999999999997,5.2,1419.2,136.46,272.92,54.584,409.38,632.6153846153846,189.7846153846154,0.1,8224.0,1,12,0,1,6
7815.0,25,3567,15.0,2140.2,10.0,1426.8000000000002,71.34,142.68,28.536,214.02,312.6,93.78,0.1,7815.0,1,24,0,1,12
7690.0,15,1705,9.0,1023.0,6.0,682.0,56.835,113.67,22.734,170.505,512.6666666666666,153.79999999999998,0.1,7690.0,1,14,0,1,7
7684.0,13,5501,7.8,3300.6,5.2,2200.4,211.575,423.15,84.63,634.7249999999999,591.0769230769231,177.3230769230769,0.1,7684.0,1,12,0,1,6
2358.0,2,212,1.2,127.19999999999999,0.8,84.80000000000001,53.0,106.0,21.200000000000003,159.0,1179.0,353.7,0.1,2358.0,0,1,0,0,1
3842.0,12,4593,7.199999999999999,2755.7999999999997,4.800000000000001,1837.2,191.375,382.75,76.55,574.125,320.1666666666667,96.05,0.1,3842.0,1,11,0,1,6
1.0,2,200,1.2,120.0,0.8,80.0,50.0,100.0,20.0,150.0,0.5,0.15,0.1,1.0,0,1,0,0,1
1.0,1,132,0.6,79.2,0.4,52.800000000000004,66.0,132.0,26.400000000000002,198.0,1.0,0.3,0.1,1.0,0,0,0,0,0
1.0,1,135,0.6,81.0,0.4,54.0,67.5,135.0,27.0,202.5,1.0,0.3,0.1,1.0,0,0,0,0,0
11778.0,29,3926,17.4,2355.6,11.600000000000001,1570.4,67.69,135.38,27.076,203.07,406.13793103448273,121.84137931034482,0.1,11778.0,1,28,0,1,14
5879.0,3,989,1.7999999999999998,593.4,1.2000000000000002,395.6,164.835,329.67,65.93400000000001,494.505,1959.6666666666667,587.9,0.1,5879.0,0,2,0,0,1
5844.0,3,336,1.7999999999999998,201.6,1.2000000000000002,134.4,56.0,112.0,22.400000000000002,168.0,1948.0,584.4,0.1,5844.0,0,2,0,0,1
1.0,2,194,1.2,116.39999999999999,0.8,77.60000000000001,48.5,97.0,19.400000000000002,145.5,0.5,0.15,0.1,1.0,0,1,0,0,1
1.0,1,104,0.6,62.4,0.4,41.6,52.0,104.0,20.8,156.0,1.0,0.3,0.1,1.0,0,0,0,0,0
1.0,1,138,0.6,82.8,0.4,55.2,69.0,138.0,27.6,207.0,1.0,0.3,0.1,1.0,0,0,0,0,0
1.0,1,125,0.6,75.0,0.4,50.0,62.5,125.0,25.0,187.5,1.0,0.3,0.1,1.0,0,0,0,0,0
1.0,1,111,0.6,66.6,0.4,44.400000000000006,55.5,111.0,22.200000000000003,166.5,1.0,0.3,0.1,1.0,0,0,0,0,0
11169.0,20,5051,12.0,3030.6,8.0,2020.4,126.275,252.55,50.510000000000005,378.82500000000005,558.45,167.535,0.1,11169.0,1,19,0,1,10
10773.0,19,4161,11.4,2496.6,7.6000000000000005,1664.4,109.5,219.0,43.800000000000004,328.5,567.0,170.1,0.1,10773.0,1,18,0,1,9
10963.0,17,4890,10.2,2934.0,6.800000000000001,1956.0,143.825,287.65,57.53,431.47499999999997,644.8823529411765,193.46470588235294,0.1,10963.0,1,16,0,1,8
9913.0,19,5861,11.4,3516.6,7.6000000000000005,2344.4,154.235,308.47,61.69400000000001,462.70500000000004,521.7368421052631,156.52105263157893,0.1,9913.0,1,18,0,1,9
1.0,1,163,0.6,97.8,0.4,65.2,81.5,163.0,32.6,244.5,1.0,0.3,0.1,1.0,0,0,0,0,0
10710.0,13,2855,7.8,1713.0,5.2,1142.0,109.81,219.62,43.92400000000001,329.43,823.8461538461538,247.15384615384613,0.1,10710.0,1,12,0,1,6
10631.0,12,2779,7.199999999999999,1667.3999999999999,4.800000000000001,1111.6000000000001,115.79,231.58,46.316,347.37,885.9166666666666,265.775,0.1,10631.0,1,11,0,1,6
11022.0,14,2887,8.4,1732.2,5.6000000000000005,1154.8,103.105,206.21,41.242000000000004,309.315,787.2857142857143,236.18571428571428,0.1,11022.0,1,13,0,1,7
16312.999999999998,14,2873,8.4,1723.8,5.6000000000000005,1149.2,102.605,205.21,41.042,307.815,1165.2142857142856,349.56428571428563,0.1,16312.999999999998,1,13,0,1,7
16325.0,16,3323,9.6,1993.8,6.4,1329.2,103.845,207.69,41.538000000000004,311.53499999999997,1020.3125,306.09375,0.1,16325.0,1,15,0,1,8
16286.999999999998,14,2895,8.4,1737.0,5.6000000000000005,1158.0,103.395,206.79,41.358000000000004,310.185,1163.3571428571427,349.0071428571428,0.1,16286.999999999998,1,13,0,1,7
16910.0,12,3641,7.199999999999999,2184.6,4.800000000000001,1456.4,151.71,303.42,60.684000000000005,455.13,1409.1666666666667,422.75,0.1,16910.0,1,11,0,1,6
16779.0,12,3282,7.199999999999999,1969.1999999999998,4.800000000000001,1312.8000000000002,136.75,273.5,54.7,410.25,1398.25,419.47499999999997,0.1,16779.0,1,11,0,1,6
1.0,2,200,1.2,120.0,0.8,80.0,50.0,100.0,20.0,150.0,0.5,0.15,0.1,1.0,0,1,0,0,1
1.0,2,318,1.2,190.79999999999998,0.8,127.2,79.5,159.0,31.8,238.5,0.5,0.15,0.1,1.0,0,1,0,0,1
1.0,2,212,1.2,127.19999999999999,0.8,84.80000000000001,53.0,106.0,21.200000000000003,159.0,0.5,0.15,0.1,1.0,0,1,0,0,1
1.0,1,99,0.6,59.4,0.4,39.6,49.5,99.0,19.8,148.5,1.0,0.3,0.1,1.0,0,0,0,0,0
1.0,2,500,1.2,300.0,0.8,200.0,125.0,250.0,50.0,375.0,0.5,0.15,0.1,1.0,0,1,0,0,1
1.0,2,202,1.2,121.19999999999999,0.8,80.80000000000001,50.5,101.0,20.200000000000003,151.5,0.5,0.15,0.1,1.0,0,1,0,0,1
5871.0,15,2940,9.0,1764.0,6.0,1176.0,98.0,196.0,39.2,294.0,391.4,117.41999999999999,0.1,5871.0,1,14,0,1,7
1.0,1,204,0.6,122.39999999999999,0.4,81.60000000000001,102.0,204.0,40.800000000000004,306.0,1.0,0.3,0.1,1.0,0,0,0,0,0
3.0,2,350,1.2,210.0,0.8,140.0,87.5,175.0,35.0,262.5,1.5,0.44999999999999996,0.1,3.0,0,1,0,0,1
1.0,2,196,1.2,117.6,0.8,78.4,49.0,98.0,19.6,147.0,0.5,0.15,0.1,1.0,0,1,0,0,1
1.0,2,284,1.2,170.4,0.8,113.60000000000001,71.0,142.0,28.400000000000002,213.0,0.5,0.15,0.1,1.0,0,1,0,0,1
1.0,1,153,0.6,91.8,0.4,61.2,76.5,153.0,30.6,229.5,1.0,0.3,0.1,1.0,0,0,0,0,0
1.0,2,248,1.2,148.79999999999998,0.8,99.2,62.0,124.0,24.8,186.0,0.5,0.15,0.1,1.0,0,1,0,0,1
1.0,1,141,0.6,84.6,0.4,56.400000000000006,70.5,141.0,28.200000000000003,211.5,1.0,0.3,0.1,1.0,0,0,0,0,0
1.0,1,163,0.6,97.8,0.4,65.2,81.5,163.0,32.6,244.5,1.0,0.3,0.1,1.0,0,0,0,0,0
1.0,1,143,0.6,85.8,0.4,57.2,71.5,143.0,28.6,214.5,1.0,0.3,0.1,1.0,0,0,0,0,0
1.0,1,136,0.6,81.6,0.4,54.400000000000006,68.0,136.0,27.200000000000003,204.0,1.0,0.3,0.1,1.0,0,0,0,0,0
5609.0,14,8354,8.4,5012.4,5.6000000000000005,3341.6000000000004,298.355,596.71,119.34200000000001,895.065,400.64285714285717,120.19285714285715,0.1,5609.0,1,13,0,1,7
5499.0,19,3791,11.4,2274.6,7.6000000000000005,1516.4,99.765,199.53,39.906000000000006,299.295,289.42105263157896,86.82631578947368,0.1,5499.0,1,18,0,1,9
8818.0,15,3038,9.0,1822.8,6.0,1215.2,101.265,202.53,40.506,303.795,587.8666666666667,176.35999999999999,0.1,8818.0,1,14,0,1,7
1.0,1,191,0.6,114.6,0.4,76.4,95.5,191.0,38.2,286.5,1.0,0.3,0.1,1.0,0,0,0,0,0
9548.0,34,4641,20.4,2784.6,13.600000000000001,1856.4,68.25,136.5,27.3,204.75,280.8235294117647,84.2470588235294,0.1,9548.0,1,33,0,1,17
8493.0,12,6044,7.199999999999999,3626.4,4.800000000000001,2417.6,251.835,503.67,100.73400000000001,755.505,707.75,212.325,0.1,8493.0,1,11,0,1,6
9714.0,23,2523,13.799999999999999,1513.8,9.200000000000001,1009.2,54.85,109.7,21.94,164.55,422.3478260869565,126.70434782608694,0.1,9714.0,1,22,0,1,11
618.0,4,448,2.4,268.8,1.6,179.20000000000002,56.0,112.0,22.400000000000002,168.0,154.5,46.35,0.1,618.0,0,3,0,0,2
1.0,1,220,0.6,132.0,0.4,88.0,110.0,220.0,44.0,330.0,1.0,0.3,0.1,1.0,0,0,0,0,0
3808.0,2,238,1.2,142.79999999999998,0.8,95.2,59.5,119.0,23.8,178.5,1904.0,571.1999999999999,0.1,3808.0,0,1,0,0,1
1.0,1,107,0.6,64.2,0.4,42.800000000000004,53.5,107.0,21.400000000000002,160.5,1.0,0.3,0.1,1.0,0,0,0,0,0
1.0,1,131,0.6,78.6,0.4,52.400000000000006,65.5,131.0,26.200000000000003,196.5,1.0,0.3,0.1,1.0,0,0,0,0,0
1.0,2,500,1.2,300.0,0.8,200.0,125.0,250.0,50.0,375.0,0.5,0.15,0.1,1.0,0,1,0,0,1
3320.0,2,194,1.2,116.39999999999999,0.8,77.60000000000001,48.5,97.0,19.400000000000002,145.5,1660.0,498.0,0.1,3320.0,0,1,0,0,1
1.0,2,586,1.2,351.59999999999997,0.8,234.4,146.5,293.0,58.6,439.5,0.5,0.15,0.1,1.0,0,1,0,0,1
1.0,2,194,1.2,116.39999999999999,0.8,77.60000000000001,48.5,97.0,19.400000000000002,145.5,0.5,0.15,0.1,1.0,0,1,0,0,1
8111.000000000001,4,357,2.4,214.2,1.6,142.8,44.625,89.25,17.85,133.875,2027.7500000000002,608.325,0.1,8111.000000000001,1,3,0,1,2
17355.0,16,2970,9.6,1782.0,6.4,1188.0,92.81,185.62,37.124,278.43,1084.6875,325.40625,0.1,17355.0,1,15,0,1,8
7200.0,3,303,1.7999999999999998,181.79999999999998,1.2000000000000002,121.2,50.5,101.0,20.200000000000003,151.5,2400.0,720.0,0.1,7200.0,0,2,0,0,1
1.0,1,114,0.6,68.39999999999999,0.4,45.6,57.0,114.0,22.8,171.0,1.0,0.3,0.1,1.0,0,0,0,0,0
1.0,1,105,0.6,63.0,0.4,42.0,52.5,105.0,21.0,157.5,1.0,0.3,0.1,1.0,0,0,0,0,0
1.0,1,117,0.6,70.2,0.4,46.800000000000004,58.5,117.0,23.400000000000002,175.5,1.0,0.3,0.1,1.0,0,0,0,0,0
1.0,2,200,1.2,120.0,0.8,80.0,50.0,100.0,20.0,150.0,0.5,0.15,0.1,1.0,0,1,0,0,1
1.0,2,220,1.2,132.0,0.8,88.0,55.0,110.0,22.0,165.0,0.5,0.15,0.1,1.0,0,1,0,0,1
1.0,1,193,0.6,115.8,0.4,77.2,96.5,193.0,38.6,289.5,1.0,0.3,0.1,1.0,0,0,0,0,0
51.0,2,268,1.2,160.79999999999998,0.8,107.2,67.0,134.0,26.8,201.0,25.5,7.6499999999999995,0.1,51.0,0,1,0,0,1
1.0,2,206,1.2,123.6,0.8,82.4,51.5,103.0,20.6,154.5,0.5,0.15,0.1,1.0,0,1,0,0,1
1.0,1,132,0.6,79.2,0.4,52.800000000000004,66.0,132.0,26.400000000000002,198.0,1.0,0.3,0.1,1.0,0,0,0,0,0
1.0,2,194,1.2,116.39999999999999,0.8,77.60000000000001,48.5,97.0,19.400000000000002,145.5,0.5,0.15,0.1,1.0,0,1,0,0,1
1.0,2,212,1.2,127.19999999999999,0.8,84.80000000000001,53.0,106.0,21.200000000000003,159.0,0.5,0.15,0.1,1.0,0,1,0,0,1
1.0,1,170,0.6,102.0,0.4,68.0,85.0,170.0,34.0,255.0,1.0,0.3,0.1,1.0,0,0,0,0,0
8069.000000000001,4,357,2.4,214.2,1.6,142.8,44.625,89.25,17.85,133.875,2017.2500000000002,605.1750000000001,0.1,8069.000000000001,1,3,0,1,2
5028.0,3,351,1.7999999999999998,210.6,1.2000000000000002,140.4,58.5,117.0,23.400000000000002,175.5,1676.0,502.79999999999995,0.1,5028.0,1,2,0,1,1
10010.0,4,380,2.4,228.0,1.6,152.0,47.5,95.0,19.0,142.5,2502.5,750.75,0.1,10010.0,0,3,0,0,2
405.0,2,194,1.2,116.39999999999999,0.8,77.60000000000001,48.5,97.0,19.400000000000002,145.5,202.5,60.75,0.1,405.0,0,1,0,0,1
1.0,1,98,0.6,58.8,0.4,39.2,49.0,98.0,19.6,147.0,1.0,0.3,0.1,1.0,0,0,0,0,0
1.0,1,98,0.6,58.8,0.4,39.2,49.0,98.0,19.6,147.0,1.0,0.3,0.1,1.0,0,0,0,0,0
1.0,1,130,0.6,78.0,0.4,52.0,65.0,130.0,26.0,195.0,1.0,0.3,0.1,1.0,0,0,0,0,0
1.0,1,130,0.6,78.0,0.4,52.0,65.0,130.0,26.0,195.0,1.0,0.3,0.1,1.0,0,0,0,0,0
1.0,1,98,0.6,58.8,0.4,39.2,49.0,98.0,19.6,147.0,1.0,0.3,0.1,1.0,0,0,0,0,0
1.0,2,190,1.2,114.0,0.8,76.0,47.5,95.0,19.0,142.5,0.5,0.15,0.1,1.0,0,1,0,0,1
1.0,1,152,0.6,91.2,0.4,60.800000000000004,76.0,152.0,30.400000000000002,228.0,1.0,0.3,0.1,1.0,0,0,0,0,0
238.0,2,234,1.2,140.4,0.8,93.60000000000001,58.5,117.0,23.400000000000002,175.5,119.0,35.699999999999996,0.1,238.0,0,1,0,0,1
239.0,2,234,1.2,140.4,0.8,93.60000000000001,58.5,117.0,23.400000000000002,175.5,119.5,35.85,0.1,239.0,0,1,0,0,1
1.0,1,163,0.6,97.8,0.4,65.2,81.5,163.0,32.6,244.5,1.0,0.3,0.1,1.0,0,0,0,0,0
1.0,2,586,1.2,351.59999999999997,0.8,234.4,146.5,293.0,58.6,439.5,0.5,0.15,0.1,1.0,0,1,0,0,1
1.0,1,154,0.6,92.39999999999999,0.4,61.6,77.0,154.0,30.8,231.0,1.0,0.3,0.1,1.0,0,0,0,0,0
1.0,1,187,0.6,112.2,0.4,74.8,93.5,187.0,37.4,280.5,1.0,0.3,0.1,1.0,0,0,0,0,0
1.0,2,500,1.2,300.0,0.8,200.0,125.0,250.0,50.0,375.0,0.5,0.15,0.1,1.0,0,1,0,0,1
1.0,1,112,0.6,67.2,0.4,44.800000000000004,56.0,112.0,22.400000000000002,168.0,1.0,0.3,0.1,1.0,0,0,0,0,0
1.0,1,136,0.6,81.6,0.4,54.400000000000006,68.0,136.0,27.200000000000003,204.0,1.0,0.3,0.1,1.0,0,0,0,0,0
1.0,2,194,1.2,116.39999999999999,0.8,77.60000000000001,48.5,97.0,19.400000000000002,145.5,0.5,0.15,0.1,1.0,0,1,0,0,1
1.0,1,94,0.6,56.4,0.4,37.6,47.0,94.0,18.8,141.0,1.0,0.3,0.1,1.0,0,0,0,0,0
1.0,1,94,0.6,56.4,0.4,37.6,47.0,94.0,18.8,141.0,1.0,0.3,0.1,1.0,0,0,0,0,0
1.0,1,106,0.6,63.599999999999994,0.4,42.400000000000006,53.0,106.0,21.200000000000003,159.0,1.0,0.3,0.1,1.0,0,0,0,0,0
1.0,1,104,0.6,62.4,0.4,41.6,52.0,104.0,20.8,156.0,1.0,0.3,0.1,1.0,0,0,0,0,0
1.0,1,100,0.6,60.0,0.4,40.0,50.0,100.0,20.0,150.0,1.0,0.3,0.1,1.0,0,0,0,0,0
1.0,1,111,0.6,66.6,0.4,44.400000000000006,55.5,111.0,22.200000000000003,166.5,1.0,0.3,0.1,1.0,0,0,0,0,0
1.0,1,163,0.6,97.8,0.4,65.2,81.5,163.0,32.6,244.5,1.0,0.3,0.1,1.0,0,0,0,0,0
1.0,1,153,0.6,91.8,0.4,61.2,76.5,153.0,30.6,229.5,1.0,0.3,0.1,1.0,0,0,0,0,0
3.0,2,248,1.2,148.79999999999998,0.8,99.2,62.0,124.0,24.8,186.0,1.5,0.44999999999999996,0.1,3.0,0,1,0,0,1
1.0,1,204,0.6,122.39999999999999,0.4,81.60000000000001,102.0,204.0,40.800000000000004,306.0,1.0,0.3,0.1,1.0,0,0,0,0,0
1.0,2,350,1.2,210.0,0.8,140.0,87.5,175.0,35.0,262.5,0.5,0.15,0.1,1.0,0,1,0,0,1
1.0,1,98,0.6,58.8,0.4,39.2,49.0,98.0,19.6,147.0,1.0,0.3,0.1,1.0,0,0,0,0,0
1.0,1,130,0.6,78.0,0.4,52.0,65.0,130.0,26.0,195.0,1.0,0.3,0.1,1.0,0,0,0,0,0
1.0,1,98,0.6,58.8,0.4,39.2,49.0,98.0,19.6,147.0,1.0,0.3,0.1,1.0,0,0,0,0,0
1.0,1,154,0.6,92.39999999999999,0.4,61.6,77.0,154.0,30.8,231.0,1.0,0.3,0.1,1.0,0,0,0,0,0
1.0,1,100,0.6,60.0,0.4,40.0,50.0,100.0,20.0,150.0,1.0,0.3,0.1,1.0,0,0,0,0,0
2398.0,12,3512,7.199999999999999,2107.2,4.800000000000001,1404.8000000000002,146.335,292.67,58.534000000000006,439.005,199.83333333333334,59.95,0.1,2398.0,1,11,0,1,6
2374.0,12,2795,7.199999999999999,1677.0,4.800000000000001,1118.0,116.46,232.92,46.584,349.38,197.83333333333334,59.35,0.1,2374.0,1,11,0,1,6
19490.0,18,3145,10.799999999999999,1887.0,7.2,1258.0,87.36,174.72,34.944,262.08,1082.7777777777778,324.8333333333333,0.1,19490.0,1,17,0,1,9
5248.0,18,5619,10.799999999999999,3371.4,7.2,2247.6,156.085,312.17,62.434000000000005,468.255,291.55555555555554,87.46666666666665,0.1,5248.0,1,17,0,1,9
19425.0,19,3199,11.4,1919.3999999999999,7.6000000000000005,1279.6000000000001,84.185,168.37,33.674,252.555,1022.3684210526316,306.7105263157895,0.1,19425.0,1,18,0,1,9
5432.0,18,5607,10.799999999999999,3364.2,7.2,2242.8,155.75,311.5,62.300000000000004,467.25,301.77777777777777,90.53333333333333,0.1,5432.0,1,17,0,1,9
5566.0,21,3622,12.6,2173.2,8.4,1448.8000000000002,86.24,172.48,34.496,258.71999999999997,265.04761904761904,79.5142857142857,0.1,5566.0,1,20,0,1,10
5606.0,21,3622,12.6,2173.2,8.4,1448.8000000000002,86.24,172.48,34.496,258.71999999999997,266.95238095238096,80.08571428571429,0.1,5606.0,1,20,0,1,10
5789.0,22,3688,13.2,2212.7999999999997,8.8,1475.2,83.82,167.64,33.528,251.45999999999998,263.1363636363636,78.94090909090909,0.1,5789.0,1,21,0,1,11
5900.0,21,3622,12.6,2173.2,8.4,1448.8000000000002,86.24,172.48,34.496,258.71999999999997,280.95238095238096,84.28571428571429,0.1,5900.0,1,20,0,1,10
5993.0,20,3556,12.0,2133.6,8.0,1422.4,88.9,177.8,35.56,266.70000000000005,299.65,89.895,0.1,5993.0,1,19,0,1,10
5896.0,22,3688,13.2,2212.7999999999997,8.8,1475.2,83.82,167.64,33.528,251.45999999999998,268.0,80.39999999999999,0.1,5896.0,1,21,0,1,11
5985.0,21,3370,12.6,2022.0,8.4,1348.0,80.24,160.48,32.096,240.71999999999997,285.0,85.5,0.1,5985.0,1,20,0,1,10
6036.0,21,3370,12.6,2022.0,8.4,1348.0,80.24,160.48,32.096,240.71999999999997,287.42857142857144,86.22857142857143,0.1,6036.0,1,20,0,1,10
6093.0,20,3316,12.0,1989.6,8.0,1326.4,82.9,165.8,33.160000000000004,248.70000000000002,304.65,91.395,0.1,6093.0,1,19,0,1,10
5976.0,16,13197,9.6,7918.2,6.4,5278.8,412.405,824.81,164.962,1237.215,373.5,112.05,0.1,5976.0,1,15,0,1,8
541.0,12,2908,7.199999999999999,1744.8,4.800000000000001,1163.2,121.165,242.33,48.46600000000001,363.495,45.083333333333336,13.525,0.1,541.0,1,11,0,1,6
553.0,12,2908,7.199999999999999,1744.8,4.800000000000001,1163.2,121.165,242.33,48.46600000000001,363.495,46.083333333333336,13.825000000000001,0.1,553.0,1,11,0,1,6
317.0,13,2830,7.8,1698.0,5.2,1132.0,108.845,217.69,43.538000000000004,326.53499999999997,24.384615384615383,7.315384615384614,0.1,317.0,1,12,0,1,6
548.0,13,2974,7.8,1784.3999999999999,5.2,1189.6000000000001,114.385,228.77,45.754000000000005,343.15500000000003,42.15384615384615,12.646153846153846,0.1,548.0,1,12,0,1,6
354.0,13,2830,7.8,1698.0,5.2,1132.0,108.845,217.69,43.538000000000004,326.53499999999997,27.23076923076923,8.169230769230769,0.1,354.0,1,12,0,1,6
367.0,12,2776,7.199999999999999,1665.6,4.800000000000001,1110.4,115.665,231.33,46.266000000000005,346.995,30.583333333333332,9.174999999999999,0.1,367.0,1,11,0,1,6
347.0,13,2830,7.8,1698.0,5.2,1132.0,108.845,217.69,43.538000000000004,326.53499999999997,26.692307692307693,8.007692307692308,0.1,347.0,1,12,0,1,6
360.0,11,2722,6.6,1633.2,4.4,1088.8,123.725,247.45,49.49,371.17499999999995,32.72727272727273,9.818181818181818,0.1,360.0,1,10,0,1,5
5066.0,10,3258,6.0,1954.8,4.0,1303.2,162.9,325.8,65.16000000000001,488.70000000000005,506.6,151.98,0.1,5066.0,1,9,0,1,5
1.0,1,100,0.6,60.0,0.4,40.0,50.0,100.0,20.0,150.0,1.0,0.3,0.1,1.0,0,0,0,0,0
1.0,1,128,0.6,76.8,0.4,51.2,64.0,128.0,25.6,192.0,1.0,0.3,0.1,1.0,0,0,0,0,0
1.0,1,112,0.6,67.2,0.4,44.800000000000004,56.0,112.0,22.400000000000002,168.0,1.0,0.3,0.1,1.0,0,0,0,0,0
1.0,1,112,0.6,67.2,0.4,44.800000000000004,56.0,112.0,22.400000000000002,168.0,1.0,0.3,0.1,1.0,0,0,0,0,0
1.0,1,116,0.6,69.6,0.4,46.400000000000006,58.0,116.0,23.200000000000003,174.0,1.0,0.3,0.1,1.0,0,0,0,0,0
1.0,1,145,0.6,87.0,0.4,58.0,72.5,145.0,29.0,217.5,1.0,0.3,0.1,1.0,0,0,0,0,0
1.0,1,139,0.6,83.39999999999999,0.4,55.6,69.5,139.0,27.8,208.5,1.0,0.3,0.1,1.0,0,0,0,0,0
5415.0,10,2681,6.0,1608.6,4.0,1072.4,134.05,268.1,53.620000000000005,402.15000000000003,541.5,162.45,0.1,5415.0,1,9,0,1,5
1.0,1,105,0.6,63.0,0.4,42.0,52.5,105.0,21.0,157.5,1.0,0.3,0.1,1.0,0,0,0,0,0
1.0,1,105,0.6,63.0,0.4,42.0,52.5,105.0,21.0,157.5,1.0,0.3,0.1,1.0,0,0,0,0,0
1.0,1,193,0.6,115.8,0.4,77.2,96.5,193.0,38.6,289.5,1.0,0.3,0.1,1.0,0,0,0,0,0
1.0,2,268,1.2,160.79999999999998,0.8,107.2,67.0,134.0,26.8,201.0,0.5,0.15,0.1,1.0,0,1,0,0,1
1.0,1,103,0.6,61.8,0.4,41.2,51.5,103.0,20.6,154.5,1.0,0.3,0.1,1.0,0,0,0,0,0
1.0,1,153,0.6,91.8,0.4,61.2,76.5,153.0,30.6,229.5,1.0,0.3,0.1,1.0,0,0,0,0,0
1.0,1,93,0.6,55.8,0.4,37.2,46.5,93.0,18.6,139.5,1.0,0.3,0.1,1.0,0,0,0,0,0
1.0,1,139,0.6,83.39999999999999,0.4,55.6,69.5,139.0,27.8,208.5,1.0,0.3,0.1,1.0,0,0,0,0,0
1.0,1,93,0.6,55.8,0.4,37.2,46.5,93.0,18.6,139.5,1.0,0.3,0.1,1.0,0,0,0,0,0
5843.0,9,2615,5.3999999999999995,1569.0,3.6,1046.0,145.28,290.56,58.112,435.84000000000003,649.2222222222222,194.76666666666665,0.1,5843.0,1,8,0,1,4
5339.0,9,2519,5.3999999999999995,1511.3999999999999,3.6,1007.6,139.945,279.89,55.978,419.835,593.2222222222222,177.96666666666664,0.1,5339.0,1,8,0,1,4
247.0,14,2884,8.4,1730.3999999999999,5.6000000000000005,1153.6000000000001,103.0,206.0,41.2,309.0,17.642857142857142,5.292857142857143,0.1,247.0,1,13,0,1,7
361.0,18,3646,10.799999999999999,2187.6,7.2,1458.4,101.28,202.56,40.512,303.84000000000003,20.055555555555557,6.016666666666667,0.1,361.0,1,17,0,1,9
444.0,11,2833,6.6,1699.8,4.4,1133.2,128.775,257.55,51.510000000000005,386.32500000000005,40.36363636363637,12.10909090909091,0.1,444.0,1,10,0,1,5
17983.0,17,6288,10.2,3772.7999999999997,6.800000000000001,2515.2000000000003,184.94,369.88,73.976,554.8199999999999,1057.8235294117646,317.3470588235294,0.1,17983.0,1,16,0,1,8
16410.0,8,834,4.8,500.4,3.2,333.6,52.125,104.25,20.85,156.375,2051.25,615.375,0.1,16410.0,1,7,0,1,4
1.0,1,365,0.6,219.0,0.4,146.0,182.5,365.0,73.0,547.5,1.0,0.3,0.1,1.0,0,0,0,0,0
1.0,1,221,0.6,132.6,0.4,88.4,110.5,221.0,44.2,331.5,1.0,0.3,0.1,1.0,0,0,0,0,0
1.0,1,117,0.6,70.2,0.4,46.800000000000004,58.5,117.0,23.400000000000002,175.5,1.0,0.3,0.1,1.0,0,0,0,0,0
1.0,1,151,0.6,90.6,0.4,60.400000000000006,75.5,151.0,30.200000000000003,226.5,1.0,0.3,0.1,1.0,0,0,0,0,0
1.0,1,95,0.6,57.0,0.4,38.0,47.5,95.0,19.0,142.5,1.0,0.3,0.1,1.0,0,0,0,0,0
1.0,1,111,0.6,66.6,0.4,44.400000000000006,55.5,111.0,22.200000000000003,166.5,1.0,0.3,0.1,1.0,0,0,0,0,0
1.0,1,95,0.6,57.0,0.4,38.0,47.5,95.0,19.0,142.5,1.0,0.3,0.1,1.0,0,0,0,0,0
1.0,1,123,0.6,73.8,0.4,49.2,61.5,123.0,24.6,184.5,1.0,0.3,0.1,1.0,0,0,0,0,0
1.0,1,128,0.6,76.8,0.4,51.2,64.0,128.0,25.6,192.0,1.0,0.3,0.1,1.0,0,0,0,0,0
2.0,2,430,1.2,258.0,0.8,172.0,107.5,215.0,43.0,322.5,1.0,0.3,0.1,2.0,0,1,0,0,1
1.0,1,247,0.6,148.2,0.4,98.80000000000001,123.5,247.0,49.400000000000006,370.5,1.0,0.3,0.1,1.0,0,0,0,0,0
3034.0,12,3492,7.199999999999999,2095.2,4.800000000000001,1396.8000000000002,145.5,291.0,58.2,436.5,252.83333333333334,75.85,0.1,3034.0,1,11,0,1,6
1.0,1,130,0.6,78.0,0.4,52.0,65.0,130.0,26.0,195.0,1.0,0.3,0.1,1.0,0,0,0,0,0
1.0,1,249,0.6,149.4,0.4,99.60000000000001,124.5,249.0,49.800000000000004,373.5,1.0,0.3,0.1,1.0,0,0,0,0,0
392.0,11,2843,6.6,1705.8,4.4,1137.2,129.225,258.45,51.69,387.67499999999995,35.63636363636363,10.69090909090909,0.1,392.0,1,10,0,1,5
2643.0,9,2592,5.3999999999999995,1555.2,3.6,1036.8,144.0,288.0,57.6,432.0,293.6666666666667,88.10000000000001,0.1,2643.0,1,8,0,1,4
407.0,16,3486,9.6,2091.6,6.4,1394.4,108.94,217.88,43.576,326.82,25.4375,7.63125,0.1,407.0,1,15,0,1,8
1.0,1,185,0.6,111.0,0.4,74.0,92.5,185.0,37.0,277.5,1.0,0.3,0.1,1.0,0,0,0,0,0
472.0,13,2970,7.8,1782.0,5.2,1188.0,114.23,228.46,45.69200000000001,342.69,36.30769230769231,10.892307692307691,0.1,472.0,1,12,0,1,6
1.0,1,143,0.6,85.8,0.4,57.2,71.5,143.0,28.6,214.5,1.0,0.3,0.1,1.0,0,0,0,0,0
1.0,1,102,0.6,61.199999999999996,0.4,40.800000000000004,51.0,102.0,20.400000000000002,153.0,1.0,0.3,0.1,1.0,0,0,0,0,0
1.0,1,143,0.6,85.8,0.4,57.2,71.5,143.0,28.6,214.5,1.0,0.3,0.1,1.0,0,0,0,0,0
1.0,1,102,0.6,61.199999999999996,0.4,40.800000000000004,51.0,102.0,20.400000000000002,153.0,1.0,0.3,0.1,1.0,0,0,0,0,0
1.0,1,114,0.6,68.39999999999999,0.4,45.6,57.0,114.0,22.8,171.0,1.0,0.3,0.1,1.0,0,0,0,0,0
492.0,17,5491,10.2,3294.6,6.800000000000001,2196.4,161.5,323.0,64.60000000000001,484.5,28.941176470588236,8.68235294117647,0.1,492.0,0,16,0,0,8
540.0,9,2700,5.3999999999999995,1620.0,3.6,1080.0,150.0,300.0,60.0,450.0,60.0,18.0,0.1,540.0,1,8,0,1,4
1.0,1,114,0.6,68.39999999999999,0.4,45.6,57.0,114.0,22.8,171.0,1.0,0.3,0.1,1.0,0,0,0,0,0
561.0,14,3468,8.4,2080.7999999999997,5.6000000000000005,1387.2,123.855,247.71,49.542,371.565,40.07142857142857,12.02142857142857,0.1,561.0,1,13,0,1,7
1.0,1,100,0.6,60.0,0.4,40.0,50.0,100.0,20.0,150.0,1.0,0.3,0.1,1.0,0,0,0,0,0
1.0,1,100,0.6,60.0,0.4,40.0,50.0,100.0,20.0,150.0,1.0,0.3,0.1,1.0,0,0,0,0,0
1.0,1,128,0.6,76.8,0.4,51.2,64.0,128.0,25.6,192.0,1.0,0.3,0.1,1.0,0,0,0,0,0
1.0,1,247,0.6,148.2,0.4,98.80000000000001,123.5,247.0,49.400000000000006,370.5,1.0,0.3,0.1,1.0,0,0,0,0,0
1.0,1,183,0.6,109.8,0.4,73.2,91.5,183.0,36.6,274.5,1.0,0.3,0.1,1.0,0,0,0,0,0
1.0,1,159,0.6,95.39999999999999,0.4,63.6,79.5,159.0,31.8,238.5,1.0,0.3,0.1,1.0,0,0,0,0,0
1.0,1,153,0.6,91.8,0.4,61.2,76.5,153.0,30.6,229.5,1.0,0.3,0.1,1.0,0,0,0,0,0
1.0,1,100,0.6,60.0,0.4,40.0,50.0,100.0,20.0,150.0,1.0,0.3,0.1,1.0,0,0,0,0,0
1.0,1,165,0.6,99.0,0.4,66.0,82.5,165.0,33.0,247.5,1.0,0.3,0.1,1.0,0,0,0,0,0
1.0,2,196,1.2,117.6,0.8,78.4,49.0,98.0,19.6,147.0,0.5,0.15,0.1,1.0,0,1,0,0,1
1.0,2,240,1.2,144.0,0.8,96.0,60.0,120.0,24.0,180.0,0.5,0.15,0.1,1.0,0,1,0,0,1
307.0,10,3348,6.0,2008.8,4.0,1339.2,167.4,334.8,66.96000000000001,502.20000000000005,30.7,9.209999999999999,0.1,307.0,1,9,0,1,5
344.0,7,2421,4.2,1452.6,2.8000000000000003,968.4000000000001,172.93,345.86,69.17200000000001,518.79,49.142857142857146,14.742857142857144,0.1,344.0,1,6,0,1,3
1.0,1,202,0.6,121.19999999999999,0.4,80.80000000000001,101.0,202.0,40.400000000000006,303.0,1.0,0.3,0.1,1.0,0,0,0,0,0
1.0,1,298,0.6,178.79999999999998,0.4,119.2,149.0,298.0,59.6,447.0,1.0,0.3,0.1,1.0,0,0,0,0,0
1.0,1,100,0.6,60.0,0.4,40.0,50.0,100.0,20.0,150.0,1.0,0.3,0.1,1.0,0,0,0,0,0
1.0,1,100,0.6,60.0,0.4,40.0,50.0,100.0,20.0,150.0,1.0,0.3,0.1,1.0,0,0,0,0,0
1.0,1,159,0.6,95.39999999999999,0.4,63.6,79.5,159.0,31.8,238.5,1.0,0.3,0.1,1.0,0,0,0,0,0
1.0,1,153,0.6,91.8,0.4,61.2,76.5,153.0,30.6,229.5,1.0,0.3,0.1,1.0,0,0,0,0,0
1.0,1,100,0.6,60.0,0.4,40.0,50.0,100.0,20.0,150.0,1.0,0.3,0.1,1.0,0,0,0,0,0
1.0,1,165,0.6,99.0,0.4,66.0,82.5,165.0,33.0,247.5,1.0,0.3,0.1,1.0,0,0,0,0,0
1.0,1,98,0.6,58.8,0.4,39.2,49.0,98.0,19.6,147.0,1.0,0.3,0.1,1.0,0,0,0,0,0
1.0,1,114,0.6,68.39999999999999,0.4,45.6,57.0,114.0,22.8,171.0,1.0,0.3,0.1,1.0,0,0,0,0,0
1.0,1,98,0.6,58.8,0.4,39.2,49.0,98.0,19.6,147.0,1.0,0.3,0.1,1.0,0,0,0,0,0
1.0,1,126,0.6,75.6,0.4,50.400000000000006,63.0,126.0,25.200000000000003,189.0,1.0,0.3,0.1,1.0,0,0,0,0,0
1.0,1,100,0.6,60.0,0.4,40.0,50.0,100.0,20.0,150.0,1.0,0.3,0.1,1.0,0,0,0,0,0
1.0,1,100,0.6,60.0,0.4,40.0,50.0,100.0,20.0,150.0,1.0,0.3,0.1,1.0,0,0,0,0,0
1.0,1,159,0.6,95.39999999999999,0.4,63.6,79.5,159.0,31.8,238.5,1.0,0.3,0.1,1.0,0,0,0,0,0
1.0,1,153,0.6,91.8,0.4,61.2,76.5,153.0,30.6,229.5,1.0,0.3,0.1,1.0,0,0,0,0,0
1.0,1,100,0.6,60.0,0.4,40.0,50.0,100.0,20.0,150.0,1.0,0.3,0.1,1.0,0,0,0,0,0
1.0,1,165,0.6,99.0,0.4,66.0,82.5,165.0,33.0,247.5,1.0,0.3,0.1,1.0,0,0,0,0,0
1.0,1,98,0.6,58.8,0.4,39.2,49.0,98.0,19.6,147.0,1.0,0.3,0.1,1.0,0,0,0,0,0
1.0,1,114,0.6,68.39999999999999,0.4,45.6,57.0,114.0,22.8,171.0,1.0,0.3,0.1,1.0,0,0,0,0,0
1.0,1,98,0.6,58.8,0.4,39.2,49.0,98.0,19.6,147.0,1.0,0.3,0.1,1.0,0,0,0,0,0
1.0,1,126,0.6,75.6,0.4,50.400000000000006,63.0,126.0,25.200000000000003,189.0,1.0,0.3,0.1,1.0,0,0,0,0,0
320.0,14,5308,8.4,3184.7999999999997,5.6000000000000005,2123.2000000000003,189.57,379.14,75.828,568.71,22.857142857142858,6.857142857142857,0.1,320.0,0,13,0,0,7
284.0,13,2962,7.8,1777.2,5.2,1184.8,113.925,227.85,45.57,341.775,21.846153846153847,6.553846153846154,0.1,284.0,1,12,0,1,6
276.0,14,3051,8.4,1830.6,5.6000000000000005,1220.4,108.965,217.93,43.586000000000006,326.895,19.714285714285715,5.914285714285715,0.1,276.0,1,13,0,1,7
297.0,13,2985,7.8,1791.0,5.2,1194.0,114.81,229.62,45.92400000000001,344.43,22.846153846153847,6.8538461538461535,0.1,297.0,1,12,0,1,6
6654.0,30,8569,18.0,5141.4,12.0,3427.6000000000004,142.815,285.63,57.126000000000005,428.445,221.8,66.54,0.1,6654.0,1,29,0,1,15
5135.0,10,2573,6.0,1543.8,4.0,1029.2,128.65,257.3,51.46000000000001,385.95000000000005,513.5,154.04999999999998,0.1,5135.0,1,9,0,1,5
5118.0,8,4970,4.8,2982.0,3.2,1988.0,310.625,621.25,124.25,931.875,639.75,191.92499999999998,0.1,5118.0,1,7,0,1,4
1.0,1,93,0.6,55.8,0.4,37.2,46.5,93.0,18.6,139.5,1.0,0.3,0.1,1.0,0,0,0,0,0
1.0,1,143,0.6,85.8,0.4,57.2,71.5,143.0,28.6,214.5,1.0,0.3,0.1,1.0,0,0,0,0,0
1.0,1,102,0.6,61.199999999999996,0.4,40.800000000000004,51.0,102.0,20.400000000000002,153.0,1.0,0.3,0.1,1.0,0,0,0,0,0
41.0,2,194,1.2,116.39999999999999,0.8,77.60000000000001,48.5,97.0,19.400000000000002,145.5,20.5,6.1499999999999995,0.1,41.0,0,1,0,0,1
1.0,1,97,0.6,58.199999999999996,0.4,38.800000000000004,48.5,97.0,19.400000000000002,145.5,1.0,0.3,0.1,1.0,0,0,0,0,0
1.0,1,114,0.6,68.39999999999999,0.4,45.6,57.0,114.0,22.8,171.0,1.0,0.3,0.1,1.0,0,0,0,0,0
1.0,1,105,0.6,63.0,0.4,42.0,52.5,105.0,21.0,157.5,1.0,0.3,0.1,1.0,0,0,0,0,0
289.0,8,3238,4.8,1942.8,3.2,1295.2,202.375,404.75,80.95,607.125,36.125,10.8375,0.1,289.0,0,7,0,0,4
1.0,1,149,0.6,89.39999999999999,0.4,59.6,74.5,149.0,29.8,223.5,1.0,0.3,0.1,1.0,0,0,0,0,0
1.0,1,130,0.6,78.0,0.4,52.0,65.0,130.0,26.0,195.0,1.0,0.3,0.1,1.0,0,0,0,0,0
1.0,1,171,0.6,102.6,0.4,68.4,85.5,171.0,34.2,256.5,1.0,0.3,0.1,1.0,0,0,0,0,0
1.0,1,142,0.6,85.2,0.4,56.800000000000004,71.0,142.0,28.400000000000002,213.0,1.0,0.3,0.1,1.0,0,0,0,0,0
322.0,15,3095,9.0,1857.0,6.0,1238.0,103.165,206.33,41.266000000000005,309.495,21.466666666666665,6.4399999999999995,0.1,322.0,1,14,0,1,7
1.0,2,200,1.2,120.0,0.8,80.0,50.0,100.0,20.0,150.0,0.5,0.15,0.1,1.0,0,1,0,0,1
34.0,2,318,1.2,190.79999999999998,0.8,127.2,79.5,159.0,31.8,238.5,17.0,5.1,0.1,34.0,0,1,0,0,1
1.0,1,98,0.6,58.8,0.4,39.2,49.0,98.0,19.6,147.0,1.0,0.3,0.1,1.0,0,0,0,0,0
1.0,1,114,0.6,68.39999999999999,0.4,45.6,57.0,114.0,22.8,171.0,1.0,0.3,0.1,1.0,0,0,0,0,0
1.0,1,98,0.6,58.8,0.4,39.2,49.0,98.0,19.6,147.0,1.0,0.3,0.1,1.0,0,0,0,0,0
1.0,1,126,0.6,75.6,0.4,50.400000000000006,63.0,126.0,25.200000000000003,189.0,1.0,0.3,0.1,1.0,0,0,0,0,0
1.0,1,132,0.6,79.2,0.4,52.800000000000004,66.0,132.0,26.400000000000002,198.0,1.0,0.3,0.1,1.0,0,0,0,0,0
2.0,2,194,1.2,116.39999999999999,0.8,77.60000000000001,48.5,97.0,19.400000000000002,145.5,1.0,0.3,0.1,2.0,0,1,0,0,1
1.0,1,143,0.6,85.8,0.4,57.2,71.5,143.0,28.6,214.5,1.0,0.3,0.1,1.0,0,0,0,0,0
1.0,1,102,0.6,61.199999999999996,0.4,40.800000000000004,51.0,102.0,20.400000000000002,153.0,1.0,0.3,0.1,1.0,0,0,0,0,0
1.0,1,114,0.6,68.39999999999999,0.4,45.6,57.0,114.0,22.8,171.0,1.0,0.3,0.1,1.0,0,0,0,0,0
378.0,7,3076,4.2,1845.6,2.8000000000000003,1230.4,219.715,439.43,87.88600000000001,659.145,54.0,16.2,0.1,378.0,0,6,0,0,3
274.0,17,3474,10.2,2084.4,6.800000000000001,1389.6000000000001,102.175,204.35,40.870000000000005,306.525,16.11764705882353,4.8352941176470585,0.1,274.0,1,16,0,1,8
248.0,17,2432,10.2,1459.2,6.800000000000001,972.8000000000001,71.53,143.06,28.612000000000002,214.59,14.588235294117647,4.376470588235294,0.1,248.0,1,16,0,1,8
1.0,1,143,0.6,85.8,0.4,57.2,71.5,143.0,28.6,214.5,1.0,0.3,0.1,1.0,0,0,0,0,0
2.0,2,216,1.2,129.6,0.8,86.4,54.0,108.0,21.6,162.0,1.0,0.3,0.1,2.0,0,1,0,0,1
1.0,1,102,0.6,61.199999999999996,0.4,40.800000000000004,51.0,102.0,20.400000000000002,153.0,1.0,0.3,0.1,1.0,0,0,0,0,0
169.0,16,4147,9.6,2488.2,6.4,1658.8000000000002,129.595,259.19,51.838,388.78499999999997,10.5625,3.1687499999999997,0.1,169.0,1,15,0,1,8
225.0,14,2809,8.4,1685.3999999999999,5.6000000000000005,1123.6000000000001,100.32,200.64,40.128,300.96,16.071428571428573,4.821428571428572,0.1,225.0,1,13,0,1,7
1.0,1,142,0.6,85.2,0.4,56.800000000000004,71.0,142.0,28.400000000000002,213.0,1.0,0.3,0.1,1.0,0,0,0,0,0
1.0,1,261,0.6,156.6,0.4,104.4,130.5,261.0,52.2,391.5,1.0,0.3,0.1,1.0,0,0,0,0,0
1.0,1,197,0.6,118.19999999999999,0.4,78.80000000000001,98.5,197.0,39.400000000000006,295.5,1.0,0.3,0.1,1.0,0,0,0,0,0
1.0,1,124,0.6,74.39999999999999,0.4,49.6,62.0,124.0,24.8,186.0,1.0,0.3,0.1,1.0,0,0,0,0,0
1.0,1,365,0.6,219.0,0.4,146.0,182.5,365.0,73.0,547.5,1.0,0.3,0.1,1.0,0,0,0,0,0
1.0,2,194,1.2,116.39999999999999,0.8,77.60000000000001,48.5,97.0,19.400000000000002,145.5,0.5,0.15,0.1,1.0,0,1,0,0,1
1.0,1,221,0.6,132.6,0.4,88.4,110.5,221.0,44.2,331.5,1.0,0.3,0.1,1.0,0,0,0,0,0
1.0,1,339,0.6,203.4,0.4,135.6,169.5,339.0,67.8,508.5,1.0,0.3,0.1,1.0,0,0,0,0,0
1.0,1,195,0.6,117.0,0.4,78.0,97.5,195.0,39.0,292.5,1.0,0.3,0.1,1.0,0,0,0,0,0
1.0,1,102,0.6,61.199999999999996,0.4,40.800000000000004,51.0,102.0,20.400000000000002,153.0,1.0,0.3,0.1,1.0,0,0,0,0,0
1.0,1,130,0.6,78.0,0.4,52.0,65.0,130.0,26.0,195.0,1.0,0.3,0.1,1.0,0,0,0,0,0
1.0,2,198,1.2,118.8,0.8,79.2,49.5,99.0,19.8,148.5,0.5,0.15,0.1,1.0,0,1,0,0,1
1.0,1,249,0.6,149.4,0.4,99.60000000000001,124.5,249.0,49.800000000000004,373.5,1.0,0.3,0.1,1.0,0,0,0,0,0
1.0,1,128,0.6,76.8,0.4,51.2,64.0,128.0,25.6,192.0,1.0,0.3,0.1,1.0,0,0,0,0,0
1.0,1,247,0.6,148.2,0.4,98.80000000000001,123.5,247.0,49.400000000000006,370.5,1.0,0.3,0.1,1.0,0,0,0,0,0
1.0,1,185,0.6,111.0,0.4,74.0,92.5,185.0,37.0,277.5,1.0,0.3,0.1,1.0,0,0,0,0,0
1.0,1,183,0.6,109.8,0.4,73.2,91.5,183.0,36.6,274.5,1.0,0.3,0.1,1.0,0,0,0,0,0
542.0,16,3149,9.6,1889.3999999999999,6.4,1259.6000000000001,98.405,196.81,39.362,295.21500000000003,33.875,10.1625,0.1,542.0,1,15,0,1,8
1076.0,12,2883,7.199999999999999,1729.8,4.800000000000001,1153.2,120.125,240.25,48.050000000000004,360.375,89.66666666666667,26.900000000000002,0.1,1076.0,1,11,0,1,6
416.0,20,5258,12.0,3154.7999999999997,8.0,2103.2000000000003,131.45,262.9,52.58,394.34999999999997,20.8,6.24,0.1,416.0,0,19,0,0,10
405.0,10,2757,6.0,1654.2,4.0,1102.8,137.85,275.7,55.14,413.54999999999995,40.5,12.15,0.1,405.0,1,9,0,1,5
1.0,1,121,0.6,72.6,0.4,48.400000000000006,60.5,121.0,24.200000000000003,181.5,1.0,0.3,0.1,1.0,0,0,0,0,0
1.0,1,133,0.6,79.8,0.4,53.2,66.5,133.0,26.6,199.5,1.0,0.3,0.1,1.0,0,0,0,0,0
1.0,1,112,0.6,67.2,0.4,44.800000000000004,56.0,112.0,22.400000000000002,168.0,1.0,0.3,0.1,1.0,0,0,0,0,0
32.0,2,218,1.2,130.79999999999998,0.8,87.2,54.5,109.0,21.8,163.5,16.0,4.8,0.1,32.0,0,1,0,0,1
1.0,1,142,0.6,85.2,0.4,56.800000000000004,71.0,142.0,28.400000000000002,213.0,1.0,0.3,0.1,1.0,0,0,0,0,0
1.0,1,98,0.6,58.8,0.4,39.2,49.0,98.0,19.6,147.0,1.0,0.3,0.1,1.0,0,0,0,0,0
6801.0,22,4225,13.2,2535.0,8.8,1690.0,96.025,192.05,38.410000000000004,288.07500000000005,309.1363636363636,92.74090909090908,0.1,6801.0,1,21,0,1,11
1.0,1,99,0.6,59.4,0.4,39.6,49.5,99.0,19.8,148.5,1.0,0.3,0.1,1.0,0,0,0,0,0
29.0,2,500,1.2,300.0,0.8,200.0,125.0,250.0,50.0,375.0,14.5,4.35,0.1,29.0,0,1,0,0,1
1.0,1,138,0.6,82.8,0.4,55.2,69.0,138.0,27.6,207.0,1.0,0.3,0.1,1.0,0,0,0,0,0
1.0,2,530,1.2,318.0,0.8,212.0,132.5,265.0,53.0,397.5,0.5,0.15,0.1,1.0,0,1,0,0,1
253.0,7,3159,4.2,1895.3999999999999,2.8000000000000003,1263.6000000000001,225.645,451.29,90.25800000000001,676.9350000000001,36.142857142857146,10.842857142857143,0.1,253.0,0,6,0,0,3
1.0,1,365,0.6,219.0,0.4,146.0,182.5,365.0,73.0,547.5,1.0,0.3,0.1,1.0,0,0,0,0,0
1.0,1,221,0.6,132.6,0.4,88.4,110.5,221.0,44.2,331.5,1.0,0.3,0.1,1.0,0,0,0,0,0
1.0,1,247,0.6,148.2,0.4,98.80000000000001,123.5,247.0,49.400000000000006,370.5,1.0,0.3,0.1,1.0,0,0,0,0,0
1.0,1,183,0.6,109.8,0.4,73.2,91.5,183.0,36.6,274.5,1.0,0.3,0.1,1.0,0,0,0,0,0
1.0,1,249,0.6,149.4,0.4,99.60000000000001,124.5,249.0,49.800000000000004,373.5,1.0,0.3,0.1,1.0,0,0,0,0,0
1.0,1,185,0.6,111.0,0.4,74.0,92.5,185.0,37.0,277.5,1.0,0.3,0.1,1.0,0,0,0,0,0
281.0,7,3154,4.2,1892.3999999999999,2.8000000000000003,1261.6000000000001,225.285,450.57,90.114,675.855,40.142857142857146,12.042857142857143,0.1,281.0,0,6,0,0,3
1.0,2,430,1.2,258.0,0.8,172.0,107.5,215.0,43.0,322.5,0.5,0.15,0.1,1.0,0,1,0,0,1
1.0,1,100,0.6,60.0,0.4,40.0,50.0,100.0,20.0,150.0,1.0,0.3,0.1,1.0,0,0,0,0,0
1.0,1,98,0.6,58.8,0.4,39.2,49.0,98.0,19.6,147.0,1.0,0.3,0.1,1.0,0,0,0,0,0
1.0,1,114,0.6,68.39999999999999,0.4,45.6,57.0,114.0,22.8,171.0,1.0,0.3,0.1,1.0,0,0,0,0,0
1.0,1,153,0.6,91.8,0.4,61.2,76.5,153.0,30.6,229.5,1.0,0.3,0.1,1.0,0,0,0,0,0
1.0,1,98,0.6,58.8,0.4,39.2,49.0,98.0,19.6,147.0,1.0,0.3,0.1,1.0,0,0,0,0,0
1.0,1,100,0.6,60.0,0.4,40.0,50.0,100.0,20.0,150.0,1.0,0.3,0.1,1.0,0,0,0,0,0
1.0,1,126,0.6,75.6,0.4,50.400000000000006,63.0,126.0,25.200000000000003,189.0,1.0,0.3,0.1,1.0,0,0,0,0,0
1.0,1,165,0.6,99.0,0.4,66.0,82.5,165.0,33.0,247.5,1.0,0.3,0.1,1.0,0,0,0,0,0
1.0,1,100,0.6,60.0,0.4,40.0,50.0,100.0,20.0,150.0,1.0,0.3,0.1,1.0,0,0,0,0,0
1.0,1,153,0.6,91.8,0.4,61.2,76.5,153.0,30.6,229.5,1.0,0.3,0.1,1.0,0,0,0,0,0
1.0,1,100,0.6,60.0,0.4,40.0,50.0,100.0,20.0,150.0,1.0,0.3,0.1,1.0,0,0,0,0,0
1.0,1,165,0.6,99.0,0.4,66.0,82.5,165.0,33.0,247.5,1.0,0.3,0.1,1.0,0,0,0,0,0
5090.0,9,2519,5.3999999999999995,1511.3999999999999,3.6,1007.6,139.945,279.89,55.978,419.835,565.5555555555555,169.66666666666666,0.1,5090.0,1,8,0,1,4
1.0,1,249,0.6,149.4,0.4,99.60000000000001,124.5,249.0,49.800000000000004,373.5,1.0,0.3,0.1,1.0,0,0,0,0,0
1.0,1,100,0.6,60.0,0.4,40.0,50.0,100.0,20.0,150.0,1.0,0.3,0.1,1.0,0,0,0,0,0
1.0,1,153,0.6,91.8,0.4,61.2,76.5,153.0,30.6,229.5,1.0,0.3,0.1,1.0,0,0,0,0,0
1.0,1,100,0.6,60.0,0.4,40.0,50.0,100.0,20.0,150.0,1.0,0.3,0.1,1.0,0,0,0,0,0
1.0,1,165,0.6,99.0,0.4,66.0,82.5,165.0,33.0,247.5,1.0,0.3,0.1,1.0,0,0,0,0,0
1.0,2,200,1.2,120.0,0.8,80.0,50.0,100.0,20.0,150.0,0.5,0.15,0.1,1.0,0,1,0,0,1
1.0,2,318,1.2,190.79999999999998,0.8,127.2,79.5,159.0,31.8,238.5,0.5,0.15,0.1,1.0,0,1,0,0,1
1.0,1,98,0.6,58.8,0.4,39.2,49.0,98.0,19.6,147.0,1.0,0.3,0.1,1.0,0,0,0,0,0
1.0,1,114,0.6,68.39999999999999,0.4,45.6,57.0,114.0,22.8,171.0,1.0,0.3,0.1,1.0,0,0,0,0,0
1.0,1,98,0.6,58.8,0.4,39.2,49.0,98.0,19.6,147.0,1.0,0.3,0.1,1.0,0,0,0,0,0
1.0,1,126,0.6,75.6,0.4,50.400000000000006,63.0,126.0,25.200000000000003,189.0,1.0,0.3,0.1,1.0,0,0,0,0,0
1.0,1,95,0.6,57.0,0.4,38.0,47.5,95.0,19.0,142.5,1.0,0.3,0.1,1.0,0,0,0,0,0
1.0,1,111,0.6,66.6,0.4,44.400000000000006,55.5,111.0,22.200000000000003,166.5,1.0,0.3,0.1,1.0,0,0,0,0,0
1.0,1,95,0.6,57.0,0.4,38.0,47.5,95.0,19.0,142.5,1.0,0.3,0.1,1.0,0,0,0,0,0
1.0,1,123,0.6,73.8,0.4,49.2,61.5,123.0,24.6,184.5,1.0,0.3,0.1,1.0,0,0,0,0,0
245.0,12,2907,7.199999999999999,1744.2,4.800000000000001,1162.8,121.125,242.25,48.45,363.375,20.416666666666668,6.125,0.1,245.0,1,11,0,1,6
2218.0,15,1315,9.0,789.0,6.0,526.0,43.835,87.67,17.534000000000002,131.505,147.86666666666667,44.36,0.1,2218.0,1,14,0,1,7
1.0,1,102,0.6,61.199999999999996,0.4,40.800000000000004,51.0,102.0,20.400000000000002,153.0,1.0,0.3,0.1,1.0,0,0,0,0,0
1.0,2,216,1.2,129.6,0.8,86.4,54.0,108.0,21.6,162.0,0.5,0.15,0.1,1.0,0,1,0,0,1
1.0,1,114,0.6,68.39999999999999,0.4,45.6,57.0,114.0,22.8,171.0,1.0,0.3,0.1,1.0,0,0,0,0,0
1.0,1,102,0.6,61.199999999999996,0.4,40.800000000000004,51.0,102.0,20.400000000000002,153.0,1.0,0.3,0.1,1.0,0,0,0,0,0
1.0,1,114,0.6,68.39999999999999,0.4,45.6,57.0,114.0,22.8,171.0,1.0,0.3,0.1,1.0,0,0,0,0,0
1.0,1,102,0.6,61.199999999999996,0.4,40.800000000000004,51.0,102.0,20.400000000000002,153.0,1.0,0.3,0.1,1.0,0,0,0,0,0
1.0,1,114,0.6,68.39999999999999,0.4,45.6,57.0,114.0,22.8,171.0,1.0,0.3,0.1,1.0,0,0,0,0,0
178.0,16,2940,9.6,1764.0,6.4,1176.0,91.875,183.75,36.75,275.625,11.125,3.3375,0.1,178.0,1,15,0,1,8
1.0,1,339,0.6,203.4,0.4,135.6,169.5,339.0,67.8,508.5,1.0,0.3,0.1,1.0,0,0,0,0,0
1.0,1,365,0.6,219.0,0.4,146.0,182.5,365.0,73.0,547.5,1.0,0.3,0.1,1.0,0,0,0,0,0
1.0,1,221,0.6,132.6,0.4,88.4,110.5,221.0,44.2,331.5,1.0,0.3,0.1,1.0,0,0,0,0,0
1.0,1,365,0.6,219.0,0.4,146.0,182.5,365.0,73.0,547.5,1.0,0.3,0.1,1.0,0,0,0,0,0
1.0,1,221,0.6,132.6,0.4,88.4,110.5,221.0,44.2,331.5,1.0,0.3,0.1,1.0,0,0,0,0,0
1.0,2,430,1.2,258.0,0.8,172.0,107.5,215.0,43.0,322.5,0.5,0.15,0.1,1.0,0,1,0,0,1
1.0,1,249,0.6,149.4,0.4,99.60000000000001,124.5,249.0,49.800000000000004,373.5,1.0,0.3,0.1,1.0,0,0,0,0,0
1.0,1,185,0.6,111.0,0.4,74.0,92.5,185.0,37.0,277.5,1.0,0.3,0.1,1.0,0,0,0,0,0
215.0,13,2612,7.8,1567.2,5.2,1044.8,100.46,200.92,40.184,301.38,16.53846153846154,4.961538461538462,0.1,215.0,1,12,0,1,6
1.0,1,130,0.6,78.0,0.4,52.0,65.0,130.0,26.0,195.0,1.0,0.3,0.1,1.0,0,0,0,0,0
1.0,1,142,0.6,85.2,0.4,56.800000000000004,71.0,142.0,28.400000000000002,213.0,1.0,0.3,0.1,1.0,0,0,0,0,0
211.0,13,3403,7.8,2041.8,5.2,1361.2,130.885,261.77,52.354,392.655,16.23076923076923,4.869230769230769,0.1,211.0,1,12,0,1,6
46.0,2,430,1.2,258.0,0.8,172.0,107.5,215.0,43.0,322.5,23.0,6.8999999999999995,0.1,46.0,0,1,0,0,1
1.0,1,100,0.6,60.0,0.4,40.0,50.0,100.0,20.0,150.0,1.0,0.3,0.1,1.0,0,0,0,0,0
1.0,1,153,0.6,91.8,0.4,61.2,76.5,153.0,30.6,229.5,1.0,0.3,0.1,1.0,0,0,0,0,0
1.0,1,100,0.6,60.0,0.4,40.0,50.0,100.0,20.0,150.0,1.0,0.3,0.1,1.0,0,0,0,0,0
1.0,1,165,0.6,99.0,0.4,66.0,82.5,165.0,33.0,247.5,1.0,0.3,0.1,1.0,0,0,0,0,0
5732.0,14,5279,8.4,3167.4,5.6000000000000005,2111.6,188.535,377.07,75.414,565.605,409.42857142857144,122.82857142857142,0.1,5732.0,1,13,0,1,7
2497.0,2,208,1.2,124.8,0.8,83.2,52.0,104.0,20.8,156.0,1248.5,374.55,0.1,2497.0,1,1,0,1,1
1.0,1,103,0.6,61.8,0.4,41.2,51.5,103.0,20.6,154.5,1.0,0.3,0.1,1.0,0,0,0,0,0
1.0,1,115,0.6,69.0,0.4,46.0,57.5,115.0,23.0,172.5,1.0,0.3,0.1,1.0,0,0,0,0,0
11698.0,16,3676,9.6,2205.6,6.4,1470.4,114.875,229.75,45.95,344.625,731.125,219.3375,0.1,11698.0,1,15,0,1,8
11738.0,16,3676,9.6,2205.6,6.4,1470.4,114.875,229.75,45.95,344.625,733.625,220.0875,0.1,11738.0,1,15,0,1,8
8661.0,13,4676,7.8,2805.6,5.2,1870.4,179.845,359.69,71.938,539.535,666.2307692307693,199.86923076923077,0.1,8661.0,1,12,0,1,6
8685.0,15,4796,9.0,2877.6,6.0,1918.4,159.865,319.73,63.946000000000005,479.595,579.0,173.7,0.1,8685.0,1,14,0,1,7
8873.0,19,7010,11.4,4206.0,7.6000000000000005,2804.0,184.475,368.95,73.79,553.425,467.0,140.1,0.1,8873.0,1,18,0,1,9
1634.0,14,2885,8.4,1731.0,5.6000000000000005,1154.0,103.035,206.07,41.214,309.105,116.71428571428571,35.01428571428571,0.1,1634.0,1,13,0,1,7
1840.0,14,2885,8.4,1731.0,5.6000000000000005,1154.0,103.035,206.07,41.214,309.105,131.42857142857142,39.42857142857142,0.1,1840.0,1,13,0,1,7
1444.0,13,6857,7.8,4114.2,5.2,2742.8,263.73,527.46,105.49200000000002,791.19,111.07692307692308,33.323076923076925,0.1,1444.0,1,12,0,1,6
11905.0,17,3051,10.2,1830.6,6.800000000000001,1220.4,89.735,179.47,35.894,269.205,700.2941176470588,210.08823529411762,0.1,11905.0,1,16,0,1,8
11653.0,21,3315,12.6,1989.0,8.4,1326.0,78.93,157.86,31.572000000000003,236.79000000000002,554.9047619047619,166.47142857142856,0.1,11653.0,1,20,0,1,10
6872.0,14,5356,8.4,3213.6,5.6000000000000005,2142.4,191.285,382.57,76.514,573.855,490.85714285714283,147.25714285714284,0.1,6872.0,1,13,0,1,7
6482.0,11,2740,6.6,1644.0,4.4,1096.0,124.545,249.09,49.818000000000005,373.635,589.2727272727273,176.78181818181818,0.1,6482.0,1,10,0,1,5
6241.0,11,2740,6.6,1644.0,4.4,1096.0,124.545,249.09,49.818000000000005,373.635,567.3636363636364,170.20909090909092,0.1,6241.0,1,10,0,1,5
8164.999999999999,11,5378,6.6,3226.7999999999997,4.4,2151.2000000000003,244.455,488.91,97.78200000000001,733.365,742.2727272727271,222.68181818181813,0.1,8164.999999999999,1,10,0,1,5
8303.0,10,5313,6.0,3187.7999999999997,4.0,2125.2000000000003,265.65,531.3,106.25999999999999,796.9499999999999,830.3,249.08999999999997,0.1,8303.0,1,9,0,1,5
16.0,3,261,1.7999999999999998,156.6,1.2000000000000002,104.4,43.5,87.0,17.400000000000002,130.5,5.333333333333333,1.5999999999999999,0.1,16.0,1,2,0,1,1
29.0,3,261,1.7999999999999998,156.6,1.2000000000000002,104.4,43.5,87.0,17.400000000000002,130.5,9.666666666666666,2.9,0.1,29.0,1,2,0,1,1
18612.0,18,2760,10.799999999999999,1656.0,7.2,1104.0,76.665,153.33,30.666000000000004,229.995,1034.0,310.2,0.1,18612.0,1,17,0,1,9
11297.0,17,3051,10.2,1830.6,6.800000000000001,1220.4,89.735,179.47,35.894,269.205,664.5294117647059,199.35882352941175,0.1,11297.0,1,16,0,1,8
1.0,1,365,0.6,219.0,0.4,146.0,182.5,365.0,73.0,547.5,1.0,0.3,0.1,1.0,0,0,0,0,0
1.0,1,221,0.6,132.6,0.4,88.4,110.5,221.0,44.2,331.5,1.0,0.3,0.1,1.0,0,0,0,0,0
1.0,2,430,1.2,258.0,0.8,172.0,107.5,215.0,43.0,322.5,0.5,0.15,0.1,1.0,0,1,0,0,1
1.0,1,98,0.6,58.8,0.4,39.2,49.0,98.0,19.6,147.0,1.0,0.3,0.1,1.0,0,0,0,0,0
1.0,1,114,0.6,68.39999999999999,0.4,45.6,57.0,114.0,22.8,171.0,1.0,0.3,0.1,1.0,0,0,0,0,0
1.0,1,98,0.6,58.8,0.4,39.2,49.0,98.0,19.6,147.0,1.0,0.3,0.1,1.0,0,0,0,0,0
1.0,1,126,0.6,75.6,0.4,50.400000000000006,63.0,126.0,25.200000000000003,189.0,1.0,0.3,0.1,1.0,0,0,0,0,0
1.0,1,247,0.6,148.2,0.4,98.80000000000001,123.5,247.0,49.400000000000006,370.5,1.0,0.3,0.1,1.0,0,0,0,0,0
1.0,1,183,0.6,109.8,0.4,73.2,91.5,183.0,36.6,274.5,1.0,0.3,0.1,1.0,0,0,0,0,0
1.0,1,93,0.6,55.8,0.4,37.2,46.5,93.0,18.6,139.5,1.0,0.3,0.1,1.0,0,0,0,0,0
1.0,1,93,0.6,55.8,0.4,37.2,46.5,93.0,18.6,139.5,1.0,0.3,0.1,1.0,0,0,0,0,0
1.0,1,100,0.6,60.0,0.4,40.0,50.0,100.0,20.0,150.0,1.0,0.3,0.1,1.0,0,0,0,0,0
1.0,2,196,1.2,117.6,0.8,78.4,49.0,98.0,19.6,147.0,0.5,0.15,0.1,1.0,0,1,0,0,1
1.0,1,153,0.6,91.8,0.4,61.2,76.5,153.0,30.6,229.5,1.0,0.3,0.1,1.0,0,0,0,0,0
1.0,1,100,0.6,60.0,0.4,40.0,50.0,100.0,20.0,150.0,1.0,0.3,0.1,1.0,0,0,0,0,0
1.0,2,240,1.2,144.0,0.8,96.0,60.0,120.0,24.0,180.0,0.5,0.15,0.1,1.0,0,1,0,0,1
1.0,1,165,0.6,99.0,0.4,66.0,82.5,165.0,33.0,247.5,1.0,0.3,0.1,1.0,0,0,0,0,0
12916.0,16,2997,9.6,1798.2,6.4,1198.8,93.655,187.31,37.462,280.96500000000003,807.25,242.17499999999998,0.1,12916.0,1,15,0,1,8
7824.0,15,5421,9.0,3252.6,6.0,2168.4,180.7,361.4,72.28,542.0999999999999,521.6,156.48,0.1,7824.0,1,14,0,1,7
7692.0,14,3374,8.4,2024.3999999999999,5.6000000000000005,1349.6000000000001,120.5,241.0,48.2,361.5,549.4285714285714,164.82857142857142,0.1,7692.0,1,13,0,1,7
10204.0,15,5432,9.0,3259.2,6.0,2172.8,181.065,362.13,72.426,543.1949999999999,680.2666666666667,204.07999999999998,0.1,10204.0,1,14,0,1,7
10265.0,17,3011,10.2,1806.6,6.800000000000001,1204.4,88.56,177.12,35.424,265.68,603.8235294117648,181.14705882352942,0.1,10265.0,1,16,0,1,8
10257.0,12,5223,7.199999999999999,3133.7999999999997,4.800000000000001,2089.2000000000003,217.625,435.25,87.05000000000001,652.875,854.75,256.425,0.1,10257.0,1,11,0,1,6
10667.0,13,5289,7.8,3173.4,5.2,2115.6,203.425,406.85,81.37,610.2750000000001,820.5384615384615,246.16153846153844,0.1,10667.0,1,12,0,1,6
11923.0,23,6780,13.799999999999999,4068.0,9.200000000000001,2712.0,147.39,294.78,58.955999999999996,442.16999999999996,518.3913043478261,155.51739130434783,0.1,11923.0,1,22,0,1,11
10694.0,21,8470,12.6,5082.0,8.4,3388.0,201.665,403.33,80.666,604.995,509.23809523809524,152.77142857142857,0.1,10694.0,1,20,0,1,10
11038.0,23,5452,13.799999999999999,3271.2,9.200000000000001,2180.8,118.52,237.04,47.408,355.56,479.9130434782609,143.97391304347826,0.1,11038.0,1,22,0,1,11
10940.0,23,5452,13.799999999999999,3271.2,9.200000000000001,2180.8,118.52,237.04,47.408,355.56,475.6521739130435,142.69565217391303,0.1,10940.0,1,22,0,1,11
10934.0,24,5506,14.399999999999999,3303.6,9.600000000000001,2202.4,114.71,229.42,45.884,344.13,455.5833333333333,136.67499999999998,0.1,10934.0,1,23,0,1,12
8182.0,19,7001,11.4,4200.599999999999,7.6000000000000005,2800.4,184.235,368.47,73.694,552.705,430.63157894736844,129.18947368421053,0.1,8182.0,1,18,0,1,9
8188.000000000001,19,7001,11.4,4200.599999999999,7.6000000000000005,2800.4,184.235,368.47,73.694,552.705,430.94736842105266,129.2842105263158,0.1,8188.000000000001,1,18,0,1,9
8183.0,19,7002,11.4,4201.2,7.6000000000000005,2800.8,184.265,368.53,73.706,552.795,430.6842105263158,129.20526315789473,0.1,8183.0,1,18,0,1,9
8869.0,21,4104,12.6,2462.4,8.4,1641.6000000000001,97.715,195.43,39.086000000000006,293.145,422.3333333333333,126.69999999999999,0.1,8869.0,1,20,0,1,10
1.0,1,93,0.6,55.8,0.4,37.2,46.5,93.0,18.6,139.5,1.0,0.3,0.1,1.0,0,0,0,0,0
1.0,1,93,0.6,55.8,0.4,37.2,46.5,93.0,18.6,139.5,1.0,0.3,0.1,1.0,0,0,0,0,0
1.0,1,145,0.6,87.0,0.4,58.0,72.5,145.0,29.0,217.5,1.0,0.3,0.1,1.0,0,0,0,0,0
1.0,1,139,0.6,83.39999999999999,0.4,55.6,69.5,139.0,27.8,208.5,1.0,0.3,0.1,1.0,0,0,0,0,0
1.0,1,103,0.6,61.8,0.4,41.2,51.5,103.0,20.6,154.5,1.0,0.3,0.1,1.0,0,0,0,0,0
1.0,1,115,0.6,69.0,0.4,46.0,57.5,115.0,23.0,172.5,1.0,0.3,0.1,1.0,0,0,0,0,0
1369.0,15,3459,9.0,2075.4,6.0,1383.6000000000001,115.3,230.6,46.120000000000005,345.9,91.26666666666667,27.38,0.1,1369.0,1,14,0,1,7
7033.0,20,7504,12.0,4502.4,8.0,3001.6000000000004,187.6,375.2,75.04,562.8,351.65,105.49499999999999,0.1,7033.0,1,19,0,1,10
1.0,1,145,0.6,87.0,0.4,58.0,72.5,145.0,29.0,217.5,1.0,0.3,0.1,1.0,0,0,0,0,0
1.0,1,139,0.6,83.39999999999999,0.4,55.6,69.5,139.0,27.8,208.5,1.0,0.3,0.1,1.0,0,0,0,0,0
1.0,1,93,0.6,55.8,0.4,37.2,46.5,93.0,18.6,139.5,1.0,0.3,0.1,1.0,0,0,0,0,0
1.0,2,226,1.2,135.6,0.8,90.4,56.5,113.0,22.6,169.5,0.5,0.15,0.1,1.0,0,1,0,0,1
1.0,1,151,0.6,90.6,0.4,60.400000000000006,75.5,151.0,30.200000000000003,226.5,1.0,0.3,0.1,1.0,0,0,0,0,0
1.0,1,107,0.6,64.2,0.4,42.800000000000004,53.5,107.0,21.400000000000002,160.5,1.0,0.3,0.1,1.0,0,0,0,0,0
1.0,1,119,0.6,71.39999999999999,0.4,47.6,59.5,119.0,23.8,178.5,1.0,0.3,0.1,1.0,0,0,0,0,0
1.0,1,121,0.6,72.6,0.4,48.400000000000006,60.5,121.0,24.200000000000003,181.5,1.0,0.3,0.1,1.0,0,0,0,0,0
1.0,1,133,0.6,79.8,0.4,53.2,66.5,133.0,26.6,199.5,1.0,0.3,0.1,1.0,0,0,0,0,0
3024.0,11,5078,6.6,3046.7999999999997,4.4,2031.2,230.82,461.64,92.328,692.46,274.90909090909093,82.47272727272728,0.1,3024.0,1,10,0,1,5
1.0,2,200,1.2,120.0,0.8,80.0,50.0,100.0,20.0,150.0,0.5,0.15,0.1,1.0,0,1,0,0,1
1.0,2,318,1.2,190.79999999999998,0.8,127.2,79.5,159.0,31.8,238.5,0.5,0.15,0.1,1.0,0,1,0,0,1
5512.0,10,903,6.0,541.8,4.0,361.20000000000005,45.15,90.3,18.06,135.45,551.2,165.36,0.1,5512.0,1,9,0,1,5
2816.0,9,837,5.3999999999999995,502.2,3.6,334.8,46.5,93.0,18.6,139.5,312.8888888888889,93.86666666666667,0.1,2816.0,1,8,0,1,4
5096.0,10,903,6.0,541.8,4.0,361.20000000000005,45.15,90.3,18.06,135.45,509.6,152.88,0.1,5096.0,1,9,0,1,5
4951.0,10,903,6.0,541.8,4.0,361.20000000000005,45.15,90.3,18.06,135.45,495.1,148.53,0.1,4951.0,1,9,0,1,5
4796.0,10,903,6.0,541.8,4.0,361.20000000000005,45.15,90.3,18.06,135.45,479.6,143.88,0.1,4796.0,1,9,0,1,5
5016.0,10,903,6.0,541.8,4.0,361.20000000000005,45.15,90.3,18.06,135.45,501.6,150.48,0.1,5016.0,1,9,0,1,5
1.0,1,100,0.6,60.0,0.4,40.0,50.0,100.0,20.0,150.0,1.0,0.3,0.1,1.0,0,0,0,0,0
1.0,1,153,0.6,91.8,0.4,61.2,76.5,153.0,30.6,229.5,1.0,0.3,0.1,1.0,0,0,0,0,0
1.0,1,100,0.6,60.0,0.4,40.0,50.0,100.0,20.0,150.0,1.0,0.3,0.1,1.0,0,0,0,0,0
1.0,1,165,0.6,99.0,0.4,66.0,82.5,165.0,33.0,247.5,1.0,0.3,0.1,1.0,0,0,0,0,0
1.0,2,196,1.2,117.6,0.8,78.4,49.0,98.0,19.6,147.0,0.5,0.15,0.1,1.0,0,1,0,0,1
1.0,2,240,1.2,144.0,0.8,96.0,60.0,120.0,24.0,180.0,0.5,0.15,0.1,1.0,0,1,0,0,1
1.0,1,249,0.6,149.4,0.4,99.60000000000001,124.5,249.0,49.800000000000004,373.5,1.0,0.3,0.1,1.0,0,0,0,0,0
1.0,1,185,0.6,111.0,0.4,74.0,92.5,185.0,37.0,277.5,1.0,0.3,0.1,1.0,0,0,0,0,0
1546.0,9,837,5.3999999999999995,502.2,3.6,334.8,46.5,93.0,18.6,139.5,171.77777777777777,51.53333333333333,0.1,1546.0,1,8,0,1,4
1691.0,9,837,5.3999999999999995,502.2,3.6,334.8,46.5,93.0,18.6,139.5,187.88888888888889,56.36666666666667,0.1,1691.0,1,8,0,1,4
1587.0,9,837,5.3999999999999995,502.2,3.6,334.8,46.5,93.0,18.6,139.5,176.33333333333334,52.9,0.1,1587.0,1,8,0,1,4
2332.0,9,837,5.3999999999999995,502.2,3.6,334.8,46.5,93.0,18.6,139.5,259.1111111111111,77.73333333333332,0.1,2332.0,1,8,0,1,4
1.0,1,100,0.6,60.0,0.4,40.0,50.0,100.0,20.0,150.0,1.0,0.3,0.1,1.0,0,0,0,0,0
1.0,1,153,0.6,91.8,0.4,61.2,76.5,153.0,30.6,229.5,1.0,0.3,0.1,1.0,0,0,0,0,0
1.0,1,100,0.6,60.0,0.4,40.0,50.0,100.0,20.0,150.0,1.0,0.3,0.1,1.0,0,0,0,0,0
1.0,1,165,0.6,99.0,0.4,66.0,82.5,165.0,33.0,247.5,1.0,0.3,0.1,1.0,0,0,0,0,0
1.0,1,98,0.6,58.8,0.4,39.2,49.0,98.0,19.6,147.0,1.0,0.3,0.1,1.0,0,0,0,0,0
1.0,1,114,0.6,68.39999999999999,0.4,45.6,57.0,114.0,22.8,171.0,1.0,0.3,0.1,1.0,0,0,0,0,0
1.0,1,98,0.6,58.8,0.4,39.2,49.0,98.0,19.6,147.0,1.0,0.3,0.1,1.0,0,0,0,0,0
1.0,1,126,0.6,75.6,0.4,50.400000000000006,63.0,126.0,25.200000000000003,189.0,1.0,0.3,0.1,1.0,0,0,0,0,0
2963.0,2,194,1.2,116.39999999999999,0.8,77.60000000000001,48.5,97.0,19.400000000000002,145.5,1481.5,444.45,0.1,2963.0,0,1,0,0,1
1.0,1,132,0.6,79.2,0.4,52.800000000000004,66.0,132.0,26.400000000000002,198.0,1.0,0.3,0.1,1.0,0,0,0,0,0
1.0,1,93,0.6,55.8,0.4,37.2,46.5,93.0,18.6,139.5,1.0,0.3,0.1,1.0,0,0,0,0,0
13.0,3,261,1.7999999999999998,156.6,1.2000000000000002,104.4,43.5,87.0,17.400000000000002,130.5,4.333333333333333,1.2999999999999998,0.1,13.0,1,2,0,1,1
25.0,3,261,1.7999999999999998,156.6,1.2000000000000002,104.4,43.5,87.0,17.400000000000002,130.5,8.333333333333334,2.5,0.1,25.0,1,2,0,1,1
13075.0,22,6730,13.2,4038.0,8.8,2692.0,152.955,305.91,61.18200000000001,458.865,594.3181818181819,178.29545454545456,0.1,13075.0,1,21,0,1,11
1.0,1,365,0.6,219.0,0.4,146.0,182.5,365.0,73.0,547.5,1.0,0.3,0.1,1.0,0,0,0,0,0
1.0,1,221,0.6,132.6,0.4,88.4,110.5,221.0,44.2,331.5,1.0,0.3,0.1,1.0,0,0,0,0,0
11009.0,22,5371,13.2,3222.6,8.8,2148.4,122.07,244.14,48.828,366.21,500.40909090909093,150.12272727272727,0.1,11009.0,1,21,0,1,11
1.0,1,105,0.6,63.0,0.4,42.0,52.5,105.0,21.0,157.5,1.0,0.3,0.1,1.0,0,0,0,0,0
1.0,1,133,0.6,79.8,0.4,53.2,66.5,133.0,26.6,199.5,1.0,0.3,0.1,1.0,0,0,0,0,0
8282.0,19,6989,11.4,4193.4,7.6000000000000005,2795.6000000000004,183.92,367.84,73.568,551.76,435.89473684210526,130.76842105263157,0.1,8282.0,1,18,0,1,9
2209.0,14,2882,8.4,1729.2,5.6000000000000005,1152.8,102.93,205.86,41.172000000000004,308.79,157.78571428571428,47.33571428571428,0.1,2209.0,1,13,0,1,7
1744.0,13,6891,7.8,4134.599999999999,5.2,2756.4,265.04,530.08,106.01600000000002,795.1200000000001,134.15384615384616,40.246153846153845,0.1,1744.0,1,12,0,1,6
1505.0,13,2958,7.8,1774.8,5.2,1183.2,113.77,227.54,45.508,341.31,115.76923076923077,34.73076923076923,0.1,1505.0,1,12,0,1,6
1472.0,13,3446,7.8,2067.6,5.2,1378.4,132.54,265.08,53.016,397.62,113.23076923076923,33.96923076923077,0.1,1472.0,1,12,0,1,6
2577.0,13,5692,7.8,3415.2,5.2,2276.8,218.925,437.85,87.57000000000001,656.7750000000001,198.23076923076923,59.46923076923076,0.1,2577.0,1,12,0,1,6
2070.0,11,2613,6.6,1567.8,4.4,1045.2,118.775,237.55,47.510000000000005,356.32500000000005,188.1818181818182,56.45454545454545,0.1,2070.0,1,10,0,1,5
2522.0,11,2712,6.6,1627.2,4.4,1084.8,123.275,246.55,49.31,369.82500000000005,229.27272727272728,68.78181818181818,0.1,2522.0,1,10,0,1,5
2418.0,14,2881,8.4,1728.6,5.6000000000000005,1152.4,102.895,205.79,41.158,308.685,172.71428571428572,51.81428571428572,0.1,2418.0,1,13,0,1,7
2432.0,16,3001,9.6,1800.6,6.4,1200.4,93.78,187.56,37.512,281.34000000000003,152.0,45.6,0.1,2432.0,1,15,0,1,8
2281.0,13,5296,7.8,3177.6,5.2,2118.4,203.69,407.38,81.476,611.0699999999999,175.46153846153845,52.638461538461534,0.1,2281.0,1,12,0,1,6
2284.0,13,6889,7.8,4133.4,5.2,2755.6000000000004,264.96,529.92,105.984,794.8799999999999,175.69230769230768,52.707692307692305,0.1,2284.0,1,12,0,1,6
1879.0,11,2720,6.6,1632.0,4.4,1088.0,123.635,247.27,49.45400000000001,370.90500000000003,170.8181818181818,51.24545454545454,0.1,1879.0,1,10,0,1,5
1303.0,10,5148,6.0,3088.7999999999997,4.0,2059.2000000000003,257.4,514.8,102.96,772.1999999999999,130.3,39.09,0.1,1303.0,1,9,0,1,5
1931.0,13,2828,7.8,1696.8,5.2,1131.2,108.77,217.54,43.508,326.31,148.53846153846155,44.56153846153846,0.1,1931.0,1,12,0,1,6
1852.0,13,2828,7.8,1696.8,5.2,1131.2,108.77,217.54,43.508,326.31,142.46153846153845,42.738461538461536,0.1,1852.0,1,12,0,1,6
1566.0,11,5214,6.6,3128.4,4.4,2085.6,237.0,474.0,94.80000000000001,711.0,142.36363636363637,42.70909090909091,0.1,1566.0,1,10,0,1,5
1425.0,13,5344,7.8,3206.4,5.2,2137.6,205.54,411.08,82.21600000000001,616.62,109.61538461538461,32.88461538461538,0.1,1425.0,1,12,0,1,6
827.0,12,2783,7.199999999999999,1669.8,4.800000000000001,1113.2,115.96,231.92,46.384,347.88,68.91666666666667,20.675,0.1,827.0,1,11,0,1,6
587.0,12,5278,7.199999999999999,3166.7999999999997,4.800000000000001,2111.2000000000003,219.915,439.83,87.96600000000001,659.745,48.916666666666664,14.674999999999999,0.1,587.0,1,11,0,1,6
952.0,13,2837,7.8,1702.2,5.2,1134.8,109.115,218.23,43.646,327.34499999999997,73.23076923076923,21.969230769230766,0.1,952.0,1,12,0,1,6
1048.0,13,5322,7.8,3193.2,5.2,2128.8,204.69,409.38,81.876,614.0699999999999,80.61538461538461,24.184615384615384,0.1,1048.0,1,12,0,1,6
980.0,12,2771,7.199999999999999,1662.6,4.800000000000001,1108.4,115.46,230.92,46.184,346.38,81.66666666666667,24.5,0.1,980.0,1,11,0,1,6
1035.0,12,2771,7.199999999999999,1662.6,4.800000000000001,1108.4,115.46,230.92,46.184,346.38,86.25,25.875,0.1,1035.0,1,11,0,1,6
713.0,10,5170,6.0,3102.0,4.0,2068.0,258.5,517.0,103.4,775.5,71.3,21.389999999999997,0.1,713.0,1,9,0,1,5
866.0,13,2825,7.8,1695.0,5.2,1130.0,108.655,217.31,43.462,325.96500000000003,66.61538461538461,19.984615384615385,0.1,866.0,1,12,0,1,6
944.0,12,5290,7.199999999999999,3174.0,4.800000000000001,2116.0,220.415,440.83,88.166,661.245,78.66666666666667,23.6,0.1,944.0,1,11,0,1,6
1176.0,12,5268,7.199999999999999,3160.7999999999997,4.800000000000001,2107.2000000000003,219.5,439.0,87.80000000000001,658.5,98.0,29.4,0.1,1176.0,1,11,0,1,6
219.0,2,500,1.2,300.0,0.8,200.0,125.0,250.0,50.0,375.0,109.5,32.85,0.1,219.0,0,1,0,0,1
1.0,1,148,0.6,88.8,0.4,59.2,74.0,148.0,29.6,222.0,1.0,0.3,0.1,1.0,0,0,0,0,0
1.0,1,107,0.6,64.2,0.4,42.800000000000004,53.5,107.0,21.400000000000002,160.5,1.0,0.3,0.1,1.0,0,0,0,0,0
1.0,1,131,0.6,78.6,0.4,52.400000000000006,65.5,131.0,26.200000000000003,196.5,1.0,0.3,0.1,1.0,0,0,0,0,0
449.0,11,3222,6.6,1933.1999999999998,4.4,1288.8000000000002,146.455,292.91,58.58200000000001,439.365,40.81818181818182,12.245454545454546,0.1,449.0,1,10,0,1,5
574.0,10,2504,6.0,1502.3999999999999,4.0,1001.6,125.2,250.4,50.080000000000005,375.6,57.4,17.22,0.1,574.0,1,9,0,1,5
1.0,1,152,0.6,91.2,0.4,60.800000000000004,76.0,152.0,30.400000000000002,228.0,1.0,0.3,0.1,1.0,0,0,0,0,0
1.0,1,111,0.6,66.6,0.4,44.400000000000006,55.5,111.0,22.200000000000003,166.5,1.0,0.3,0.1,1.0,0,0,0,0,0
1.0,1,135,0.6,81.0,0.4,54.0,67.5,135.0,27.0,202.5,1.0,0.3,0.1,1.0,0,0,0,0,0
1.0,1,141,0.6,84.6,0.4,56.400000000000006,70.5,141.0,28.200000000000003,211.5,1.0,0.3,0.1,1.0,0,0,0,0,0
1.0,1,100,0.6,60.0,0.4,40.0,50.0,100.0,20.0,150.0,1.0,0.3,0.1,1.0,0,0,0,0,0
1.0,1,100,0.6,60.0,0.4,40.0,50.0,100.0,20.0,150.0,1.0,0.3,0.1,1.0,0,0,0,0,0
829.0,11,3532,6.6,2119.2,4.4,1412.8000000000002,160.545,321.09,64.218,481.635,75.36363636363636,22.609090909090906,0.1,829.0,1,10,0,1,5
997.0,12,2666,7.199999999999999,1599.6,4.800000000000001,1066.4,111.085,222.17,44.434,333.255,83.08333333333333,24.924999999999997,0.1,997.0,1,11,0,1,6
1.0,1,112,0.6,67.2,0.4,44.800000000000004,56.0,112.0,22.400000000000002,168.0,1.0,0.3,0.1,1.0,0,0,0,0,0
1.0,1,159,0.6,95.39999999999999,0.4,63.6,79.5,159.0,31.8,238.5,1.0,0.3,0.1,1.0,0,0,0,0,0
1.0,1,121,0.6,72.6,0.4,48.400000000000006,60.5,121.0,24.200000000000003,181.5,1.0,0.3,0.1,1.0,0,0,0,0,0
1.0,1,145,0.6,87.0,0.4,58.0,72.5,145.0,29.0,217.5,1.0,0.3,0.1,1.0,0,0,0,0,0
571.0,8,3044,4.8,1826.3999999999999,3.2,1217.6000000000001,190.25,380.5,76.10000000000001,570.75,71.375,21.412499999999998,0.1,571.0,1,7,0,1,4
638.0,7,2286,4.2,1371.6,2.8000000000000003,914.4000000000001,163.285,326.57,65.31400000000001,489.855,91.14285714285714,27.34285714285714,0.1,638.0,1,6,0,1,3
1.0,1,151,0.6,90.6,0.4,60.400000000000006,75.5,151.0,30.200000000000003,226.5,1.0,0.3,0.1,1.0,0,0,0,0,0
15.0,2,540,1.2,324.0,0.8,216.0,135.0,270.0,54.0,405.0,7.5,2.25,0.1,15.0,0,1,0,0,1
1.0,1,152,0.6,91.2,0.4,60.800000000000004,76.0,152.0,30.400000000000002,228.0,1.0,0.3,0.1,1.0,0,0,0,0,0
1.0,1,312,0.6,187.2,0.4,124.80000000000001,156.0,312.0,62.400000000000006,468.0,1.0,0.3,0.1,1.0,0,0,0,0,0
2028.0,13,2818,7.8,1690.8,5.2,1127.2,108.385,216.77,43.354000000000006,325.15500000000003,156.0,46.8,0.1,2028.0,1,12,0,1,6
1.0,1,192,0.6,115.19999999999999,0.4,76.80000000000001,96.0,192.0,38.400000000000006,288.0,1.0,0.3,0.1,1.0,0,0,0,0,0
1.0,1,121,0.6,72.6,0.4,48.400000000000006,60.5,121.0,24.200000000000003,181.5,1.0,0.3,0.1,1.0,0,0,0,0,0
1.0,1,131,0.6,78.6,0.4,52.400000000000006,65.5,131.0,26.200000000000003,196.5,1.0,0.3,0.1,1.0,0,0,0,0,0
1.0,1,143,0.6,85.8,0.4,57.2,71.5,143.0,28.6,214.5,1.0,0.3,0.1,1.0,0,0,0,0,0
1.0,1,147,0.6,88.2,0.4,58.800000000000004,73.5,147.0,29.400000000000002,220.5,1.0,0.3,0.1,1.0,0,0,0,0,0
1.0,1,133,0.6,79.8,0.4,53.2,66.5,133.0,26.6,199.5,1.0,0.3,0.1,1.0,0,0,0,0,0
1.0,1,103,0.6,61.8,0.4,41.2,51.5,103.0,20.6,154.5,1.0,0.3,0.1,1.0,0,0,0,0,0
1.0,1,115,0.6,69.0,0.4,46.0,57.5,115.0,23.0,172.5,1.0,0.3,0.1,1.0,0,0,0,0,0
1.0,1,167,0.6,100.2,0.4,66.8,83.5,167.0,33.4,250.5,1.0,0.3,0.1,1.0,0,0,0,0,0
1.0,1,143,0.6,85.8,0.4,57.2,71.5,143.0,28.6,214.5,1.0,0.3,0.1,1.0,0,0,0,0,0
1.0,1,195,0.6,117.0,0.4,78.0,97.5,195.0,39.0,292.5,1.0,0.3,0.1,1.0,0,0,0,0,0
2539.0,14,5491,8.4,3294.6,5.6000000000000005,2196.4,196.105,392.21,78.44200000000001,588.3149999999999,181.35714285714286,54.40714285714286,0.1,2539.0,1,13,0,1,7
2317.0,10,2527,6.0,1516.2,4.0,1010.8000000000001,126.35,252.7,50.54,379.04999999999995,231.7,69.50999999999999,0.1,2317.0,1,9,0,1,5
1.0,1,165,0.6,99.0,0.4,66.0,82.5,165.0,33.0,247.5,1.0,0.3,0.1,1.0,0,0,0,0,0
1.0,2,281,1.2,168.6,0.8,112.4,70.25,140.5,28.1,210.75,0.5,0.15,0.1,1.0,0,1,0,0,1
20130.0,18,4063,10.799999999999999,2437.7999999999997,7.2,1625.2,112.86,225.72,45.144000000000005,338.58,1118.3333333333333,335.49999999999994,0.1,20130.0,1,17,0,1,9
1.0,1,93,0.6,55.8,0.4,37.2,46.5,93.0,18.6,139.5,1.0,0.3,0.1,1.0,0,0,0,0,0
1.0,1,93,0.6,55.8,0.4,37.2,46.5,93.0,18.6,139.5,1.0,0.3,0.1,1.0,0,0,0,0,0
1.0,1,174,0.6,104.39999999999999,0.4,69.60000000000001,87.0,174.0,34.800000000000004,261.0,1.0,0.3,0.1,1.0,0,0,0,0,0
1.0,1,125,0.6,75.0,0.4,50.0,62.5,125.0,25.0,187.5,1.0,0.3,0.1,1.0,0,0,0,0,0
1.0,1,93,0.6,55.8,0.4,37.2,46.5,93.0,18.6,139.5,1.0,0.3,0.1,1.0,0,0,0,0,0
1.0,1,174,0.6,104.39999999999999,0.4,69.60000000000001,87.0,174.0,34.800000000000004,261.0,1.0,0.3,0.1,1.0,0,0,0,0,0
1.0,1,113,0.6,67.8,0.4,45.2,56.5,113.0,22.6,169.5,1.0,0.3,0.1,1.0,0,0,0,0,0
1.0,1,162,0.6,97.2,0.4,64.8,81.0,162.0,32.4,243.0,1.0,0.3,0.1,1.0,0,0,0,0,0
1.0,1,162,0.6,97.2,0.4,64.8,81.0,162.0,32.4,243.0,1.0,0.3,0.1,1.0,0,0,0,0,0
18150.0,17,4423,10.2,2653.7999999999997,6.800000000000001,1769.2,130.09,260.18,52.036,390.27,1067.6470588235295,320.29411764705884,0.1,18150.0,1,16,0,1,8
1.0,1,339,0.6,203.4,0.4,135.6,169.5,339.0,67.8,508.5,1.0,0.3,0.1,1.0,0,0,0,0,0
1.0,1,365,0.6,219.0,0.4,146.0,182.5,365.0,73.0,547.5,1.0,0.3,0.1,1.0,0,0,0,0,0
1.0,1,221,0.6,132.6,0.4,88.4,110.5,221.0,44.2,331.5,1.0,0.3,0.1,1.0,0,0,0,0,0
1.0,1,365,0.6,219.0,0.4,146.0,182.5,365.0,73.0,547.5,1.0,0.3,0.1,1.0,0,0,0,0,0
1.0,1,221,0.6,132.6,0.4,88.4,110.5,221.0,44.2,331.5,1.0,0.3,0.1,1.0,0,0,0,0,0
1.0,1,339,0.6,203.4,0.4,135.6,169.5,339.0,67.8,508.5,1.0,0.3,0.1,1.0,0,0,0,0,0
397.0,17,3282,10.2,1969.1999999999998,6.800000000000001,1312.8000000000002,96.53,193.06,38.612,289.59000000000003,23.352941176470587,7.005882352941176,0.1,397.0,1,16,0,1,8
1596.0,11,3258,6.6,1954.8,4.4,1303.2,148.09,296.18,59.236000000000004,444.27,145.0909090909091,43.527272727272724,0.1,1596.0,1,10,0,1,5
1408.0,11,2546,6.6,1527.6,4.4,1018.4000000000001,115.725,231.45,46.29,347.17499999999995,128.0,38.4,0.1,1408.0,1,10,0,1,5
1250.0,11,2025,6.6,1215.0,4.4,810.0,92.045,184.09,36.818000000000005,276.135,113.63636363636364,34.09090909090909,0.1,1250.0,1,10,0,1,5
1348.0,11,1490,6.6,894.0,4.4,596.0,67.725,135.45,27.09,203.17499999999998,122.54545454545455,36.763636363636365,0.1,1348.0,1,10,0,1,5
15078.0,12,3863,7.199999999999999,2317.7999999999997,4.800000000000001,1545.2,160.96,321.92,64.384,482.88,1256.5,376.95,0.1,15078.0,1,11,0,1,6
15120.0,12,2836,7.199999999999999,1701.6,4.800000000000001,1134.4,118.165,236.33,47.266000000000005,354.495,1260.0,378.0,0.1,15120.0,1,11,0,1,6
11268.0,23,3888,13.799999999999999,2332.7999999999997,9.200000000000001,1555.2,84.52,169.04,33.808,253.56,489.9130434782609,146.97391304347826,0.1,11268.0,1,22,0,1,11
1.0,1,111,0.6,66.6,0.4,44.400000000000006,55.5,111.0,22.200000000000003,166.5,1.0,0.3,0.1,1.0,0,0,0,0,0
1.0,1,167,0.6,100.2,0.4,66.8,83.5,167.0,33.4,250.5,1.0,0.3,0.1,1.0,0,0,0,0,0
1.0,1,135,0.6,81.0,0.4,54.0,67.5,135.0,27.0,202.5,1.0,0.3,0.1,1.0,0,0,0,0,0
1.0,1,148,0.6,88.8,0.4,59.2,74.0,148.0,29.6,222.0,1.0,0.3,0.1,1.0,0,0,0,0,0
2.0,2,238,1.2,142.79999999999998,0.8,95.2,59.5,119.0,23.8,178.5,1.0,0.3,0.1,2.0,0,1,0,0,1
1.0,1,131,0.6,78.6,0.4,52.400000000000006,65.5,131.0,26.200000000000003,196.5,1.0,0.3,0.1,1.0,0,0,0,0,0
1.0,1,143,0.6,85.8,0.4,57.2,71.5,143.0,28.6,214.5,1.0,0.3,0.1,1.0,0,0,0,0,0
1.0,1,100,0.6,60.0,0.4,40.0,50.0,100.0,20.0,150.0,1.0,0.3,0.1,1.0,0,0,0,0,0
1.0,1,112,0.6,67.2,0.4,44.800000000000004,56.0,112.0,22.400000000000002,168.0,1.0,0.3,0.1,1.0,0,0,0,0,0
1.0,2,266,1.2,159.6,0.8,106.4,66.5,133.0,26.6,199.5,0.5,0.15,0.1,1.0,0,1,0,0,1
5362.0,26,6342,15.6,3805.2,10.4,2536.8,121.96,243.92,48.784,365.88,206.23076923076923,61.86923076923077,0.1,5362.0,1,25,0,1,13
5795.0,26,6362,15.6,3817.2,10.4,2544.8,122.345,244.69,48.938,367.03499999999997,222.8846153846154,66.86538461538461,0.1,5795.0,1,25,0,1,13
6293.0,21,5809,12.6,3485.4,8.4,2323.6,138.31,276.62,55.324000000000005,414.93,299.6666666666667,89.9,0.1,6293.0,1,20,0,1,10
7812.0,17,3698,10.2,2218.7999999999997,6.800000000000001,1479.2,108.765,217.53,43.506,326.295,459.52941176470586,137.85882352941175,0.1,7812.0,1,16,0,1,8
18696.0,12,1375,7.199999999999999,825.0,4.800000000000001,550.0,57.29,114.58,22.916,171.87,1558.0,467.4,0.1,18696.0,1,11,0,1,6
18747.0,15,3663,9.0,2197.7999999999997,6.0,1465.2,122.1,244.2,48.84,366.29999999999995,1249.8,374.94,0.1,18747.0,1,14,0,1,7
8074.999999999999,17,3617,10.2,2170.2,6.800000000000001,1446.8000000000002,106.38,212.76,42.552,319.14,474.99999999999994,142.49999999999997,0.1,8074.999999999999,1,16,0,1,8
8098.000000000001,16,3563,9.6,2137.7999999999997,6.4,1425.2,111.345,222.69,44.538000000000004,334.03499999999997,506.12500000000006,151.8375,0.1,8098.000000000001,1,15,0,1,8
8147.0,16,3672,9.6,2203.2,6.4,1468.8000000000002,114.75,229.5,45.900000000000006,344.25,509.1875,152.75625,0.1,8147.0,1,15,0,1,8
8178.000000000001,16,3672,9.6,2203.2,6.4,1468.8000000000002,114.75,229.5,45.900000000000006,344.25,511.12500000000006,153.3375,0.1,8178.000000000001,1,15,0,1,8
8199.0,17,3726,10.2,2235.6,6.800000000000001,1490.4,109.59,219.18,43.836000000000006,328.77,482.29411764705884,144.68823529411765,0.1,8199.0,1,16,0,1,8
8963.0,36,7786,21.599999999999998,4671.599999999999,14.4,3114.4,108.14,216.28,43.256,324.42,248.97222222222223,74.69166666666666,0.1,8963.0,1,35,0,1,18
9754.0,32,6979,19.2,4187.4,12.8,2791.6000000000004,109.045,218.09,43.618,327.135,304.8125,91.44375,0.1,9754.0,1,31,0,1,16
1364.0,7,2306,4.2,1383.6,2.8000000000000003,922.4000000000001,164.715,329.43,65.88600000000001,494.145,194.85714285714286,58.457142857142856,0.1,1364.0,1,6,0,1,3
1.0,1,152,0.6,91.2,0.4,60.800000000000004,76.0,152.0,30.400000000000002,228.0,1.0,0.3,0.1,1.0,0,0,0,0,0
1.0,1,190,0.6,114.0,0.4,76.0,95.0,190.0,38.0,285.0,1.0,0.3,0.1,1.0,0,0,0,0,0
1.0,1,312,0.6,187.2,0.4,124.80000000000001,156.0,312.0,62.400000000000006,468.0,1.0,0.3,0.1,1.0,0,0,0,0,0
1.0,1,350,0.6,210.0,0.4,140.0,175.0,350.0,70.0,525.0,1.0,0.3,0.1,1.0,0,0,0,0,0
1.0,1,131,0.6,78.6,0.4,52.400000000000006,65.5,131.0,26.200000000000003,196.5,1.0,0.3,0.1,1.0,0,0,0,0,0
1.0,1,143,0.6,85.8,0.4,57.2,71.5,143.0,28.6,214.5,1.0,0.3,0.1,1.0,0,0,0,0,0
11332.0,20,3250,12.0,1950.0,8.0,1300.0,81.25,162.5,32.5,243.75,566.6,169.98,0.1,11332.0,1,19,0,1,10
1.0,1,116,0.6,69.6,0.4,46.400000000000006,58.0,116.0,23.200000000000003,174.0,1.0,0.3,0.1,1.0,0,0,0,0,0
11334.0,18,3146,10.799999999999999,1887.6,7.2,1258.4,87.39,174.78,34.956,262.17,629.6666666666666,188.89999999999998,0.1,11334.0,1,17,0,1,9
11372.0,17,3092,10.2,1855.1999999999998,6.800000000000001,1236.8000000000002,90.94,181.88,36.376,272.82,668.9411764705883,200.68235294117648,0.1,11372.0,1,16,0,1,8
1.0,1,165,0.6,99.0,0.4,66.0,82.5,165.0,33.0,247.5,1.0,0.3,0.1,1.0,0,0,0,0,0
11405.0,17,3092,10.2,1855.1999999999998,6.800000000000001,1236.8000000000002,90.94,181.88,36.376,272.82,670.8823529411765,201.26470588235293,0.1,11405.0,1,16,0,1,8
1.0,1,93,0.6,55.8,0.4,37.2,46.5,93.0,18.6,139.5,1.0,0.3,0.1,1.0,0,0,0,0,0
1.0,1,125,0.6,75.0,0.4,50.0,62.5,125.0,25.0,187.5,1.0,0.3,0.1,1.0,0,0,0,0,0
1.0,1,93,0.6,55.8,0.4,37.2,46.5,93.0,18.6,139.5,1.0,0.3,0.1,1.0,0,0,0,0,0
1.0,1,174,0.6,104.39999999999999,0.4,69.60000000000001,87.0,174.0,34.800000000000004,261.0,1.0,0.3,0.1,1.0,0,0,0,0,0
832.0,2,218,1.2,130.79999999999998,0.8,87.2,54.5,109.0,21.8,163.5,416.0,124.8,0.1,832.0,0,1,0,0,1
832.0,2,254,1.2,152.4,0.8,101.60000000000001,63.5,127.0,25.400000000000002,190.5,416.0,124.8,0.1,832.0,0,1,0,0,1
11904.0,31,5149,18.599999999999998,3089.4,12.4,2059.6,83.05,166.1,33.22,249.14999999999998,384.0,115.19999999999999,0.1,11904.0,1,30,0,1,15
941.0,5,608,3.0,364.8,2.0,243.20000000000002,60.8,121.6,24.32,182.39999999999998,188.2,56.459999999999994,0.1,941.0,0,4,0,0,2
1.0,1,113,0.6,67.8,0.4,45.2,56.5,113.0,22.6,169.5,1.0,0.3,0.1,1.0,0,0,0,0,0
1.0,1,162,0.6,97.2,0.4,64.8,81.0,162.0,32.4,243.0,1.0,0.3,0.1,1.0,0,0,0,0,0
1.0,1,147,0.6,88.2,0.4,58.800000000000004,73.5,147.0,29.400000000000002,220.5,1.0,0.3,0.1,1.0,0,0,0,0,0
1.0,1,195,0.6,117.0,0.4,78.0,97.5,195.0,39.0,292.5,1.0,0.3,0.1,1.0,0,0,0,0,0
1.0,1,590,0.6,354.0,0.4,236.0,295.0,590.0,118.0,885.0,1.0,0.3,0.1,1.0,0,0,0,0,0
10918.0,13,5551,7.8,3330.6,5.2,2220.4,213.5,427.0,85.4,640.5,839.8461538461538,251.95384615384614,0.1,10918.0,1,12,0,1,6
10956.0,13,5533,7.8,3319.7999999999997,5.2,2213.2000000000003,212.81,425.62,85.12400000000001,638.4300000000001,842.7692307692307,252.8307692307692,0.1,10956.0,1,12,0,1,6
10973.0,14,5611,8.4,3366.6,5.6000000000000005,2244.4,200.395,400.79,80.15800000000002,601.1850000000001,783.7857142857143,235.1357142857143,0.1,10973.0,1,13,0,1,7
10987.0,14,5607,8.4,3364.2,5.6000000000000005,2242.8,200.25,400.5,80.10000000000001,600.75,784.7857142857143,235.43571428571428,0.1,10987.0,1,13,0,1,7
10973.0,14,5629,8.4,3377.4,5.6000000000000005,2251.6,201.035,402.07,80.414,603.105,783.7857142857143,235.1357142857143,0.1,10973.0,1,13,0,1,7
13614.0,15,2972,9.0,1783.2,6.0,1188.8,99.065,198.13,39.626000000000005,297.195,907.6,272.28,0.1,13614.0,1,14,0,1,7
11189.0,14,5619,8.4,3371.4,5.6000000000000005,2247.6,200.68,401.36,80.272,602.04,799.2142857142857,239.76428571428568,0.1,11189.0,1,13,0,1,7
13667.0,15,2972,9.0,1783.2,6.0,1188.8,99.065,198.13,39.626000000000005,297.195,911.1333333333333,273.34,0.1,13667.0,1,14,0,1,7
13678.0,15,2972,9.0,1783.2,6.0,1188.8,99.065,198.13,39.626000000000005,297.195,911.8666666666667,273.56,0.1,13678.0,1,14,0,1,7
11201.0,14,5597,8.4,3358.2,5.6000000000000005,2238.8,199.895,399.79,79.95800000000001,599.6850000000001,800.0714285714286,240.02142857142854,0.1,11201.0,1,13,0,1,7
13704.0,15,2972,9.0,1783.2,6.0,1188.8,99.065,198.13,39.626000000000005,297.195,913.6,274.08,0.1,13704.0,1,14,0,1,7
11235.0,14,5830,8.4,3498.0,5.6000000000000005,2332.0,208.215,416.43,83.286,624.645,802.5,240.75,0.1,11235.0,1,13,0,1,7
13596.0,15,2967,9.0,1780.2,6.0,1186.8,98.9,197.8,39.56,296.70000000000005,906.4,271.91999999999996,0.1,13596.0,1,14,0,1,7
13860.0,20,3236,12.0,1941.6,8.0,1294.4,80.9,161.8,32.36000000000001,242.70000000000002,693.0,207.9,0.1,13860.0,1,19,0,1,10
13449.0,15,2967,9.0,1780.2,6.0,1186.8,98.9,197.8,39.56,296.70000000000005,896.6,268.98,0.1,13449.0,1,14,0,1,7
12091.0,14,4840,8.4,2904.0,5.6000000000000005,1936.0,172.855,345.71,69.142,518.5649999999999,863.6428571428571,259.0928571428571,0.1,12091.0,1,13,0,1,7
12106.0,14,4842,8.4,2905.2,5.6000000000000005,1936.8000000000002,172.93,345.86,69.17200000000001,518.79,864.7142857142857,259.4142857142857,0.1,12106.0,1,13,0,1,7
12082.0,13,4776,7.8,2865.6,5.2,1910.4,183.69,367.38,73.476,551.0699999999999,929.3846153846154,278.8153846153846,0.1,12082.0,1,12,0,1,6
12094.0,13,4776,7.8,2865.6,5.2,1910.4,183.69,367.38,73.476,551.0699999999999,930.3076923076923,279.09230769230766,0.1,12094.0,1,12,0,1,6
4918.0,17,3615,10.2,2169.0,6.800000000000001,1446.0,106.325,212.65,42.53,318.975,289.29411764705884,86.78823529411765,0.1,4918.0,1,16,0,1,8
4942.0,18,3778,10.799999999999999,2266.7999999999997,7.2,1511.2,104.945,209.89,41.978,314.835,274.55555555555554,82.36666666666666,0.1,4942.0,1,17,0,1,9
6618.0,16,7063,9.6,4237.8,6.4,2825.2000000000003,220.72,441.44,88.28800000000001,662.16,413.625,124.08749999999999,0.1,6618.0,1,15,0,1,8
6676.0,16,7073,9.6,4243.8,6.4,2829.2000000000003,221.03,442.06,88.412,663.09,417.25,125.175,0.1,6676.0,1,15,0,1,8
7791.0,16,3539,9.6,2123.4,6.4,1415.6000000000001,110.595,221.19,44.238,331.78499999999997,486.9375,146.08124999999998,0.1,7791.0,1,15,0,1,8
7806.0,15,3485,9.0,2091.0,6.0,1394.0,116.165,232.33,46.46600000000001,348.495,520.4,156.11999999999998,0.1,7806.0,1,14,0,1,7
7823.0,15,3485,9.0,2091.0,6.0,1394.0,116.165,232.33,46.46600000000001,348.495,521.5333333333333,156.45999999999998,0.1,7823.0,1,14,0,1,7
7860.0,17,3702,10.2,2221.2,6.800000000000001,1480.8000000000002,108.88,217.76,43.552,326.64,462.3529411764706,138.7058823529412,0.1,7860.0,1,16,0,1,8
7874.0,16,3539,9.6,2123.4,6.4,1415.6000000000001,110.595,221.19,44.238,331.78499999999997,492.125,147.6375,0.1,7874.0,1,15,0,1,8
8486.0,17,3074,10.2,1844.3999999999999,6.800000000000001,1229.6000000000001,90.41,180.82,36.164,271.23,499.1764705882353,149.75294117647059,0.1,8486.0,1,16,0,1,8
8507.0,16,3020,9.6,1812.0,6.4,1208.0,94.375,188.75,37.75,283.125,531.6875,159.50625,0.1,8507.0,1,15,0,1,8
8618.0,17,3074,10.2,1844.3999999999999,6.800000000000001,1229.6000000000001,90.41,180.82,36.164,271.23,506.94117647058823,152.08235294117645,0.1,8618.0,1,16,0,1,8
7030.0,17,6811,10.2,4086.6,6.800000000000001,2724.4,200.325,400.65,80.13,600.9749999999999,413.52941176470586,124.05882352941175,0.1,7030.0,1,16,0,1,8
7043.0,15,6704,9.0,4022.3999999999996,6.0,2681.6000000000004,223.465,446.93,89.38600000000001,670.395,469.53333333333336,140.86,0.1,7043.0,1,14,0,1,7
7078.0,16,6769,9.6,4061.3999999999996,6.4,2707.6000000000004,211.53,423.06,84.61200000000001,634.59,442.375,132.7125,0.1,7078.0,1,15,0,1,8
7116.0,16,6759,9.6,4055.3999999999996,6.4,2703.6000000000004,211.22,422.44,84.488,633.66,444.75,133.42499999999998,0.1,7116.0,1,15,0,1,8
7030.0,15,6705,9.0,4023.0,6.0,2682.0,223.5,447.0,89.4,670.5,468.6666666666667,140.6,0.1,7030.0,1,14,0,1,7
8814.0,19,3183,11.4,1909.8,7.6000000000000005,1273.2,83.765,167.53,33.506,251.29500000000002,463.89473684210526,139.16842105263157,0.1,8814.0,1,18,0,1,9
7360.0,18,3131,10.799999999999999,1878.6,7.2,1252.4,86.97,173.94,34.788000000000004,260.90999999999997,408.8888888888889,122.66666666666667,0.1,7360.0,1,17,0,1,9
7182.0,17,3077,10.2,1846.1999999999998,6.800000000000001,1230.8000000000002,90.5,181.0,36.2,271.5,422.47058823529414,126.74117647058824,0.1,7182.0,1,16,0,1,8
7339.0,18,3131,10.799999999999999,1878.6,7.2,1252.4,86.97,173.94,34.788000000000004,260.90999999999997,407.72222222222223,122.31666666666666,0.1,7339.0,1,17,0,1,9
7411.0,17,3077,10.2,1846.1999999999998,6.800000000000001,1230.8000000000002,90.5,181.0,36.2,271.5,435.94117647058823,130.78235294117647,0.1,7411.0,1,16,0,1,8
7405.0,15,6705,9.0,4023.0,6.0,2682.0,223.5,447.0,89.4,670.5,493.6666666666667,148.1,0.1,7405.0,1,14,0,1,7
7550.0,16,6758,9.6,4054.7999999999997,6.4,2703.2000000000003,211.19,422.38,84.476,633.5699999999999,471.875,141.5625,0.1,7550.0,1,15,0,1,8
7540.0,17,6812,10.2,4087.2,6.800000000000001,2724.8,200.355,400.71,80.142,601.0649999999999,443.52941176470586,133.05882352941174,0.1,7540.0,1,16,0,1,8
8243.0,16,9286,9.6,5571.599999999999,6.4,3714.4,290.19,580.38,116.07600000000001,870.5699999999999,515.1875,154.55625,0.1,8243.0,1,15,0,1,8
7274.0,14,6683,8.4,4009.7999999999997,5.6000000000000005,2673.2000000000003,238.68,477.36,95.47200000000001,716.04,519.5714285714286,155.87142857142857,0.1,7274.0,1,13,0,1,7
7294.0,13,6629,7.8,3977.3999999999996,5.2,2651.6000000000004,254.96,509.92,101.98400000000001,764.88,561.0769230769231,168.3230769230769,0.1,7294.0,1,12,0,1,6
8198.0,15,2984,9.0,1790.3999999999999,6.0,1193.6000000000001,99.465,198.93,39.786,298.395,546.5333333333333,163.95999999999998,0.1,8198.0,1,14,0,1,7
7586.0,14,6684,8.4,4010.3999999999996,5.6000000000000005,2673.6000000000004,238.715,477.43,95.486,716.145,541.8571428571429,162.55714285714285,0.1,7586.0,1,13,0,1,7
8296.0,15,2984,9.0,1790.3999999999999,6.0,1193.6000000000001,99.465,198.93,39.786,298.395,553.0666666666667,165.92000000000002,0.1,8296.0,1,14,0,1,7
7687.0,14,6683,8.4,4009.7999999999997,5.6000000000000005,2673.2000000000003,238.68,477.36,95.47200000000001,716.04,549.0714285714286,164.72142857142856,0.1,7687.0,1,13,0,1,7
8422.0,15,2984,9.0,1790.3999999999999,6.0,1193.6000000000001,99.465,198.93,39.786,298.395,561.4666666666667,168.44,0.1,8422.0,1,14,0,1,7
8435.0,15,2984,9.0,1790.3999999999999,6.0,1193.6000000000001,99.465,198.93,39.786,298.395,562.3333333333334,168.70000000000002,0.1,8435.0,1,14,0,1,7
8060.000000000001,15,4542,9.0,2725.2,6.0,1816.8000000000002,151.4,302.8,60.56,454.20000000000005,537.3333333333334,161.20000000000002,0.1,8060.000000000001,1,14,0,1,7
8099.0,15,4478,9.0,2686.7999999999997,6.0,1791.2,149.265,298.53,59.705999999999996,447.79499999999996,539.9333333333333,161.98,0.1,8099.0,1,14,0,1,7
8160.0,15,4478,9.0,2686.7999999999997,6.0,1791.2,149.265,298.53,59.705999999999996,447.79499999999996,544.0,163.2,0.1,8160.0,1,14,0,1,7
8177.0,13,4358,7.8,2614.7999999999997,5.2,1743.2,167.615,335.23,67.046,502.845,629.0,188.7,0.1,8177.0,1,12,0,1,6
12043.0,19,4003,11.4,2401.7999999999997,7.6000000000000005,1601.2,105.34,210.68,42.136,316.02,633.8421052631579,190.15263157894736,0.1,12043.0,1,18,0,1,9
13788.0,19,3192,11.4,1915.1999999999998,7.6000000000000005,1276.8000000000002,84.0,168.0,33.6,252.0,725.6842105263158,217.70526315789473,0.1,13788.0,1,18,0,1,9
23145.0,22,2892,13.2,1735.2,8.8,1156.8,65.725,131.45,26.29,197.17499999999998,1052.0454545454545,315.6136363636363,0.1,23145.0,1,21,0,1,11
23151.0,29,4044,17.4,2426.4,11.600000000000001,1617.6000000000001,69.725,139.45,27.89,209.17499999999998,798.3103448275862,239.49310344827583,0.1,23151.0,1,28,0,1,14
1.0,1,159,0.6,95.39999999999999,0.4,63.6,79.5,159.0,31.8,238.5,1.0,0.3,0.1,1.0,0,0,0,0,0
611.0,12,3153,7.199999999999999,1891.8,4.800000000000001,1261.2,131.375,262.75,52.550000000000004,394.125,50.916666666666664,15.274999999999999,0.1,611.0,1,11,0,1,6
389.0,11,2917,6.6,1750.2,4.4,1166.8,132.59,265.18,53.036,397.77,35.36363636363637,10.60909090909091,0.1,389.0,1,10,0,1,5
1.0,1,202,0.6,121.19999999999999,0.4,80.80000000000001,101.0,202.0,40.400000000000006,303.0,1.0,0.3,0.1,1.0,0,0,0,0,0
1.0,1,218,0.6,130.79999999999998,0.4,87.2,109.0,218.0,43.6,327.0,1.0,0.3,0.1,1.0,0,0,0,0,0
1.0,1,365,0.6,219.0,0.4,146.0,182.5,365.0,73.0,547.5,1.0,0.3,0.1,1.0,0,0,0,0,0
1.0,1,221,0.6,132.6,0.4,88.4,110.5,221.0,44.2,331.5,1.0,0.3,0.1,1.0,0,0,0,0,0
1.0,1,298,0.6,178.79999999999998,0.4,119.2,149.0,298.0,59.6,447.0,1.0,0.3,0.1,1.0,0,0,0,0,0
1.0,1,102,0.6,61.199999999999996,0.4,40.800000000000004,51.0,102.0,20.400000000000002,153.0,1.0,0.3,0.1,1.0,0,0,0,0,0
1.0,1,126,0.6,75.6,0.4,50.400000000000006,63.0,126.0,25.200000000000003,189.0,1.0,0.3,0.1,1.0,0,0,0,0,0
510.0,10,2586,6.0,1551.6,4.0,1034.4,129.3,258.6,51.720000000000006,387.90000000000003,51.0,15.299999999999999,0.1,510.0,1,9,0,1,5
506.0,9,4422,5.3999999999999995,2653.2,3.6,1768.8000000000002,245.665,491.33,98.266,736.995,56.22222222222222,16.866666666666667,0.1,506.0,1,8,0,1,4
1.0,2,212,1.2,127.19999999999999,0.8,84.80000000000001,53.0,106.0,21.200000000000003,159.0,0.5,0.15,0.1,1.0,0,1,0,0,1
1.0,1,159,0.6,95.39999999999999,0.4,63.6,79.5,159.0,31.8,238.5,1.0,0.3,0.1,1.0,0,0,0,0,0
1.0,2,266,1.2,159.6,0.8,106.4,66.5,133.0,26.6,199.5,0.5,0.15,0.1,1.0,0,1,0,0,1
1.0,1,137,0.6,82.2,0.4,54.800000000000004,68.5,137.0,27.400000000000002,205.5,1.0,0.3,0.1,1.0,0,0,0,0,0
1.0,1,96,0.6,57.599999999999994,0.4,38.400000000000006,48.0,96.0,19.200000000000003,144.0,1.0,0.3,0.1,1.0,0,0,0,0,0
1.0,1,153,0.6,91.8,0.4,61.2,76.5,153.0,30.6,229.5,1.0,0.3,0.1,1.0,0,0,0,0,0
1.0,1,112,0.6,67.2,0.4,44.800000000000004,56.0,112.0,22.400000000000002,168.0,1.0,0.3,0.1,1.0,0,0,0,0,0
1.0,1,136,0.6,81.6,0.4,54.400000000000006,68.0,136.0,27.200000000000003,204.0,1.0,0.3,0.1,1.0,0,0,0,0,0
1.0,1,139,0.6,83.39999999999999,0.4,55.6,69.5,139.0,27.8,208.5,1.0,0.3,0.1,1.0,0,0,0,0,0
1.0,1,154,0.6,92.39999999999999,0.4,61.6,77.0,154.0,30.8,231.0,1.0,0.3,0.1,1.0,0,0,0,0,0
1.0,1,141,0.6,84.6,0.4,56.400000000000006,70.5,141.0,28.200000000000003,211.5,1.0,0.3,0.1,1.0,0,0,0,0,0
1.0,1,108,0.6,64.8,0.4,43.2,54.0,108.0,21.6,162.0,1.0,0.3,0.1,1.0,0,0,0,0,0
1.0,1,136,0.6,81.6,0.4,54.400000000000006,68.0,136.0,27.200000000000003,204.0,1.0,0.3,0.1,1.0,0,0,0,0,0
1.0,1,124,0.6,74.39999999999999,0.4,49.6,62.0,124.0,24.8,186.0,1.0,0.3,0.1,1.0,0,0,0,0,0
1.0,1,180,0.6,108.0,0.4,72.0,90.0,180.0,36.0,270.0,1.0,0.3,0.1,1.0,0,0,0,0,0
1.0,1,178,0.6,106.8,0.4,71.2,89.0,178.0,35.6,267.0,1.0,0.3,0.1,1.0,0,0,0,0,0
1.0,1,102,0.6,61.199999999999996,0.4,40.800000000000004,51.0,102.0,20.400000000000002,153.0,1.0,0.3,0.1,1.0,0,0,0,0,0
8074.999999999999,17,3699,10.2,2219.4,6.800000000000001,1479.6000000000001,108.795,217.59,43.518,326.385,474.99999999999994,142.49999999999997,0.1,8074.999999999999,1,16,0,1,8
8063.000000000001,15,3499,9.0,2099.4,6.0,1399.6000000000001,116.635,233.27,46.654,349.90500000000003,537.5333333333334,161.26000000000002,0.1,8063.000000000001,1,14,0,1,7
1.0,1,187,0.6,112.2,0.4,74.8,93.5,187.0,37.4,280.5,1.0,0.3,0.1,1.0,0,0,0,0,0
10941.0,13,5567,7.8,3340.2,5.2,2226.8,214.115,428.23,85.64600000000002,642.345,841.6153846153846,252.48461538461538,0.1,10941.0,1,12,0,1,6
10978.0,13,5533,7.8,3319.7999999999997,5.2,2213.2000000000003,212.81,425.62,85.12400000000001,638.4300000000001,844.4615384615385,253.33846153846153,0.1,10978.0,1,12,0,1,6
1.0,1,114,0.6,68.39999999999999,0.4,45.6,57.0,114.0,22.8,171.0,1.0,0.3,0.1,1.0,0,0,0,0,0
11732.0,14,2768,8.4,1660.8,5.6000000000000005,1107.2,98.855,197.71,39.542,296.565,838.0,251.39999999999998,0.1,11732.0,1,13,0,1,7
11746.0,14,2768,8.4,1660.8,5.6000000000000005,1107.2,98.855,197.71,39.542,296.565,839.0,251.7,0.1,11746.0,1,13,0,1,7
11509.0,14,2768,8.4,1660.8,5.6000000000000005,1107.2,98.855,197.71,39.542,296.565,822.0714285714286,246.62142857142857,0.1,11509.0,1,13,0,1,7
11773.0,14,2768,8.4,1660.8,5.6000000000000005,1107.2,98.855,197.71,39.542,296.565,840.9285714285714,252.2785714285714,0.1,11773.0,1,13,0,1,7
9927.0,13,4606,7.8,2763.6,5.2,1842.4,177.155,354.31,70.86200000000001,531.465,763.6153846153846,229.08461538461538,0.1,9927.0,1,12,0,1,6
12804.0,14,2768,8.4,1660.8,5.6000000000000005,1107.2,98.855,197.71,39.542,296.565,914.5714285714286,274.37142857142857,0.1,12804.0,1,13,0,1,7
12817.0,14,2768,8.4,1660.8,5.6000000000000005,1107.2,98.855,197.71,39.542,296.565,915.5,274.65,0.1,12817.0,1,13,0,1,7
9715.0,13,4586,7.8,2751.6,5.2,1834.4,176.385,352.77,70.554,529.155,747.3076923076923,224.19230769230768,0.1,9715.0,1,12,0,1,6
13082.0,14,6300,8.4,3780.0,5.6000000000000005,2520.0,225.0,450.0,90.0,675.0,934.4285714285714,280.3285714285714,0.1,13082.0,1,13,0,1,7
13097.0,14,6300,8.4,3780.0,5.6000000000000005,2520.0,225.0,450.0,90.0,675.0,935.5,280.65,0.1,13097.0,1,13,0,1,7
13004.0,14,6299,8.4,3779.3999999999996,5.6000000000000005,2519.6000000000004,224.965,449.93,89.986,674.895,928.8571428571429,278.65714285714284,0.1,13004.0,1,13,0,1,7
13121.0,14,6299,8.4,3779.3999999999996,5.6000000000000005,2519.6000000000004,224.965,449.93,89.986,674.895,937.2142857142857,281.1642857142857,0.1,13121.0,1,13,0,1,7
13695.0,14,6299,8.4,3779.3999999999996,5.6000000000000005,2519.6000000000004,224.965,449.93,89.986,674.895,978.2142857142857,293.46428571428567,0.1,13695.0,1,13,0,1,7
13724.0,14,6299,8.4,3779.3999999999996,5.6000000000000005,2519.6000000000004,224.965,449.93,89.986,674.895,980.2857142857143,294.0857142857143,0.1,13724.0,1,13,0,1,7
3505.0,17,3635,10.2,2181.0,6.800000000000001,1454.0,106.91,213.82,42.764,320.73,206.1764705882353,61.85294117647059,0.1,3505.0,1,16,0,1,8
2208.0,14,3697,8.4,2218.2,5.6000000000000005,1478.8000000000002,132.035,264.07,52.814,396.105,157.71428571428572,47.31428571428572,0.1,2208.0,1,13,0,1,7
1762.0,11,3350,6.6,2010.0,4.4,1340.0,152.275,304.55,60.910000000000004,456.82500000000005,160.1818181818182,48.054545454545455,0.1,1762.0,1,10,0,1,5
2913.0,18,6900,10.799999999999999,4140.0,7.2,2760.0,191.665,383.33,76.666,574.995,161.83333333333334,48.550000000000004,0.1,2913.0,1,17,0,1,9
1781.0,12,2721,7.199999999999999,1632.6,4.800000000000001,1088.4,113.375,226.75,45.35,340.125,148.41666666666666,44.525,0.1,1781.0,1,11,0,1,6
3602.0,18,3655,10.799999999999999,2193.0,7.2,1462.0,101.53,203.06,40.612,304.59000000000003,200.11111111111111,60.03333333333333,0.1,3602.0,1,17,0,1,9
954.0,8,2419,4.8,1451.3999999999999,3.2,967.6,151.19,302.38,60.476,453.57,119.25,35.775,0.1,954.0,1,7,0,1,4
3088.0,16,7624,9.6,4574.4,6.4,3049.6000000000004,238.25,476.5,95.30000000000001,714.75,193.0,57.9,0.1,3088.0,1,15,0,1,8
2.0,2,222,1.2,133.2,0.8,88.80000000000001,55.5,111.0,22.200000000000003,166.5,1.0,0.3,0.1,2.0,0,1,0,0,1
4854.0,15,2943,9.0,1765.8,6.0,1177.2,98.1,196.2,39.24,294.29999999999995,323.6,97.08,0.1,4854.0,1,14,0,1,7
4765.0,16,2997,9.6,1798.2,6.4,1198.8,93.655,187.31,37.462,280.96500000000003,297.8125,89.34375,0.1,4765.0,1,15,0,1,8
6245.0,12,6823,7.199999999999999,4093.7999999999997,4.800000000000001,2729.2000000000003,284.29,568.58,113.71600000000001,852.8700000000001,520.4166666666666,156.12499999999997,0.1,6245.0,1,11,0,1,6
1.0,1,249,0.6,149.4,0.4,99.60000000000001,124.5,249.0,49.800000000000004,373.5,1.0,0.3,0.1,1.0,0,0,0,0,0
1622.0,2,430,1.2,258.0,0.8,172.0,107.5,215.0,43.0,322.5,811.0,243.29999999999998,0.1,1622.0,0,1,0,0,1
1.0,2,586,1.2,351.59999999999997,0.8,234.4,146.5,293.0,58.6,439.5,0.5,0.15,0.1,1.0,0,1,0,0,1
1.0,1,124,0.6,74.39999999999999,0.4,49.6,62.0,124.0,24.8,186.0,1.0,0.3,0.1,1.0,0,0,0,0,0
1.0,1,365,0.6,219.0,0.4,146.0,182.5,365.0,73.0,547.5,1.0,0.3,0.1,1.0,0,0,0,0,0
1.0,1,221,0.6,132.6,0.4,88.4,110.5,221.0,44.2,331.5,1.0,0.3,0.1,1.0,0,0,0,0,0
1.0,2,534,1.2,320.4,0.8,213.60000000000002,133.5,267.0,53.400000000000006,400.5,0.5,0.15,0.1,1.0,0,1,0,0,1
1.0,1,102,0.6,61.199999999999996,0.4,40.800000000000004,51.0,102.0,20.400000000000002,153.0,1.0,0.3,0.1,1.0,0,0,0,0,0
1.0,1,202,0.6,121.19999999999999,0.4,80.80000000000001,101.0,202.0,40.400000000000006,303.0,1.0,0.3,0.1,1.0,0,0,0,0,0
1.0,1,99,0.6,59.4,0.4,39.6,49.5,99.0,19.8,148.5,1.0,0.3,0.1,1.0,0,0,0,0,0
1.0,1,298,0.6,178.79999999999998,0.4,119.2,149.0,298.0,59.6,447.0,1.0,0.3,0.1,1.0,0,0,0,0,0
1.0,1,130,0.6,78.0,0.4,52.0,65.0,130.0,26.0,195.0,1.0,0.3,0.1,1.0,0,0,0,0,0
1.0,1,128,0.6,76.8,0.4,51.2,64.0,128.0,25.6,192.0,1.0,0.3,0.1,1.0,0,0,0,0,0
1.0,1,185,0.6,111.0,0.4,74.0,92.5,185.0,37.0,277.5,1.0,0.3,0.1,1.0,0,0,0,0,0
1.0,1,93,0.6,55.8,0.4,37.2,46.5,93.0,18.6,139.5,1.0,0.3,0.1,1.0,0,0,0,0,0
1.0,1,105,0.6,63.0,0.4,42.0,52.5,105.0,21.0,157.5,1.0,0.3,0.1,1.0,0,0,0,0,0
1768.0,2,228,1.2,136.79999999999998,0.8,91.2,57.0,114.0,22.8,171.0,884.0,265.2,0.1,1768.0,0,1,0,0,1
4473.0,8,2394,4.8,1436.3999999999999,3.2,957.6,149.625,299.25,59.85,448.875,559.125,167.73749999999998,0.1,4473.0,1,7,0,1,4
7331.0,16,3013,9.6,1807.8,6.4,1205.2,94.155,188.31,37.662,282.46500000000003,458.1875,137.45624999999998,0.1,7331.0,1,15,0,1,8
1.0,1,150,0.6,90.0,0.4,60.0,75.0,150.0,30.0,225.0,1.0,0.3,0.1,1.0,0,0,0,0,0
7253.0,13,6616,7.8,3969.6,5.2,2646.4,254.46,508.92,101.784,763.38,557.9230769230769,167.37692307692308,0.1,7253.0,1,12,0,1,6
1.0,1,105,0.6,63.0,0.4,42.0,52.5,105.0,21.0,157.5,1.0,0.3,0.1,1.0,0,0,0,0,0
1.0,1,150,0.6,90.0,0.4,60.0,75.0,150.0,30.0,225.0,1.0,0.3,0.1,1.0,0,0,0,0,0
1.0,1,153,0.6,91.8,0.4,61.2,76.5,153.0,30.6,229.5,1.0,0.3,0.1,1.0,0,0,0,0,0
1.0,1,112,0.6,67.2,0.4,44.800000000000004,56.0,112.0,22.400000000000002,168.0,1.0,0.3,0.1,1.0,0,0,0,0,0
1.0,1,108,0.6,64.8,0.4,43.2,54.0,108.0,21.6,162.0,1.0,0.3,0.1,1.0,0,0,0,0,0
1.0,2,198,1.2,118.8,0.8,79.2,49.5,99.0,19.8,148.5,0.5,0.15,0.1,1.0,0,1,0,0,1
1.0,1,117,0.6,70.2,0.4,46.800000000000004,58.5,117.0,23.400000000000002,175.5,1.0,0.3,0.1,1.0,0,0,0,0,0
1.0,1,136,0.6,81.6,0.4,54.400000000000006,68.0,136.0,27.200000000000003,204.0,1.0,0.3,0.1,1.0,0,0,0,0,0
1.0,1,120,0.6,72.0,0.4,48.0,60.0,120.0,24.0,180.0,1.0,0.3,0.1,1.0,0,0,0,0,0
4762.0,15,3523,9.0,2113.7999999999997,6.0,1409.2,117.435,234.87,46.974000000000004,352.305,317.46666666666664,95.24,0.1,4762.0,1,14,0,1,7
5872.0,12,5081,7.199999999999999,3048.6,4.800000000000001,2032.4,211.71,423.42,84.68400000000001,635.13,489.3333333333333,146.79999999999998,0.1,5872.0,1,11,0,1,6
1.0,1,163,0.6,97.8,0.4,65.2,81.5,163.0,32.6,244.5,1.0,0.3,0.1,1.0,0,0,0,0,0
59.0,2,388,1.2,232.79999999999998,0.8,155.20000000000002,97.0,194.0,38.800000000000004,291.0,29.5,8.85,0.1,59.0,0,1,0,0,1
2.0,2,250,1.2,150.0,0.8,100.0,62.5,125.0,25.0,187.5,1.0,0.3,0.1,2.0,0,1,0,0,1
1.0,1,112,0.6,67.2,0.4,44.800000000000004,56.0,112.0,22.400000000000002,168.0,1.0,0.3,0.1,1.0,0,0,0,0,0
1.0,1,103,0.6,61.8,0.4,41.2,51.5,103.0,20.6,154.5,1.0,0.3,0.1,1.0,0,0,0,0,0
1.0,1,153,0.6,91.8,0.4,61.2,76.5,153.0,30.6,229.5,1.0,0.3,0.1,1.0,0,0,0,0,0
1.0,1,115,0.6,69.0,0.4,46.0,57.5,115.0,23.0,172.5,1.0,0.3,0.1,1.0,0,0,0,0,0
1.0,1,143,0.6,85.8,0.4,57.2,71.5,143.0,28.6,214.5,1.0,0.3,0.1,1.0,0,0,0,0,0
2929.0,15,3658,9.0,2194.7999999999997,6.0,1463.2,121.935,243.87,48.774,365.805,195.26666666666668,58.58,0.1,2929.0,1,14,0,1,7
1478.0,15,2857,9.0,1714.2,6.0,1142.8,95.235,190.47,38.094,285.705,98.53333333333333,29.56,0.1,1478.0,1,14,0,1,7
18753.0,23,3480,13.799999999999999,2088.0,9.200000000000001,1392.0,75.65,151.3,30.260000000000005,226.95000000000002,815.3478260869565,244.60434782608695,0.1,18753.0,1,22,0,1,11
18850.0,23,3480,13.799999999999999,2088.0,9.200000000000001,1392.0,75.65,151.3,30.260000000000005,226.95000000000002,819.5652173913044,245.8695652173913,0.1,18850.0,1,22,0,1,11
18953.0,25,5742,15.0,3445.2,10.0,2296.8,114.84,229.68,45.93600000000001,344.52,758.12,227.436,0.1,18953.0,1,24,0,1,12
19190.0,25,5552,15.0,3331.2,10.0,2220.8,111.04,222.08,44.416000000000004,333.12,767.6,230.28,0.1,19190.0,1,24,0,1,12
2.0,2,500,1.2,300.0,0.8,200.0,125.0,250.0,50.0,375.0,1.0,0.3,0.1,2.0,0,1,0,0,1
1.0,2,198,1.2,118.8,0.8,79.2,49.5,99.0,19.8,148.5,0.5,0.15,0.1,1.0,0,1,0,0,1
2.0,2,344,1.2,206.4,0.8,137.6,86.0,172.0,34.4,258.0,1.0,0.3,0.1,2.0,0,1,0,0,1
1.0,1,148,0.6,88.8,0.4,59.2,74.0,148.0,29.6,222.0,1.0,0.3,0.1,1.0,0,0,0,0,0
4216.0,15,3495,9.0,2097.0,6.0,1398.0,116.5,233.0,46.6,349.5,281.06666666666666,84.32,0.1,4216.0,1,14,0,1,7
1.0,1,135,0.6,81.0,0.4,54.0,67.5,135.0,27.0,202.5,1.0,0.3,0.1,1.0,0,0,0,0,0
1.0,1,94,0.6,56.4,0.4,37.6,47.0,94.0,18.8,141.0,1.0,0.3,0.1,1.0,0,0,0,0,0
1.0,1,94,0.6,56.4,0.4,37.6,47.0,94.0,18.8,141.0,1.0,0.3,0.1,1.0,0,0,0,0,0
3416.0,14,6661,8.4,3996.6,5.6000000000000005,2664.4,237.895,475.79,95.15800000000002,713.6850000000001,244.0,73.2,0.1,3416.0,1,13,0,1,7
1.0,1,132,0.6,79.2,0.4,52.800000000000004,66.0,132.0,26.400000000000002,198.0,1.0,0.3,0.1,1.0,0,0,0,0,0
1.0,1,138,0.6,82.8,0.4,55.2,69.0,138.0,27.6,207.0,1.0,0.3,0.1,1.0,0,0,0,0,0
1.0,2,220,1.2,132.0,0.8,88.0,55.0,110.0,22.0,165.0,0.5,0.15,0.1,1.0,0,1,0,0,1
1.0,1,104,0.6,62.4,0.4,41.6,52.0,104.0,20.8,156.0,1.0,0.3,0.1,1.0,0,0,0,0,0
1.0,1,106,0.6,63.599999999999994,0.4,42.400000000000006,53.0,106.0,21.200000000000003,159.0,1.0,0.3,0.1,1.0,0,0,0,0,0
1.0,1,125,0.6,75.0,0.4,50.0,62.5,125.0,25.0,187.5,1.0,0.3,0.1,1.0,0,0,0,0,0
1.0,1,103,0.6,61.8,0.4,41.2,51.5,103.0,20.6,154.5,1.0,0.3,0.1,1.0,0,0,0,0,0
1.0,1,103,0.6,61.8,0.4,41.2,51.5,103.0,20.6,154.5,1.0,0.3,0.1,1.0,0,0,0,0,0
1.0,1,132,0.6,79.2,0.4,52.800000000000004,66.0,132.0,26.400000000000002,198.0,1.0,0.3,0.1,1.0,0,0,0,0,0
1.0,2,194,1.2,116.39999999999999,0.8,77.60000000000001,48.5,97.0,19.400000000000002,145.5,0.5,0.15,0.1,1.0,0,1,0,0,1
1698.0,11,3402,6.6,2041.1999999999998,4.4,1360.8000000000002,154.635,309.27,61.854,463.905,154.36363636363637,46.30909090909091,0.1,1698.0,1,10,0,1,5
1445.0,13,2732,7.8,1639.2,5.2,1092.8,105.075,210.15,42.03,315.225,111.15384615384616,33.34615384615385,0.1,1445.0,1,12,0,1,6
2453.0,18,3567,10.799999999999999,2140.2,7.2,1426.8000000000002,99.085,198.17,39.634,297.255,136.27777777777777,40.88333333333333,0.1,2453.0,1,17,0,1,9
2667.0,16,7931,9.6,4758.599999999999,6.4,3172.4,247.845,495.69,99.138,743.535,166.6875,50.00625,0.1,2667.0,1,15,0,1,8
2789.0,22,3831,13.2,2298.6,8.8,1532.4,87.07,174.14,34.827999999999996,261.21,126.77272727272727,38.03181818181818,0.1,2789.0,1,21,0,1,11
2821.0,21,4046,12.6,2427.6,8.4,1618.4,96.335,192.67,38.534,289.005,134.33333333333334,40.300000000000004,0.1,2821.0,1,20,0,1,10
3131.0,21,4046,12.6,2427.6,8.4,1618.4,96.335,192.67,38.534,289.005,149.0952380952381,44.72857142857143,0.1,3131.0,1,20,0,1,10
960.0,16,3113,9.6,1867.8,6.4,1245.2,97.28,194.56,38.912000000000006,291.84000000000003,60.0,18.0,0.1,960.0,1,15,0,1,8
1190.0,14,7797,8.4,4678.2,5.6000000000000005,3118.8,278.465,556.93,111.386,835.395,85.0,25.5,0.1,1190.0,1,13,0,1,7
1910.0,16,6071,9.6,3642.6,6.4,2428.4,189.72,379.44,75.888,569.16,119.375,35.8125,0.1,1910.0,1,15,0,1,8
1780.0,15,2857,9.0,1714.2,6.0,1142.8,95.235,190.47,38.094,285.705,118.66666666666667,35.6,0.1,1780.0,1,14,0,1,7
2914.0,16,3030,9.6,1818.0,6.4,1212.0,94.69,189.38,37.876,284.07,182.125,54.637499999999996,0.1,2914.0,1,15,0,1,8
1960.0,16,3360,9.6,2016.0,6.4,1344.0,105.0,210.0,42.0,315.0,122.5,36.75,0.1,1960.0,1,15,0,1,8
3008.0,16,9616,9.6,5769.599999999999,6.4,3846.4,300.5,601.0,120.2,901.5,188.0,56.4,0.1,3008.0,1,15,0,1,8
854.0,20,3653,12.0,2191.7999999999997,8.0,1461.2,91.325,182.65,36.53,273.975,42.7,12.81,0.1,854.0,1,19,0,1,10
3556.0,11,2725,6.6,1635.0,4.4,1090.0,123.865,247.73,49.546,371.59499999999997,323.27272727272725,96.98181818181817,0.1,3556.0,1,10,0,1,5
3755.0,10,4558,6.0,2734.7999999999997,4.0,1823.2,227.9,455.8,91.16000000000001,683.7,375.5,112.64999999999999,0.1,3755.0,1,9,0,1,5
7821.0,15,2960,9.0,1776.0,6.0,1184.0,98.665,197.33,39.46600000000001,295.995,521.4,156.42,0.1,7821.0,1,14,0,1,7
6746.0,12,5419,7.199999999999999,3251.4,4.800000000000001,2167.6,225.79,451.58,90.316,677.37,562.1666666666666,168.64999999999998,0.1,6746.0,1,11,0,1,6
9289.0,23,3561,13.799999999999999,2136.6,9.200000000000001,1424.4,77.415,154.83,30.966000000000005,232.245,403.8695652173913,121.16086956521738,0.1,9289.0,1,22,0,1,11
9252.0,23,3561,13.799999999999999,2136.6,9.200000000000001,1424.4,77.415,154.83,30.966000000000005,232.245,402.2608695652174,120.67826086956521,0.1,9252.0,1,22,0,1,11
9179.0,24,3624,14.399999999999999,2174.4,9.600000000000001,1449.6000000000001,75.5,151.0,30.200000000000003,226.5,382.4583333333333,114.7375,0.1,9179.0,1,23,0,1,12
9522.0,22,3500,13.2,2100.0,8.8,1400.0,79.545,159.09,31.818,238.635,432.8181818181818,129.84545454545454,0.1,9522.0,1,21,0,1,11
9355.0,25,3678,15.0,2206.7999999999997,10.0,1471.2,73.56,147.12,29.424000000000003,220.68,374.2,112.25999999999999,0.1,9355.0,1,24,0,1,12
7003.0,4,912,2.4,547.1999999999999,1.6,364.8,114.0,228.0,45.6,342.0,1750.75,525.225,0.1,7003.0,0,3,0,0,2
1181.0,18,3803,10.799999999999999,2281.7999999999997,7.2,1521.2,105.64,211.28,42.256,316.92,65.61111111111111,19.683333333333334,0.1,1181.0,1,17,0,1,9
171.0,7,2715,4.2,1629.0,2.8000000000000003,1086.0,193.93,387.86,77.572,581.79,24.428571428571427,7.328571428571427,0.1,171.0,1,6,0,1,3
55.0,2,586,1.2,351.59999999999997,0.8,234.4,146.5,293.0,58.6,439.5,27.5,8.25,0.1,55.0,0,1,0,0,1
1.0,2,500,1.2,300.0,0.8,200.0,125.0,250.0,50.0,375.0,0.5,0.15,0.1,1.0,0,1,0,0,1
1.0,1,143,0.6,85.8,0.4,57.2,71.5,143.0,28.6,214.5,1.0,0.3,0.1,1.0,0,0,0,0,0
1.0,1,102,0.6,61.199999999999996,0.4,40.800000000000004,51.0,102.0,20.400000000000002,153.0,1.0,0.3,0.1,1.0,0,0,0,0,0
1.0,1,114,0.6,68.39999999999999,0.4,45.6,57.0,114.0,22.8,171.0,1.0,0.3,0.1,1.0,0,0,0,0,0
1.0,1,143,0.6,85.8,0.4,57.2,71.5,143.0,28.6,214.5,1.0,0.3,0.1,1.0,0,0,0,0,0
2.0,2,216,1.2,129.6,0.8,86.4,54.0,108.0,21.6,162.0,1.0,0.3,0.1,2.0,0,1,0,0,1
3160.0,31,5041,18.599999999999998,3024.6,12.4,2016.4,81.305,162.61,32.522000000000006,243.91500000000002,101.93548387096774,30.58064516129032,0.1,3160.0,1,30,0,1,15
79.0,2,284,1.2,170.4,0.8,113.60000000000001,71.0,142.0,28.400000000000002,213.0,39.5,11.85,0.1,79.0,0,1,0,0,1
1.0,1,169,0.6,101.39999999999999,0.4,67.60000000000001,84.5,169.0,33.800000000000004,253.5,1.0,0.3,0.1,1.0,0,0,0,0,0
3263.0,15,2966,9.0,1779.6,6.0,1186.4,98.865,197.73,39.546,296.59499999999997,217.53333333333333,65.25999999999999,0.1,3263.0,1,14,0,1,7
1.0,1,339,0.6,203.4,0.4,135.6,169.5,339.0,67.8,508.5,1.0,0.3,0.1,1.0,0,0,0,0,0
1.0,1,365,0.6,219.0,0.4,146.0,182.5,365.0,73.0,547.5,1.0,0.3,0.1,1.0,0,0,0,0,0
1.0,1,221,0.6,132.6,0.4,88.4,110.5,221.0,44.2,331.5,1.0,0.3,0.1,1.0,0,0,0,0,0
1.0,1,102,0.6,61.199999999999996,0.4,40.800000000000004,51.0,102.0,20.400000000000002,153.0,1.0,0.3,0.1,1.0,0,0,0,0,0
1.0,1,96,0.6,57.599999999999994,0.4,38.400000000000006,48.0,96.0,19.200000000000003,144.0,1.0,0.3,0.1,1.0,0,0,0,0,0
305.0,2,198,1.2,118.8,0.8,79.2,49.5,99.0,19.8,148.5,152.5,45.75,0.1,305.0,0,1,0,0,1
1.0,1,108,0.6,64.8,0.4,43.2,54.0,108.0,21.6,162.0,1.0,0.3,0.1,1.0,0,0,0,0,0
1.0,2,266,1.2,159.6,0.8,106.4,66.5,133.0,26.6,199.5,0.5,0.15,0.1,1.0,0,1,0,0,1
1.0,1,137,0.6,82.2,0.4,54.800000000000004,68.5,137.0,27.400000000000002,205.5,1.0,0.3,0.1,1.0,0,0,0,0,0
1.0,1,159,0.6,95.39999999999999,0.4,63.6,79.5,159.0,31.8,238.5,1.0,0.3,0.1,1.0,0,0,0,0,0
3483.0,17,3174,10.2,1904.3999999999999,6.800000000000001,1269.6000000000001,93.355,186.71,37.342000000000006,280.065,204.88235294117646,61.46470588235294,0.1,3483.0,1,16,0,1,8
3518.0,15,10123,9.0,6073.8,6.0,4049.2000000000003,337.435,674.87,134.97400000000002,1012.3050000000001,234.53333333333333,70.36,0.1,3518.0,1,14,0,1,7
3738.0,24,3624,14.399999999999999,2174.4,9.600000000000001,1449.6000000000001,75.5,151.0,30.200000000000003,226.5,155.75,46.725,0.1,3738.0,1,23,0,1,12
3949.0,24,3624,14.399999999999999,2174.4,9.600000000000001,1449.6000000000001,75.5,151.0,30.200000000000003,226.5,164.54166666666666,49.3625,0.1,3949.0,1,23,0,1,12
5621.0,16,3110,9.6,1866.0,6.4,1244.0,97.19,194.38,38.876000000000005,291.57,351.3125,105.39375,0.1,5621.0,1,15,0,1,8
5516.0,21,3440,12.6,2064.0,8.4,1376.0,81.905,163.81,32.762,245.715,262.6666666666667,78.8,0.1,5516.0,1,20,0,1,10
5531.0,18,3215,10.799999999999999,1929.0,7.2,1286.0,89.305,178.61,35.722,267.915,307.27777777777777,92.18333333333332,0.1,5531.0,1,17,0,1,9
5426.0,13,6901,7.8,4140.599999999999,5.2,2760.4,265.425,530.85,106.17000000000002,796.2750000000001,417.38461538461536,125.21538461538461,0.1,5426.0,1,12,0,1,6
6167.0,20,3267,12.0,1960.1999999999998,8.0,1306.8000000000002,81.675,163.35,32.67,245.02499999999998,308.35,92.50500000000001,0.1,6167.0,1,19,0,1,10
6183.0,17,14445,10.2,8667.0,6.800000000000001,5778.0,424.855,849.71,169.942,1274.565,363.70588235294116,109.11176470588235,0.1,6183.0,1,16,0,1,8
6642.0,17,3081,10.2,1848.6,6.800000000000001,1232.4,90.62,181.24,36.248000000000005,271.86,390.70588235294116,117.21176470588235,0.1,6642.0,1,16,0,1,8
6673.0,16,13034,9.6,7820.4,6.4,5213.6,407.31,814.62,162.924,1221.93,417.0625,125.11874999999999,0.1,6673.0,1,15,0,1,8
9640.0,24,4269,14.399999999999999,2561.4,9.600000000000001,1707.6000000000001,88.94,177.88,35.576,266.82,401.6666666666667,120.5,0.1,9640.0,1,23,0,1,12
7978.0,26,3795,15.6,2277.0,10.4,1518.0,72.98,145.96,29.192000000000004,218.94,306.84615384615387,92.05384615384615,0.1,7978.0,1,25,0,1,13
10097.0,29,4347,17.4,2608.2,11.600000000000001,1738.8000000000002,74.95,149.9,29.980000000000004,224.85000000000002,348.17241379310343,104.45172413793102,0.1,10097.0,1,28,0,1,14
6188.0,22,3510,13.2,2106.0,8.8,1404.0,79.775,159.55,31.910000000000004,239.32500000000002,281.27272727272725,84.38181818181818,0.1,6188.0,1,21,0,1,11
6346.0,23,3564,13.799999999999999,2138.4,9.200000000000001,1425.6000000000001,77.48,154.96,30.992000000000004,232.44,275.9130434782609,82.77391304347826,0.1,6346.0,1,22,0,1,11
6988.0,23,3564,13.799999999999999,2138.4,9.200000000000001,1425.6000000000001,77.48,154.96,30.992000000000004,232.44,303.82608695652175,91.14782608695653,0.1,6988.0,1,22,0,1,11
7182.0,23,3564,13.799999999999999,2138.4,9.200000000000001,1425.6000000000001,77.48,154.96,30.992000000000004,232.44,312.2608695652174,93.67826086956521,0.1,7182.0,1,22,0,1,11
2080.0,16,3114,9.6,1868.3999999999999,6.4,1245.6000000000001,97.31,194.62,38.92400000000001,291.93,130.0,39.0,0.1,2080.0,1,15,0,1,8
2116.0,14,7823,8.4,4693.8,5.6000000000000005,3129.2000000000003,279.395,558.79,111.758,838.185,151.14285714285714,45.34285714285714,0.1,2116.0,1,13,0,1,7
3414.0,36,4941,21.599999999999998,2964.6,14.4,1976.4,68.625,137.25,27.450000000000003,205.875,94.83333333333333,28.45,0.1,3414.0,1,35,0,1,18
1.0,1,169,0.6,101.39999999999999,0.4,67.60000000000001,84.5,169.0,33.800000000000004,253.5,1.0,0.3,0.1,1.0,0,0,0,0,0
1.0,1,124,0.6,74.39999999999999,0.4,49.6,62.0,124.0,24.8,186.0,1.0,0.3,0.1,1.0,0,0,0,0,0
1.0,1,160,0.6,96.0,0.4,64.0,80.0,160.0,32.0,240.0,1.0,0.3,0.1,1.0,0,0,0,0,0
8910.0,18,3693,10.799999999999999,2215.7999999999997,7.2,1477.2,102.585,205.17,41.034,307.755,495.0,148.5,0.1,8910.0,1,17,0,1,9
8565.0,17,11027,10.2,6616.2,6.800000000000001,4410.8,324.325,648.65,129.73,972.9749999999999,503.8235294117647,151.1470588235294,0.1,8565.0,1,16,0,1,8
1.0,1,93,0.6,55.8,0.4,37.2,46.5,93.0,18.6,139.5,1.0,0.3,0.1,1.0,0,0,0,0,0
1.0,1,93,0.6,55.8,0.4,37.2,46.5,93.0,18.6,139.5,1.0,0.3,0.1,1.0,0,0,0,0,0
1.0,1,114,0.6,68.39999999999999,0.4,45.6,57.0,114.0,22.8,171.0,1.0,0.3,0.1,1.0,0,0,0,0,0
1.0,1,93,0.6,55.8,0.4,37.2,46.5,93.0,18.6,139.5,1.0,0.3,0.1,1.0,0,0,0,0,0
1.0,1,105,0.6,63.0,0.4,42.0,52.5,105.0,21.0,157.5,1.0,0.3,0.1,1.0,0,0,0,0,0
1.0,1,130,0.6,78.0,0.4,52.0,65.0,130.0,26.0,195.0,1.0,0.3,0.1,1.0,0,0,0,0,0
1.0,1,93,0.6,55.8,0.4,37.2,46.5,93.0,18.6,139.5,1.0,0.3,0.1,1.0,0,0,0,0,0
1.0,1,141,0.6,84.6,0.4,56.400000000000006,70.5,141.0,28.200000000000003,211.5,1.0,0.3,0.1,1.0,0,0,0,0,0
2.0,2,212,1.2,127.19999999999999,0.8,84.80000000000001,53.0,106.0,21.200000000000003,159.0,1.0,0.3,0.1,2.0,0,1,0,0,1
1.0,1,105,0.6,63.0,0.4,42.0,52.5,105.0,21.0,157.5,1.0,0.3,0.1,1.0,0,0,0,0,0
12357.0,24,3617,14.399999999999999,2170.2,9.600000000000001,1446.8000000000002,75.355,150.71,30.142000000000003,226.065,514.875,154.4625,0.1,12357.0,1,23,0,1,12
1.0,1,164,0.6,98.39999999999999,0.4,65.60000000000001,82.0,164.0,32.800000000000004,246.0,1.0,0.3,0.1,1.0,0,0,0,0,0
1.0,1,142,0.6,85.2,0.4,56.800000000000004,71.0,142.0,28.400000000000002,213.0,1.0,0.3,0.1,1.0,0,0,0,0,0
2.0,2,315,1.2,189.0,0.8,126.0,78.75,157.5,31.5,236.25,1.0,0.3,0.1,2.0,0,1,0,0,1
1.0,1,117,0.6,70.2,0.4,46.800000000000004,58.5,117.0,23.400000000000002,175.5,1.0,0.3,0.1,1.0,0,0,0,0,0
5202.0,18,3213,10.799999999999999,1927.8,7.2,1285.2,89.25,178.5,35.7,267.75,289.0,86.7,0.1,5202.0,1,17,0,1,9
4945.0,15,10140,9.0,6084.0,6.0,4056.0,338.0,676.0,135.20000000000002,1014.0,329.6666666666667,98.9,0.1,4945.0,1,14,0,1,7
1.0,1,133,0.6,79.8,0.4,53.2,66.5,133.0,26.6,199.5,1.0,0.3,0.1,1.0,0,0,0,0,0
2.0,2,408,1.2,244.79999999999998,0.8,163.20000000000002,102.0,204.0,40.800000000000004,306.0,1.0,0.3,0.1,2.0,0,1,0,0,1
1.0,1,143,0.6,85.8,0.4,57.2,71.5,143.0,28.6,214.5,1.0,0.3,0.1,1.0,0,0,0,0,0
1.0,1,147,0.6,88.2,0.4,58.800000000000004,73.5,147.0,29.400000000000002,220.5,1.0,0.3,0.1,1.0,0,0,0,0,0
1.0,1,195,0.6,117.0,0.4,78.0,97.5,195.0,39.0,292.5,1.0,0.3,0.1,1.0,0,0,0,0,0
5421.0,20,3722,12.0,2233.2,8.0,1488.8000000000002,93.05,186.1,37.22,279.15,271.05,81.315,0.1,5421.0,1,19,0,1,10
5281.0,19,7889,11.4,4733.4,7.6000000000000005,3155.6000000000004,207.605,415.21,83.042,622.8149999999999,277.94736842105266,83.3842105263158,0.1,5281.0,1,18,0,1,9
5504.0,16,10175,9.6,6105.0,6.4,4070.0,317.97,635.94,127.18800000000002,953.9100000000001,344.0,103.2,0.1,5504.0,1,15,0,1,8
1.0,1,101,0.6,60.599999999999994,0.4,40.400000000000006,50.5,101.0,20.200000000000003,151.5,1.0,0.3,0.1,1.0,0,0,0,0,0
1.0,1,158,0.6,94.8,0.4,63.2,79.0,158.0,31.6,237.0,1.0,0.3,0.1,1.0,0,0,0,0,0
1.0,1,112,0.6,67.2,0.4,44.800000000000004,56.0,112.0,22.400000000000002,168.0,1.0,0.3,0.1,1.0,0,0,0,0,0
3033.0,2,218,1.2,130.79999999999998,0.8,87.2,54.5,109.0,21.8,163.5,1516.5,454.95,0.1,3033.0,0,1,0,0,1
7739.0,31,5124,18.599999999999998,3074.4,12.4,2049.6,82.645,165.29,33.058,247.935,249.6451612903226,74.89354838709677,0.1,7739.0,1,30,0,1,15
1.0,1,112,0.6,67.2,0.4,44.800000000000004,56.0,112.0,22.400000000000002,168.0,1.0,0.3,0.1,1.0,0,0,0,0,0
2.0,2,218,1.2,130.79999999999998,0.8,87.2,54.5,109.0,21.8,163.5,1.0,0.3,0.1,2.0,0,1,0,0,1
7475.0,33,4352,19.8,2611.2,13.200000000000001,1740.8000000000002,65.94,131.88,26.376,197.82,226.5151515151515,67.95454545454545,0.1,7475.0,1,32,0,1,16
1.0,1,147,0.6,88.2,0.4,58.800000000000004,73.5,147.0,29.400000000000002,220.5,1.0,0.3,0.1,1.0,0,0,0,0,0
1.0,1,103,0.6,61.8,0.4,41.2,51.5,103.0,20.6,154.5,1.0,0.3,0.1,1.0,0,0,0,0,0
1.0,1,115,0.6,69.0,0.4,46.0,57.5,115.0,23.0,172.5,1.0,0.3,0.1,1.0,0,0,0,0,0
1.0,1,202,0.6,121.19999999999999,0.4,80.80000000000001,101.0,202.0,40.400000000000006,303.0,1.0,0.3,0.1,1.0,0,0,0,0,0
1.0,1,298,0.6,178.79999999999998,0.4,119.2,149.0,298.0,59.6,447.0,1.0,0.3,0.1,1.0,0,0,0,0,0
1.0,1,99,0.6,59.4,0.4,39.6,49.5,99.0,19.8,148.5,1.0,0.3,0.1,1.0,0,0,0,0,0
1.0,2,500,1.2,300.0,0.8,200.0,125.0,250.0,50.0,375.0,0.5,0.15,0.1,1.0,0,1,0,0,1
3158.0,24,4195,14.399999999999999,2517.0,9.600000000000001,1678.0,87.395,174.79,34.958,262.185,131.58333333333334,39.475,0.1,3158.0,1,23,0,1,12
1.0,2,216,1.2,129.6,0.8,86.4,54.0,108.0,21.6,162.0,0.5,0.15,0.1,1.0,0,1,0,0,1
1145.0,13,3447,7.8,2068.2,5.2,1378.8000000000002,132.575,265.15,53.03,397.72499999999997,88.07692307692308,26.423076923076923,0.1,1145.0,1,12,0,1,6
1111.0,10,2527,6.0,1516.2,4.0,1010.8000000000001,126.35,252.7,50.54,379.04999999999995,111.1,33.33,0.1,1111.0,1,9,0,1,5
1.0,1,127,0.6,76.2,0.4,50.800000000000004,63.5,127.0,25.400000000000002,190.5,1.0,0.3,0.1,1.0,0,0,0,0,0
632.0,14,3323,8.4,1993.8,5.6000000000000005,1329.2,118.68,237.36,47.47200000000001,356.04,45.142857142857146,13.542857142857143,0.1,632.0,1,13,0,1,7
530.0,14,5737,8.4,3442.2,5.6000000000000005,2294.8,204.895,409.79,81.95800000000001,614.6850000000001,37.857142857142854,11.357142857142856,0.1,530.0,1,13,0,1,7
1.0,1,101,0.6,60.599999999999994,0.4,40.400000000000006,50.5,101.0,20.200000000000003,151.5,1.0,0.3,0.1,1.0,0,0,0,0,0
1.0,1,113,0.6,67.8,0.4,45.2,56.5,113.0,22.6,169.5,1.0,0.3,0.1,1.0,0,0,0,0,0
260.0,11,2711,6.6,1626.6,4.4,1084.4,123.225,246.45,49.29,369.67499999999995,23.636363636363637,7.090909090909091,0.1,260.0,1,10,0,1,5
279.0,9,4222,5.3999999999999995,2533.2,3.6,1688.8000000000002,234.555,469.11,93.822,703.665,31.0,9.299999999999999,0.1,279.0,1,8,0,1,4
966.0,8,2521,4.8,1512.6,3.2,1008.4000000000001,157.56,315.12,63.024,472.68,120.75,36.225,0.1,966.0,1,7,0,1,4
832.0,7,1607,4.2,964.1999999999999,2.8000000000000003,642.8000000000001,114.785,229.57,45.914,344.355,118.85714285714286,35.65714285714286,0.1,832.0,1,6,0,1,3
1.0,1,97,0.6,58.199999999999996,0.4,38.800000000000004,48.5,97.0,19.400000000000002,145.5,1.0,0.3,0.1,1.0,0,0,0,0,0
1.0,1,149,0.6,89.39999999999999,0.4,59.6,74.5,149.0,29.8,223.5,1.0,0.3,0.1,1.0,0,0,0,0,0
634.0,11,1466,6.6,879.6,4.4,586.4,66.635,133.27,26.654000000000003,199.90500000000003,57.63636363636363,17.29090909090909,0.1,634.0,1,10,0,1,5
503.0,14,5489,8.4,3293.4,5.6000000000000005,2195.6,196.035,392.07,78.414,588.105,35.92857142857143,10.778571428571428,0.1,503.0,1,13,0,1,7
1.0,1,324,0.6,194.4,0.4,129.6,162.0,324.0,64.8,486.0,1.0,0.3,0.1,1.0,0,0,0,0,0
1.0,1,342,0.6,205.2,0.4,136.8,171.0,342.0,68.4,513.0,1.0,0.3,0.1,1.0,0,0,0,0,0
204.0,10,3288,6.0,1972.8,4.0,1315.2,164.4,328.8,65.76,493.20000000000005,20.4,6.119999999999999,0.1,204.0,1,9,0,1,5
640.0,11,2748,6.6,1648.8,4.4,1099.2,124.91,249.82,49.964,374.73,58.18181818181818,17.454545454545453,0.1,640.0,1,10,0,1,5
824.0,10,2694,6.0,1616.3999999999999,4.0,1077.6000000000001,134.7,269.4,53.879999999999995,404.09999999999997,82.4,24.720000000000002,0.1,824.0,1,9,0,1,5
731.0,10,3679,6.0,2207.4,4.0,1471.6000000000001,183.95,367.9,73.58,551.8499999999999,73.1,21.929999999999996,0.1,731.0,1,9,0,1,5
840.0,11,3756,6.6,2253.6,4.4,1502.4,170.725,341.45,68.29,512.175,76.36363636363636,22.909090909090907,0.1,840.0,1,10,0,1,5
1906.0,16,3720,9.6,2232.0,6.4,1488.0,116.25,232.5,46.5,348.75,119.125,35.7375,0.1,1906.0,1,15,0,1,8
2860.0,15,5600,9.0,3360.0,6.0,2240.0,186.665,373.33,74.666,559.995,190.66666666666666,57.199999999999996,0.1,2860.0,1,14,0,1,7
3126.0,12,2783,7.199999999999999,1669.8,4.800000000000001,1113.2,115.96,231.92,46.384,347.88,260.5,78.14999999999999,0.1,3126.0,1,11,0,1,6
2909.0,12,2783,7.199999999999999,1669.8,4.800000000000001,1113.2,115.96,231.92,46.384,347.88,242.41666666666666,72.725,0.1,2909.0,1,11,0,1,6
2768.0,12,4483,7.199999999999999,2689.7999999999997,4.800000000000001,1793.2,186.79,373.58,74.716,560.37,230.66666666666666,69.19999999999999,0.1,2768.0,1,11,0,1,6
2498.0,11,4429,6.6,2657.4,4.4,1771.6000000000001,201.32,402.64,80.528,603.96,227.0909090909091,68.12727272727273,0.1,2498.0,1,10,0,1,5
756.0,26,3891,15.6,2334.6,10.4,1556.4,74.825,149.65,29.930000000000003,224.47500000000002,29.076923076923077,8.723076923076922,0.1,756.0,1,25,0,1,13
779.0,15,3045,9.0,1827.0,6.0,1218.0,101.5,203.0,40.6,304.5,51.93333333333333,15.579999999999998,0.1,779.0,1,14,0,1,7
1136.0,11,2724,6.6,1634.3999999999999,4.4,1089.6000000000001,123.82,247.64,49.528,371.46,103.27272727272727,30.981818181818177,0.1,1136.0,1,10,0,1,5
1156.0,12,2778,7.199999999999999,1666.8,4.800000000000001,1111.2,115.75,231.5,46.300000000000004,347.25,96.33333333333333,28.9,0.1,1156.0,1,11,0,1,6
949.0,12,2778,7.199999999999999,1666.8,4.800000000000001,1111.2,115.75,231.5,46.300000000000004,347.25,79.08333333333333,23.724999999999998,0.1,949.0,1,11,0,1,6
3.0,5,740,3.0,444.0,2.0,296.0,74.0,148.0,29.6,222.0,0.6,0.18,0.1,3.0,1,4,0,1,2
2.0,4,674,2.4,404.4,1.6,269.6,84.25,168.5,33.7,252.75,0.5,0.15,0.1,2.0,1,3,0,1,2
797.0,10,4321,6.0,2592.6,4.0,1728.4,216.05,432.1,86.42000000000002,648.1500000000001,79.7,23.91,0.1,797.0,1,9,0,1,5
847.0,13,4503,7.8,2701.7999999999997,5.2,1801.2,173.19,346.38,69.276,519.5699999999999,65.15384615384616,19.546153846153846,0.1,847.0,1,12,0,1,6
844.0,13,4503,7.8,2701.7999999999997,5.2,1801.2,173.19,346.38,69.276,519.5699999999999,64.92307692307692,19.476923076923075,0.1,844.0,1,12,0,1,6
609.0,14,2991,8.4,1794.6,5.6000000000000005,1196.4,106.82,213.64,42.728,320.46,43.5,13.049999999999999,0.1,609.0,1,13,0,1,7
1153.0,13,7191,7.8,4314.599999999999,5.2,2876.4,276.575,553.15,110.63,829.7249999999999,88.6923076923077,26.607692307692307,0.1,1153.0,1,12,0,1,6
6394.0,10,2618,6.0,1570.8,4.0,1047.2,130.9,261.8,52.36000000000001,392.70000000000005,639.4,191.82,0.1,6394.0,1,9,0,1,5
6181.0,9,2564,5.3999999999999995,1538.3999999999999,3.6,1025.6000000000001,142.445,284.89,56.978,427.335,686.7777777777778,206.03333333333333,0.1,6181.0,1,8,0,1,4
6092.0,6,2877,3.5999999999999996,1726.2,2.4000000000000004,1150.8,239.75,479.5,95.9,719.25,1015.3333333333334,304.6,0.1,6092.0,1,5,0,1,3
6203.0,7,2929,4.2,1757.3999999999999,2.8000000000000003,1171.6000000000001,209.215,418.43,83.686,627.645,886.1428571428571,265.8428571428571,0.1,6203.0,1,6,0,1,3
1002.9999999999999,11,2734,6.6,1640.3999999999999,4.4,1093.6000000000001,124.275,248.55,49.71000000000001,372.82500000000005,91.18181818181817,27.354545454545452,0.1,1002.9999999999999,1,10,0,1,5
1138.0,11,3690,6.6,2214.0,4.4,1476.0,167.725,335.45,67.09,503.17499999999995,103.45454545454545,31.036363636363635,0.1,1138.0,1,10,0,1,5
1.0,1,365,0.6,219.0,0.4,146.0,182.5,365.0,73.0,547.5,1.0,0.3,0.1,1.0,0,0,0,0,0
1.0,2,216,1.2,129.6,0.8,86.4,54.0,108.0,21.6,162.0,0.5,0.15,0.1,1.0,0,1,0,0,1
1.0,1,221,0.6,132.6,0.4,88.4,110.5,221.0,44.2,331.5,1.0,0.3,0.1,1.0,0,0,0,0,0
1.0,1,143,0.6,85.8,0.4,57.2,71.5,143.0,28.6,214.5,1.0,0.3,0.1,1.0,0,0,0,0,0
843.0,15,3063,9.0,1837.8,6.0,1225.2,102.1,204.2,40.84,306.29999999999995,56.2,16.86,0.1,843.0,1,14,0,1,7
1.0,1,202,0.6,121.19999999999999,0.4,80.80000000000001,101.0,202.0,40.400000000000006,303.0,1.0,0.3,0.1,1.0,0,0,0,0,0
1.0,1,298,0.6,178.79999999999998,0.4,119.2,149.0,298.0,59.6,447.0,1.0,0.3,0.1,1.0,0,0,0,0,0
1004.0,13,6636,7.8,3981.6,5.2,2654.4,255.23,510.46,102.092,765.6899999999999,77.23076923076923,23.16923076923077,0.1,1004.0,1,12,0,1,6
556.0,2,344,1.2,206.4,0.8,137.6,86.0,172.0,34.4,258.0,278.0,83.39999999999999,0.1,556.0,0,1,0,0,1
1.0,1,148,0.6,88.8,0.4,59.2,74.0,148.0,29.6,222.0,1.0,0.3,0.1,1.0,0,0,0,0,0
1185.0,10,3253,6.0,1951.8,4.0,1301.2,162.65,325.3,65.06,487.95000000000005,118.5,35.55,0.1,1185.0,1,9,0,1,5
1062.0,11,2593,6.6,1555.8,4.4,1037.2,117.865,235.73,47.146,353.59499999999997,96.54545454545455,28.96363636363636,0.1,1062.0,1,10,0,1,5
1.0,1,94,0.6,56.4,0.4,37.6,47.0,94.0,18.8,141.0,1.0,0.3,0.1,1.0,0,0,0,0,0
508.0,2,220,1.2,132.0,0.8,88.0,55.0,110.0,22.0,165.0,254.0,76.2,0.1,508.0,0,1,0,0,1
1.0,1,106,0.6,63.599999999999994,0.4,42.400000000000006,53.0,106.0,21.200000000000003,159.0,1.0,0.3,0.1,1.0,0,0,0,0,0
1.0,1,103,0.6,61.8,0.4,41.2,51.5,103.0,20.6,154.5,1.0,0.3,0.1,1.0,0,0,0,0,0
1.0,2,194,1.2,116.39999999999999,0.8,77.60000000000001,48.5,97.0,19.400000000000002,145.5,0.5,0.15,0.1,1.0,0,1,0,0,1
17951.0,9,3503,5.3999999999999995,2101.7999999999997,3.6,1401.2,194.61,389.22,77.84400000000001,583.83,1994.5555555555557,598.3666666666667,0.1,17951.0,1,8,0,1,4
18437.0,13,3403,7.8,2041.8,5.2,1361.2,130.885,261.77,52.354,392.655,1418.2307692307693,425.46923076923076,0.1,18437.0,1,12,0,1,6
2657.0,7,3646,4.2,2187.6,2.8000000000000003,1458.4,260.43,520.86,104.17200000000001,781.29,379.57142857142856,113.87142857142857,0.1,2657.0,1,6,0,1,3
1.0,2,216,1.2,129.6,0.8,86.4,54.0,108.0,21.6,162.0,0.5,0.15,0.1,1.0,0,1,0,0,1
1.0,2,586,1.2,351.59999999999997,0.8,234.4,146.5,293.0,58.6,439.5,0.5,0.15,0.1,1.0,0,1,0,0,1
1.0,1,93,0.6,55.8,0.4,37.2,46.5,93.0,18.6,139.5,1.0,0.3,0.1,1.0,0,0,0,0,0
1.0,1,105,0.6,63.0,0.4,42.0,52.5,105.0,21.0,157.5,1.0,0.3,0.1,1.0,0,0,0,0,0
354.0,2,218,1.2,130.79999999999998,0.8,87.2,54.5,109.0,21.8,163.5,177.0,53.1,0.1,354.0,0,1,0,0,1
1.0,1,103,0.6,61.8,0.4,41.2,51.5,103.0,20.6,154.5,1.0,0.3,0.1,1.0,0,0,0,0,0
787.0,21,4279,12.6,2567.4,8.4,1711.6000000000001,101.88,203.76,40.752,305.64,37.476190476190474,11.242857142857142,0.1,787.0,1,20,0,1,10
597.0,20,4235,12.0,2541.0,8.0,1694.0,105.875,211.75,42.35,317.625,29.85,8.955,0.1,597.0,1,19,0,1,10
149.0,9,2473,5.3999999999999995,1483.8,3.6,989.2,137.39,274.78,54.955999999999996,412.16999999999996,16.555555555555557,4.966666666666667,0.1,149.0,1,8,0,1,4
1.0,1,142,0.6,85.2,0.4,56.800000000000004,71.0,142.0,28.400000000000002,213.0,1.0,0.3,0.1,1.0,0,0,0,0,0
1.0,1,98,0.6,58.8,0.4,39.2,49.0,98.0,19.6,147.0,1.0,0.3,0.1,1.0,0,0,0,0,0
1.0,1,110,0.6,66.0,0.4,44.0,55.0,110.0,22.0,165.0,1.0,0.3,0.1,1.0,0,0,0,0,0
332.0,11,3415,6.6,2049.0,4.4,1366.0,155.225,310.45,62.09,465.67499999999995,30.181818181818183,9.054545454545455,0.1,332.0,1,10,0,1,5
300.0,11,2600,6.6,1560.0,4.4,1040.0,118.18,236.36,47.272000000000006,354.54,27.272727272727273,8.181818181818182,0.1,300.0,1,10,0,1,5
1.0,1,202,0.6,121.19999999999999,0.4,80.80000000000001,101.0,202.0,40.400000000000006,303.0,1.0,0.3,0.1,1.0,0,0,0,0,0
1.0,1,96,0.6,57.599999999999994,0.4,38.400000000000006,48.0,96.0,19.200000000000003,144.0,1.0,0.3,0.1,1.0,0,0,0,0,0
1.0,1,96,0.6,57.599999999999994,0.4,38.400000000000006,48.0,96.0,19.200000000000003,144.0,1.0,0.3,0.1,1.0,0,0,0,0,0
1.0,1,298,0.6,178.79999999999998,0.4,119.2,149.0,298.0,59.6,447.0,1.0,0.3,0.1,1.0,0,0,0,0,0
389.0,10,3255,6.0,1953.0,4.0,1302.0,162.75,325.5,65.10000000000001,488.25,38.9,11.67,0.1,389.0,1,9,0,1,5
1.0,1,138,0.6,82.8,0.4,55.2,69.0,138.0,27.6,207.0,1.0,0.3,0.1,1.0,0,0,0,0,0
1.0,2,530,1.2,318.0,0.8,212.0,132.5,265.0,53.0,397.5,0.5,0.15,0.1,1.0,0,1,0,0,1
285.0,10,3331,6.0,1998.6,4.0,1332.4,166.55,333.1,66.62,499.65000000000003,28.5,8.549999999999999,0.1,285.0,1,9,0,1,5
306.0,12,2666,7.199999999999999,1599.6,4.800000000000001,1066.4,111.085,222.17,44.434,333.255,25.5,7.6499999999999995,0.1,306.0,1,11,0,1,6
1.0,1,126,0.6,75.6,0.4,50.400000000000006,63.0,126.0,25.200000000000003,189.0,1.0,0.3,0.1,1.0,0,0,0,0,0
1.0,1,96,0.6,57.599999999999994,0.4,38.400000000000006,48.0,96.0,19.200000000000003,144.0,1.0,0.3,0.1,1.0,0,0,0,0,0
1.0,1,169,0.6,101.39999999999999,0.4,67.60000000000001,84.5,169.0,33.800000000000004,253.5,1.0,0.3,0.1,1.0,0,0,0,0,0
263.0,7,2391,4.2,1434.6,2.8000000000000003,956.4000000000001,170.785,341.57,68.31400000000001,512.355,37.57142857142857,11.27142857142857,0.1,263.0,1,6,0,1,3
1.0,1,138,0.6,82.8,0.4,55.2,69.0,138.0,27.6,207.0,1.0,0.3,0.1,1.0,0,0,0,0,0
1.0,1,125,0.6,75.0,0.4,50.0,62.5,125.0,25.0,187.5,1.0,0.3,0.1,1.0,0,0,0,0,0
1.0,1,135,0.6,81.0,0.4,54.0,67.5,135.0,27.0,202.5,1.0,0.3,0.1,1.0,0,0,0,0,0
2.0,2,418,1.2,250.79999999999998,0.8,167.20000000000002,104.5,209.0,41.800000000000004,313.5,1.0,0.3,0.1,2.0,0,1,0,0,1
1.0,1,180,0.6,108.0,0.4,72.0,90.0,180.0,36.0,270.0,1.0,0.3,0.1,1.0,0,0,0,0,0
1.0,1,450,0.6,270.0,0.4,180.0,225.0,450.0,90.0,675.0,1.0,0.3,0.1,1.0,0,0,0,0,0
1.0,1,141,0.6,84.6,0.4,56.400000000000006,70.5,141.0,28.200000000000003,211.5,1.0,0.3,0.1,1.0,0,0,0,0,0
1.0,2,212,1.2,127.19999999999999,0.8,84.80000000000001,53.0,106.0,21.200000000000003,159.0,0.5,0.15,0.1,1.0,0,1,0,0,1
1.0,1,126,0.6,75.6,0.4,50.400000000000006,63.0,126.0,25.200000000000003,189.0,1.0,0.3,0.1,1.0,0,0,0,0,0
1.0,1,124,0.6,74.39999999999999,0.4,49.6,62.0,124.0,24.8,186.0,1.0,0.3,0.1,1.0,0,0,0,0,0
1.0,1,133,0.6,79.8,0.4,53.2,66.5,133.0,26.6,199.5,1.0,0.3,0.1,1.0,0,0,0,0,0
9.0,2,628,1.2,376.8,0.8,251.20000000000002,157.0,314.0,62.800000000000004,471.0,4.5,1.3499999999999999,0.1,9.0,0,1,0,0,1
1.0,1,160,0.6,96.0,0.4,64.0,80.0,160.0,32.0,240.0,1.0,0.3,0.1,1.0,0,0,0,0,0
1.0,1,141,0.6,84.6,0.4,56.400000000000006,70.5,141.0,28.200000000000003,211.5,1.0,0.3,0.1,1.0,0,0,0,0,0
1.0,1,100,0.6,60.0,0.4,40.0,50.0,100.0,20.0,150.0,1.0,0.3,0.1,1.0,0,0,0,0,0
1.0,1,112,0.6,67.2,0.4,44.800000000000004,56.0,112.0,22.400000000000002,168.0,1.0,0.3,0.1,1.0,0,0,0,0,0
1.0,1,546,0.6,327.59999999999997,0.4,218.4,273.0,546.0,109.2,819.0,1.0,0.3,0.1,1.0,0,0,0,0,0
1.0,1,129,0.6,77.39999999999999,0.4,51.6,64.5,129.0,25.8,193.5,1.0,0.3,0.1,1.0,0,0,0,0,0
1.0,2,500,1.2,300.0,0.8,200.0,125.0,250.0,50.0,375.0,0.5,0.15,0.1,1.0,0,1,0,0,1
5131.0,12,2681,7.199999999999999,1608.6,4.800000000000001,1072.4,111.71,223.42,44.684,335.13,427.5833333333333,128.27499999999998,0.1,5131.0,1,11,0,1,6
7286.0,10,5079,6.0,3047.4,4.0,2031.6000000000001,253.95,507.9,101.58,761.8499999999999,728.6,218.58,0.1,7286.0,1,9,0,1,5
5646.0,14,3534,8.4,2120.4,5.6000000000000005,1413.6000000000001,126.215,252.43,50.486000000000004,378.645,403.2857142857143,120.98571428571428,0.1,5646.0,1,13,0,1,7
4253.0,10,2539,6.0,1523.3999999999999,4.0,1015.6,126.95,253.9,50.78,380.85,425.3,127.59,0.1,4253.0,1,9,0,1,5
7343.0,17,3109,10.2,1865.3999999999999,6.800000000000001,1243.6000000000001,91.44,182.88,36.576,274.32,431.94117647058823,129.58235294117645,0.1,7343.0,1,16,0,1,8
6352.0,17,7110,10.2,4266.0,6.800000000000001,2844.0,209.12,418.24,83.64800000000001,627.36,373.6470588235294,112.09411764705881,0.1,6352.0,1,16,0,1,8
6402.0,18,3643,10.799999999999999,2185.7999999999997,7.2,1457.2,101.195,202.39,40.478,303.585,355.6666666666667,106.7,0.1,6402.0,1,17,0,1,9
6940.0,16,3532,9.6,2119.2,6.4,1412.8000000000002,110.375,220.75,44.150000000000006,331.125,433.75,130.125,0.1,6940.0,1,15,0,1,8
7212.0,16,3532,9.6,2119.2,6.4,1412.8000000000002,110.375,220.75,44.150000000000006,331.125,450.75,135.225,0.1,7212.0,1,15,0,1,8
7239.0,17,9341,10.2,5604.599999999999,6.800000000000001,3736.4,274.735,549.47,109.894,824.205,425.8235294117647,127.7470588235294,0.1,7239.0,1,16,0,1,8
8260.0,13,5399,7.8,3239.4,5.2,2159.6,207.655,415.31,83.06200000000001,622.965,635.3846153846154,190.6153846153846,0.1,8260.0,1,12,0,1,6
8079.000000000001,13,5399,7.8,3239.4,5.2,2159.6,207.655,415.31,83.06200000000001,622.965,621.4615384615386,186.43846153846155,0.1,8079.000000000001,1,12,0,1,6
1.0,1,95,0.6,57.0,0.4,38.0,47.5,95.0,19.0,142.5,1.0,0.3,0.1,1.0,0,0,0,0,0
1.0,1,95,0.6,57.0,0.4,38.0,47.5,95.0,19.0,142.5,1.0,0.3,0.1,1.0,0,0,0,0,0
1.0,1,152,0.6,91.2,0.4,60.800000000000004,76.0,152.0,30.400000000000002,228.0,1.0,0.3,0.1,1.0,0,0,0,0,0
1.0,1,111,0.6,66.6,0.4,44.400000000000006,55.5,111.0,22.200000000000003,166.5,1.0,0.3,0.1,1.0,0,0,0,0,0
1.0,1,95,0.6,57.0,0.4,38.0,47.5,95.0,19.0,142.5,1.0,0.3,0.1,1.0,0,0,0,0,0
1.0,1,95,0.6,57.0,0.4,38.0,47.5,95.0,19.0,142.5,1.0,0.3,0.1,1.0,0,0,0,0,0
1.0,1,111,0.6,66.6,0.4,44.400000000000006,55.5,111.0,22.200000000000003,166.5,1.0,0.3,0.1,1.0,0,0,0,0,0
259.0,11,3318,6.6,1990.8,4.4,1327.2,150.82,301.64,60.328,452.46,23.545454545454547,7.0636363636363635,0.1,259.0,1,10,0,1,5
1.0,1,123,0.6,73.8,0.4,49.2,61.5,123.0,24.6,184.5,1.0,0.3,0.1,1.0,0,0,0,0,0
213.0,10,2539,6.0,1523.3999999999999,4.0,1015.6,126.95,253.9,50.78,380.85,21.3,6.39,0.1,213.0,1,9,0,1,5
1.0,2,586,1.2,351.59999999999997,0.8,234.4,146.5,293.0,58.6,439.5,0.5,0.15,0.1,1.0,0,1,0,0,1
1.0,1,339,0.6,203.4,0.4,135.6,169.5,339.0,67.8,508.5,1.0,0.3,0.1,1.0,0,0,0,0,0
1.0,1,143,0.6,85.8,0.4,57.2,71.5,143.0,28.6,214.5,1.0,0.3,0.1,1.0,0,0,0,0,0
1.0,2,216,1.2,129.6,0.8,86.4,54.0,108.0,21.6,162.0,0.5,0.15,0.1,1.0,0,1,0,0,1
1.0,1,102,0.6,61.199999999999996,0.4,40.800000000000004,51.0,102.0,20.400000000000002,153.0,1.0,0.3,0.1,1.0,0,0,0,0,0
683.0,25,4642,15.0,2785.2,10.0,1856.8000000000002,92.84,185.68,37.136,278.52,27.32,8.196,0.1,683.0,1,24,0,1,12
1.0,1,128,0.6,76.8,0.4,51.2,64.0,128.0,25.6,192.0,1.0,0.3,0.1,1.0,0,0,0,0,0
1.0,1,263,0.6,157.79999999999998,0.4,105.2,131.5,263.0,52.6,394.5,1.0,0.3,0.1,1.0,0,0,0,0,0
1.0,1,130,0.6,78.0,0.4,52.0,65.0,130.0,26.0,195.0,1.0,0.3,0.1,1.0,0,0,0,0,0
2.0,2,434,1.2,260.4,0.8,173.60000000000002,108.5,217.0,43.400000000000006,325.5,1.0,0.3,0.1,2.0,0,1,0,0,1
1.0,1,249,0.6,149.4,0.4,99.60000000000001,124.5,249.0,49.800000000000004,373.5,1.0,0.3,0.1,1.0,0,0,0,0,0
1.0,1,183,0.6,109.8,0.4,73.2,91.5,183.0,36.6,274.5,1.0,0.3,0.1,1.0,0,0,0,0,0
1654.0,13,3560,7.8,2136.0,5.2,1424.0,136.925,273.85,54.77000000000001,410.77500000000003,127.23076923076923,38.169230769230765,0.1,1654.0,1,12,0,1,6
5144.0,11,2627,6.6,1576.2,4.4,1050.8,119.41,238.82,47.764,358.23,467.6363636363636,140.29090909090908,0.1,5144.0,1,10,0,1,5
8145.0,9,5013,5.3999999999999995,3007.7999999999997,3.6,2005.2,278.5,557.0,111.4,835.5,905.0,271.5,0.1,8145.0,1,8,0,1,4
10652.0,20,5244,12.0,3146.4,8.0,2097.6,131.1,262.2,52.44,393.29999999999995,532.6,159.78,0.1,10652.0,1,19,0,1,10
11115.0,22,5372,13.2,3223.2,8.8,2148.8,122.09,244.18,48.836000000000006,366.27,505.22727272727275,151.5681818181818,0.1,11115.0,1,21,0,1,11
8761.0,19,6955,11.4,4173.0,7.6000000000000005,2782.0,183.025,366.05,73.21000000000001,549.075,461.10526315789474,138.33157894736843,0.1,8761.0,1,18,0,1,9
9148.0,19,6955,11.4,4173.0,7.6000000000000005,2782.0,183.025,366.05,73.21000000000001,549.075,481.4736842105263,144.44210526315788,0.1,9148.0,1,18,0,1,9
679.0,13,2817,7.8,1690.2,5.2,1126.8,108.345,216.69,43.338,325.03499999999997,52.23076923076923,15.669230769230769,0.1,679.0,1,12,0,1,6
1.0,1,128,0.6,76.8,0.4,51.2,64.0,128.0,25.6,192.0,1.0,0.3,0.1,1.0,0,0,0,0,0
1.0,2,446,1.2,267.59999999999997,0.8,178.4,111.5,223.0,44.6,334.5,0.5,0.15,0.1,1.0,0,1,0,0,1
1.0,1,100,0.6,60.0,0.4,40.0,50.0,100.0,20.0,150.0,1.0,0.3,0.1,1.0,0,0,0,0,0
1.0,1,153,0.6,91.8,0.4,61.2,76.5,153.0,30.6,229.5,1.0,0.3,0.1,1.0,0,0,0,0,0
1.0,1,100,0.6,60.0,0.4,40.0,50.0,100.0,20.0,150.0,1.0,0.3,0.1,1.0,0,0,0,0,0
1.0,1,165,0.6,99.0,0.4,66.0,82.5,165.0,33.0,247.5,1.0,0.3,0.1,1.0,0,0,0,0,0
1.0,1,98,0.6,58.8,0.4,39.2,49.0,98.0,19.6,147.0,1.0,0.3,0.1,1.0,0,0,0,0,0
1.0,1,114,0.6,68.39999999999999,0.4,45.6,57.0,114.0,22.8,171.0,1.0,0.3,0.1,1.0,0,0,0,0,0
1.0,1,98,0.6,58.8,0.4,39.2,49.0,98.0,19.6,147.0,1.0,0.3,0.1,1.0,0,0,0,0,0
1.0,1,126,0.6,75.6,0.4,50.400000000000006,63.0,126.0,25.200000000000003,189.0,1.0,0.3,0.1,1.0,0,0,0,0,0
2514.0,11,3519,6.6,2111.4,4.4,1407.6000000000001,159.955,319.91,63.982000000000006,479.865,228.54545454545453,68.56363636363636,0.1,2514.0,1,10,0,1,5
4408.0,12,2666,7.199999999999999,1599.6,4.800000000000001,1066.4,111.085,222.17,44.434,333.255,367.3333333333333,110.19999999999999,0.1,4408.0,1,11,0,1,6
2257.0,2,194,1.2,116.39999999999999,0.8,77.60000000000001,48.5,97.0,19.400000000000002,145.5,1128.5,338.55,0.1,2257.0,0,1,0,0,1
2116.0,2,198,1.2,118.8,0.8,79.2,49.5,99.0,19.8,148.5,1058.0,317.4,0.1,2116.0,0,1,0,0,1
1.0,1,93,0.6,55.8,0.4,37.2,46.5,93.0,18.6,139.5,1.0,0.3,0.1,1.0,0,0,0,0,0
5750.0,11,3340,6.6,2004.0,4.4,1336.0,151.82,303.64,60.728,455.46,522.7272727272727,156.8181818181818,0.1,5750.0,1,10,0,1,5
1.0,1,103,0.6,61.8,0.4,41.2,51.5,103.0,20.6,154.5,1.0,0.3,0.1,1.0,0,0,0,0,0
1.0,1,103,0.6,61.8,0.4,41.2,51.5,103.0,20.6,154.5,1.0,0.3,0.1,1.0,0,0,0,0,0
1.0,1,115,0.6,69.0,0.4,46.0,57.5,115.0,23.0,172.5,1.0,0.3,0.1,1.0,0,0,0,0,0
1.0,1,93,0.6,55.8,0.4,37.2,46.5,93.0,18.6,139.5,1.0,0.3,0.1,1.0,0,0,0,0,0
1.0,2,186,1.2,111.6,0.8,74.4,46.5,93.0,18.6,139.5,0.5,0.15,0.1,1.0,0,1,0,0,1
1.0,1,132,0.6,79.2,0.4,52.800000000000004,66.0,132.0,26.400000000000002,198.0,1.0,0.3,0.1,1.0,0,0,0,0,0
5060.0,10,2539,6.0,1523.3999999999999,4.0,1015.6,126.95,253.9,50.78,380.85,506.0,151.79999999999998,0.1,5060.0,1,9,0,1,5
1.0,1,129,0.6,77.39999999999999,0.4,51.6,64.5,129.0,25.8,193.5,1.0,0.3,0.1,1.0,0,0,0,0,0
1.0,1,168,0.6,100.8,0.4,67.2,84.0,168.0,33.6,252.0,1.0,0.3,0.1,1.0,0,0,0,0,0
1.0,1,168,0.6,100.8,0.4,67.2,84.0,168.0,33.6,252.0,1.0,0.3,0.1,1.0,0,0,0,0,0
6525.0,18,3725,10.799999999999999,2235.0,7.2,1490.0,103.47,206.94,41.388000000000005,310.40999999999997,362.5,108.75,0.1,6525.0,1,17,0,1,9
1.0,1,145,0.6,87.0,0.4,58.0,72.5,145.0,29.0,217.5,1.0,0.3,0.1,1.0,0,0,0,0,0
2.0,2,290,1.2,174.0,0.8,116.0,72.5,145.0,29.0,217.5,1.0,0.3,0.1,2.0,0,1,0,0,1
1.0,2,226,1.2,135.6,0.8,90.4,56.5,113.0,22.6,169.5,0.5,0.15,0.1,1.0,0,1,0,0,1
1.0,1,184,0.6,110.39999999999999,0.4,73.60000000000001,92.0,184.0,36.800000000000004,276.0,1.0,0.3,0.1,1.0,0,0,0,0,0
7080.0,16,9288,9.6,5572.8,6.4,3715.2000000000003,290.25,580.5,116.10000000000001,870.75,442.5,132.75,0.1,7080.0,1,15,0,1,8
4986.0,15,5441,9.0,3264.6,6.0,2176.4,181.365,362.73,72.546,544.095,332.4,99.71999999999998,0.1,4986.0,0,14,0,0,7
506.0,12,2890,7.199999999999999,1734.0,4.800000000000001,1156.0,120.415,240.83,48.166000000000004,361.245,42.166666666666664,12.649999999999999,0.1,506.0,1,11,0,1,6
751.0,15,4019,9.0,2411.4,6.0,1607.6000000000001,133.965,267.93,53.586000000000006,401.895,50.06666666666667,15.02,0.1,751.0,1,14,0,1,7
943.0,15,3740,9.0,2244.0,6.0,1496.0,124.665,249.33,49.86600000000001,373.995,62.86666666666667,18.86,0.1,943.0,1,14,0,1,7
1063.0,18,4474,10.799999999999999,2684.4,7.2,1789.6000000000001,124.28,248.56,49.712,372.84000000000003,59.05555555555556,17.716666666666665,0.1,1063.0,1,17,0,1,9
401.0,10,2674,6.0,1604.3999999999999,4.0,1069.6000000000001,133.7,267.4,53.48,401.09999999999997,40.1,12.03,0.1,401.0,1,9,0,1,5
511.0,13,3868,7.8,2320.7999999999997,5.2,1547.2,148.77,297.54,59.50800000000001,446.31000000000006,39.30769230769231,11.792307692307691,0.1,511.0,1,12,0,1,6
659.0,16,3430,9.6,2058.0,6.4,1372.0,107.19,214.38,42.876000000000005,321.57,41.1875,12.35625,0.1,659.0,1,15,0,1,8
1.0,1,100,0.6,60.0,0.4,40.0,50.0,100.0,20.0,150.0,1.0,0.3,0.1,1.0,0,0,0,0,0
1.0,1,153,0.6,91.8,0.4,61.2,76.5,153.0,30.6,229.5,1.0,0.3,0.1,1.0,0,0,0,0,0
1.0,1,100,0.6,60.0,0.4,40.0,50.0,100.0,20.0,150.0,1.0,0.3,0.1,1.0,0,0,0,0,0
1.0,1,165,0.6,99.0,0.4,66.0,82.5,165.0,33.0,247.5,1.0,0.3,0.1,1.0,0,0,0,0,0
1.0,1,98,0.6,58.8,0.4,39.2,49.0,98.0,19.6,147.0,1.0,0.3,0.1,1.0,0,0,0,0,0
1.0,1,114,0.6,68.39999999999999,0.4,45.6,57.0,114.0,22.8,171.0,1.0,0.3,0.1,1.0,0,0,0,0,0
1.0,1,98,0.6,58.8,0.4,39.2,49.0,98.0,19.6,147.0,1.0,0.3,0.1,1.0,0,0,0,0,0
1.0,1,126,0.6,75.6,0.4,50.400000000000006,63.0,126.0,25.200000000000003,189.0,1.0,0.3,0.1,1.0,0,0,0,0,0
1.0,1,202,0.6,121.19999999999999,0.4,80.80000000000001,101.0,202.0,40.400000000000006,303.0,1.0,0.3,0.1,1.0,0,0,0,0,0
1.0,1,298,0.6,178.79999999999998,0.4,119.2,149.0,298.0,59.6,447.0,1.0,0.3,0.1,1.0,0,0,0,0,0
11776.0,21,5934,12.6,3560.4,8.4,2373.6,141.285,282.57,56.514,423.855,560.7619047619048,168.22857142857143,0.1,11776.0,1,20,0,1,10
9938.0,23,7948,13.799999999999999,4768.8,9.200000000000001,3179.2000000000003,172.785,345.57,69.114,518.355,432.0869565217391,129.62608695652173,0.1,9938.0,1,22,0,1,11
945.0,12,2753,7.199999999999999,1651.8,4.800000000000001,1101.2,114.71,229.42,45.884,344.13,78.75,23.625,0.1,945.0,1,11,0,1,6
1.0,1,133,0.6,79.8,0.4,53.2,66.5,133.0,26.6,199.5,1.0,0.3,0.1,1.0,0,0,0,0,0
1.0,1,365,0.6,219.0,0.4,146.0,182.5,365.0,73.0,547.5,1.0,0.3,0.1,1.0,0,0,0,0,0
1.0,1,221,0.6,132.6,0.4,88.4,110.5,221.0,44.2,331.5,1.0,0.3,0.1,1.0,0,0,0,0,0
1.0,1,101,0.6,60.599999999999994,0.4,40.400000000000006,50.5,101.0,20.200000000000003,151.5,1.0,0.3,0.1,1.0,0,0,0,0,0
357.0,12,2272,7.199999999999999,1363.2,4.800000000000001,908.8000000000001,94.665,189.33,37.86600000000001,283.995,29.75,8.924999999999999,0.1,357.0,1,11,0,1,6
342.0,15,6131,9.0,3678.6,6.0,2452.4,204.365,408.73,81.74600000000001,613.095,22.8,6.84,0.1,342.0,1,14,0,1,7
1.0,2,500,1.2,300.0,0.8,200.0,125.0,250.0,50.0,375.0,0.5,0.15,0.1,1.0,0,1,0,0,1
1.0,1,132,0.6,79.2,0.4,52.800000000000004,66.0,132.0,26.400000000000002,198.0,1.0,0.3,0.1,1.0,0,0,0,0,0
55.0,2,194,1.2,116.39999999999999,0.8,77.60000000000001,48.5,97.0,19.400000000000002,145.5,27.5,8.25,0.1,55.0,0,1,0,0,1
177.0,10,3244,6.0,1946.3999999999999,4.0,1297.6000000000001,162.2,324.4,64.88,486.59999999999997,17.7,5.31,0.1,177.0,1,9,0,1,5
2.0,2,216,1.2,129.6,0.8,86.4,54.0,108.0,21.6,162.0,1.0,0.3,0.1,2.0,0,1,0,0,1
1.0,1,102,0.6,61.199999999999996,0.4,40.800000000000004,51.0,102.0,20.400000000000002,153.0,1.0,0.3,0.1,1.0,0,0,0,0,0
175.0,10,3255,6.0,1953.0,4.0,1302.0,162.75,325.5,65.10000000000001,488.25,17.5,5.25,0.1,175.0,1,9,0,1,5
200.0,7,2341,4.2,1404.6,2.8000000000000003,936.4000000000001,167.215,334.43,66.88600000000001,501.645,28.571428571428573,8.571428571428571,0.1,200.0,1,6,0,1,3
191.0,7,2341,4.2,1404.6,2.8000000000000003,936.4000000000001,167.215,334.43,66.88600000000001,501.645,27.285714285714285,8.185714285714285,0.1,191.0,1,6,0,1,3
1.0,1,94,0.6,56.4,0.4,37.6,47.0,94.0,18.8,141.0,1.0,0.3,0.1,1.0,0,0,0,0,0
1.0,1,94,0.6,56.4,0.4,37.6,47.0,94.0,18.8,141.0,1.0,0.3,0.1,1.0,0,0,0,0,0
1.0,1,106,0.6,63.599999999999994,0.4,42.400000000000006,53.0,106.0,21.200000000000003,159.0,1.0,0.3,0.1,1.0,0,0,0,0,0
1.0,1,135,0.6,81.0,0.4,54.0,67.5,135.0,27.0,202.5,1.0,0.3,0.1,1.0,0,0,0,0,0
1.0,1,132,0.6,79.2,0.4,52.800000000000004,66.0,132.0,26.400000000000002,198.0,1.0,0.3,0.1,1.0,0,0,0,0,0
1.0,2,194,1.2,116.39999999999999,0.8,77.60000000000001,48.5,97.0,19.400000000000002,145.5,0.5,0.15,0.1,1.0,0,1,0,0,1
1.0,1,138,0.6,82.8,0.4,55.2,69.0,138.0,27.6,207.0,1.0,0.3,0.1,1.0,0,0,0,0,0
1.0,1,104,0.6,62.4,0.4,41.6,52.0,104.0,20.8,156.0,1.0,0.3,0.1,1.0,0,0,0,0,0
1.0,1,104,0.6,62.4,0.4,41.6,52.0,104.0,20.8,156.0,1.0,0.3,0.1,1.0,0,0,0,0,0
343.0,12,3890,7.199999999999999,2334.0,4.800000000000001,1556.0,162.085,324.17,64.834,486.255,28.583333333333332,8.575,0.1,343.0,1,11,0,1,6
1.0,1,116,0.6,69.6,0.4,46.400000000000006,58.0,116.0,23.200000000000003,174.0,1.0,0.3,0.1,1.0,0,0,0,0,0
333.0,11,3083,6.6,1849.8,4.4,1233.2,140.135,280.27,56.054,420.405,30.272727272727273,9.081818181818182,0.1,333.0,1,10,0,1,5
1.0,1,125,0.6,75.0,0.4,50.0,62.5,125.0,25.0,187.5,1.0,0.3,0.1,1.0,0,0,0,0,0
2.0,2,194,1.2,116.39999999999999,0.8,77.60000000000001,48.5,97.0,19.400000000000002,145.5,1.0,0.3,0.1,2.0,0,1,0,0,1
238.0,13,3801,7.8,2280.6,5.2,1520.4,146.19,292.38,58.476,438.57,18.307692307692307,5.4923076923076914,0.1,238.0,1,12,0,1,6
254.0,13,3111,7.8,1866.6,5.2,1244.4,119.655,239.31,47.862,358.96500000000003,19.53846153846154,5.861538461538462,0.1,254.0,1,12,0,1,6
1.0,1,102,0.6,61.199999999999996,0.4,40.800000000000004,51.0,102.0,20.400000000000002,153.0,1.0,0.3,0.1,1.0,0,0,0,0,0
1.0,1,102,0.6,61.199999999999996,0.4,40.800000000000004,51.0,102.0,20.400000000000002,153.0,1.0,0.3,0.1,1.0,0,0,0,0,0
1.0,1,114,0.6,68.39999999999999,0.4,45.6,57.0,114.0,22.8,171.0,1.0,0.3,0.1,1.0,0,0,0,0,0
1.0,1,143,0.6,85.8,0.4,57.2,71.5,143.0,28.6,214.5,1.0,0.3,0.1,1.0,0,0,0,0,0
1.0,1,143,0.6,85.8,0.4,57.2,71.5,143.0,28.6,214.5,1.0,0.3,0.1,1.0,0,0,0,0,0
1.0,1,102,0.6,61.199999999999996,0.4,40.800000000000004,51.0,102.0,20.400000000000002,153.0,1.0,0.3,0.1,1.0,0,0,0,0,0
1.0,1,102,0.6,61.199999999999996,0.4,40.800000000000004,51.0,102.0,20.400000000000002,153.0,1.0,0.3,0.1,1.0,0,0,0,0,0
635.0,18,4430,10.799999999999999,2658.0,7.2,1772.0,123.055,246.11,49.22200000000001,369.165,35.27777777777778,10.583333333333334,0.1,635.0,1,17,0,1,9
1.0,1,114,0.6,68.39999999999999,0.4,45.6,57.0,114.0,22.8,171.0,1.0,0.3,0.1,1.0,0,0,0,0,0
745.0,22,7205,13.2,4323.0,8.8,2882.0,163.75,327.5,65.5,491.25,33.86363636363637,10.15909090909091,0.1,745.0,1,21,0,1,11
12.0,2,358,1.2,214.79999999999998,0.8,143.20000000000002,89.5,179.0,35.800000000000004,268.5,6.0,1.7999999999999998,0.1,12.0,0,1,0,0,1
1.0,1,210,0.6,126.0,0.4,84.0,105.0,210.0,42.0,315.0,1.0,0.3,0.1,1.0,0,0,0,0,0
1.0,1,138,0.6,82.8,0.4,55.2,69.0,138.0,27.6,207.0,1.0,0.3,0.1,1.0,0,0,0,0,0
1.0,1,108,0.6,64.8,0.4,43.2,54.0,108.0,21.6,162.0,1.0,0.3,0.1,1.0,0,0,0,0,0
1.0,1,104,0.6,62.4,0.4,41.6,52.0,104.0,20.8,156.0,1.0,0.3,0.1,1.0,0,0,0,0,0
471.0,11,2093,6.6,1255.8,4.4,837.2,95.135,190.27,38.054,285.40500000000003,42.81818181818182,12.845454545454546,0.1,471.0,1,10,0,1,5
389.0,10,1437,6.0,862.1999999999999,4.0,574.8000000000001,71.85,143.7,28.74,215.54999999999998,38.9,11.67,0.1,389.0,1,9,0,1,5
1.0,1,103,0.6,61.8,0.4,41.2,51.5,103.0,20.6,154.5,1.0,0.3,0.1,1.0,0,0,0,0,0
1.0,1,115,0.6,69.0,0.4,46.0,57.5,115.0,23.0,172.5,1.0,0.3,0.1,1.0,0,0,0,0,0
1201.0,6,691,3.5999999999999996,414.59999999999997,2.4000000000000004,276.40000000000003,57.585,115.17,23.034000000000002,172.755,200.16666666666666,60.05,0.1,1201.0,1,5,0,1,3
1.0,2,200,1.2,120.0,0.8,80.0,50.0,100.0,20.0,150.0,0.5,0.15,0.1,1.0,0,1,0,0,1
1.0,2,318,1.2,190.79999999999998,0.8,127.2,79.5,159.0,31.8,238.5,0.5,0.15,0.1,1.0,0,1,0,0,1
1.0,2,586,1.2,351.59999999999997,0.8,234.4,146.5,293.0,58.6,439.5,0.5,0.15,0.1,1.0,0,1,0,0,1
740.0,14,1746,8.4,1047.6,5.6000000000000005,698.4000000000001,62.355,124.71,24.942,187.065,52.857142857142854,15.857142857142856,0.1,740.0,1,13,0,1,7
804.0,12,1638,7.199999999999999,982.8,4.800000000000001,655.2,68.25,136.5,27.3,204.75,67.0,20.099999999999998,0.1,804.0,1,11,0,1,6
969.0,14,1746,8.4,1047.6,5.6000000000000005,698.4000000000001,62.355,124.71,24.942,187.065,69.21428571428571,20.764285714285712,0.1,969.0,1,13,0,1,7
1014.0,34,3724,20.4,2234.4,13.600000000000001,1489.6000000000001,54.765,109.53,21.906000000000002,164.29500000000002,29.823529411764707,8.947058823529412,0.1,1014.0,1,33,0,1,17
1181.0,13,8625,7.8,5175.0,5.2,3450.0,331.73,663.46,132.692,995.19,90.84615384615384,27.25384615384615,0.1,1181.0,1,12,0,1,6
1266.0,13,8624,7.8,5174.4,5.2,3449.6000000000004,331.69,663.38,132.67600000000002,995.0699999999999,97.38461538461539,29.215384615384615,0.1,1266.0,1,12,0,1,6
3.0,2,500,1.2,300.0,0.8,200.0,125.0,250.0,50.0,375.0,1.5,0.44999999999999996,0.1,3.0,0,1,0,0,1
1.0,2,446,1.2,267.59999999999997,0.8,178.4,111.5,223.0,44.6,334.5,0.5,0.15,0.1,1.0,0,1,0,0,1
1004.9999999999999,28,6490,16.8,3894.0,11.200000000000001,2596.0,115.895,231.79,46.358000000000004,347.685,35.89285714285714,10.76785714285714,0.1,1004.9999999999999,0,27,0,0,14
1.0,1,249,0.6,149.4,0.4,99.60000000000001,124.5,249.0,49.800000000000004,373.5,1.0,0.3,0.1,1.0,0,0,0,0,0
1.0,1,185,0.6,111.0,0.4,74.0,92.5,185.0,37.0,277.5,1.0,0.3,0.1,1.0,0,0,0,0,0
1.0,2,200,1.2,120.0,0.8,80.0,50.0,100.0,20.0,150.0,0.5,0.15,0.1,1.0,0,1,0,0,1
1.0,2,318,1.2,190.79999999999998,0.8,127.2,79.5,159.0,31.8,238.5,0.5,0.15,0.1,1.0,0,1,0,0,1
1.0,1,168,0.6,100.8,0.4,67.2,84.0,168.0,33.6,252.0,1.0,0.3,0.1,1.0,0,0,0,0,0
1.0,1,184,0.6,110.39999999999999,0.4,73.60000000000001,92.0,184.0,36.800000000000004,276.0,1.0,0.3,0.1,1.0,0,0,0,0,0
1.0,1,365,0.6,219.0,0.4,146.0,182.5,365.0,73.0,547.5,1.0,0.3,0.1,1.0,0,0,0,0,0
1.0,1,221,0.6,132.6,0.4,88.4,110.5,221.0,44.2,331.5,1.0,0.3,0.1,1.0,0,0,0,0,0
1.0,1,100,0.6,60.0,0.4,40.0,50.0,100.0,20.0,150.0,1.0,0.3,0.1,1.0,0,0,0,0,0
1.0,1,153,0.6,91.8,0.4,61.2,76.5,153.0,30.6,229.5,1.0,0.3,0.1,1.0,0,0,0,0,0
1.0,1,100,0.6,60.0,0.4,40.0,50.0,100.0,20.0,150.0,1.0,0.3,0.1,1.0,0,0,0,0,0
1.0,1,165,0.6,99.0,0.4,66.0,82.5,165.0,33.0,247.5,1.0,0.3,0.1,1.0,0,0,0,0,0
173.0,2,446,1.2,267.59999999999997,0.8,178.4,111.5,223.0,44.6,334.5,86.5,25.95,0.1,173.0,0,1,0,0,1
1.0,1,365,0.6,219.0,0.4,146.0,182.5,365.0,73.0,547.5,1.0,0.3,0.1,1.0,0,0,0,0,0
1.0,1,221,0.6,132.6,0.4,88.4,110.5,221.0,44.2,331.5,1.0,0.3,0.1,1.0,0,0,0,0,0
1.0,2,200,1.2,120.0,0.8,80.0,50.0,100.0,20.0,150.0,0.5,0.15,0.1,1.0,0,1,0,0,1
1.0,2,318,1.2,190.79999999999998,0.8,127.2,79.5,159.0,31.8,238.5,0.5,0.15,0.1,1.0,0,1,0,0,1
450.0,17,3743,10.2,2245.7999999999997,6.800000000000001,1497.2,110.09,220.18,44.036,330.27,26.470588235294116,7.941176470588235,0.1,450.0,1,16,0,1,8
1.0,1,365,0.6,219.0,0.4,146.0,182.5,365.0,73.0,547.5,1.0,0.3,0.1,1.0,0,0,0,0,0
1.0,1,221,0.6,132.6,0.4,88.4,110.5,221.0,44.2,331.5,1.0,0.3,0.1,1.0,0,0,0,0,0
1.0,1,103,0.6,61.8,0.4,41.2,51.5,103.0,20.6,154.5,1.0,0.3,0.1,1.0,0,0,0,0,0
1.0,2,200,1.2,120.0,0.8,80.0,50.0,100.0,20.0,150.0,0.5,0.15,0.1,1.0,0,1,0,0,1
1.0,2,318,1.2,190.79999999999998,0.8,127.2,79.5,159.0,31.8,238.5,0.5,0.15,0.1,1.0,0,1,0,0,1
185.0,2,446,1.2,267.59999999999997,0.8,178.4,111.5,223.0,44.6,334.5,92.5,27.75,0.1,185.0,0,1,0,0,1
1.0,1,128,0.6,76.8,0.4,51.2,64.0,128.0,25.6,192.0,1.0,0.3,0.1,1.0,0,0,0,0,0
1.0,2,586,1.2,351.59999999999997,0.8,234.4,146.5,293.0,58.6,439.5,0.5,0.15,0.1,1.0,0,1,0,0,1
1.0,1,100,0.6,60.0,0.4,40.0,50.0,100.0,20.0,150.0,1.0,0.3,0.1,1.0,0,0,0,0,0
1.0,1,153,0.6,91.8,0.4,61.2,76.5,153.0,30.6,229.5,1.0,0.3,0.1,1.0,0,0,0,0,0
1.0,1,100,0.6,60.0,0.4,40.0,50.0,100.0,20.0,150.0,1.0,0.3,0.1,1.0,0,0,0,0,0
1.0,1,165,0.6,99.0,0.4,66.0,82.5,165.0,33.0,247.5,1.0,0.3,0.1,1.0,0,0,0,0,0
1.0,1,365,0.6,219.0,0.4,146.0,182.5,365.0,73.0,547.5,1.0,0.3,0.1,1.0,0,0,0,0,0
1.0,1,221,0.6,132.6,0.4,88.4,110.5,221.0,44.2,331.5,1.0,0.3,0.1,1.0,0,0,0,0,0
5287.0,14,2981,8.4,1788.6,5.6000000000000005,1192.4,106.465,212.93,42.586000000000006,319.395,377.64285714285717,113.29285714285714,0.1,5287.0,1,13,0,1,7
7285.0,14,5331,8.4,3198.6,5.6000000000000005,2132.4,190.395,380.79,76.158,571.1850000000001,520.3571428571429,156.10714285714286,0.1,7285.0,1,13,0,1,7
1.0,1,100,0.6,60.0,0.4,40.0,50.0,100.0,20.0,150.0,1.0,0.3,0.1,1.0,0,0,0,0,0
1.0,2,196,1.2,117.6,0.8,78.4,49.0,98.0,19.6,147.0,0.5,0.15,0.1,1.0,0,1,0,0,1
1.0,1,153,0.6,91.8,0.4,61.2,76.5,153.0,30.6,229.5,1.0,0.3,0.1,1.0,0,0,0,0,0
1.0,1,100,0.6,60.0,0.4,40.0,50.0,100.0,20.0,150.0,1.0,0.3,0.1,1.0,0,0,0,0,0
1.0,2,240,1.2,144.0,0.8,96.0,60.0,120.0,24.0,180.0,0.5,0.15,0.1,1.0,0,1,0,0,1
1.0,1,165,0.6,99.0,0.4,66.0,82.5,165.0,33.0,247.5,1.0,0.3,0.1,1.0,0,0,0,0,0
1.0,1,365,0.6,219.0,0.4,146.0,182.5,365.0,73.0,547.5,1.0,0.3,0.1,1.0,0,0,0,0,0
1.0,1,221,0.6,132.6,0.4,88.4,110.5,221.0,44.2,331.5,1.0,0.3,0.1,1.0,0,0,0,0,0
1.0,2,200,1.2,120.0,0.8,80.0,50.0,100.0,20.0,150.0,0.5,0.15,0.1,1.0,0,1,0,0,1
1.0,2,318,1.2,190.79999999999998,0.8,127.2,79.5,159.0,31.8,238.5,0.5,0.15,0.1,1.0,0,1,0,0,1
1.0,1,128,0.6,76.8,0.4,51.2,64.0,128.0,25.6,192.0,1.0,0.3,0.1,1.0,0,0,0,0,0
1.0,1,263,0.6,157.79999999999998,0.4,105.2,131.5,263.0,52.6,394.5,1.0,0.3,0.1,1.0,0,0,0,0,0
1.0,1,183,0.6,109.8,0.4,73.2,91.5,183.0,36.6,274.5,1.0,0.3,0.1,1.0,0,0,0,0,0
1.0,2,586,1.2,351.59999999999997,0.8,234.4,146.5,293.0,58.6,439.5,0.5,0.15,0.1,1.0,0,1,0,0,1
1343.0,12,3490,7.199999999999999,2094.0,4.800000000000001,1396.0,145.415,290.83,58.166,436.245,111.91666666666667,33.575,0.1,1343.0,1,11,0,1,6
400.0,12,2709,7.199999999999999,1625.3999999999999,4.800000000000001,1083.6000000000001,112.875,225.75,45.150000000000006,338.625,33.333333333333336,10.0,0.1,400.0,1,11,0,1,6
461.0,5,2190,3.0,1314.0,2.0,876.0,219.0,438.0,87.60000000000001,657.0,92.2,27.66,0.1,461.0,1,4,0,1,2
484.0,5,2200,3.0,1320.0,2.0,880.0,220.0,440.0,88.0,660.0,96.8,29.04,0.1,484.0,1,4,0,1,2
491.0,5,2190,3.0,1314.0,2.0,876.0,219.0,438.0,87.60000000000001,657.0,98.2,29.46,0.1,491.0,1,4,0,1,2
283.0,4,917,2.4,550.1999999999999,1.6,366.8,114.625,229.25,45.85,343.875,70.75,21.224999999999998,0.1,283.0,1,3,0,1,2
1.0,1,735,0.6,441.0,0.4,294.0,367.5,735.0,147.0,1102.5,1.0,0.3,0.1,1.0,1,0,0,1,0
3433.0,6,4719,3.5999999999999996,2831.4,2.4000000000000004,1887.6000000000001,393.25,786.5,157.3,1179.75,572.1666666666666,171.64999999999998,0.1,3433.0,1,5,0,1,3
3825.0,16,3446,9.6,2067.6,6.4,1378.4,107.69,215.38,43.076,323.07,239.0625,71.71875,0.1,3825.0,1,15,0,1,8
4105.0,18,3566,10.799999999999999,2139.6,7.2,1426.4,99.055,198.11,39.62200000000001,297.165,228.05555555555554,68.41666666666666,0.1,4105.0,1,17,0,1,9
4498.0,20,3688,12.0,2212.7999999999997,8.0,1475.2,92.2,184.4,36.88,276.6,224.9,67.47,0.1,4498.0,1,19,0,1,10
5991.0,17,8161,10.2,4896.599999999999,6.800000000000001,3264.4,240.03,480.06,96.012,720.09,352.4117647058824,105.72352941176472,0.1,5991.0,1,16,0,1,8
6270.0,15,8502,9.0,5101.2,6.0,3400.8,283.4,566.8,113.36,850.1999999999999,418.0,125.39999999999999,0.1,6270.0,1,14,0,1,7
1082.0,13,3443,7.8,2065.7999999999997,5.2,1377.2,132.425,264.85,52.970000000000006,397.27500000000003,83.23076923076923,24.969230769230766,0.1,1082.0,1,12,0,1,6
442.0,10,2539,6.0,1523.3999999999999,4.0,1015.6,126.95,253.9,50.78,380.85,44.2,13.26,0.1,442.0,1,9,0,1,5
395.0,11,3374,6.6,2024.3999999999999,4.4,1349.6000000000001,153.365,306.73,61.346000000000004,460.095,35.90909090909091,10.772727272727272,0.1,395.0,1,10,0,1,5
3499.0,12,3349,7.199999999999999,2009.3999999999999,4.800000000000001,1339.6000000000001,139.54,279.08,55.816,418.62,291.5833333333333,87.475,0.1,3499.0,1,11,0,1,6
356.0,11,2686,6.6,1611.6,4.4,1074.4,122.09,244.18,48.836000000000006,366.27,32.36363636363637,9.709090909090909,0.1,356.0,1,10,0,1,5
1423.0,11,2570,6.6,1542.0,4.4,1028.0,116.82,233.64,46.728,350.46,129.36363636363637,38.80909090909091,0.1,1423.0,1,10,0,1,5
1.0,1,127,0.6,76.2,0.4,50.800000000000004,63.5,127.0,25.400000000000002,190.5,1.0,0.3,0.1,1.0,0,0,0,0,0
678.0,13,3886,7.8,2331.6,5.2,1554.4,149.46,298.92,59.784000000000006,448.38,52.15384615384615,15.646153846153846,0.1,678.0,1,12,0,1,6
528.0,12,2795,7.199999999999999,1677.0,4.800000000000001,1118.0,116.46,232.92,46.584,349.38,44.0,13.2,0.1,528.0,1,11,0,1,6
1266.0,11,3339,6.6,2003.3999999999999,4.4,1335.6000000000001,151.775,303.55,60.71000000000001,455.32500000000005,115.0909090909091,34.527272727272724,0.1,1266.0,1,10,0,1,5
819.0,13,2725,7.8,1635.0,5.2,1090.0,104.81,209.62,41.92400000000001,314.43,63.0,18.9,0.1,819.0,1,12,0,1,6
1536.0,11,3258,6.6,1954.8,4.4,1303.2,148.09,296.18,59.236000000000004,444.27,139.63636363636363,41.89090909090908,0.1,1536.0,1,10,0,1,5
1638.0,10,2492,6.0,1495.2,4.0,996.8000000000001,124.6,249.2,49.84,373.79999999999995,163.8,49.14,0.1,1638.0,1,9,0,1,5
1780.0,14,2904,8.4,1742.3999999999999,5.6000000000000005,1161.6000000000001,103.715,207.43,41.486000000000004,311.145,127.14285714285714,38.14285714285714,0.1,1780.0,1,13,0,1,7
1744.0,13,6665,7.8,3999.0,5.2,2666.0,256.345,512.69,102.53800000000001,769.0350000000001,134.15384615384616,40.246153846153845,0.1,1744.0,1,12,0,1,6
3417.0,18,3219,10.799999999999999,1931.3999999999999,7.2,1287.6000000000001,89.415,178.83,35.766000000000005,268.245,189.83333333333334,56.95,0.1,3417.0,1,17,0,1,9
3439.0,17,7616,10.2,4569.599999999999,6.800000000000001,3046.4,224.0,448.0,89.60000000000001,672.0,202.2941176470588,60.68823529411764,0.1,3439.0,1,16,0,1,8
1062.0,11,3514,6.6,2108.4,4.4,1405.6000000000001,159.725,319.45,63.89,479.17499999999995,96.54545454545455,28.96363636363636,0.1,1062.0,1,10,0,1,5
1150.0,10,925,6.0,555.0,4.0,370.0,46.25,92.5,18.5,138.75,115.0,34.5,0.1,1150.0,1,9,0,1,5
3.0,2,500,1.2,300.0,0.8,200.0,125.0,250.0,50.0,375.0,1.5,0.44999999999999996,0.1,3.0,0,1,0,0,1
1.0,1,202,0.6,121.19999999999999,0.4,80.80000000000001,101.0,202.0,40.400000000000006,303.0,1.0,0.3,0.1,1.0,0,0,0,0,0
9339.0,28,6285,16.8,3771.0,11.200000000000001,2514.0,112.23,224.46,44.892,336.69,333.5357142857143,100.06071428571428,0.1,9339.0,1,27,0,1,14
1.0,1,103,0.6,61.8,0.4,41.2,51.5,103.0,20.6,154.5,1.0,0.3,0.1,1.0,0,0,0,0,0
1.0,1,103,0.6,61.8,0.4,41.2,51.5,103.0,20.6,154.5,1.0,0.3,0.1,1.0,0,0,0,0,0
1.0,1,115,0.6,69.0,0.4,46.0,57.5,115.0,23.0,172.5,1.0,0.3,0.1,1.0,0,0,0,0,0
9657.0,31,5762,18.599999999999998,3457.2,12.4,2304.8,92.935,185.87,37.174,278.805,311.51612903225805,93.45483870967742,0.1,9657.0,1,30,0,1,15
1.0,1,365,0.6,219.0,0.4,146.0,182.5,365.0,73.0,547.5,1.0,0.3,0.1,1.0,0,0,0,0,0
1.0,1,221,0.6,132.6,0.4,88.4,110.5,221.0,44.2,331.5,1.0,0.3,0.1,1.0,0,0,0,0,0
1.0,1,137,0.6,82.2,0.4,54.800000000000004,68.5,137.0,27.400000000000002,205.5,1.0,0.3,0.1,1.0,0,0,0,0,0
2.0,2,204,1.2,122.39999999999999,0.8,81.60000000000001,51.0,102.0,20.400000000000002,153.0,1.0,0.3,0.1,2.0,0,1,0,0,1
1632.0,11,3404,6.6,2042.3999999999999,4.4,1361.6000000000001,154.725,309.45,61.89,464.17499999999995,148.36363636363637,44.50909090909091,0.1,1632.0,1,10,0,1,5
7001.0,4,912,2.4,547.1999999999999,1.6,364.8,114.0,228.0,45.6,342.0,1750.25,525.0749999999999,0.1,7001.0,0,3,0,0,2
600.0,11,2655,6.6,1593.0,4.4,1062.0,120.68,241.36,48.272000000000006,362.04,54.54545454545455,16.363636363636363,0.1,600.0,1,10,0,1,5
1.0,1,142,0.6,85.2,0.4,56.800000000000004,71.0,142.0,28.400000000000002,213.0,1.0,0.3,0.1,1.0,0,0,0,0,0
2.0,2,214,1.2,128.4,0.8,85.60000000000001,53.5,107.0,21.400000000000002,160.5,1.0,0.3,0.1,2.0,0,1,0,0,1
5997.0,34,5512,20.4,3307.2,13.600000000000001,2204.8,81.06,162.12,32.424,243.18,176.38235294117646,52.91470588235294,0.1,5997.0,1,33,0,1,17
1.0,1,105,0.6,63.0,0.4,42.0,52.5,105.0,21.0,157.5,1.0,0.3,0.1,1.0,0,0,0,0,0
1.0,1,105,0.6,63.0,0.4,42.0,52.5,105.0,21.0,157.5,1.0,0.3,0.1,1.0,0,0,0,0,0
4519.0,14,3771,8.4,2262.6,5.6000000000000005,1508.4,134.68,269.36,53.87200000000001,404.04,322.7857142857143,96.83571428571427,0.1,4519.0,1,13,0,1,7
1.0,1,132,0.6,79.2,0.4,52.800000000000004,66.0,132.0,26.400000000000002,198.0,1.0,0.3,0.1,1.0,0,0,0,0,0
1.0,2,194,1.2,116.39999999999999,0.8,77.60000000000001,48.5,97.0,19.400000000000002,145.5,0.5,0.15,0.1,1.0,0,1,0,0,1
5194.0,19,3592,11.4,2155.2,7.6000000000000005,1436.8000000000002,94.525,189.05,37.81,283.57500000000005,273.36842105263156,82.01052631578946,0.1,5194.0,1,18,0,1,9
1.0,1,132,0.6,79.2,0.4,52.800000000000004,66.0,132.0,26.400000000000002,198.0,1.0,0.3,0.1,1.0,0,0,0,0,0
1.0,1,202,0.6,121.19999999999999,0.4,80.80000000000001,101.0,202.0,40.400000000000006,303.0,1.0,0.3,0.1,1.0,0,0,0,0,0
1.0,1,202,0.6,121.19999999999999,0.4,80.80000000000001,101.0,202.0,40.400000000000006,303.0,1.0,0.3,0.1,1.0,0,0,0,0,0
1.0,1,298,0.6,178.79999999999998,0.4,119.2,149.0,298.0,59.6,447.0,1.0,0.3,0.1,1.0,0,0,0,0,0
1.0,1,103,0.6,61.8,0.4,41.2,51.5,103.0,20.6,154.5,1.0,0.3,0.1,1.0,0,0,0,0,0
4483.0,17,4422,10.2,2653.2,6.800000000000001,1768.8000000000002,130.06,260.12,52.024,390.18,263.70588235294116,79.11176470588235,0.1,4483.0,1,16,0,1,8
1.0,1,117,0.6,70.2,0.4,46.800000000000004,58.5,117.0,23.400000000000002,175.5,1.0,0.3,0.1,1.0,0,0,0,0,0
105.0,5,3479,3.0,2087.4,2.0,1391.6000000000001,347.9,695.8,139.16,1043.6999999999998,21.0,6.3,0.1,105.0,0,4,0,0,2
5866.0,15,4791,9.0,2874.6,6.0,1916.4,159.7,319.4,63.879999999999995,479.09999999999997,391.06666666666666,117.32,0.1,5866.0,1,14,0,1,7
1.0,1,143,0.6,85.8,0.4,57.2,71.5,143.0,28.6,214.5,1.0,0.3,0.1,1.0,0,0,0,0,0
1.0,2,216,1.2,129.6,0.8,86.4,54.0,108.0,21.6,162.0,0.5,0.15,0.1,1.0,0,1,0,0,1
6444.0,15,8522,9.0,5113.2,6.0,3408.8,284.065,568.13,113.626,852.1949999999999,429.6,128.88,0.1,6444.0,1,14,0,1,7
5110.0,21,6005,12.6,3603.0,8.4,2402.0,142.975,285.95,57.19,428.92499999999995,243.33333333333334,73.0,0.1,5110.0,1,20,0,1,10
1.0,1,133,0.6,79.8,0.4,53.2,66.5,133.0,26.6,199.5,1.0,0.3,0.1,1.0,0,0,0,0,0
2.0,2,190,1.2,114.0,0.8,76.0,47.5,95.0,19.0,142.5,1.0,0.3,0.1,2.0,0,1,0,0,1
4166.0,12,3390,7.199999999999999,2034.0,4.800000000000001,1356.0,141.25,282.5,56.5,423.75,347.1666666666667,104.15,0.1,4166.0,1,11,0,1,6
1.0,1,172,0.6,103.2,0.4,68.8,86.0,172.0,34.4,258.0,1.0,0.3,0.1,1.0,0,0,0,0,0
1.0,1,169,0.6,101.39999999999999,0.4,67.60000000000001,84.5,169.0,33.800000000000004,253.5,1.0,0.3,0.1,1.0,0,0,0,0,0
3.0,2,284,1.2,170.4,0.8,113.60000000000001,71.0,142.0,28.400000000000002,213.0,1.5,0.44999999999999996,0.1,3.0,0,1,0,0,1
1.0,1,124,0.6,74.39999999999999,0.4,49.6,62.0,124.0,24.8,186.0,1.0,0.3,0.1,1.0,0,0,0,0,0
3402.0,11,3263,6.6,1957.8,4.4,1305.2,148.32,296.64,59.328,444.96,309.27272727272725,92.78181818181817,0.1,3402.0,1,10,0,1,5
1961.0,10,2539,6.0,1523.3999999999999,4.0,1015.6,126.95,253.9,50.78,380.85,196.1,58.83,0.1,1961.0,1,9,0,1,5
1257.0,12,3357,7.199999999999999,2014.1999999999998,4.800000000000001,1342.8000000000002,139.875,279.75,55.95,419.625,104.75,31.424999999999997,0.1,1257.0,1,11,0,1,6
1.0,1,158,0.6,94.8,0.4,63.2,79.0,158.0,31.6,237.0,1.0,0.3,0.1,1.0,0,0,0,0,0
1.0,1,220,0.6,132.0,0.4,88.0,110.0,220.0,44.0,330.0,1.0,0.3,0.1,1.0,0,0,0,0,0
1.0,1,248,0.6,148.79999999999998,0.4,99.2,124.0,248.0,49.6,372.0,1.0,0.3,0.1,1.0,0,0,0,0,0
1186.0,8,2384,4.8,1430.3999999999999,3.2,953.6,149.0,298.0,59.6,447.0,148.25,44.475,0.1,1186.0,1,7,0,1,4
567.0,10,2539,6.0,1523.3999999999999,4.0,1015.6,126.95,253.9,50.78,380.85,56.7,17.01,0.1,567.0,1,9,0,1,5
1.0,1,148,0.6,88.8,0.4,59.2,74.0,148.0,29.6,222.0,1.0,0.3,0.1,1.0,0,0,0,0,0
1.0,1,107,0.6,64.2,0.4,42.800000000000004,53.5,107.0,21.400000000000002,160.5,1.0,0.3,0.1,1.0,0,0,0,0,0
1.0,1,107,0.6,64.2,0.4,42.800000000000004,53.5,107.0,21.400000000000002,160.5,1.0,0.3,0.1,1.0,0,0,0,0,0
761.0,13,5481,7.8,3288.6,5.2,2192.4,210.81,421.62,84.32400000000001,632.4300000000001,58.53846153846154,17.56153846153846,0.1,761.0,1,12,0,1,6
439.0,12,4825,7.199999999999999,2895.0,4.800000000000001,1930.0,201.04,402.08,80.416,603.12,36.583333333333336,10.975,0.1,439.0,1,11,0,1,6
1.0,1,131,0.6,78.6,0.4,52.400000000000006,65.5,131.0,26.200000000000003,196.5,1.0,0.3,0.1,1.0,0,0,0,0,0
15043.0,14,5005,8.4,3003.0,5.6000000000000005,2002.0,178.75,357.5,71.5,536.25,1074.5,322.34999999999997,0.1,15043.0,1,13,0,1,7
15197.0,19,3792,11.4,2275.2,7.6000000000000005,1516.8000000000002,99.79,199.58,39.916000000000004,299.37,799.8421052631579,239.95263157894738,0.1,15197.0,1,18,0,1,9
15216.0,10,1204,6.0,722.4,4.0,481.6,60.2,120.4,24.080000000000002,180.60000000000002,1521.6,456.47999999999996,0.1,15216.0,1,9,0,1,5
16244.0,16,3761,9.6,2256.6,6.4,1504.4,117.53,235.06,47.012,352.59000000000003,1015.25,304.575,0.1,16244.0,1,15,0,1,8
15054.0,9,1209,5.3999999999999995,725.4,3.6,483.6,67.165,134.33,26.866000000000003,201.495,1672.6666666666667,501.8,0.1,15054.0,1,8,0,1,4
15404.0,17,3807,10.2,2284.2,6.800000000000001,1522.8000000000002,111.97,223.94,44.788000000000004,335.90999999999997,906.1176470588235,271.83529411764704,0.1,15404.0,1,16,0,1,8
1.0,1,143,0.6,85.8,0.4,57.2,71.5,143.0,28.6,214.5,1.0,0.3,0.1,1.0,0,0,0,0,0
3.0,2,342,1.2,205.2,0.8,136.8,85.5,171.0,34.2,256.5,1.5,0.44999999999999996,0.1,3.0,0,1,0,0,1
1.0,1,147,0.6,88.2,0.4,58.800000000000004,73.5,147.0,29.400000000000002,220.5,1.0,0.3,0.1,1.0,0,0,0,0,0
1.0,1,93,0.6,55.8,0.4,37.2,46.5,93.0,18.6,139.5,1.0,0.3,0.1,1.0,0,0,0,0,0
1.0,2,186,1.2,111.6,0.8,74.4,46.5,93.0,18.6,139.5,0.5,0.15,0.1,1.0,0,1,0,0,1
1.0,1,93,0.6,55.8,0.4,37.2,46.5,93.0,18.6,139.5,1.0,0.3,0.1,1.0,0,0,0,0,0
1.0,1,174,0.6,104.39999999999999,0.4,69.60000000000001,87.0,174.0,34.800000000000004,261.0,1.0,0.3,0.1,1.0,0,0,0,0,0
3.0,2,274,1.2,164.4,0.8,109.60000000000001,68.5,137.0,27.400000000000002,205.5,1.5,0.44999999999999996,0.1,3.0,0,1,0,0,1
1.0,1,125,0.6,75.0,0.4,50.0,62.5,125.0,25.0,187.5,1.0,0.3,0.1,1.0,0,0,0,0,0
1.0,1,141,0.6,84.6,0.4,56.400000000000006,70.5,141.0,28.200000000000003,211.5,1.0,0.3,0.1,1.0,0,0,0,0,0
2.0,2,212,1.2,127.19999999999999,0.8,84.80000000000001,53.0,106.0,21.200000000000003,159.0,1.0,0.3,0.1,2.0,0,1,0,0,1
1.0,1,100,0.6,60.0,0.4,40.0,50.0,100.0,20.0,150.0,1.0,0.3,0.1,1.0,0,0,0,0,0
1.0,1,152,0.6,91.2,0.4,60.800000000000004,76.0,152.0,30.400000000000002,228.0,1.0,0.3,0.1,1.0,0,0,0,0,0
1.0,1,111,0.6,66.6,0.4,44.400000000000006,55.5,111.0,22.200000000000003,166.5,1.0,0.3,0.1,1.0,0,0,0,0,0
1.0,1,111,0.6,66.6,0.4,44.400000000000006,55.5,111.0,22.200000000000003,166.5,1.0,0.3,0.1,1.0,0,0,0,0,0
21.0,2,266,1.2,159.6,0.8,106.4,66.5,133.0,26.6,199.5,10.5,3.15,0.1,21.0,0,1,0,0,1
1.0,1,159,0.6,95.39999999999999,0.4,63.6,79.5,159.0,31.8,238.5,1.0,0.3,0.1,1.0,0,0,0,0,0
4203.0,13,3430,7.8,2058.0,5.2,1372.0,131.925,263.85,52.77000000000001,395.77500000000003,323.3076923076923,96.99230769230769,0.1,4203.0,1,12,0,1,6
3866.0,10,3040,6.0,1824.0,4.0,1216.0,152.0,304.0,60.800000000000004,456.0,386.6,115.98,0.1,3866.0,1,9,0,1,5
1.0,1,151,0.6,90.6,0.4,60.400000000000006,75.5,151.0,30.200000000000003,226.5,1.0,0.3,0.1,1.0,0,0,0,0,0
4.0,2,540,1.2,324.0,0.8,216.0,135.0,270.0,54.0,405.0,2.0,0.6,0.1,4.0,0,1,0,0,1
3719.0,12,3161,7.199999999999999,1896.6,4.800000000000001,1264.4,131.71,263.42,52.684000000000005,395.13,309.9166666666667,92.97500000000001,0.1,3719.0,1,11,0,1,6
1.0,2,464,1.2,278.4,0.8,185.60000000000002,116.0,232.0,46.400000000000006,348.0,0.5,0.15,0.1,1.0,0,1,0,0,1
3637.0,14,3632,8.4,2179.2,5.6000000000000005,1452.8000000000002,129.715,259.43,51.886,389.145,259.7857142857143,77.93571428571428,0.1,3637.0,1,13,0,1,7
3415.0,9,3642,5.3999999999999995,2185.2,3.6,1456.8000000000002,202.335,404.67,80.93400000000001,607.005,379.44444444444446,113.83333333333333,0.1,3415.0,1,8,0,1,4
3381.0,12,4628,7.199999999999999,2776.7999999999997,4.800000000000001,1851.2,192.835,385.67,77.13400000000001,578.505,281.75,84.52499999999999,0.1,3381.0,1,11,0,1,6
1.0,1,135,0.6,81.0,0.4,54.0,67.5,135.0,27.0,202.5,1.0,0.3,0.1,1.0,0,0,0,0,0
13.0,2,254,1.2,152.4,0.8,101.60000000000001,63.5,127.0,25.400000000000002,190.5,6.5,1.95,0.1,13.0,0,1,0,0,1
1967.0,13,3219,7.8,1931.3999999999999,5.2,1287.6000000000001,123.81,247.62,49.524,371.43,151.30769230769232,45.392307692307696,0.1,1967.0,1,12,0,1,6
1.0,1,103,0.6,61.8,0.4,41.2,51.5,103.0,20.6,154.5,1.0,0.3,0.1,1.0,0,0,0,0,0
58.0,6,3540,3.5999999999999996,2124.0,2.4000000000000004,1416.0,295.0,590.0,118.0,885.0,9.666666666666666,2.9,0.1,58.0,0,5,0,0,3
1738.0,12,3002,7.199999999999999,1801.2,4.800000000000001,1200.8,125.085,250.17,50.034,375.255,144.83333333333334,43.45,0.1,1738.0,1,11,0,1,6
1.0,1,167,0.6,100.2,0.4,66.8,83.5,167.0,33.4,250.5,1.0,0.3,0.1,1.0,0,0,0,0,0
1.0,1,131,0.6,78.6,0.4,52.400000000000006,65.5,131.0,26.200000000000003,196.5,1.0,0.3,0.1,1.0,0,0,0,0,0
1.0,1,131,0.6,78.6,0.4,52.400000000000006,65.5,131.0,26.200000000000003,196.5,1.0,0.3,0.1,1.0,0,0,0,0,0
1737.0,11,3695,6.6,2217.0,4.4,1478.0,167.955,335.91,67.182,503.865,157.9090909090909,47.37272727272727,0.1,1737.0,1,10,0,1,5
1480.0,9,1997,5.3999999999999995,1198.2,3.6,798.8000000000001,110.945,221.89,44.378,332.835,164.44444444444446,49.333333333333336,0.1,1480.0,1,8,0,1,4
1.0,1,143,0.6,85.8,0.4,57.2,71.5,143.0,28.6,214.5,1.0,0.3,0.1,1.0,0,0,0,0,0
1.0,1,165,0.6,99.0,0.4,66.0,82.5,165.0,33.0,247.5,1.0,0.3,0.1,1.0,0,0,0,0,0
1.0,1,116,0.6,69.6,0.4,46.400000000000006,58.0,116.0,23.200000000000003,174.0,1.0,0.3,0.1,1.0,0,0,0,0,0
1.0,1,116,0.6,69.6,0.4,46.400000000000006,58.0,116.0,23.200000000000003,174.0,1.0,0.3,0.1,1.0,0,0,0,0,0
1.0,1,165,0.6,99.0,0.4,66.0,82.5,165.0,33.0,247.5,1.0,0.3,0.1,1.0,0,0,0,0,0
1.0,1,162,0.6,97.2,0.4,64.8,81.0,162.0,32.4,243.0,1.0,0.3,0.1,1.0,0,0,0,0,0
2.0,2,275,1.2,165.0,0.8,110.0,68.75,137.5,27.5,206.25,1.0,0.3,0.1,2.0,0,1,0,0,1
1.0,1,113,0.6,67.8,0.4,45.2,56.5,113.0,22.6,169.5,1.0,0.3,0.1,1.0,0,0,0,0,0
1.0,1,167,0.6,100.2,0.4,66.8,83.5,167.0,33.4,250.5,1.0,0.3,0.1,1.0,0,0,0,0,0
1.0,2,274,1.2,164.4,0.8,109.60000000000001,68.5,137.0,27.400000000000002,205.5,0.5,0.15,0.1,1.0,0,1,0,0,1
15156.0,14,1578,8.4,946.8,5.6000000000000005,631.2,56.355,112.71,22.542,169.065,1082.5714285714287,324.7714285714286,0.1,15156.0,1,13,0,1,7
15435.0,17,3783,10.2,2269.7999999999997,6.800000000000001,1513.2,111.265,222.53,44.506,333.795,907.9411764705883,272.38235294117646,0.1,15435.0,1,16,0,1,8
15033.0,13,1441,7.8,864.6,5.2,576.4,55.425,110.85,22.17,166.27499999999998,1156.3846153846155,346.91538461538465,0.1,15033.0,1,12,0,1,6
15088.0,16,3817,9.6,2290.2,6.4,1526.8000000000002,119.28,238.56,47.712,357.84000000000003,943.0,282.9,0.1,15088.0,1,15,0,1,8
1.0,2,186,1.2,111.6,0.8,74.4,46.5,93.0,18.6,139.5,0.5,0.15,0.1,1.0,0,1,0,0,1
1.0,2,274,1.2,164.4,0.8,109.60000000000001,68.5,137.0,27.400000000000002,205.5,0.5,0.15,0.1,1.0,0,1,0,0,1
1.0,1,107,0.6,64.2,0.4,42.800000000000004,53.5,107.0,21.400000000000002,160.5,1.0,0.3,0.1,1.0,0,0,0,0,0
1.0,1,131,0.6,78.6,0.4,52.400000000000006,65.5,131.0,26.200000000000003,196.5,1.0,0.3,0.1,1.0,0,0,0,0,0
1.0,1,147,0.6,88.2,0.4,58.800000000000004,73.5,147.0,29.400000000000002,220.5,1.0,0.3,0.1,1.0,0,0,0,0,0
1.0,1,195,0.6,117.0,0.4,78.0,97.5,195.0,39.0,292.5,1.0,0.3,0.1,1.0,0,0,0,0,0
1.0,1,100,0.6,60.0,0.4,40.0,50.0,100.0,20.0,150.0,1.0,0.3,0.1,1.0,0,0,0,0,0
1.0,1,112,0.6,67.2,0.4,44.800000000000004,56.0,112.0,22.400000000000002,168.0,1.0,0.3,0.1,1.0,0,0,0,0,0
1.0,1,111,0.6,66.6,0.4,44.400000000000006,55.5,111.0,22.200000000000003,166.5,1.0,0.3,0.1,1.0,0,0,0,0,0
1.0,1,135,0.6,81.0,0.4,54.0,67.5,135.0,27.0,202.5,1.0,0.3,0.1,1.0,0,0,0,0,0
1.0,2,266,1.2,159.6,0.8,106.4,66.5,133.0,26.6,199.5,0.5,0.15,0.1,1.0,0,1,0,0,1
1466.0,9,2975,5.3999999999999995,1785.0,3.6,1190.0,165.28,330.56,66.11200000000001,495.84000000000003,162.88888888888889,48.86666666666667,0.1,1466.0,1,8,0,1,4
1.0,2,464,1.2,278.4,0.8,185.60000000000002,116.0,232.0,46.400000000000006,348.0,0.5,0.15,0.1,1.0,0,1,0,0,1
1.0,1,190,0.6,114.0,0.4,76.0,95.0,190.0,38.0,285.0,1.0,0.3,0.1,1.0,0,0,0,0,0
465.0,11,2718,6.6,1630.8,4.4,1087.2,123.545,247.09,49.418000000000006,370.635,42.27272727272727,12.681818181818182,0.1,465.0,1,10,0,1,5
1.0,1,350,0.6,210.0,0.4,140.0,175.0,350.0,70.0,525.0,1.0,0.3,0.1,1.0,0,0,0,0,0
1.0,2,274,1.2,164.4,0.8,109.60000000000001,68.5,137.0,27.400000000000002,205.5,0.5,0.15,0.1,1.0,0,1,0,0,1
1.0,1,131,0.6,78.6,0.4,52.400000000000006,65.5,131.0,26.200000000000003,196.5,1.0,0.3,0.1,1.0,0,0,0,0,0
1296.0,8,2016,4.8,1209.6,3.2,806.4000000000001,126.0,252.0,50.400000000000006,378.0,162.0,48.6,0.1,1296.0,1,7,0,1,4
25.0,2,254,1.2,152.4,0.8,101.60000000000001,63.5,127.0,25.400000000000002,190.5,12.5,3.75,0.1,25.0,0,1,0,0,1
483.0,10,4554,6.0,2732.4,4.0,1821.6000000000001,227.7,455.4,91.08,683.0999999999999,48.3,14.489999999999998,0.1,483.0,1,9,0,1,5
15640.0,12,1375,7.199999999999999,825.0,4.800000000000001,550.0,57.29,114.58,22.916,171.87,1303.3333333333333,390.99999999999994,0.1,15640.0,1,11,0,1,6
15719.0,15,3675,9.0,2205.0,6.0,1470.0,122.5,245.0,49.0,367.5,1047.9333333333334,314.38,0.1,15719.0,1,14,0,1,7
631.0,13,2820,7.8,1692.0,5.2,1128.0,108.46,216.92,43.384,325.38,48.53846153846154,14.561538461538461,0.1,631.0,1,12,0,1,6
567.0,14,3415,8.4,2049.0,5.6000000000000005,1366.0,121.965,243.93,48.786,365.895,40.5,12.15,0.1,567.0,1,13,0,1,7
44.0,2,305,1.2,183.0,0.8,122.0,76.25,152.5,30.5,228.75,22.0,6.6,0.1,44.0,1,1,0,1,1
1449.0,14,7741,8.4,4644.599999999999,5.6000000000000005,3096.4,276.465,552.93,110.586,829.395,103.5,31.049999999999997,0.1,1449.0,1,13,0,1,7
618.0,3,371,1.7999999999999998,222.6,1.2000000000000002,148.4,61.835,123.67,24.734,185.505,206.0,61.8,0.1,618.0,1,2,0,1,1
1.0,1,116,0.6,69.6,0.4,46.400000000000006,58.0,116.0,23.200000000000003,174.0,1.0,0.3,0.1,1.0,0,0,0,0,0
1.0,1,165,0.6,99.0,0.4,66.0,82.5,165.0,33.0,247.5,1.0,0.3,0.1,1.0,0,0,0,0,0
95.0,2,275,1.2,165.0,0.8,110.0,68.75,137.5,27.5,206.25,47.5,14.25,0.1,95.0,0,1,0,0,1
1.0,1,148,0.6,88.8,0.4,59.2,74.0,148.0,29.6,222.0,1.0,0.3,0.1,1.0,0,0,0,0,0
1.0,1,131,0.6,78.6,0.4,52.400000000000006,65.5,131.0,26.200000000000003,196.5,1.0,0.3,0.1,1.0,0,0,0,0,0
1.0,1,131,0.6,78.6,0.4,52.400000000000006,65.5,131.0,26.200000000000003,196.5,1.0,0.3,0.1,1.0,0,0,0,0,0
1.0,1,143,0.6,85.8,0.4,57.2,71.5,143.0,28.6,214.5,1.0,0.3,0.1,1.0,0,0,0,0,0
1.0,1,155,0.6,93.0,0.4,62.0,77.5,155.0,31.0,232.5,1.0,0.3,0.1,1.0,0,0,0,0,0
1.0,1,114,0.6,68.39999999999999,0.4,45.6,57.0,114.0,22.8,171.0,1.0,0.3,0.1,1.0,0,0,0,0,0
1.0,1,138,0.6,82.8,0.4,55.2,69.0,138.0,27.6,207.0,1.0,0.3,0.1,1.0,0,0,0,0,0
460.0,10,2654,6.0,1592.3999999999999,4.0,1061.6000000000001,132.7,265.4,53.08,398.09999999999997,46.0,13.799999999999999,0.1,460.0,1,9,0,1,5
485.0,8,4436,4.8,2661.6,3.2,1774.4,277.25,554.5,110.9,831.75,60.625,18.1875,0.1,485.0,1,7,0,1,4
1.0,1,126,0.6,75.6,0.4,50.400000000000006,63.0,126.0,25.200000000000003,189.0,1.0,0.3,0.1,1.0,0,0,0,0,0
1.0,1,171,0.6,102.6,0.4,68.4,85.5,171.0,34.2,256.5,1.0,0.3,0.1,1.0,0,0,0,0,0
1.0,1,138,0.6,82.8,0.4,55.2,69.0,138.0,27.6,207.0,1.0,0.3,0.1,1.0,0,0,0,0,0
1810.0,24,3762,14.399999999999999,2257.2,9.600000000000001,1504.8000000000002,78.375,156.75,31.35,235.125,75.41666666666667,22.625,0.1,1810.0,1,23,0,1,12
1.0,2,238,1.2,142.79999999999998,0.8,95.2,59.5,119.0,23.8,178.5,0.5,0.15,0.1,1.0,0,1,0,0,1
1.0,2,342,1.2,205.2,0.8,136.8,85.5,171.0,34.2,256.5,0.5,0.15,0.1,1.0,0,1,0,0,1
147.0,2,246,1.2,147.6,0.8,98.4,61.5,123.0,24.6,184.5,73.5,22.05,0.1,147.0,0,1,0,0,1
15077.0,13,1453,7.8,871.8,5.2,581.2,55.885,111.77,22.354,167.655,1159.7692307692307,347.9307692307692,0.1,15077.0,1,12,0,1,6
15165.0,16,3717,9.6,2230.2,6.4,1486.8000000000002,116.155,232.31,46.462,348.46500000000003,947.8125,284.34375,0.1,15165.0,1,15,0,1,8
1.0,1,100,0.6,60.0,0.4,40.0,50.0,100.0,20.0,150.0,1.0,0.3,0.1,1.0,0,0,0,0,0
1.0,1,112,0.6,67.2,0.4,44.800000000000004,56.0,112.0,22.400000000000002,168.0,1.0,0.3,0.1,1.0,0,0,0,0,0
208.0,2,266,1.2,159.6,0.8,106.4,66.5,133.0,26.6,199.5,104.0,31.2,0.1,208.0,0,1,0,0,1
1.0,1,159,0.6,95.39999999999999,0.4,63.6,79.5,159.0,31.8,238.5,1.0,0.3,0.1,1.0,0,0,0,0,0
1.0,1,151,0.6,90.6,0.4,60.400000000000006,75.5,151.0,30.200000000000003,226.5,1.0,0.3,0.1,1.0,0,0,0,0,0
1.0,1,190,0.6,114.0,0.4,76.0,95.0,190.0,38.0,285.0,1.0,0.3,0.1,1.0,0,0,0,0,0
1.0,1,93,0.6,55.8,0.4,37.2,46.5,93.0,18.6,139.5,1.0,0.3,0.1,1.0,0,0,0,0,0
1.0,1,350,0.6,210.0,0.4,140.0,175.0,350.0,70.0,525.0,1.0,0.3,0.1,1.0,0,0,0,0,0
1.0,1,125,0.6,75.0,0.4,50.0,62.5,125.0,25.0,187.5,1.0,0.3,0.1,1.0,0,0,0,0,0
1.0,1,93,0.6,55.8,0.4,37.2,46.5,93.0,18.6,139.5,1.0,0.3,0.1,1.0,0,0,0,0,0
53.0,2,274,1.2,164.4,0.8,109.60000000000001,68.5,137.0,27.400000000000002,205.5,26.5,7.949999999999999,0.1,53.0,0,1,0,0,1
1.0,1,174,0.6,104.39999999999999,0.4,69.60000000000001,87.0,174.0,34.800000000000004,261.0,1.0,0.3,0.1,1.0,0,0,0,0,0
1.0,2,254,1.2,152.4,0.8,101.60000000000001,63.5,127.0,25.400000000000002,190.5,0.5,0.15,0.1,1.0,0,1,0,0,1
1.0,1,152,0.6,91.2,0.4,60.800000000000004,76.0,152.0,30.400000000000002,228.0,1.0,0.3,0.1,1.0,0,0,0,0,0
